transaction_id,timestamp,customer_type,payment_method,region,device_type,status,error_message,amount
TX_00000001,2025-01-01 00:02:00,Startup,credit_card,EU-Central,mobile_android,success,None,32.1
TX_00000002,2025-01-01 00:09:00,Startup,crypto,US-West,desktop,success,None,38.4
TX_00000003,2025-01-01 00:09:00,SMB,credit_card,US-West,desktop,success,None,61.18
TX_00000004,2025-01-01 00:10:00,SMB,credit_card,US-East,mobile_android,success,None,79.45
TX_00000005,2025-01-01 00:12:00,SMB,credit_card,EU-Central,mobile_android,success,None,80.91
TX_00000006,2025-01-01 00:16:00,SMB,credit_card,US-East,mobile_ios,success,None,74.63
TX_00000007,2025-01-01 00:21:00,SMB,credit_card,US-East,desktop,success,None,65.7
TX_00000008,2025-01-01 00:28:00,Startup,debit,US-East,mobile_android,success,None,28.57
TX_00000009,2025-01-01 00:37:00,SMB,credit_card,EU-Central,desktop,success,None,66.79
TX_00000010,2025-01-01 00:48:00,SMB,credit_card,US-West,desktop,success,None,76.47
TX_00000011,2025-01-01 00:55:00,SMB,debit,US-East,mobile_ios,success,None,69.6
TX_00000012,2025-01-01 00:55:00,Startup,credit_card,US-East,desktop,success,None,42.21
TX_00000013,2025-01-01 01:00:00,Startup,credit_card,US-West,desktop,success,None,46.65
TX_00000014,2025-01-01 01:00:00,Startup,crypto,US-West,mobile_android,success,None,27.76
TX_00000015,2025-01-01 01:06:00,SMB,credit_card,US-East,desktop,success,None,76.15
TX_00000016,2025-01-01 01:06:00,Startup,debit,EU-Central,mobile_android,success,None,36.76
TX_00000017,2025-01-01 01:07:00,Enterprise,credit_card,APAC,mobile_android,success,None,144.27
TX_00000018,2025-01-01 01:14:00,Startup,credit_card,US-East,mobile_android,success,None,36.88
TX_00000019,2025-01-01 01:17:00,SMB,credit_card,US-West,mobile_android,success,None,72.58
TX_00000020,2025-01-01 01:18:00,SMB,credit_card,US-East,mobile_ios,success,None,76.01
TX_00000021,2025-01-01 01:22:00,SMB,credit_card,EU-Central,mobile_ios,success,None,83.57
TX_00000022,2025-01-01 01:33:00,Startup,credit_card,US-West,mobile_android,success,None,42.66
TX_00000023,2025-01-01 01:37:00,Enterprise,debit,US-East,desktop,success,None,152.88
TX_00000024,2025-01-01 01:45:00,Startup,debit,EU-Central,desktop,success,None,34.26
TX_00000025,2025-01-01 01:45:00,SMB,credit_card,EU-Central,mobile_ios,success,None,60.67
TX_00000026,2025-01-01 01:52:00,SMB,credit_card,US-East,mobile_ios,success,None,82.46
TX_00000027,2025-01-01 01:57:00,Enterprise,debit,US-East,mobile_ios,success,None,149.69
TX_00000028,2025-01-01 02:05:00,SMB,debit,US-East,mobile_ios,success,None,80.8
TX_00000029,2025-01-01 02:06:00,SMB,credit_card,US-West,mobile_ios,success,None,105.16
TX_00000030,2025-01-01 02:12:00,SMB,debit,EU-Central,mobile_ios,success,None,87.65
TX_00000031,2025-01-01 02:16:00,Startup,credit_card,US-West,desktop,success,None,38.77
TX_00000032,2025-01-01 02:18:00,SMB,credit_card,US-West,desktop,success,None,92.17
TX_00000033,2025-01-01 02:21:00,Startup,credit_card,EU-Central,mobile_ios,success,None,41.28
TX_00000034,2025-01-01 02:23:00,SMB,debit,US-West,desktop,success,None,87.11
TX_00000035,2025-01-01 02:25:00,Startup,crypto,US-West,mobile_android,success,None,39.12
TX_00000036,2025-01-01 02:25:00,Enterprise,crypto,US-West,mobile_android,success,None,93.83
TX_00000037,2025-01-01 02:28:00,SMB,credit_card,EU-Central,mobile_ios,success,None,76.33
TX_00000038,2025-01-01 02:33:00,SMB,crypto,US-East,mobile_android,success,None,82.85
TX_00000039,2025-01-01 02:35:00,SMB,credit_card,US-East,mobile_ios,success,None,72.99
TX_00000040,2025-01-01 02:39:00,Startup,credit_card,US-East,desktop,success,None,43.29
TX_00000041,2025-01-01 02:41:00,Enterprise,credit_card,EU-Central,mobile_ios,success,None,138.06
TX_00000042,2025-01-01 02:41:00,Enterprise,credit_card,US-West,desktop,success,None,191.77
TX_00000043,2025-01-01 02:42:00,Startup,debit,US-East,desktop,success,None,41.78
TX_00000044,2025-01-01 02:43:00,SMB,credit_card,APAC,desktop,success,None,78.11
TX_00000045,2025-01-01 02:54:00,Startup,crypto,APAC,mobile_ios,failed,Insufficient funds,0.0
TX_00000046,2025-01-01 02:58:00,SMB,credit_card,APAC,mobile_ios,success,None,90.07
TX_00000047,2025-01-01 02:59:00,Startup,credit_card,US-East,desktop,success,None,35.14
TX_00000048,2025-01-01 03:09:00,Enterprise,crypto,EU-Central,desktop,success,None,140.8
TX_00000049,2025-01-01 03:10:00,Enterprise,credit_card,US-East,mobile_ios,success,None,140.12
TX_00000050,2025-01-01 03:11:00,SMB,debit,US-East,desktop,success,None,70.45
TX_00000051,2025-01-01 03:12:00,Startup,debit,US-East,desktop,success,None,50.85
TX_00000052,2025-01-01 03:13:00,SMB,credit_card,US-West,mobile_ios,success,None,81.52
TX_00000053,2025-01-01 03:17:00,SMB,debit,US-East,desktop,success,None,83.29
TX_00000054,2025-01-01 03:23:00,Startup,credit_card,US-West,desktop,success,None,46.84
TX_00000055,2025-01-01 03:26:00,Startup,debit,EU-Central,desktop,success,None,45.45
TX_00000056,2025-01-01 03:27:00,Startup,credit_card,US-East,mobile_ios,success,None,7.88
TX_00000057,2025-01-01 03:31:00,Startup,credit_card,US-East,mobile_android,success,None,32.09
TX_00000058,2025-01-01 03:35:00,Enterprise,credit_card,US-East,mobile_android,success,None,193.2
TX_00000059,2025-01-01 03:40:00,Enterprise,credit_card,APAC,mobile_ios,success,None,155.83
TX_00000060,2025-01-01 03:48:00,Startup,debit,US-East,desktop,success,None,40.96
TX_00000061,2025-01-01 03:49:00,Startup,crypto,US-West,desktop,success,None,38.83
TX_00000062,2025-01-01 03:55:00,SMB,debit,US-East,desktop,success,None,72.09
TX_00000063,2025-01-01 03:58:00,SMB,credit_card,EU-Central,mobile_ios,success,None,62.51
TX_00000064,2025-01-01 04:00:00,Startup,crypto,US-East,mobile_ios,success,None,41.35
TX_00000065,2025-01-01 04:04:00,Enterprise,credit_card,US-West,mobile_ios,success,None,171.85
TX_00000066,2025-01-01 04:09:00,SMB,credit_card,US-West,desktop,success,None,92.09
TX_00000067,2025-01-01 04:16:00,SMB,credit_card,EU-Central,desktop,success,None,80.73
TX_00000068,2025-01-01 04:16:00,SMB,credit_card,US-East,desktop,success,None,110.92
TX_00000069,2025-01-01 04:18:00,Startup,debit,US-West,mobile_ios,success,None,51.5
TX_00000070,2025-01-01 04:36:00,SMB,credit_card,US-East,desktop,success,None,68.56
TX_00000071,2025-01-01 04:41:00,Startup,credit_card,APAC,mobile_ios,success,None,35.58
TX_00000072,2025-01-01 04:42:00,SMB,debit,US-West,desktop,success,None,75.44
TX_00000073,2025-01-01 04:47:00,SMB,crypto,US-West,mobile_ios,success,None,67.5
TX_00000074,2025-01-01 04:54:00,Startup,debit,US-West,desktop,success,None,38.86
TX_00000075,2025-01-01 05:01:00,SMB,credit_card,US-East,desktop,success,None,59.01
TX_00000076,2025-01-01 05:02:00,Enterprise,debit,US-East,desktop,success,None,172.81
TX_00000077,2025-01-01 05:02:00,Enterprise,credit_card,US-West,desktop,success,None,161.65
TX_00000078,2025-01-01 05:07:00,SMB,credit_card,APAC,desktop,success,None,81.0
TX_00000079,2025-01-01 05:20:00,SMB,crypto,US-East,mobile_android,success,None,72.22
TX_00000080,2025-01-01 05:28:00,Startup,crypto,EU-Central,desktop,success,None,39.05
TX_00000081,2025-01-01 05:31:00,Startup,debit,US-East,desktop,success,None,35.49
TX_00000082,2025-01-01 05:36:00,Startup,credit_card,APAC,mobile_ios,success,None,73.04
TX_00000083,2025-01-01 05:38:00,SMB,debit,US-East,mobile_ios,success,None,65.73
TX_00000084,2025-01-01 05:40:00,SMB,crypto,US-East,desktop,success,None,67.16
TX_00000085,2025-01-01 05:50:00,SMB,credit_card,US-West,mobile_ios,success,None,69.04
TX_00000086,2025-01-01 05:52:00,SMB,credit_card,EU-Central,mobile_ios,success,None,72.04
TX_00000087,2025-01-01 05:58:00,Enterprise,debit,EU-Central,desktop,success,None,206.94
TX_00000088,2025-01-01 06:03:00,SMB,credit_card,US-West,mobile_ios,success,None,74.89
TX_00000089,2025-01-01 06:04:00,Startup,crypto,US-West,desktop,success,None,30.25
TX_00000090,2025-01-01 06:04:00,SMB,credit_card,US-East,desktop,success,None,88.6
TX_00000091,2025-01-01 06:05:00,Enterprise,debit,US-East,mobile_android,success,None,113.67
TX_00000092,2025-01-01 06:08:00,Startup,debit,US-East,desktop,success,None,34.27
TX_00000093,2025-01-01 06:10:00,SMB,credit_card,US-West,desktop,success,None,59.33
TX_00000094,2025-01-01 06:12:00,Startup,debit,US-West,mobile_android,success,None,30.59
TX_00000095,2025-01-01 06:15:00,Startup,credit_card,EU-Central,mobile_ios,success,None,12.1
TX_00000096,2025-01-01 06:24:00,Startup,credit_card,EU-Central,mobile_ios,success,None,48.12
TX_00000097,2025-01-01 06:29:00,SMB,credit_card,US-East,mobile_ios,success,None,95.34
TX_00000098,2025-01-01 06:30:00,Startup,credit_card,EU-Central,mobile_ios,success,None,38.77
TX_00000099,2025-01-01 06:40:00,SMB,debit,US-East,mobile_ios,success,None,76.6
TX_00000100,2025-01-01 06:42:00,Startup,crypto,EU-Central,desktop,success,None,37.1
TX_00000101,2025-01-01 06:44:00,SMB,credit_card,US-East,desktop,success,None,82.14
TX_00000102,2025-01-01 06:46:00,SMB,credit_card,EU-Central,desktop,success,None,87.63
TX_00000103,2025-01-01 06:46:00,SMB,credit_card,US-West,desktop,success,None,100.94
TX_00000104,2025-01-01 06:52:00,SMB,debit,US-West,desktop,success,None,82.12
TX_00000105,2025-01-01 06:57:00,Startup,crypto,US-West,mobile_ios,success,None,35.62
TX_00000106,2025-01-01 07:12:00,Startup,debit,US-East,desktop,success,None,51.72
TX_00000107,2025-01-01 07:26:00,Startup,debit,US-East,desktop,success,None,25.31
TX_00000108,2025-01-01 07:33:00,Enterprise,credit_card,US-West,mobile_ios,success,None,198.05
TX_00000109,2025-01-01 07:43:00,Startup,credit_card,EU-Central,mobile_ios,success,None,39.38
TX_00000110,2025-01-01 08:01:00,SMB,debit,US-East,mobile_android,success,None,86.81
TX_00000111,2025-01-01 08:06:00,Startup,debit,US-East,mobile_ios,success,None,49.02
TX_00000112,2025-01-01 08:08:00,Startup,debit,US-West,mobile_android,failed,Insufficient funds,0.0
TX_00000113,2025-01-01 08:09:00,Enterprise,debit,US-West,mobile_ios,success,None,182.63
TX_00000114,2025-01-01 08:10:00,Startup,debit,US-West,mobile_ios,success,None,38.01
TX_00000115,2025-01-01 08:12:00,Enterprise,debit,EU-Central,mobile_android,success,None,164.14
TX_00000116,2025-01-01 08:15:00,SMB,crypto,US-West,mobile_android,success,None,95.16
TX_00000117,2025-01-01 08:24:00,SMB,crypto,US-East,mobile_ios,success,None,93.24
TX_00000118,2025-01-01 08:27:00,Enterprise,credit_card,US-East,mobile_ios,success,None,152.63
TX_00000119,2025-01-01 08:35:00,Startup,credit_card,US-West,desktop,failed,Invalid PIN,0.0
TX_00000120,2025-01-01 08:39:00,Enterprise,credit_card,US-West,mobile_android,success,None,132.58
TX_00000121,2025-01-01 08:44:00,SMB,debit,US-East,mobile_ios,success,None,83.84
TX_00000122,2025-01-01 08:45:00,SMB,credit_card,APAC,mobile_android,success,None,104.63
TX_00000123,2025-01-01 08:46:00,Startup,credit_card,US-East,desktop,success,None,30.24
TX_00000124,2025-01-01 08:54:00,Startup,credit_card,US-West,desktop,success,None,33.34
TX_00000125,2025-01-01 09:01:00,Startup,debit,US-East,desktop,success,None,38.62
TX_00000126,2025-01-01 09:05:00,Startup,credit_card,EU-Central,mobile_android,success,None,34.77
TX_00000127,2025-01-01 09:15:00,SMB,credit_card,EU-Central,mobile_android,success,None,76.29
TX_00000128,2025-01-01 09:17:00,Enterprise,credit_card,US-East,desktop,success,None,153.05
TX_00000129,2025-01-01 09:19:00,Enterprise,debit,APAC,mobile_ios,success,None,164.87
TX_00000130,2025-01-01 09:20:00,SMB,credit_card,US-East,desktop,success,None,106.03
TX_00000131,2025-01-01 09:29:00,Startup,credit_card,US-West,desktop,success,None,43.02
TX_00000132,2025-01-01 09:30:00,SMB,debit,EU-Central,desktop,success,None,85.56
TX_00000133,2025-01-01 09:47:00,Startup,credit_card,EU-Central,mobile_ios,success,None,57.6
TX_00000134,2025-01-01 09:49:00,SMB,credit_card,APAC,mobile_android,success,None,63.68
TX_00000135,2025-01-01 09:55:00,Enterprise,debit,EU-Central,desktop,success,None,149.18
TX_00000136,2025-01-01 09:57:00,SMB,credit_card,APAC,mobile_ios,failed,Card expired,0.0
TX_00000137,2025-01-01 10:14:00,Startup,debit,US-East,mobile_ios,success,None,22.1
TX_00000138,2025-01-01 10:15:00,Startup,credit_card,US-East,desktop,success,None,44.62
TX_00000139,2025-01-01 10:19:00,Startup,credit_card,US-West,mobile_android,success,None,42.63
TX_00000140,2025-01-01 10:19:00,Enterprise,debit,EU-Central,mobile_android,success,None,183.79
TX_00000141,2025-01-01 10:27:00,Startup,debit,US-West,desktop,success,None,40.53
TX_00000142,2025-01-01 10:36:00,SMB,credit_card,US-East,mobile_ios,success,None,95.08
TX_00000143,2025-01-01 10:45:00,Enterprise,credit_card,EU-Central,desktop,success,None,166.72
TX_00000144,2025-01-01 10:52:00,Startup,debit,APAC,mobile_ios,success,None,38.46
TX_00000145,2025-01-01 10:54:00,SMB,debit,US-West,mobile_ios,success,None,84.24
TX_00000146,2025-01-01 11:01:00,Startup,credit_card,US-East,desktop,success,None,52.14
TX_00000147,2025-01-01 11:01:00,SMB,debit,US-East,mobile_android,success,None,117.27
TX_00000148,2025-01-01 11:01:00,SMB,credit_card,US-East,mobile_ios,success,None,90.07
TX_00000149,2025-01-01 11:03:00,Startup,credit_card,US-West,mobile_android,success,None,49.34
TX_00000150,2025-01-01 11:05:00,SMB,credit_card,APAC,desktop,success,None,87.38
TX_00000151,2025-01-01 11:07:00,Startup,credit_card,US-East,mobile_android,success,None,50.9
TX_00000152,2025-01-01 11:09:00,SMB,credit_card,US-West,mobile_ios,success,None,54.2
TX_00000153,2025-01-01 11:10:00,Startup,credit_card,US-West,desktop,success,None,42.66
TX_00000154,2025-01-01 11:11:00,SMB,credit_card,US-East,desktop,success,None,80.69
TX_00000155,2025-01-01 11:18:00,SMB,credit_card,US-West,mobile_android,success,None,79.96
TX_00000156,2025-01-01 11:20:00,SMB,credit_card,EU-Central,mobile_ios,success,None,84.73
TX_00000157,2025-01-01 11:31:00,SMB,credit_card,EU-Central,desktop,success,None,83.21
TX_00000158,2025-01-01 11:32:00,Startup,debit,US-West,mobile_android,success,None,42.25
TX_00000159,2025-01-01 11:38:00,SMB,credit_card,EU-Central,desktop,success,None,32.3
TX_00000160,2025-01-01 11:39:00,SMB,debit,US-East,desktop,success,None,98.13
TX_00000161,2025-01-01 11:46:00,SMB,credit_card,US-East,mobile_ios,success,None,93.52
TX_00000162,2025-01-01 11:53:00,SMB,credit_card,US-East,mobile_ios,success,None,59.93
TX_00000163,2025-01-01 11:57:00,Startup,credit_card,US-East,desktop,success,None,33.25
TX_00000164,2025-01-01 11:57:00,Startup,crypto,US-East,mobile_ios,success,None,54.49
TX_00000165,2025-01-01 11:59:00,SMB,credit_card,US-East,mobile_ios,success,None,72.62
TX_00000166,2025-01-01 12:06:00,Startup,credit_card,US-West,mobile_ios,success,None,44.1
TX_00000167,2025-01-01 12:06:00,SMB,debit,US-West,mobile_ios,success,None,85.83
TX_00000168,2025-01-01 12:06:00,SMB,crypto,US-East,desktop,success,None,72.6
TX_00000169,2025-01-01 12:07:00,Startup,crypto,US-East,mobile_android,success,None,29.52
TX_00000170,2025-01-01 12:08:00,SMB,credit_card,US-West,desktop,success,None,55.94
TX_00000171,2025-01-01 12:11:00,Startup,credit_card,US-East,mobile_android,success,None,43.54
TX_00000172,2025-01-01 12:17:00,Startup,debit,US-West,desktop,success,None,45.21
TX_00000173,2025-01-01 12:19:00,SMB,credit_card,EU-Central,desktop,success,None,65.31
TX_00000174,2025-01-01 12:35:00,Startup,debit,US-East,desktop,success,None,45.8
TX_00000175,2025-01-01 12:40:00,Startup,debit,US-East,mobile_ios,success,None,40.08
TX_00000176,2025-01-01 12:47:00,SMB,debit,US-East,desktop,success,None,85.74
TX_00000177,2025-01-01 12:49:00,Startup,credit_card,US-East,mobile_ios,success,None,39.05
TX_00000178,2025-01-01 12:49:00,SMB,credit_card,APAC,mobile_android,success,None,80.73
TX_00000179,2025-01-01 12:58:00,Startup,debit,US-East,desktop,success,None,41.77
TX_00000180,2025-01-01 13:01:00,Startup,credit_card,US-West,desktop,success,None,46.22
TX_00000181,2025-01-01 13:04:00,Enterprise,credit_card,EU-Central,mobile_android,success,None,167.86
TX_00000182,2025-01-01 13:05:00,SMB,credit_card,US-East,desktop,success,None,66.8
TX_00000183,2025-01-01 13:06:00,Startup,credit_card,US-East,desktop,success,None,34.12
TX_00000184,2025-01-01 13:07:00,Enterprise,credit_card,EU-Central,desktop,success,None,123.86
TX_00000185,2025-01-01 13:08:00,Enterprise,debit,EU-Central,desktop,success,None,192.92
TX_00000186,2025-01-01 13:18:00,SMB,credit_card,US-East,desktop,success,None,65.51
TX_00000187,2025-01-01 13:21:00,SMB,credit_card,US-East,mobile_ios,success,None,57.15
TX_00000188,2025-01-01 13:26:00,SMB,credit_card,EU-Central,desktop,success,None,68.24
TX_00000189,2025-01-01 13:28:00,SMB,credit_card,US-East,mobile_ios,success,None,108.31
TX_00000190,2025-01-01 13:34:00,SMB,crypto,US-East,desktop,success,None,68.47
TX_00000191,2025-01-01 13:38:00,Startup,debit,US-East,mobile_ios,success,None,33.41
TX_00000192,2025-01-01 13:42:00,SMB,credit_card,US-East,desktop,success,None,90.56
TX_00000193,2025-01-01 13:54:00,SMB,debit,US-East,mobile_android,success,None,94.92
TX_00000194,2025-01-01 13:55:00,SMB,credit_card,US-West,mobile_ios,success,None,69.79
TX_00000195,2025-01-01 14:05:00,SMB,crypto,EU-Central,desktop,success,None,60.67
TX_00000196,2025-01-01 14:06:00,Enterprise,credit_card,US-West,desktop,success,None,135.0
TX_00000197,2025-01-01 14:11:00,Enterprise,credit_card,US-East,desktop,success,None,160.9
TX_00000198,2025-01-01 14:14:00,Enterprise,credit_card,US-West,desktop,success,None,151.75
TX_00000199,2025-01-01 14:18:00,Startup,debit,EU-Central,mobile_ios,failed,Insufficient funds,0.0
TX_00000200,2025-01-01 14:19:00,Startup,credit_card,US-East,desktop,success,None,41.06
TX_00000201,2025-01-01 14:20:00,Startup,debit,US-East,mobile_android,success,None,18.98
TX_00000202,2025-01-01 14:24:00,Startup,credit_card,US-East,desktop,success,None,27.6
TX_00000203,2025-01-01 14:24:00,Startup,crypto,US-East,mobile_ios,success,None,28.28
TX_00000204,2025-01-01 14:25:00,SMB,credit_card,APAC,desktop,success,None,50.38
TX_00000205,2025-01-01 14:29:00,Startup,crypto,US-West,desktop,success,None,31.78
TX_00000206,2025-01-01 14:30:00,Enterprise,credit_card,US-East,mobile_android,success,None,135.39
TX_00000207,2025-01-01 14:36:00,Startup,credit_card,EU-Central,mobile_android,success,None,38.53
TX_00000208,2025-01-01 14:37:00,Startup,crypto,US-East,mobile_ios,success,None,41.75
TX_00000209,2025-01-01 14:42:00,SMB,crypto,US-East,mobile_ios,success,None,69.98
TX_00000210,2025-01-01 14:42:00,SMB,debit,US-East,mobile_android,success,None,107.17
TX_00000211,2025-01-01 14:47:00,SMB,credit_card,US-West,mobile_ios,success,None,77.4
TX_00000212,2025-01-01 14:49:00,Startup,credit_card,US-East,desktop,success,None,33.7
TX_00000213,2025-01-01 14:53:00,Startup,credit_card,US-East,desktop,success,None,38.93
TX_00000214,2025-01-01 14:59:00,Startup,credit_card,US-East,mobile_ios,success,None,27.37
TX_00000215,2025-01-01 15:01:00,SMB,credit_card,US-East,mobile_ios,success,None,93.39
TX_00000216,2025-01-01 15:09:00,Startup,credit_card,US-West,mobile_ios,success,None,32.96
TX_00000217,2025-01-01 15:17:00,SMB,debit,EU-Central,desktop,success,None,64.21
TX_00000218,2025-01-01 15:22:00,Startup,debit,EU-Central,mobile_android,success,None,42.68
TX_00000219,2025-01-01 15:22:00,SMB,credit_card,US-West,mobile_ios,success,None,93.42
TX_00000220,2025-01-01 15:24:00,SMB,credit_card,APAC,mobile_ios,success,None,69.16
TX_00000221,2025-01-01 15:29:00,SMB,credit_card,US-East,desktop,success,None,52.35
TX_00000222,2025-01-01 15:31:00,Startup,debit,US-East,mobile_android,success,None,27.69
TX_00000223,2025-01-01 15:35:00,Startup,credit_card,US-West,mobile_ios,success,None,34.01
TX_00000224,2025-01-01 15:46:00,Enterprise,debit,US-East,mobile_ios,success,None,113.63
TX_00000225,2025-01-01 15:54:00,Enterprise,credit_card,US-West,mobile_android,success,None,164.5
TX_00000226,2025-01-01 15:56:00,Startup,credit_card,US-East,mobile_android,success,None,34.16
TX_00000227,2025-01-01 16:08:00,SMB,debit,US-East,desktop,success,None,90.03
TX_00000228,2025-01-01 16:08:00,Startup,debit,US-West,mobile_android,success,None,41.77
TX_00000229,2025-01-01 16:32:00,SMB,credit_card,APAC,mobile_ios,success,None,90.25
TX_00000230,2025-01-01 16:41:00,Enterprise,credit_card,US-East,desktop,success,None,168.69
TX_00000231,2025-01-01 16:47:00,Startup,crypto,US-East,desktop,success,None,56.66
TX_00000232,2025-01-01 16:47:00,Startup,credit_card,EU-Central,desktop,success,None,14.16
TX_00000233,2025-01-01 16:53:00,SMB,debit,US-East,mobile_ios,success,None,88.94
TX_00000234,2025-01-01 16:54:00,SMB,debit,US-East,mobile_ios,success,None,83.96
TX_00000235,2025-01-01 16:55:00,Startup,debit,US-East,desktop,success,None,50.27
TX_00000236,2025-01-01 16:56:00,Enterprise,credit_card,EU-Central,mobile_android,success,None,121.86
TX_00000237,2025-01-01 17:01:00,Startup,credit_card,EU-Central,mobile_android,success,None,34.94
TX_00000238,2025-01-01 17:20:00,SMB,crypto,US-West,mobile_ios,success,None,83.63
TX_00000239,2025-01-01 17:24:00,SMB,credit_card,US-East,mobile_android,success,None,79.75
TX_00000240,2025-01-01 17:31:00,Startup,credit_card,US-East,mobile_android,success,None,28.84
TX_00000241,2025-01-01 17:38:00,Startup,debit,US-East,desktop,success,None,32.2
TX_00000242,2025-01-01 17:42:00,SMB,credit_card,APAC,mobile_ios,success,None,98.46
TX_00000243,2025-01-01 17:42:00,Startup,debit,US-West,mobile_android,success,None,32.01
TX_00000244,2025-01-01 17:47:00,SMB,debit,US-East,desktop,success,None,90.56
TX_00000245,2025-01-01 17:50:00,SMB,debit,US-West,mobile_android,success,None,55.87
TX_00000246,2025-01-01 17:53:00,Startup,debit,US-West,desktop,success,None,34.47
TX_00000247,2025-01-01 17:59:00,Startup,credit_card,APAC,mobile_ios,success,None,31.74
TX_00000248,2025-01-01 18:01:00,Startup,credit_card,EU-Central,mobile_ios,success,None,40.35
TX_00000249,2025-01-01 18:01:00,SMB,debit,US-East,mobile_ios,success,None,67.89
TX_00000250,2025-01-01 18:08:00,Enterprise,credit_card,EU-Central,mobile_ios,success,None,130.04
TX_00000251,2025-01-01 18:09:00,Enterprise,crypto,US-West,mobile_ios,success,None,192.62
TX_00000252,2025-01-01 18:13:00,SMB,debit,US-East,mobile_ios,success,None,66.86
TX_00000253,2025-01-01 18:14:00,Startup,credit_card,US-West,mobile_ios,success,None,48.57
TX_00000254,2025-01-01 18:18:00,SMB,debit,US-West,desktop,success,None,90.48
TX_00000255,2025-01-01 18:22:00,Startup,credit_card,US-East,mobile_ios,success,None,42.65
TX_00000256,2025-01-01 18:25:00,Enterprise,credit_card,US-West,mobile_android,success,None,146.6
TX_00000257,2025-01-01 18:25:00,SMB,debit,US-West,desktop,success,None,80.73
TX_00000258,2025-01-01 18:36:00,SMB,debit,US-East,mobile_ios,success,None,70.66
TX_00000259,2025-01-01 18:40:00,SMB,credit_card,US-East,desktop,success,None,71.96
TX_00000260,2025-01-01 18:45:00,Enterprise,credit_card,US-West,mobile_ios,success,None,137.03
TX_00000261,2025-01-01 18:49:00,Startup,credit_card,US-East,desktop,success,None,38.67
TX_00000262,2025-01-01 18:52:00,SMB,credit_card,EU-Central,desktop,success,None,93.06
TX_00000263,2025-01-01 18:52:00,Startup,credit_card,US-East,desktop,success,None,53.17
TX_00000264,2025-01-01 18:54:00,SMB,credit_card,US-East,desktop,success,None,72.79
TX_00000265,2025-01-01 18:54:00,Startup,debit,US-East,desktop,success,None,29.96
TX_00000266,2025-01-01 18:56:00,SMB,crypto,US-West,desktop,success,None,90.95
TX_00000267,2025-01-01 19:00:00,Startup,credit_card,US-West,desktop,success,None,31.18
TX_00000268,2025-01-01 19:01:00,Enterprise,credit_card,US-West,desktop,success,None,138.48
TX_00000269,2025-01-01 19:01:00,Startup,debit,US-East,mobile_android,success,None,36.33
TX_00000270,2025-01-01 19:01:00,Startup,debit,EU-Central,desktop,success,None,36.34
TX_00000271,2025-01-01 19:10:00,Enterprise,crypto,US-East,mobile_android,success,None,158.61
TX_00000272,2025-01-01 19:14:00,Enterprise,credit_card,US-East,mobile_ios,success,None,174.67
TX_00000273,2025-01-01 19:15:00,SMB,credit_card,US-East,desktop,success,None,107.17
TX_00000274,2025-01-01 19:21:00,Startup,credit_card,US-East,desktop,success,None,41.17
TX_00000275,2025-01-01 19:27:00,SMB,debit,US-East,mobile_android,success,None,63.58
TX_00000276,2025-01-01 19:28:00,SMB,credit_card,US-East,mobile_ios,success,None,90.86
TX_00000277,2025-01-01 19:30:00,Enterprise,credit_card,US-East,desktop,success,None,124.59
TX_00000278,2025-01-01 19:31:00,Enterprise,credit_card,EU-Central,desktop,success,None,128.42
TX_00000279,2025-01-01 19:32:00,Startup,credit_card,US-East,desktop,success,None,21.2
TX_00000280,2025-01-01 19:37:00,Enterprise,debit,EU-Central,mobile_android,success,None,156.3
TX_00000281,2025-01-01 19:44:00,Startup,credit_card,US-West,mobile_android,success,None,46.56
TX_00000282,2025-01-01 19:51:00,Startup,debit,US-East,desktop,success,None,34.72
TX_00000283,2025-01-01 19:53:00,SMB,credit_card,US-West,desktop,success,None,80.05
TX_00000284,2025-01-01 19:55:00,Startup,credit_card,US-West,desktop,success,None,50.09
TX_00000285,2025-01-01 19:56:00,Enterprise,credit_card,US-East,mobile_android,success,None,167.94
TX_00000286,2025-01-01 20:00:00,Startup,credit_card,APAC,mobile_ios,success,None,31.56
TX_00000287,2025-01-01 20:07:00,SMB,credit_card,US-West,mobile_android,success,None,81.12
TX_00000288,2025-01-01 20:09:00,Startup,debit,EU-Central,desktop,success,None,44.94
TX_00000289,2025-01-01 20:11:00,SMB,debit,EU-Central,mobile_ios,success,None,68.44
TX_00000290,2025-01-01 20:14:00,SMB,credit_card,US-East,desktop,success,None,56.53
TX_00000291,2025-01-01 20:30:00,SMB,credit_card,US-East,mobile_android,success,None,76.55
TX_00000292,2025-01-01 20:39:00,SMB,crypto,US-East,desktop,success,None,89.18
TX_00000293,2025-01-01 20:42:00,Startup,credit_card,EU-Central,mobile_android,success,None,40.99
TX_00000294,2025-01-01 20:45:00,SMB,credit_card,EU-Central,desktop,success,None,70.92
TX_00000295,2025-01-01 20:52:00,Startup,credit_card,US-West,mobile_ios,success,None,46.52
TX_00000296,2025-01-01 20:52:00,SMB,debit,US-East,desktop,success,None,115.4
TX_00000297,2025-01-01 21:02:00,Startup,credit_card,US-East,desktop,success,None,55.62
TX_00000298,2025-01-01 21:07:00,Enterprise,credit_card,EU-Central,desktop,success,None,161.46
TX_00000299,2025-01-01 21:09:00,SMB,credit_card,APAC,mobile_ios,success,None,85.78
TX_00000300,2025-01-01 21:13:00,SMB,credit_card,US-East,desktop,success,None,76.67
TX_00000301,2025-01-01 21:19:00,Startup,credit_card,US-East,desktop,success,None,41.28
TX_00000302,2025-01-01 21:23:00,SMB,debit,US-East,desktop,success,None,48.45
TX_00000303,2025-01-01 21:34:00,Startup,debit,US-East,desktop,success,None,45.06
TX_00000304,2025-01-01 21:39:00,Startup,credit_card,EU-Central,desktop,success,None,49.27
TX_00000305,2025-01-01 21:41:00,SMB,credit_card,US-West,desktop,success,None,64.32
TX_00000306,2025-01-01 21:46:00,Startup,debit,US-West,desktop,success,None,31.47
TX_00000307,2025-01-01 21:46:00,Enterprise,debit,US-West,desktop,success,None,99.92
TX_00000308,2025-01-01 21:47:00,SMB,credit_card,US-East,mobile_android,success,None,76.26
TX_00000309,2025-01-01 21:48:00,Startup,credit_card,US-East,desktop,success,None,39.82
TX_00000310,2025-01-01 21:52:00,Startup,credit_card,EU-Central,mobile_ios,success,None,41.37
TX_00000311,2025-01-01 21:53:00,Startup,credit_card,US-West,desktop,success,None,38.33
TX_00000312,2025-01-01 21:56:00,SMB,credit_card,US-East,mobile_android,success,None,49.69
TX_00000313,2025-01-01 22:04:00,SMB,debit,US-East,desktop,success,None,40.93
TX_00000314,2025-01-01 22:21:00,Enterprise,credit_card,US-East,mobile_android,success,None,144.19
TX_00000315,2025-01-01 22:22:00,Startup,debit,US-East,desktop,success,None,34.35
TX_00000316,2025-01-01 22:33:00,SMB,debit,US-West,desktop,success,None,85.51
TX_00000317,2025-01-01 22:41:00,Startup,debit,US-West,desktop,success,None,37.72
TX_00000318,2025-01-01 22:43:00,SMB,credit_card,US-West,desktop,failed,Insufficient funds,0.0
TX_00000319,2025-01-01 22:44:00,SMB,credit_card,EU-Central,desktop,success,None,74.55
TX_00000320,2025-01-01 22:47:00,SMB,crypto,US-West,desktop,success,None,56.87
TX_00000321,2025-01-01 22:55:00,Enterprise,debit,US-East,mobile_android,success,None,157.12
TX_00000322,2025-01-01 22:56:00,SMB,debit,US-East,desktop,success,None,77.54
TX_00000323,2025-01-01 22:58:00,Startup,credit_card,EU-Central,desktop,success,None,52.87
TX_00000324,2025-01-01 22:58:00,Startup,credit_card,US-West,mobile_ios,success,None,42.17
TX_00000325,2025-01-01 22:59:00,SMB,debit,US-East,mobile_ios,success,None,70.64
TX_00000326,2025-01-01 23:01:00,SMB,credit_card,US-West,desktop,success,None,75.06
TX_00000327,2025-01-01 23:01:00,Enterprise,credit_card,US-West,mobile_ios,success,None,158.39
TX_00000328,2025-01-01 23:02:00,Startup,credit_card,EU-Central,desktop,success,None,50.98
TX_00000329,2025-01-01 23:06:00,Enterprise,credit_card,APAC,desktop,success,None,131.32
TX_00000330,2025-01-01 23:21:00,Startup,credit_card,US-West,desktop,success,None,49.87
TX_00000331,2025-01-01 23:23:00,SMB,credit_card,EU-Central,desktop,success,None,90.93
TX_00000332,2025-01-01 23:27:00,SMB,credit_card,US-East,desktop,success,None,114.92
TX_00000333,2025-01-01 23:29:00,Startup,debit,US-West,desktop,success,None,34.55
TX_00000334,2025-01-01 23:44:00,Enterprise,credit_card,EU-Central,desktop,success,None,153.92
TX_00000335,2025-01-01 23:45:00,SMB,credit_card,US-West,mobile_ios,success,None,78.56
TX_00000336,2025-01-01 23:51:00,SMB,debit,US-West,mobile_ios,success,None,101.11
TX_00000337,2025-01-01 23:55:00,SMB,credit_card,EU-Central,mobile_ios,success,None,60.48
TX_00000338,2025-01-01 23:56:00,SMB,credit_card,US-East,mobile_ios,success,None,100.98
TX_00000339,2025-01-02 00:05:00,Startup,debit,US-East,mobile_android,success,None,31.36
TX_00000340,2025-01-02 00:07:00,Startup,crypto,US-West,mobile_android,success,None,46.18
TX_00000341,2025-01-02 00:07:00,Enterprise,credit_card,EU-Central,mobile_android,success,None,171.13
TX_00000342,2025-01-02 00:09:00,Startup,credit_card,EU-Central,desktop,success,None,33.99
TX_00000343,2025-01-02 00:22:00,SMB,debit,US-West,desktop,success,None,66.15
TX_00000344,2025-01-02 00:22:00,SMB,credit_card,EU-Central,mobile_ios,success,None,64.49
TX_00000345,2025-01-02 00:26:00,SMB,debit,EU-Central,desktop,success,None,63.86
TX_00000346,2025-01-02 00:28:00,Enterprise,crypto,US-East,desktop,success,None,173.12
TX_00000347,2025-01-02 00:29:00,Enterprise,crypto,EU-Central,desktop,success,None,137.25
TX_00000348,2025-01-02 00:41:00,Startup,credit_card,US-East,mobile_android,success,None,28.42
TX_00000349,2025-01-02 00:52:00,SMB,credit_card,US-East,desktop,success,None,92.92
TX_00000350,2025-01-02 01:02:00,Enterprise,crypto,US-East,desktop,success,None,138.76
TX_00000351,2025-01-02 01:06:00,Enterprise,credit_card,US-East,desktop,success,None,165.16
TX_00000352,2025-01-02 01:15:00,Startup,credit_card,US-East,mobile_ios,success,None,30.46
TX_00000353,2025-01-02 01:18:00,Startup,debit,US-East,desktop,success,None,37.35
TX_00000354,2025-01-02 01:19:00,SMB,credit_card,US-East,desktop,success,None,66.46
TX_00000355,2025-01-02 01:24:00,Enterprise,credit_card,US-East,mobile_android,success,None,131.95
TX_00000356,2025-01-02 01:24:00,SMB,debit,US-West,mobile_ios,success,None,79.23
TX_00000357,2025-01-02 01:29:00,Enterprise,credit_card,EU-Central,mobile_ios,success,None,180.4
TX_00000358,2025-01-02 01:31:00,Enterprise,credit_card,EU-Central,mobile_android,success,None,180.59
TX_00000359,2025-01-02 01:31:00,SMB,credit_card,EU-Central,desktop,success,None,74.27
TX_00000360,2025-01-02 01:37:00,SMB,debit,US-West,mobile_ios,success,None,84.58
TX_00000361,2025-01-02 01:38:00,SMB,credit_card,EU-Central,desktop,success,None,66.86
TX_00000362,2025-01-02 01:39:00,SMB,credit_card,US-East,mobile_ios,success,None,88.88
TX_00000363,2025-01-02 01:41:00,Startup,debit,US-East,desktop,success,None,52.44
TX_00000364,2025-01-02 01:42:00,Startup,debit,US-West,desktop,success,None,29.59
TX_00000365,2025-01-02 01:45:00,SMB,credit_card,US-West,desktop,success,None,82.22
TX_00000366,2025-01-02 01:48:00,SMB,debit,EU-Central,desktop,success,None,46.59
TX_00000367,2025-01-02 01:51:00,SMB,credit_card,US-West,desktop,success,None,92.59
TX_00000368,2025-01-02 01:51:00,SMB,debit,US-East,mobile_ios,success,None,59.76
TX_00000369,2025-01-02 01:52:00,Startup,credit_card,EU-Central,mobile_ios,success,None,29.78
TX_00000370,2025-01-02 01:59:00,SMB,credit_card,US-West,desktop,success,None,71.6
TX_00000371,2025-01-02 02:00:00,Startup,debit,EU-Central,desktop,failed,Card expired,0.0
TX_00000372,2025-01-02 02:17:00,Startup,credit_card,EU-Central,mobile_ios,success,None,34.59
TX_00000373,2025-01-02 02:22:00,SMB,credit_card,US-East,mobile_ios,success,None,88.57
TX_00000374,2025-01-02 02:25:00,SMB,credit_card,US-East,desktop,success,None,72.33
TX_00000375,2025-01-02 02:27:00,Enterprise,debit,US-East,mobile_ios,success,None,137.37
TX_00000376,2025-01-02 02:27:00,SMB,credit_card,US-East,mobile_ios,success,None,50.98
TX_00000377,2025-01-02 02:29:00,SMB,credit_card,US-East,desktop,success,None,100.02
TX_00000378,2025-01-02 02:31:00,SMB,credit_card,US-West,desktop,success,None,113.76
TX_00000379,2025-01-02 02:37:00,Startup,credit_card,APAC,desktop,success,None,30.25
TX_00000380,2025-01-02 02:40:00,SMB,credit_card,EU-Central,mobile_android,success,None,78.58
TX_00000381,2025-01-02 02:45:00,SMB,credit_card,EU-Central,desktop,success,None,56.16
TX_00000382,2025-01-02 02:45:00,Startup,credit_card,US-East,desktop,success,None,33.6
TX_00000383,2025-01-02 02:49:00,Startup,credit_card,US-East,mobile_android,success,None,34.79
TX_00000384,2025-01-02 02:59:00,SMB,debit,US-West,desktop,success,None,92.76
TX_00000385,2025-01-02 03:00:00,Startup,debit,US-East,mobile_ios,success,None,67.0
TX_00000386,2025-01-02 03:02:00,SMB,debit,EU-Central,desktop,success,None,87.41
TX_00000387,2025-01-02 03:07:00,SMB,credit_card,APAC,mobile_android,success,None,103.57
TX_00000388,2025-01-02 03:09:00,Enterprise,crypto,US-East,mobile_android,success,None,142.18
TX_00000389,2025-01-02 03:10:00,SMB,credit_card,EU-Central,mobile_ios,success,None,94.32
TX_00000390,2025-01-02 03:13:00,Startup,crypto,US-East,desktop,success,None,52.29
TX_00000391,2025-01-02 03:16:00,Startup,credit_card,US-West,desktop,success,None,24.32
TX_00000392,2025-01-02 03:17:00,Startup,credit_card,US-East,mobile_ios,success,None,37.86
TX_00000393,2025-01-02 03:25:00,SMB,credit_card,US-East,desktop,success,None,78.87
TX_00000394,2025-01-02 03:31:00,Enterprise,credit_card,EU-Central,mobile_ios,success,None,150.68
TX_00000395,2025-01-02 03:37:00,Enterprise,debit,EU-Central,mobile_ios,success,None,161.78
TX_00000396,2025-01-02 03:38:00,SMB,debit,US-West,mobile_android,success,None,80.62
TX_00000397,2025-01-02 03:47:00,Startup,crypto,US-West,desktop,success,None,43.57
TX_00000398,2025-01-02 03:54:00,Startup,debit,US-West,mobile_ios,success,None,53.39
TX_00000399,2025-01-02 03:58:00,SMB,credit_card,EU-Central,mobile_ios,success,None,89.83
TX_00000400,2025-01-02 03:59:00,SMB,credit_card,APAC,desktop,success,None,65.66
TX_00000401,2025-01-02 04:05:00,SMB,crypto,EU-Central,mobile_android,success,None,77.1
TX_00000402,2025-01-02 04:15:00,SMB,credit_card,EU-Central,desktop,success,None,60.15
TX_00000403,2025-01-02 04:15:00,SMB,debit,US-West,mobile_ios,success,None,94.09
TX_00000404,2025-01-02 04:20:00,Enterprise,credit_card,US-West,mobile_android,success,None,166.39
TX_00000405,2025-01-02 04:28:00,SMB,credit_card,US-East,desktop,success,None,78.27
TX_00000406,2025-01-02 04:44:00,Enterprise,crypto,US-East,desktop,success,None,153.09
TX_00000407,2025-01-02 04:45:00,SMB,credit_card,EU-Central,desktop,success,None,63.56
TX_00000408,2025-01-02 04:46:00,Enterprise,credit_card,EU-Central,mobile_ios,success,None,156.1
TX_00000409,2025-01-02 04:47:00,Startup,credit_card,US-West,mobile_ios,success,None,47.53
TX_00000410,2025-01-02 04:54:00,SMB,debit,US-West,desktop,success,None,84.05
TX_00000411,2025-01-02 04:57:00,Startup,credit_card,US-East,mobile_ios,success,None,34.25
TX_00000412,2025-01-02 05:02:00,SMB,credit_card,US-East,mobile_android,success,None,91.09
TX_00000413,2025-01-02 05:10:00,SMB,credit_card,US-West,mobile_android,success,None,92.54
TX_00000414,2025-01-02 05:12:00,SMB,credit_card,US-West,mobile_ios,success,None,88.05
TX_00000415,2025-01-02 05:14:00,Enterprise,credit_card,APAC,desktop,success,None,188.87
TX_00000416,2025-01-02 05:17:00,Startup,credit_card,US-East,mobile_android,success,None,47.5
TX_00000417,2025-01-02 05:19:00,Enterprise,crypto,US-West,desktop,success,None,133.24
TX_00000418,2025-01-02 05:22:00,Startup,crypto,US-East,mobile_ios,success,None,42.72
TX_00000419,2025-01-02 05:24:00,Startup,credit_card,APAC,mobile_ios,success,None,51.06
TX_00000420,2025-01-02 05:30:00,SMB,debit,EU-Central,desktop,success,None,74.07
TX_00000421,2025-01-02 05:37:00,SMB,credit_card,US-West,desktop,success,None,90.1
TX_00000422,2025-01-02 05:39:00,Startup,credit_card,APAC,desktop,success,None,32.85
TX_00000423,2025-01-02 05:45:00,SMB,credit_card,US-West,desktop,success,None,77.95
TX_00000424,2025-01-02 05:49:00,Startup,credit_card,US-East,desktop,success,None,48.9
TX_00000425,2025-01-02 05:58:00,Enterprise,credit_card,US-West,mobile_android,success,None,170.44
TX_00000426,2025-01-02 06:02:00,Enterprise,credit_card,US-East,desktop,success,None,186.61
TX_00000427,2025-01-02 06:13:00,SMB,debit,US-West,desktop,success,None,69.57
TX_00000428,2025-01-02 06:14:00,SMB,credit_card,APAC,desktop,success,None,58.35
TX_00000429,2025-01-02 06:20:00,Startup,debit,EU-Central,desktop,success,None,50.34
TX_00000430,2025-01-02 06:23:00,Enterprise,credit_card,US-East,desktop,success,None,196.36
TX_00000431,2025-01-02 06:28:00,Startup,credit_card,US-East,desktop,success,None,27.71
TX_00000432,2025-01-02 06:28:00,SMB,credit_card,US-East,desktop,success,None,85.49
TX_00000433,2025-01-02 06:28:00,SMB,credit_card,US-East,desktop,success,None,48.23
TX_00000434,2025-01-02 06:31:00,SMB,debit,US-East,desktop,success,None,89.3
TX_00000435,2025-01-02 06:48:00,SMB,debit,US-West,mobile_ios,success,None,99.89
TX_00000436,2025-01-02 06:49:00,SMB,credit_card,EU-Central,desktop,success,None,64.49
TX_00000437,2025-01-02 06:55:00,SMB,debit,EU-Central,desktop,success,None,80.08
TX_00000438,2025-01-02 07:15:00,Startup,crypto,US-East,mobile_android,success,None,33.7
TX_00000439,2025-01-02 07:15:00,SMB,debit,US-East,mobile_ios,success,None,72.44
TX_00000440,2025-01-02 07:21:00,SMB,credit_card,US-East,desktop,success,None,73.22
TX_00000441,2025-01-02 07:21:00,Startup,debit,US-East,desktop,success,None,42.37
TX_00000442,2025-01-02 07:25:00,Startup,credit_card,US-East,mobile_ios,success,None,35.6
TX_00000443,2025-01-02 07:33:00,SMB,debit,US-East,mobile_ios,success,None,84.6
TX_00000444,2025-01-02 07:33:00,SMB,credit_card,US-West,desktop,success,None,89.8
TX_00000445,2025-01-02 07:38:00,Startup,credit_card,EU-Central,desktop,success,None,40.84
TX_00000446,2025-01-02 07:39:00,SMB,credit_card,US-West,mobile_android,success,None,86.33
TX_00000447,2025-01-02 07:46:00,SMB,credit_card,EU-Central,mobile_ios,success,None,93.01
TX_00000448,2025-01-02 07:47:00,SMB,crypto,US-East,desktop,success,None,101.34
TX_00000449,2025-01-02 07:48:00,Startup,credit_card,EU-Central,desktop,success,None,17.64
TX_00000450,2025-01-02 07:49:00,Enterprise,credit_card,US-East,desktop,success,None,167.14
TX_00000451,2025-01-02 07:54:00,Startup,crypto,US-East,desktop,success,None,28.19
TX_00000452,2025-01-02 07:57:00,Enterprise,credit_card,US-East,mobile_android,success,None,160.06
TX_00000453,2025-01-02 08:00:00,Startup,credit_card,US-East,desktop,success,None,31.31
TX_00000454,2025-01-02 08:00:00,SMB,credit_card,US-West,mobile_android,success,None,78.43
TX_00000455,2025-01-02 08:05:00,SMB,credit_card,APAC,desktop,success,None,50.08
TX_00000456,2025-01-02 08:12:00,Startup,credit_card,EU-Central,desktop,success,None,38.56
TX_00000457,2025-01-02 08:12:00,SMB,credit_card,US-East,desktop,success,None,60.22
TX_00000458,2025-01-02 08:16:00,SMB,debit,US-West,mobile_ios,success,None,68.77
TX_00000459,2025-01-02 08:31:00,Enterprise,crypto,US-West,desktop,success,None,183.7
TX_00000460,2025-01-02 08:38:00,Enterprise,credit_card,EU-Central,mobile_ios,success,None,146.19
TX_00000461,2025-01-02 08:40:00,SMB,credit_card,EU-Central,mobile_ios,success,None,52.93
TX_00000462,2025-01-02 08:41:00,Startup,credit_card,US-West,desktop,success,None,43.77
TX_00000463,2025-01-02 08:49:00,Enterprise,debit,US-West,mobile_ios,success,None,135.23
TX_00000464,2025-01-02 08:50:00,Enterprise,credit_card,EU-Central,desktop,success,None,148.71
TX_00000465,2025-01-02 09:00:00,SMB,debit,US-East,mobile_ios,success,None,98.45
TX_00000466,2025-01-02 09:06:00,Startup,credit_card,US-East,desktop,success,None,41.02
TX_00000467,2025-01-02 09:07:00,Startup,crypto,US-West,desktop,success,None,43.82
TX_00000468,2025-01-02 09:08:00,SMB,credit_card,EU-Central,mobile_ios,success,None,69.52
TX_00000469,2025-01-02 09:10:00,Enterprise,debit,US-West,desktop,success,None,150.38
TX_00000470,2025-01-02 09:16:00,Startup,credit_card,APAC,mobile_android,success,None,46.0
TX_00000471,2025-01-02 09:18:00,SMB,debit,US-East,mobile_android,success,None,86.58
TX_00000472,2025-01-02 09:31:00,Startup,credit_card,US-West,desktop,success,None,22.94
TX_00000473,2025-01-02 09:33:00,Startup,credit_card,US-East,desktop,success,None,27.68
TX_00000474,2025-01-02 09:35:00,Startup,credit_card,APAC,mobile_ios,success,None,40.28
TX_00000475,2025-01-02 09:37:00,SMB,debit,US-East,mobile_android,success,None,92.63
TX_00000476,2025-01-02 09:43:00,Startup,debit,US-West,desktop,success,None,35.38
TX_00000477,2025-01-02 09:44:00,Startup,credit_card,US-East,mobile_android,success,None,46.62
TX_00000478,2025-01-02 09:44:00,SMB,credit_card,US-West,mobile_android,success,None,86.24
TX_00000479,2025-01-02 09:47:00,SMB,credit_card,EU-Central,desktop,success,None,90.09
TX_00000480,2025-01-02 09:51:00,SMB,debit,US-East,mobile_ios,success,None,57.13
TX_00000481,2025-01-02 09:52:00,Enterprise,debit,EU-Central,desktop,success,None,191.91
TX_00000482,2025-01-02 09:55:00,SMB,debit,APAC,mobile_ios,success,None,73.47
TX_00000483,2025-01-02 10:02:00,SMB,credit_card,US-East,desktop,success,None,69.52
TX_00000484,2025-01-02 10:04:00,SMB,crypto,EU-Central,desktop,success,None,74.39
TX_00000485,2025-01-02 10:08:00,SMB,debit,US-East,mobile_ios,success,None,80.11
TX_00000486,2025-01-02 10:09:00,SMB,debit,US-East,desktop,success,None,65.42
TX_00000487,2025-01-02 10:10:00,Startup,credit_card,US-West,mobile_ios,success,None,28.44
TX_00000488,2025-01-02 10:22:00,Startup,debit,EU-Central,mobile_android,success,None,34.81
TX_00000489,2025-01-02 10:24:00,SMB,credit_card,US-East,desktop,success,None,57.6
TX_00000490,2025-01-02 10:33:00,SMB,credit_card,US-East,desktop,success,None,60.34
TX_00000491,2025-01-02 10:37:00,Enterprise,credit_card,APAC,mobile_ios,success,None,144.84
TX_00000492,2025-01-02 10:39:00,Startup,credit_card,EU-Central,desktop,success,None,38.37
TX_00000493,2025-01-02 10:40:00,Startup,credit_card,US-East,mobile_android,success,None,36.44
TX_00000494,2025-01-02 10:52:00,Startup,credit_card,US-West,desktop,success,None,30.47
TX_00000495,2025-01-02 10:53:00,SMB,credit_card,US-East,mobile_ios,success,None,70.47
TX_00000496,2025-01-02 10:56:00,Startup,debit,US-East,desktop,success,None,35.52
TX_00000497,2025-01-02 11:00:00,Enterprise,credit_card,US-West,desktop,success,None,134.92
TX_00000498,2025-01-02 11:03:00,Startup,credit_card,US-West,desktop,success,None,28.14
TX_00000499,2025-01-02 11:05:00,Enterprise,credit_card,US-East,desktop,success,None,185.34
TX_00000500,2025-01-02 11:05:00,Startup,debit,EU-Central,desktop,success,None,24.16
TX_00000501,2025-01-02 11:06:00,SMB,debit,US-East,mobile_ios,success,None,63.46
TX_00000502,2025-01-02 11:07:00,Startup,credit_card,US-West,desktop,success,None,27.91
TX_00000503,2025-01-02 11:08:00,Startup,crypto,US-East,desktop,success,None,44.62
TX_00000504,2025-01-02 11:13:00,SMB,credit_card,US-West,desktop,success,None,92.93
TX_00000505,2025-01-02 11:21:00,Enterprise,crypto,US-East,mobile_ios,success,None,152.39
TX_00000506,2025-01-02 11:23:00,Startup,credit_card,US-West,mobile_ios,success,None,26.91
TX_00000507,2025-01-02 11:25:00,SMB,credit_card,US-West,desktop,success,None,57.86
TX_00000508,2025-01-02 11:39:00,Enterprise,credit_card,US-East,mobile_android,success,None,152.01
TX_00000509,2025-01-02 11:47:00,SMB,credit_card,US-East,mobile_android,success,None,34.5
TX_00000510,2025-01-02 11:48:00,SMB,credit_card,US-West,desktop,success,None,65.26
TX_00000511,2025-01-02 11:55:00,Enterprise,debit,US-East,mobile_ios,success,None,125.12
TX_00000512,2025-01-02 11:59:00,SMB,debit,US-West,desktop,success,None,79.48
TX_00000513,2025-01-02 11:59:00,Enterprise,credit_card,US-West,mobile_android,success,None,130.19
TX_00000514,2025-01-02 11:59:00,SMB,credit_card,US-West,mobile_ios,success,None,93.47
TX_00000515,2025-01-02 12:09:00,Startup,credit_card,APAC,mobile_android,success,None,49.67
TX_00000516,2025-01-02 12:12:00,Startup,credit_card,US-West,desktop,success,None,51.82
TX_00000517,2025-01-02 12:16:00,Startup,debit,EU-Central,desktop,success,None,44.21
TX_00000518,2025-01-02 12:16:00,SMB,credit_card,EU-Central,mobile_ios,success,None,80.31
TX_00000519,2025-01-02 12:19:00,Startup,debit,APAC,mobile_ios,success,None,41.07
TX_00000520,2025-01-02 12:27:00,SMB,credit_card,US-East,mobile_ios,success,None,90.64
TX_00000521,2025-01-02 12:32:00,SMB,credit_card,EU-Central,mobile_android,success,None,107.3
TX_00000522,2025-01-02 12:36:00,Startup,credit_card,APAC,mobile_ios,success,None,55.35
TX_00000523,2025-01-02 12:38:00,Startup,credit_card,US-East,mobile_ios,success,None,34.84
TX_00000524,2025-01-02 12:40:00,Startup,credit_card,US-East,desktop,success,None,36.75
TX_00000525,2025-01-02 12:44:00,Startup,debit,APAC,desktop,success,None,45.32
TX_00000526,2025-01-02 12:57:00,SMB,credit_card,US-West,desktop,success,None,117.33
TX_00000527,2025-01-02 12:59:00,SMB,credit_card,US-East,mobile_ios,success,None,63.89
TX_00000528,2025-01-02 13:04:00,Startup,debit,EU-Central,desktop,success,None,37.28
TX_00000529,2025-01-02 13:10:00,SMB,credit_card,US-East,desktop,success,None,68.87
TX_00000530,2025-01-02 13:23:00,SMB,debit,US-East,desktop,success,None,98.36
TX_00000531,2025-01-02 13:24:00,Startup,credit_card,US-West,mobile_android,success,None,31.64
TX_00000532,2025-01-02 13:31:00,Startup,credit_card,US-West,desktop,success,None,27.11
TX_00000533,2025-01-02 13:33:00,SMB,debit,EU-Central,desktop,success,None,71.73
TX_00000534,2025-01-02 13:37:00,Startup,debit,US-West,desktop,success,None,33.8
TX_00000535,2025-01-02 13:41:00,Startup,credit_card,EU-Central,desktop,success,None,47.4
TX_00000536,2025-01-02 13:52:00,Startup,credit_card,US-East,desktop,success,None,19.99
TX_00000537,2025-01-02 14:02:00,SMB,debit,US-West,desktop,success,None,95.22
TX_00000538,2025-01-02 14:03:00,SMB,credit_card,US-East,desktop,success,None,95.04
TX_00000539,2025-01-02 14:05:00,SMB,credit_card,US-East,mobile_android,success,None,65.91
TX_00000540,2025-01-02 14:22:00,Enterprise,debit,EU-Central,mobile_ios,success,None,115.06
TX_00000541,2025-01-02 14:27:00,SMB,debit,US-East,desktop,success,None,76.31
TX_00000542,2025-01-02 14:31:00,SMB,debit,EU-Central,mobile_ios,success,None,57.87
TX_00000543,2025-01-02 14:37:00,SMB,debit,US-East,mobile_ios,success,None,88.86
TX_00000544,2025-01-02 14:47:00,Startup,debit,US-East,mobile_ios,success,None,18.54
TX_00000545,2025-01-02 14:47:00,Enterprise,debit,US-East,desktop,success,None,144.2
TX_00000546,2025-01-02 14:56:00,Startup,debit,EU-Central,desktop,success,None,36.16
TX_00000547,2025-01-02 14:56:00,Startup,credit_card,US-East,mobile_ios,success,None,58.32
TX_00000548,2025-01-02 15:12:00,Enterprise,credit_card,US-West,desktop,success,None,148.25
TX_00000549,2025-01-02 15:13:00,Startup,debit,US-West,desktop,success,None,21.96
TX_00000550,2025-01-02 15:16:00,SMB,debit,US-East,desktop,success,None,56.05
TX_00000551,2025-01-02 15:28:00,SMB,credit_card,US-West,mobile_ios,failed,Invalid PIN,0.0
TX_00000552,2025-01-02 15:28:00,Startup,credit_card,US-West,desktop,success,None,54.5
TX_00000553,2025-01-02 15:30:00,SMB,crypto,APAC,desktop,success,None,80.82
TX_00000554,2025-01-02 15:38:00,Startup,credit_card,US-East,mobile_android,success,None,41.29
TX_00000555,2025-01-02 15:42:00,Enterprise,credit_card,US-East,mobile_android,success,None,157.3
TX_00000556,2025-01-02 15:44:00,Startup,debit,US-East,desktop,success,None,50.79
TX_00000557,2025-01-02 15:56:00,SMB,crypto,US-West,desktop,success,None,79.12
TX_00000558,2025-01-02 16:02:00,Startup,debit,US-West,mobile_ios,success,None,23.86
TX_00000559,2025-01-02 16:10:00,SMB,debit,APAC,desktop,success,None,102.44
TX_00000560,2025-01-02 16:13:00,Startup,credit_card,EU-Central,mobile_ios,success,None,39.79
TX_00000561,2025-01-02 16:21:00,Startup,debit,US-East,mobile_ios,success,None,33.58
TX_00000562,2025-01-02 16:21:00,SMB,credit_card,US-West,desktop,success,None,62.29
TX_00000563,2025-01-02 16:26:00,Startup,debit,EU-Central,desktop,success,None,41.22
TX_00000564,2025-01-02 16:29:00,SMB,credit_card,APAC,desktop,success,None,77.04
TX_00000565,2025-01-02 16:31:00,Startup,credit_card,US-East,mobile_ios,success,None,31.6
TX_00000566,2025-01-02 16:33:00,SMB,credit_card,US-West,desktop,success,None,94.01
TX_00000567,2025-01-02 16:43:00,Startup,credit_card,EU-Central,desktop,success,None,29.6
TX_00000568,2025-01-02 16:54:00,Startup,debit,US-East,desktop,success,None,60.06
TX_00000569,2025-01-02 16:54:00,SMB,crypto,US-West,desktop,failed,Insufficient funds,0.0
TX_00000570,2025-01-02 17:00:00,SMB,debit,APAC,mobile_ios,success,None,98.88
TX_00000571,2025-01-02 17:01:00,SMB,debit,EU-Central,desktop,success,None,40.02
TX_00000572,2025-01-02 17:02:00,Startup,credit_card,US-East,mobile_ios,success,None,22.05
TX_00000573,2025-01-02 17:09:00,SMB,debit,US-East,desktop,success,None,55.82
TX_00000574,2025-01-02 17:12:00,SMB,debit,US-East,desktop,success,None,64.8
TX_00000575,2025-01-02 17:15:00,Startup,debit,APAC,mobile_android,success,None,35.28
TX_00000576,2025-01-02 17:22:00,SMB,credit_card,APAC,mobile_ios,success,None,64.8
TX_00000577,2025-01-02 17:26:00,Startup,debit,EU-Central,mobile_ios,success,None,41.33
TX_00000578,2025-01-02 17:30:00,SMB,debit,US-West,desktop,success,None,66.55
TX_00000579,2025-01-02 17:31:00,Enterprise,credit_card,US-East,desktop,success,None,155.25
TX_00000580,2025-01-02 17:49:00,Startup,debit,US-West,mobile_ios,success,None,32.18
TX_00000581,2025-01-02 17:51:00,Enterprise,crypto,US-East,mobile_android,success,None,152.39
TX_00000582,2025-01-02 17:53:00,SMB,credit_card,US-West,mobile_android,success,None,100.85
TX_00000583,2025-01-02 17:53:00,Startup,debit,US-West,mobile_android,success,None,43.16
TX_00000584,2025-01-02 18:00:00,SMB,debit,US-West,desktop,success,None,54.58
TX_00000585,2025-01-02 18:03:00,Startup,debit,APAC,mobile_android,success,None,29.95
TX_00000586,2025-01-02 18:17:00,Startup,credit_card,US-East,mobile_android,success,None,24.91
TX_00000587,2025-01-02 18:19:00,SMB,debit,EU-Central,desktop,success,None,59.65
TX_00000588,2025-01-02 18:31:00,Enterprise,credit_card,US-West,desktop,success,None,171.88
TX_00000589,2025-01-02 18:37:00,Startup,credit_card,EU-Central,mobile_ios,success,None,37.33
TX_00000590,2025-01-02 18:43:00,SMB,debit,US-West,desktop,success,None,77.26
TX_00000591,2025-01-02 18:47:00,Enterprise,debit,US-East,mobile_ios,success,None,172.18
TX_00000592,2025-01-02 18:48:00,Startup,debit,US-East,mobile_android,failed,Insufficient funds,0.0
TX_00000593,2025-01-02 18:48:00,Enterprise,credit_card,US-East,mobile_android,success,None,135.64
TX_00000594,2025-01-02 18:53:00,Startup,credit_card,US-East,mobile_android,success,None,27.87
TX_00000595,2025-01-02 18:55:00,Enterprise,crypto,EU-Central,desktop,success,None,129.41
TX_00000596,2025-01-02 19:00:00,Enterprise,credit_card,US-East,desktop,success,None,104.29
TX_00000597,2025-01-02 19:01:00,SMB,debit,US-West,mobile_ios,success,None,58.95
TX_00000598,2025-01-02 19:01:00,Startup,debit,US-East,desktop,success,None,39.39
TX_00000599,2025-01-02 19:06:00,Startup,debit,US-West,desktop,success,None,40.92
TX_00000600,2025-01-02 19:11:00,Startup,credit_card,EU-Central,mobile_ios,success,None,40.52
TX_00000601,2025-01-02 19:11:00,SMB,debit,US-East,desktop,success,None,95.68
TX_00000602,2025-01-02 19:17:00,SMB,debit,US-West,desktop,success,None,96.35
TX_00000603,2025-01-02 19:20:00,SMB,credit_card,EU-Central,desktop,success,None,50.39
TX_00000604,2025-01-02 19:27:00,SMB,credit_card,US-East,mobile_android,success,None,90.27
TX_00000605,2025-01-02 19:30:00,SMB,credit_card,EU-Central,desktop,success,None,107.9
TX_00000606,2025-01-02 19:32:00,Startup,credit_card,US-East,desktop,success,None,50.67
TX_00000607,2025-01-02 19:38:00,SMB,debit,US-East,mobile_android,success,None,119.0
TX_00000608,2025-01-02 19:43:00,Startup,debit,US-West,desktop,success,None,42.63
TX_00000609,2025-01-02 19:57:00,SMB,crypto,US-East,desktop,success,None,75.33
TX_00000610,2025-01-02 20:02:00,Startup,credit_card,EU-Central,mobile_ios,success,None,47.6
TX_00000611,2025-01-02 20:02:00,Enterprise,debit,US-East,desktop,success,None,179.95
TX_00000612,2025-01-02 20:03:00,SMB,credit_card,US-East,desktop,success,None,74.29
TX_00000613,2025-01-02 20:08:00,SMB,debit,US-West,mobile_android,success,None,73.89
TX_00000614,2025-01-02 20:11:00,SMB,debit,US-West,desktop,success,None,67.66
TX_00000615,2025-01-02 20:19:00,SMB,crypto,EU-Central,mobile_ios,success,None,68.07
TX_00000616,2025-01-02 20:23:00,SMB,debit,US-East,mobile_ios,success,None,65.79
TX_00000617,2025-01-02 20:31:00,SMB,crypto,EU-Central,desktop,success,None,91.71
TX_00000618,2025-01-02 20:46:00,Startup,debit,APAC,mobile_ios,success,None,40.39
TX_00000619,2025-01-02 20:50:00,Startup,debit,US-West,desktop,success,None,34.7
TX_00000620,2025-01-02 20:53:00,Startup,credit_card,EU-Central,desktop,success,None,28.35
TX_00000621,2025-01-02 20:55:00,SMB,debit,US-West,mobile_ios,success,None,78.3
TX_00000622,2025-01-02 21:08:00,Startup,debit,US-East,desktop,success,None,48.12
TX_00000623,2025-01-02 21:08:00,SMB,credit_card,US-East,mobile_ios,success,None,82.69
TX_00000624,2025-01-02 21:08:00,SMB,credit_card,US-East,desktop,success,None,100.86
TX_00000625,2025-01-02 21:11:00,SMB,debit,APAC,desktop,success,None,64.59
TX_00000626,2025-01-02 21:16:00,SMB,credit_card,US-East,mobile_ios,success,None,80.72
TX_00000627,2025-01-02 21:17:00,Enterprise,credit_card,US-West,desktop,success,None,156.45
TX_00000628,2025-01-02 21:19:00,SMB,debit,US-East,mobile_android,success,None,96.65
TX_00000629,2025-01-02 21:38:00,Enterprise,crypto,US-West,mobile_ios,success,None,99.96
TX_00000630,2025-01-02 21:39:00,Startup,debit,US-East,mobile_android,success,None,49.67
TX_00000631,2025-01-02 21:45:00,Startup,credit_card,EU-Central,desktop,success,None,37.46
TX_00000632,2025-01-02 21:47:00,Startup,credit_card,US-East,mobile_android,failed,Insufficient funds,0.0
TX_00000633,2025-01-02 21:59:00,Startup,credit_card,EU-Central,mobile_ios,success,None,33.21
TX_00000634,2025-01-02 22:03:00,Enterprise,credit_card,EU-Central,mobile_ios,success,None,132.16
TX_00000635,2025-01-02 22:03:00,Startup,credit_card,US-West,mobile_android,success,None,45.24
TX_00000636,2025-01-02 22:05:00,Startup,crypto,US-East,mobile_ios,success,None,49.79
TX_00000637,2025-01-02 22:13:00,SMB,credit_card,US-East,mobile_android,success,None,92.36
TX_00000638,2025-01-02 22:15:00,SMB,credit_card,EU-Central,mobile_ios,success,None,66.19
TX_00000639,2025-01-02 22:16:00,Startup,credit_card,US-East,mobile_ios,success,None,32.23
TX_00000640,2025-01-02 22:19:00,SMB,credit_card,US-East,desktop,success,None,53.23
TX_00000641,2025-01-02 22:25:00,Startup,credit_card,US-West,desktop,success,None,43.94
TX_00000642,2025-01-02 22:26:00,Enterprise,credit_card,US-East,mobile_ios,success,None,183.96
TX_00000643,2025-01-02 22:27:00,SMB,crypto,US-East,mobile_android,success,None,87.96
TX_00000644,2025-01-02 22:35:00,SMB,credit_card,US-West,mobile_ios,success,None,80.78
TX_00000645,2025-01-02 22:40:00,SMB,credit_card,US-East,mobile_ios,success,None,103.02
TX_00000646,2025-01-02 22:40:00,Startup,credit_card,US-East,mobile_ios,success,None,41.25
TX_00000647,2025-01-02 22:41:00,Startup,credit_card,US-West,desktop,success,None,59.6
TX_00000648,2025-01-02 22:48:00,SMB,credit_card,US-East,desktop,success,None,89.22
TX_00000649,2025-01-02 22:48:00,Enterprise,credit_card,EU-Central,desktop,success,None,144.4
TX_00000650,2025-01-02 22:49:00,Startup,credit_card,US-East,desktop,success,None,20.5
TX_00000651,2025-01-02 22:50:00,Startup,debit,US-West,mobile_ios,success,None,25.44
TX_00000652,2025-01-02 22:51:00,SMB,credit_card,US-West,mobile_android,success,None,104.22
TX_00000653,2025-01-02 23:03:00,SMB,credit_card,US-West,desktop,success,None,79.87
TX_00000654,2025-01-02 23:11:00,Startup,credit_card,US-East,desktop,success,None,52.35
TX_00000655,2025-01-02 23:12:00,Startup,credit_card,US-East,desktop,success,None,52.29
TX_00000656,2025-01-02 23:13:00,SMB,credit_card,EU-Central,desktop,success,None,82.06
TX_00000657,2025-01-02 23:15:00,SMB,credit_card,US-East,desktop,success,None,101.02
TX_00000658,2025-01-02 23:19:00,Startup,credit_card,US-West,desktop,success,None,46.96
TX_00000659,2025-01-02 23:21:00,Startup,credit_card,APAC,desktop,success,None,52.09
TX_00000660,2025-01-02 23:23:00,SMB,credit_card,US-West,mobile_android,success,None,81.69
TX_00000661,2025-01-02 23:29:00,SMB,credit_card,US-East,desktop,success,None,76.23
TX_00000662,2025-01-02 23:30:00,Startup,credit_card,US-East,mobile_ios,success,None,33.85
TX_00000663,2025-01-02 23:32:00,SMB,crypto,APAC,mobile_ios,success,None,65.36
TX_00000664,2025-01-02 23:46:00,SMB,debit,US-West,desktop,success,None,83.06
TX_00000665,2025-01-02 23:49:00,SMB,debit,US-West,mobile_android,success,None,66.19
TX_00000666,2025-01-02 23:51:00,SMB,debit,US-West,mobile_ios,success,None,87.42
TX_00000667,2025-01-03 00:00:00,Startup,crypto,EU-Central,desktop,success,None,34.81
TX_00000668,2025-01-03 00:01:00,Enterprise,debit,EU-Central,desktop,success,None,145.4
TX_00000669,2025-01-03 00:07:00,Startup,debit,US-East,mobile_ios,success,None,47.18
TX_00000670,2025-01-03 00:09:00,SMB,credit_card,US-West,desktop,success,None,96.52
TX_00000671,2025-01-03 00:10:00,Enterprise,credit_card,US-West,desktop,success,None,138.37
TX_00000672,2025-01-03 00:12:00,Enterprise,debit,US-East,desktop,success,None,122.55
TX_00000673,2025-01-03 00:15:00,Startup,crypto,EU-Central,desktop,success,None,44.42
TX_00000674,2025-01-03 00:15:00,Startup,credit_card,US-East,mobile_ios,success,None,43.4
TX_00000675,2025-01-03 00:31:00,SMB,debit,US-West,mobile_android,success,None,100.98
TX_00000676,2025-01-03 00:31:00,Startup,credit_card,US-East,mobile_ios,success,None,34.3
TX_00000677,2025-01-03 00:34:00,Startup,credit_card,US-East,desktop,success,None,34.03
TX_00000678,2025-01-03 00:40:00,Startup,credit_card,US-West,mobile_android,success,None,45.55
TX_00000679,2025-01-03 00:53:00,SMB,credit_card,APAC,mobile_ios,success,None,81.14
TX_00000680,2025-01-03 00:54:00,Startup,credit_card,US-West,mobile_ios,success,None,50.6
TX_00000681,2025-01-03 00:56:00,Enterprise,debit,US-East,desktop,success,None,158.46
TX_00000682,2025-01-03 00:59:00,SMB,debit,US-West,desktop,success,None,87.57
TX_00000683,2025-01-03 01:01:00,Startup,debit,US-East,mobile_android,success,None,37.01
TX_00000684,2025-01-03 01:11:00,SMB,credit_card,US-East,desktop,success,None,81.31
TX_00000685,2025-01-03 01:16:00,SMB,debit,US-East,mobile_ios,success,None,91.9
TX_00000686,2025-01-03 01:21:00,Enterprise,credit_card,US-East,mobile_ios,success,None,99.77
TX_00000687,2025-01-03 01:22:00,Startup,credit_card,US-West,desktop,success,None,60.34
TX_00000688,2025-01-03 01:22:00,Startup,debit,US-West,mobile_ios,success,None,33.48
TX_00000689,2025-01-03 01:23:00,SMB,credit_card,US-East,desktop,success,None,82.93
TX_00000690,2025-01-03 01:32:00,Startup,credit_card,EU-Central,mobile_ios,success,None,58.06
TX_00000691,2025-01-03 01:39:00,Enterprise,credit_card,US-East,mobile_android,failed,Insufficient funds,0.0
TX_00000692,2025-01-03 01:43:00,SMB,debit,APAC,mobile_android,success,None,74.54
TX_00000693,2025-01-03 01:43:00,Startup,credit_card,US-West,mobile_android,success,None,32.9
TX_00000694,2025-01-03 01:45:00,SMB,debit,US-East,mobile_ios,success,None,98.33
TX_00000695,2025-01-03 01:54:00,SMB,debit,APAC,mobile_ios,success,None,84.57
TX_00000696,2025-01-03 01:54:00,SMB,debit,US-East,mobile_ios,success,None,103.21
TX_00000697,2025-01-03 02:09:00,Startup,debit,US-West,desktop,success,None,50.35
TX_00000698,2025-01-03 02:10:00,Enterprise,credit_card,US-East,desktop,success,None,123.19
TX_00000699,2025-01-03 02:20:00,Startup,credit_card,EU-Central,mobile_ios,success,None,22.34
TX_00000700,2025-01-03 02:40:00,Startup,credit_card,US-West,desktop,success,None,46.53
TX_00000701,2025-01-03 02:41:00,SMB,credit_card,US-East,mobile_android,success,None,86.78
TX_00000702,2025-01-03 02:44:00,Startup,debit,US-East,desktop,success,None,37.58
TX_00000703,2025-01-03 02:51:00,SMB,credit_card,EU-Central,desktop,success,None,43.27
TX_00000704,2025-01-03 02:52:00,SMB,credit_card,US-East,desktop,success,None,57.31
TX_00000705,2025-01-03 02:57:00,Startup,debit,US-East,mobile_android,success,None,39.98
TX_00000706,2025-01-03 03:11:00,Startup,debit,US-West,mobile_android,success,None,32.93
TX_00000707,2025-01-03 03:21:00,Enterprise,debit,EU-Central,desktop,success,None,159.09
TX_00000708,2025-01-03 03:23:00,SMB,debit,US-East,mobile_ios,success,None,75.5
TX_00000709,2025-01-03 03:23:00,SMB,debit,US-East,mobile_ios,success,None,91.43
TX_00000710,2025-01-03 03:24:00,SMB,debit,EU-Central,mobile_ios,success,None,70.84
TX_00000711,2025-01-03 03:29:00,SMB,credit_card,US-East,mobile_ios,success,None,58.13
TX_00000712,2025-01-03 03:32:00,Enterprise,crypto,US-West,desktop,success,None,205.38
TX_00000713,2025-01-03 03:33:00,Startup,credit_card,APAC,mobile_ios,success,None,42.28
TX_00000714,2025-01-03 03:52:00,SMB,credit_card,EU-Central,desktop,success,None,97.73
TX_00000715,2025-01-03 03:54:00,SMB,credit_card,US-East,desktop,success,None,97.71
TX_00000716,2025-01-03 03:57:00,Startup,debit,US-East,desktop,success,None,53.53
TX_00000717,2025-01-03 04:01:00,Startup,crypto,US-East,desktop,success,None,38.79
TX_00000718,2025-01-03 04:07:00,SMB,credit_card,APAC,mobile_ios,success,None,53.62
TX_00000719,2025-01-03 04:09:00,SMB,credit_card,APAC,desktop,success,None,80.24
TX_00000720,2025-01-03 04:14:00,Startup,debit,US-East,mobile_ios,success,None,52.92
TX_00000721,2025-01-03 04:17:00,SMB,crypto,US-West,mobile_ios,success,None,65.71
TX_00000722,2025-01-03 04:25:00,SMB,credit_card,EU-Central,mobile_android,success,None,87.97
TX_00000723,2025-01-03 04:29:00,Startup,credit_card,US-East,mobile_ios,success,None,50.18
TX_00000724,2025-01-03 04:33:00,Enterprise,debit,US-East,mobile_android,success,None,176.2
TX_00000725,2025-01-03 04:38:00,Enterprise,credit_card,US-East,desktop,failed,Invalid PIN,0.0
TX_00000726,2025-01-03 04:39:00,Enterprise,debit,US-West,mobile_ios,success,None,123.27
TX_00000727,2025-01-03 04:44:00,SMB,credit_card,EU-Central,desktop,success,None,84.5
TX_00000728,2025-01-03 04:47:00,Enterprise,credit_card,APAC,mobile_ios,success,None,124.44
TX_00000729,2025-01-03 04:50:00,Startup,credit_card,US-East,desktop,success,None,39.57
TX_00000730,2025-01-03 04:54:00,SMB,credit_card,US-East,mobile_ios,success,None,101.08
TX_00000731,2025-01-03 04:55:00,Enterprise,credit_card,US-West,desktop,success,None,190.96
TX_00000732,2025-01-03 04:58:00,SMB,credit_card,EU-Central,desktop,success,None,75.55
TX_00000733,2025-01-03 05:10:00,Startup,debit,US-West,mobile_ios,success,None,49.97
TX_00000734,2025-01-03 05:11:00,SMB,credit_card,US-West,mobile_android,success,None,79.08
TX_00000735,2025-01-03 05:16:00,SMB,crypto,US-West,desktop,success,None,64.0
TX_00000736,2025-01-03 05:23:00,Startup,credit_card,US-East,mobile_android,success,None,39.53
TX_00000737,2025-01-03 05:23:00,SMB,debit,US-West,desktop,success,None,115.51
TX_00000738,2025-01-03 05:36:00,SMB,credit_card,APAC,mobile_ios,success,None,87.28
TX_00000739,2025-01-03 05:44:00,SMB,credit_card,US-East,mobile_android,success,None,66.49
TX_00000740,2025-01-03 05:45:00,SMB,credit_card,US-West,desktop,success,None,84.28
TX_00000741,2025-01-03 05:48:00,SMB,credit_card,US-East,desktop,success,None,91.17
TX_00000742,2025-01-03 05:52:00,Startup,debit,US-West,desktop,success,None,49.84
TX_00000743,2025-01-03 05:56:00,SMB,debit,US-West,desktop,success,None,75.33
TX_00000744,2025-01-03 05:59:00,SMB,debit,US-West,mobile_ios,success,None,105.06
TX_00000745,2025-01-03 06:00:00,Enterprise,credit_card,EU-Central,mobile_ios,success,None,145.93
TX_00000746,2025-01-03 06:09:00,SMB,debit,US-East,mobile_android,success,None,84.46
TX_00000747,2025-01-03 06:15:00,SMB,debit,US-West,desktop,success,None,56.3
TX_00000748,2025-01-03 06:18:00,Startup,crypto,US-East,mobile_ios,success,None,53.04
TX_00000749,2025-01-03 06:22:00,SMB,debit,EU-Central,desktop,success,None,61.36
TX_00000750,2025-01-03 06:22:00,Startup,credit_card,US-East,mobile_android,success,None,46.62
TX_00000751,2025-01-03 06:22:00,SMB,credit_card,EU-Central,desktop,success,None,72.25
TX_00000752,2025-01-03 06:27:00,Enterprise,credit_card,US-East,mobile_android,success,None,119.13
TX_00000753,2025-01-03 06:27:00,Enterprise,debit,US-East,desktop,success,None,138.58
TX_00000754,2025-01-03 06:33:00,SMB,credit_card,US-East,mobile_ios,success,None,55.66
TX_00000755,2025-01-03 06:38:00,SMB,debit,APAC,desktop,success,None,68.93
TX_00000756,2025-01-03 06:45:00,SMB,credit_card,US-East,mobile_android,success,None,70.43
TX_00000757,2025-01-03 06:51:00,Startup,credit_card,US-East,mobile_ios,success,None,28.04
TX_00000758,2025-01-03 06:52:00,Enterprise,credit_card,US-East,mobile_ios,success,None,156.08
TX_00000759,2025-01-03 06:53:00,SMB,credit_card,US-East,mobile_ios,success,None,78.35
TX_00000760,2025-01-03 07:00:00,SMB,debit,US-East,desktop,success,None,83.58
TX_00000761,2025-01-03 07:04:00,SMB,credit_card,US-West,desktop,success,None,70.92
TX_00000762,2025-01-03 07:06:00,SMB,debit,US-East,mobile_android,success,None,75.92
TX_00000763,2025-01-03 07:11:00,SMB,credit_card,US-West,desktop,success,None,60.58
TX_00000764,2025-01-03 07:17:00,SMB,credit_card,US-East,mobile_android,success,None,69.53
TX_00000765,2025-01-03 07:20:00,Startup,debit,US-West,mobile_ios,success,None,27.58
TX_00000766,2025-01-03 07:21:00,Startup,credit_card,US-West,desktop,success,None,36.14
TX_00000767,2025-01-03 07:26:00,SMB,debit,US-East,mobile_ios,success,None,69.53
TX_00000768,2025-01-03 07:27:00,Enterprise,debit,US-East,mobile_ios,success,None,166.53
TX_00000769,2025-01-03 07:30:00,Startup,debit,US-East,mobile_ios,success,None,47.59
TX_00000770,2025-01-03 07:32:00,SMB,credit_card,US-East,mobile_android,success,None,81.75
TX_00000771,2025-01-03 07:40:00,SMB,credit_card,US-West,desktop,success,None,90.88
TX_00000772,2025-01-03 07:42:00,SMB,debit,US-West,mobile_android,success,None,83.11
TX_00000773,2025-01-03 07:43:00,Enterprise,debit,US-West,desktop,success,None,135.75
TX_00000774,2025-01-03 07:46:00,SMB,debit,US-East,mobile_android,success,None,80.27
TX_00000775,2025-01-03 07:58:00,SMB,credit_card,US-East,desktop,success,None,101.95
TX_00000776,2025-01-03 07:59:00,SMB,credit_card,US-East,desktop,success,None,93.65
TX_00000777,2025-01-03 08:03:00,SMB,credit_card,US-West,mobile_ios,success,None,79.44
TX_00000778,2025-01-03 08:08:00,Startup,debit,US-West,desktop,success,None,23.67
TX_00000779,2025-01-03 08:10:00,SMB,credit_card,US-East,mobile_android,success,None,107.49
TX_00000780,2025-01-03 08:13:00,Enterprise,credit_card,EU-Central,desktop,success,None,144.89
TX_00000781,2025-01-03 08:13:00,SMB,debit,US-East,desktop,success,None,95.81
TX_00000782,2025-01-03 08:14:00,Startup,credit_card,APAC,desktop,success,None,39.27
TX_00000783,2025-01-03 08:20:00,Startup,credit_card,US-East,desktop,success,None,21.58
TX_00000784,2025-01-03 08:20:00,Startup,credit_card,EU-Central,mobile_ios,success,None,52.19
TX_00000785,2025-01-03 08:24:00,SMB,credit_card,US-East,mobile_ios,success,None,83.5
TX_00000786,2025-01-03 08:25:00,Startup,credit_card,EU-Central,desktop,success,None,24.4
TX_00000787,2025-01-03 08:25:00,Startup,credit_card,US-East,desktop,success,None,36.93
TX_00000788,2025-01-03 08:29:00,Enterprise,credit_card,US-East,desktop,success,None,156.18
TX_00000789,2025-01-03 08:30:00,SMB,credit_card,US-East,desktop,success,None,81.89
TX_00000790,2025-01-03 08:35:00,SMB,credit_card,APAC,mobile_ios,success,None,93.63
TX_00000791,2025-01-03 08:40:00,Startup,debit,APAC,mobile_ios,success,None,42.34
TX_00000792,2025-01-03 08:47:00,SMB,credit_card,US-East,mobile_ios,success,None,79.77
TX_00000793,2025-01-03 08:52:00,SMB,credit_card,US-West,mobile_android,success,None,63.49
TX_00000794,2025-01-03 08:54:00,Startup,credit_card,US-West,mobile_android,success,None,57.09
TX_00000795,2025-01-03 09:00:00,Startup,credit_card,US-East,desktop,success,None,36.56
TX_00000796,2025-01-03 09:10:00,Startup,credit_card,US-East,desktop,success,None,33.68
TX_00000797,2025-01-03 09:12:00,Startup,credit_card,APAC,mobile_android,success,None,29.96
TX_00000798,2025-01-03 09:15:00,Enterprise,debit,US-West,mobile_ios,success,None,131.65
TX_00000799,2025-01-03 09:16:00,Startup,credit_card,US-East,desktop,success,None,48.16
TX_00000800,2025-01-03 09:19:00,SMB,debit,US-East,mobile_ios,success,None,59.21
TX_00000801,2025-01-03 09:23:00,Startup,credit_card,US-East,mobile_android,success,None,35.54
TX_00000802,2025-01-03 09:33:00,SMB,credit_card,US-West,mobile_android,success,None,52.04
TX_00000803,2025-01-03 09:37:00,Startup,credit_card,US-East,desktop,success,None,31.59
TX_00000804,2025-01-03 09:51:00,Startup,debit,US-West,mobile_android,success,None,33.43
TX_00000805,2025-01-03 10:11:00,Startup,credit_card,US-East,mobile_android,success,None,32.5
TX_00000806,2025-01-03 10:26:00,Enterprise,credit_card,US-East,desktop,success,None,124.84
TX_00000807,2025-01-03 10:33:00,SMB,credit_card,US-East,mobile_android,success,None,100.17
TX_00000808,2025-01-03 10:36:00,Startup,credit_card,EU-Central,mobile_android,success,None,33.45
TX_00000809,2025-01-03 11:03:00,Enterprise,crypto,US-East,desktop,success,None,169.13
TX_00000810,2025-01-03 11:11:00,Startup,credit_card,EU-Central,mobile_ios,success,None,34.66
TX_00000811,2025-01-03 11:16:00,Enterprise,debit,US-East,desktop,success,None,119.08
TX_00000812,2025-01-03 11:17:00,Startup,debit,US-West,mobile_ios,success,None,45.85
TX_00000813,2025-01-03 11:18:00,SMB,credit_card,US-East,mobile_android,success,None,95.44
TX_00000814,2025-01-03 11:21:00,Startup,credit_card,US-West,desktop,success,None,27.54
TX_00000815,2025-01-03 11:25:00,Startup,debit,EU-Central,desktop,success,None,44.74
TX_00000816,2025-01-03 11:27:00,SMB,credit_card,US-East,mobile_android,success,None,74.86
TX_00000817,2025-01-03 11:43:00,Enterprise,credit_card,US-East,mobile_android,success,None,197.49
TX_00000818,2025-01-03 11:46:00,Enterprise,debit,US-West,desktop,success,None,173.29
TX_00000819,2025-01-03 11:47:00,SMB,debit,US-East,mobile_android,success,None,102.48
TX_00000820,2025-01-03 11:56:00,SMB,debit,US-West,desktop,success,None,72.2
TX_00000821,2025-01-03 12:06:00,Startup,debit,US-East,desktop,success,None,55.72
TX_00000822,2025-01-03 12:21:00,SMB,credit_card,US-West,mobile_ios,success,None,90.42
TX_00000823,2025-01-03 12:26:00,SMB,credit_card,US-West,mobile_ios,success,None,81.48
TX_00000824,2025-01-03 12:27:00,SMB,credit_card,US-East,mobile_ios,success,None,88.75
TX_00000825,2025-01-03 12:30:00,Enterprise,debit,US-West,desktop,success,None,124.53
TX_00000826,2025-01-03 12:30:00,SMB,crypto,US-West,desktop,success,None,81.63
TX_00000827,2025-01-03 12:31:00,Startup,credit_card,US-East,mobile_android,success,None,36.49
TX_00000828,2025-01-03 12:32:00,Startup,credit_card,US-East,desktop,success,None,50.46
TX_00000829,2025-01-03 12:36:00,SMB,credit_card,US-West,desktop,success,None,48.82
TX_00000830,2025-01-03 12:41:00,SMB,debit,US-East,mobile_android,success,None,81.22
TX_00000831,2025-01-03 12:42:00,Startup,credit_card,APAC,mobile_ios,success,None,35.31
TX_00000832,2025-01-03 12:44:00,SMB,credit_card,US-West,desktop,success,None,105.27
TX_00000833,2025-01-03 12:48:00,Enterprise,crypto,US-East,desktop,success,None,144.75
TX_00000834,2025-01-03 12:50:00,Enterprise,debit,EU-Central,mobile_android,success,None,142.24
TX_00000835,2025-01-03 12:54:00,SMB,credit_card,US-East,mobile_android,success,None,81.44
TX_00000836,2025-01-03 12:59:00,Startup,crypto,US-West,desktop,success,None,46.13
TX_00000837,2025-01-03 13:06:00,Startup,credit_card,US-East,mobile_ios,success,None,23.07
TX_00000838,2025-01-03 13:10:00,Enterprise,credit_card,EU-Central,desktop,success,None,117.22
TX_00000839,2025-01-03 13:15:00,SMB,credit_card,EU-Central,mobile_android,success,None,105.37
TX_00000840,2025-01-03 13:16:00,Startup,debit,US-West,desktop,success,None,41.42
TX_00000841,2025-01-03 13:21:00,Startup,debit,US-East,mobile_ios,success,None,64.87
TX_00000842,2025-01-03 13:28:00,Startup,credit_card,US-East,mobile_ios,success,None,30.85
TX_00000843,2025-01-03 13:36:00,Startup,crypto,US-East,mobile_ios,success,None,44.82
TX_00000844,2025-01-03 13:49:00,Enterprise,credit_card,US-East,mobile_android,success,None,153.95
TX_00000845,2025-01-03 13:52:00,Startup,debit,US-East,desktop,success,None,53.2
TX_00000846,2025-01-03 13:53:00,Startup,debit,US-West,mobile_android,success,None,25.26
TX_00000847,2025-01-03 13:56:00,SMB,credit_card,EU-Central,desktop,success,None,105.49
TX_00000848,2025-01-03 14:00:00,Startup,credit_card,US-East,desktop,success,None,40.6
TX_00000849,2025-01-03 14:02:00,SMB,debit,US-East,desktop,success,None,78.03
TX_00000850,2025-01-03 14:06:00,Enterprise,credit_card,EU-Central,desktop,success,None,161.54
TX_00000851,2025-01-03 14:07:00,SMB,debit,EU-Central,desktop,success,None,77.31
TX_00000852,2025-01-03 14:09:00,SMB,credit_card,US-West,mobile_android,success,None,81.4
TX_00000853,2025-01-03 14:11:00,SMB,debit,US-East,mobile_ios,success,None,97.37
TX_00000854,2025-01-03 14:18:00,SMB,credit_card,US-West,mobile_android,success,None,64.62
TX_00000855,2025-01-03 14:24:00,SMB,credit_card,EU-Central,mobile_ios,success,None,86.39
TX_00000856,2025-01-03 14:24:00,SMB,credit_card,US-East,desktop,success,None,86.92
TX_00000857,2025-01-03 14:27:00,SMB,debit,US-West,desktop,success,None,106.51
TX_00000858,2025-01-03 14:28:00,Enterprise,credit_card,US-West,mobile_android,success,None,140.46
TX_00000859,2025-01-03 14:28:00,Startup,credit_card,US-East,desktop,success,None,14.57
TX_00000860,2025-01-03 14:28:00,SMB,crypto,EU-Central,desktop,success,None,72.13
TX_00000861,2025-01-03 14:29:00,SMB,debit,US-West,desktop,success,None,68.31
TX_00000862,2025-01-03 14:30:00,Startup,credit_card,US-West,desktop,success,None,55.37
TX_00000863,2025-01-03 14:34:00,Startup,crypto,US-West,mobile_ios,success,None,13.12
TX_00000864,2025-01-03 14:36:00,Startup,debit,US-East,desktop,success,None,49.84
TX_00000865,2025-01-03 14:40:00,SMB,credit_card,US-West,mobile_ios,success,None,84.59
TX_00000866,2025-01-03 14:42:00,Enterprise,credit_card,EU-Central,desktop,success,None,118.09
TX_00000867,2025-01-03 14:44:00,Startup,debit,APAC,mobile_ios,success,None,43.68
TX_00000868,2025-01-03 14:45:00,SMB,debit,US-East,mobile_android,success,None,52.75
TX_00000869,2025-01-03 14:50:00,SMB,credit_card,US-East,mobile_ios,success,None,89.97
TX_00000870,2025-01-03 14:51:00,Enterprise,credit_card,APAC,desktop,success,None,146.04
TX_00000871,2025-01-03 14:55:00,Startup,credit_card,US-West,desktop,success,None,18.41
TX_00000872,2025-01-03 14:55:00,Enterprise,credit_card,APAC,mobile_android,success,None,116.24
TX_00000873,2025-01-03 15:02:00,Startup,credit_card,US-East,desktop,success,None,47.0
TX_00000874,2025-01-03 15:03:00,Startup,credit_card,US-East,desktop,success,None,58.26
TX_00000875,2025-01-03 15:06:00,SMB,debit,US-East,mobile_android,success,None,107.94
TX_00000876,2025-01-03 15:11:00,Startup,debit,EU-Central,mobile_android,success,None,50.32
TX_00000877,2025-01-03 15:17:00,Startup,credit_card,EU-Central,mobile_android,success,None,24.2
TX_00000878,2025-01-03 15:22:00,Startup,credit_card,US-West,mobile_android,success,None,52.12
TX_00000879,2025-01-03 15:25:00,SMB,credit_card,US-East,mobile_android,success,None,110.31
TX_00000880,2025-01-03 15:29:00,Startup,credit_card,US-East,mobile_ios,success,None,55.25
TX_00000881,2025-01-03 15:30:00,SMB,crypto,US-West,desktop,success,None,84.69
TX_00000882,2025-01-03 15:32:00,Startup,debit,US-West,mobile_android,success,None,28.6
TX_00000883,2025-01-03 15:34:00,SMB,credit_card,US-West,mobile_android,success,None,97.3
TX_00000884,2025-01-03 15:35:00,SMB,credit_card,US-East,desktop,success,None,78.86
TX_00000885,2025-01-03 15:35:00,Startup,credit_card,US-West,desktop,success,None,39.13
TX_00000886,2025-01-03 15:48:00,Startup,debit,US-East,desktop,success,None,39.78
TX_00000887,2025-01-03 15:52:00,SMB,credit_card,US-West,mobile_android,success,None,79.9
TX_00000888,2025-01-03 15:52:00,SMB,debit,US-West,mobile_ios,success,None,61.79
TX_00000889,2025-01-03 16:05:00,SMB,debit,APAC,desktop,success,None,74.1
TX_00000890,2025-01-03 16:09:00,Startup,credit_card,US-West,desktop,success,None,56.96
TX_00000891,2025-01-03 16:14:00,Startup,debit,US-East,mobile_android,success,None,39.59
TX_00000892,2025-01-03 16:26:00,Startup,debit,US-East,mobile_ios,success,None,35.44
TX_00000893,2025-01-03 16:33:00,Enterprise,debit,APAC,desktop,success,None,126.95
TX_00000894,2025-01-03 16:40:00,SMB,crypto,US-East,desktop,success,None,65.5
TX_00000895,2025-01-03 16:50:00,Startup,credit_card,US-East,desktop,success,None,47.06
TX_00000896,2025-01-03 16:55:00,Startup,credit_card,APAC,desktop,success,None,42.81
TX_00000897,2025-01-03 17:07:00,Enterprise,debit,US-West,mobile_ios,success,None,154.27
TX_00000898,2025-01-03 17:08:00,Startup,debit,US-West,mobile_ios,success,None,46.67
TX_00000899,2025-01-03 17:13:00,SMB,crypto,US-East,desktop,success,None,94.83
TX_00000900,2025-01-03 17:17:00,SMB,credit_card,EU-Central,mobile_ios,success,None,80.38
TX_00000901,2025-01-03 17:24:00,SMB,debit,US-East,desktop,success,None,92.41
TX_00000902,2025-01-03 17:27:00,SMB,credit_card,US-East,mobile_android,success,None,70.22
TX_00000903,2025-01-03 17:32:00,SMB,credit_card,US-East,desktop,success,None,97.28
TX_00000904,2025-01-03 17:43:00,Enterprise,credit_card,US-East,desktop,success,None,144.88
TX_00000905,2025-01-03 17:56:00,SMB,credit_card,APAC,desktop,success,None,107.75
TX_00000906,2025-01-03 18:01:00,Startup,credit_card,US-West,desktop,success,None,39.3
TX_00000907,2025-01-03 18:08:00,Enterprise,debit,US-West,desktop,success,None,122.18
TX_00000908,2025-01-03 18:09:00,SMB,credit_card,APAC,desktop,success,None,84.44
TX_00000909,2025-01-03 18:12:00,SMB,credit_card,US-East,mobile_ios,success,None,78.0
TX_00000910,2025-01-03 18:21:00,SMB,credit_card,US-East,desktop,success,None,59.7
TX_00000911,2025-01-03 18:21:00,Startup,credit_card,US-West,desktop,success,None,59.12
TX_00000912,2025-01-03 18:22:00,SMB,crypto,US-West,mobile_android,success,None,77.22
TX_00000913,2025-01-03 18:23:00,Startup,credit_card,US-West,desktop,success,None,26.38
TX_00000914,2025-01-03 18:25:00,Startup,credit_card,US-East,mobile_ios,success,None,38.46
TX_00000915,2025-01-03 18:25:00,Enterprise,debit,US-West,desktop,success,None,134.25
TX_00000916,2025-01-03 18:27:00,SMB,debit,US-East,desktop,success,None,72.71
TX_00000917,2025-01-03 18:30:00,SMB,debit,US-East,desktop,success,None,85.97
TX_00000918,2025-01-03 18:40:00,SMB,debit,US-East,desktop,success,None,68.3
TX_00000919,2025-01-03 18:46:00,Startup,crypto,US-East,mobile_android,success,None,49.79
TX_00000920,2025-01-03 18:51:00,SMB,credit_card,US-East,desktop,success,None,70.09
TX_00000921,2025-01-03 18:54:00,SMB,crypto,US-East,mobile_ios,success,None,65.57
TX_00000922,2025-01-03 18:57:00,SMB,debit,APAC,mobile_ios,success,None,81.48
TX_00000923,2025-01-03 18:58:00,SMB,credit_card,APAC,desktop,success,None,55.86
TX_00000924,2025-01-03 18:58:00,SMB,debit,US-West,mobile_ios,success,None,77.7
TX_00000925,2025-01-03 19:05:00,SMB,debit,APAC,desktop,success,None,75.65
TX_00000926,2025-01-03 19:05:00,SMB,credit_card,APAC,mobile_ios,success,None,73.92
TX_00000927,2025-01-03 19:13:00,SMB,credit_card,US-East,mobile_android,success,None,62.06
TX_00000928,2025-01-03 19:13:00,Startup,crypto,US-West,desktop,success,None,32.18
TX_00000929,2025-01-03 19:22:00,Startup,credit_card,APAC,desktop,success,None,49.89
TX_00000930,2025-01-03 19:22:00,SMB,credit_card,US-West,desktop,success,None,65.59
TX_00000931,2025-01-03 19:30:00,SMB,debit,US-East,desktop,success,None,97.98
TX_00000932,2025-01-03 19:34:00,Startup,credit_card,US-West,desktop,success,None,47.49
TX_00000933,2025-01-03 19:35:00,SMB,credit_card,US-East,mobile_android,success,None,75.93
TX_00000934,2025-01-03 19:47:00,SMB,debit,US-East,desktop,success,None,98.46
TX_00000935,2025-01-03 19:58:00,Enterprise,debit,US-East,desktop,success,None,161.14
TX_00000936,2025-01-03 19:59:00,Startup,credit_card,US-East,desktop,success,None,37.67
TX_00000937,2025-01-03 20:03:00,Enterprise,crypto,US-East,desktop,success,None,128.39
TX_00000938,2025-01-03 20:08:00,Startup,credit_card,EU-Central,desktop,success,None,39.1
TX_00000939,2025-01-03 20:10:00,Startup,credit_card,US-East,desktop,success,None,55.91
TX_00000940,2025-01-03 20:23:00,Startup,credit_card,US-East,desktop,success,None,38.93
TX_00000941,2025-01-03 20:34:00,Startup,debit,US-East,desktop,success,None,58.92
TX_00000942,2025-01-03 20:37:00,SMB,credit_card,US-West,mobile_ios,success,None,72.51
TX_00000943,2025-01-03 20:51:00,SMB,credit_card,APAC,mobile_android,success,None,93.37
TX_00000944,2025-01-03 20:53:00,Startup,debit,US-East,desktop,success,None,55.72
TX_00000945,2025-01-03 20:54:00,Startup,credit_card,US-East,mobile_android,success,None,36.49
TX_00000946,2025-01-03 20:55:00,SMB,debit,US-West,desktop,success,None,67.19
TX_00000947,2025-01-03 20:56:00,Startup,credit_card,US-West,mobile_ios,success,None,15.71
TX_00000948,2025-01-03 20:56:00,SMB,crypto,US-East,desktop,success,None,76.59
TX_00000949,2025-01-03 20:57:00,SMB,credit_card,US-East,mobile_android,success,None,89.75
TX_00000950,2025-01-03 20:58:00,SMB,credit_card,US-West,mobile_android,success,None,66.7
TX_00000951,2025-01-03 21:01:00,SMB,credit_card,US-East,mobile_ios,success,None,71.44
TX_00000952,2025-01-03 21:02:00,Enterprise,debit,APAC,mobile_android,success,None,157.09
TX_00000953,2025-01-03 21:05:00,SMB,debit,US-East,mobile_ios,success,None,92.38
TX_00000954,2025-01-03 21:10:00,SMB,credit_card,US-East,desktop,success,None,83.98
TX_00000955,2025-01-03 21:11:00,SMB,debit,EU-Central,mobile_ios,success,None,65.85
TX_00000956,2025-01-03 21:18:00,SMB,credit_card,EU-Central,desktop,success,None,71.45
TX_00000957,2025-01-03 21:33:00,Startup,crypto,US-East,desktop,success,None,31.33
TX_00000958,2025-01-03 21:35:00,SMB,crypto,APAC,desktop,success,None,82.7
TX_00000959,2025-01-03 21:48:00,SMB,crypto,US-West,mobile_ios,success,None,69.89
TX_00000960,2025-01-03 21:48:00,Enterprise,debit,US-East,desktop,success,None,129.44
TX_00000961,2025-01-03 22:13:00,Enterprise,crypto,US-West,mobile_ios,success,None,128.36
TX_00000962,2025-01-03 22:18:00,Startup,credit_card,US-East,mobile_ios,success,None,57.64
TX_00000963,2025-01-03 22:32:00,SMB,debit,US-East,desktop,success,None,83.61
TX_00000964,2025-01-03 22:34:00,Startup,debit,US-East,desktop,success,None,53.04
TX_00000965,2025-01-03 22:39:00,Enterprise,crypto,US-West,mobile_android,success,None,180.08
TX_00000966,2025-01-03 22:47:00,SMB,credit_card,EU-Central,mobile_android,success,None,98.71
TX_00000967,2025-01-03 22:49:00,SMB,credit_card,US-East,desktop,success,None,95.21
TX_00000968,2025-01-03 22:55:00,SMB,credit_card,US-East,desktop,success,None,108.71
TX_00000969,2025-01-03 22:59:00,Enterprise,debit,US-West,desktop,success,None,155.19
TX_00000970,2025-01-03 23:03:00,Enterprise,credit_card,US-West,desktop,success,None,155.82
TX_00000971,2025-01-03 23:10:00,SMB,credit_card,EU-Central,desktop,success,None,84.09
TX_00000972,2025-01-03 23:38:00,Enterprise,credit_card,US-East,mobile_android,success,None,110.87
TX_00000973,2025-01-03 23:40:00,Startup,credit_card,US-West,mobile_android,success,None,34.19
TX_00000974,2025-01-03 23:42:00,SMB,credit_card,US-East,mobile_android,success,None,95.93
TX_00000975,2025-01-03 23:51:00,Enterprise,credit_card,EU-Central,desktop,success,None,144.69
TX_00000976,2025-01-03 23:59:00,SMB,crypto,US-East,desktop,success,None,95.61
TX_00000977,2025-01-04 00:01:00,SMB,debit,US-East,mobile_ios,success,None,78.41
TX_00000978,2025-01-04 00:04:00,Enterprise,credit_card,US-West,mobile_ios,success,None,189.41
TX_00000979,2025-01-04 00:11:00,Startup,debit,EU-Central,desktop,success,None,53.47
TX_00000980,2025-01-04 00:12:00,Startup,debit,US-West,mobile_ios,success,None,30.88
TX_00000981,2025-01-04 00:20:00,SMB,credit_card,APAC,mobile_ios,success,None,57.67
TX_00000982,2025-01-04 00:37:00,SMB,credit_card,US-East,mobile_ios,success,None,61.07
TX_00000983,2025-01-04 00:38:00,Enterprise,debit,US-West,mobile_ios,success,None,112.07
TX_00000984,2025-01-04 00:40:00,Startup,credit_card,US-West,mobile_ios,success,None,44.41
TX_00000985,2025-01-04 00:48:00,SMB,debit,US-West,desktop,success,None,85.28
TX_00000986,2025-01-04 00:48:00,SMB,credit_card,EU-Central,mobile_ios,success,None,85.51
TX_00000987,2025-01-04 00:50:00,SMB,credit_card,EU-Central,desktop,success,None,82.89
TX_00000988,2025-01-04 00:58:00,Startup,crypto,US-West,desktop,success,None,45.62
TX_00000989,2025-01-04 00:59:00,SMB,credit_card,US-West,desktop,success,None,65.56
TX_00000990,2025-01-04 01:01:00,SMB,debit,APAC,desktop,success,None,106.01
TX_00000991,2025-01-04 01:02:00,Startup,credit_card,US-East,mobile_android,success,None,46.31
TX_00000992,2025-01-04 01:06:00,SMB,credit_card,EU-Central,desktop,success,None,63.74
TX_00000993,2025-01-04 01:12:00,Startup,credit_card,APAC,mobile_android,success,None,33.03
TX_00000994,2025-01-04 01:14:00,Enterprise,credit_card,US-West,desktop,success,None,161.16
TX_00000995,2025-01-04 01:29:00,Startup,credit_card,EU-Central,desktop,success,None,54.59
TX_00000996,2025-01-04 01:43:00,Startup,credit_card,US-East,mobile_ios,success,None,32.93
TX_00000997,2025-01-04 01:45:00,Enterprise,credit_card,US-East,desktop,success,None,126.59
TX_00000998,2025-01-04 01:46:00,Startup,debit,US-West,mobile_ios,success,None,49.5
TX_00000999,2025-01-04 01:51:00,SMB,credit_card,US-East,desktop,success,None,95.17
TX_00001000,2025-01-04 01:52:00,Startup,debit,US-West,mobile_android,success,None,38.13
TX_00001001,2025-01-04 01:54:00,Enterprise,credit_card,EU-Central,desktop,success,None,127.94
TX_00001002,2025-01-04 01:57:00,Startup,credit_card,US-East,mobile_ios,success,None,35.01
TX_00001003,2025-01-04 02:18:00,SMB,debit,US-East,desktop,success,None,108.82
TX_00001004,2025-01-04 02:20:00,Startup,credit_card,US-West,mobile_ios,success,None,61.44
TX_00001005,2025-01-04 02:30:00,SMB,credit_card,US-East,mobile_ios,success,None,93.77
TX_00001006,2025-01-04 02:37:00,Startup,credit_card,US-West,desktop,success,None,45.94
TX_00001007,2025-01-04 02:38:00,Startup,debit,US-West,desktop,success,None,38.3
TX_00001008,2025-01-04 02:41:00,SMB,debit,US-East,mobile_ios,success,None,96.92
TX_00001009,2025-01-04 02:45:00,Startup,credit_card,US-East,mobile_android,success,None,32.76
TX_00001010,2025-01-04 02:51:00,Startup,credit_card,EU-Central,desktop,success,None,36.57
TX_00001011,2025-01-04 02:52:00,SMB,debit,US-East,mobile_ios,success,None,73.13
TX_00001012,2025-01-04 02:53:00,SMB,credit_card,US-West,mobile_ios,success,None,72.74
TX_00001013,2025-01-04 02:54:00,SMB,credit_card,APAC,mobile_ios,success,None,60.36
TX_00001014,2025-01-04 02:55:00,SMB,credit_card,EU-Central,mobile_android,success,None,53.39
TX_00001015,2025-01-04 02:59:00,Enterprise,credit_card,US-East,mobile_ios,success,None,145.98
TX_00001016,2025-01-04 03:07:00,SMB,credit_card,US-West,mobile_android,success,None,101.94
TX_00001017,2025-01-04 03:12:00,SMB,debit,EU-Central,mobile_ios,success,None,96.14
TX_00001018,2025-01-04 03:15:00,SMB,credit_card,US-West,desktop,success,None,85.46
TX_00001019,2025-01-04 03:29:00,SMB,credit_card,EU-Central,mobile_ios,success,None,79.64
TX_00001020,2025-01-04 03:31:00,Startup,crypto,US-West,mobile_android,success,None,59.99
TX_00001021,2025-01-04 03:32:00,Startup,credit_card,US-East,mobile_android,success,None,45.01
TX_00001022,2025-01-04 03:44:00,Enterprise,credit_card,US-West,desktop,success,None,136.49
TX_00001023,2025-01-04 03:51:00,Startup,credit_card,US-West,desktop,success,None,40.17
TX_00001024,2025-01-04 03:52:00,Startup,debit,US-West,mobile_ios,success,None,53.44
TX_00001025,2025-01-04 03:55:00,Startup,credit_card,US-East,mobile_ios,success,None,22.08
TX_00001026,2025-01-04 03:57:00,Enterprise,credit_card,US-East,desktop,success,None,179.45
TX_00001027,2025-01-04 04:06:00,SMB,crypto,APAC,desktop,success,None,79.76
TX_00001028,2025-01-04 04:07:00,Startup,debit,US-East,mobile_ios,success,None,38.07
TX_00001029,2025-01-04 04:07:00,Startup,debit,US-East,mobile_ios,success,None,32.75
TX_00001030,2025-01-04 04:15:00,Startup,credit_card,EU-Central,mobile_android,success,None,43.35
TX_00001031,2025-01-04 04:21:00,Startup,credit_card,US-West,mobile_android,success,None,44.16
TX_00001032,2025-01-04 04:22:00,Enterprise,credit_card,US-East,desktop,success,None,151.42
TX_00001033,2025-01-04 04:23:00,SMB,credit_card,US-West,mobile_android,success,None,70.28
TX_00001034,2025-01-04 04:26:00,SMB,debit,US-West,mobile_ios,success,None,89.03
TX_00001035,2025-01-04 04:34:00,SMB,credit_card,US-West,mobile_android,success,None,102.61
TX_00001036,2025-01-04 04:38:00,Startup,debit,APAC,desktop,success,None,54.42
TX_00001037,2025-01-04 04:39:00,Enterprise,credit_card,US-East,desktop,success,None,136.19
TX_00001038,2025-01-04 04:43:00,SMB,credit_card,US-West,mobile_ios,success,None,70.73
TX_00001039,2025-01-04 04:51:00,Startup,debit,US-East,mobile_android,success,None,41.39
TX_00001040,2025-01-04 04:51:00,SMB,credit_card,US-East,mobile_android,success,None,62.5
TX_00001041,2025-01-04 04:56:00,Startup,debit,EU-Central,mobile_ios,success,None,44.83
TX_00001042,2025-01-04 05:01:00,Startup,crypto,US-East,desktop,success,None,34.33
TX_00001043,2025-01-04 05:01:00,SMB,credit_card,US-West,mobile_ios,success,None,69.26
TX_00001044,2025-01-04 05:07:00,SMB,credit_card,US-East,mobile_android,success,None,96.51
TX_00001045,2025-01-04 05:11:00,SMB,credit_card,US-East,mobile_ios,success,None,63.89
TX_00001046,2025-01-04 05:12:00,SMB,debit,US-West,mobile_ios,success,None,89.64
TX_00001047,2025-01-04 05:13:00,SMB,credit_card,US-West,desktop,success,None,52.91
TX_00001048,2025-01-04 05:17:00,SMB,debit,US-East,mobile_ios,success,None,104.96
TX_00001049,2025-01-04 05:28:00,Startup,credit_card,APAC,desktop,success,None,40.32
TX_00001050,2025-01-04 05:28:00,SMB,debit,US-East,mobile_android,success,None,58.99
TX_00001051,2025-01-04 05:32:00,Startup,debit,US-East,mobile_ios,success,None,39.87
TX_00001052,2025-01-04 05:34:00,Enterprise,credit_card,US-East,mobile_ios,success,None,196.02
TX_00001053,2025-01-04 05:35:00,SMB,credit_card,US-East,mobile_android,success,None,62.41
TX_00001054,2025-01-04 05:36:00,Startup,credit_card,US-East,desktop,success,None,46.54
TX_00001055,2025-01-04 05:38:00,SMB,credit_card,EU-Central,desktop,success,None,83.93
TX_00001056,2025-01-04 05:42:00,SMB,credit_card,US-West,mobile_ios,success,None,71.24
TX_00001057,2025-01-04 05:43:00,Startup,credit_card,US-East,desktop,success,None,40.49
TX_00001058,2025-01-04 05:43:00,Startup,crypto,APAC,desktop,success,None,40.47
TX_00001059,2025-01-04 05:46:00,Startup,crypto,US-East,mobile_android,success,None,20.75
TX_00001060,2025-01-04 05:48:00,SMB,debit,US-East,mobile_ios,success,None,67.36
TX_00001061,2025-01-04 05:55:00,SMB,credit_card,US-East,desktop,success,None,73.35
TX_00001062,2025-01-04 05:55:00,Startup,debit,US-East,desktop,success,None,54.25
TX_00001063,2025-01-04 05:57:00,Startup,credit_card,US-West,desktop,success,None,62.33
TX_00001064,2025-01-04 06:03:00,SMB,credit_card,US-East,mobile_ios,success,None,58.97
TX_00001065,2025-01-04 06:06:00,Startup,credit_card,US-West,desktop,success,None,48.02
TX_00001066,2025-01-04 06:20:00,SMB,credit_card,US-West,mobile_android,success,None,57.68
TX_00001067,2025-01-04 06:23:00,SMB,credit_card,EU-Central,mobile_ios,success,None,109.14
TX_00001068,2025-01-04 06:30:00,SMB,credit_card,EU-Central,desktop,success,None,85.76
TX_00001069,2025-01-04 06:31:00,SMB,crypto,US-East,desktop,success,None,76.91
TX_00001070,2025-01-04 06:32:00,SMB,credit_card,US-East,mobile_ios,failed,Card expired,0.0
TX_00001071,2025-01-04 06:45:00,Enterprise,crypto,US-West,desktop,success,None,131.82
TX_00001072,2025-01-04 06:45:00,SMB,credit_card,US-East,mobile_ios,success,None,75.08
TX_00001073,2025-01-04 06:47:00,Startup,credit_card,US-East,mobile_android,success,None,28.38
TX_00001074,2025-01-04 06:52:00,Startup,credit_card,US-West,desktop,success,None,45.21
TX_00001075,2025-01-04 06:53:00,Startup,debit,US-East,desktop,success,None,35.79
TX_00001076,2025-01-04 06:55:00,Startup,credit_card,EU-Central,mobile_android,success,None,41.13
TX_00001077,2025-01-04 07:08:00,Enterprise,credit_card,US-East,desktop,success,None,181.67
TX_00001078,2025-01-04 07:17:00,SMB,credit_card,APAC,desktop,success,None,89.76
TX_00001079,2025-01-04 07:17:00,Startup,credit_card,EU-Central,desktop,success,None,31.19
TX_00001080,2025-01-04 07:18:00,SMB,debit,US-East,mobile_android,success,None,88.31
TX_00001081,2025-01-04 07:20:00,SMB,credit_card,US-West,mobile_android,success,None,82.63
TX_00001082,2025-01-04 07:23:00,Enterprise,credit_card,US-West,desktop,success,None,100.99
TX_00001083,2025-01-04 07:25:00,Startup,debit,US-West,mobile_ios,success,None,45.75
TX_00001084,2025-01-04 07:29:00,SMB,credit_card,US-West,desktop,success,None,80.43
TX_00001085,2025-01-04 07:33:00,Startup,debit,US-West,mobile_ios,success,None,34.94
TX_00001086,2025-01-04 07:37:00,SMB,debit,US-East,desktop,success,None,90.34
TX_00001087,2025-01-04 07:40:00,Startup,crypto,US-East,desktop,success,None,32.43
TX_00001088,2025-01-04 07:40:00,Startup,credit_card,APAC,mobile_android,success,None,45.88
TX_00001089,2025-01-04 07:42:00,Startup,debit,US-East,desktop,success,None,53.17
TX_00001090,2025-01-04 07:44:00,SMB,credit_card,US-East,desktop,success,None,64.21
TX_00001091,2025-01-04 07:50:00,SMB,debit,US-East,mobile_android,success,None,87.97
TX_00001092,2025-01-04 07:52:00,Startup,credit_card,EU-Central,mobile_ios,success,None,15.03
TX_00001093,2025-01-04 07:55:00,SMB,credit_card,US-West,mobile_ios,success,None,77.77
TX_00001094,2025-01-04 07:58:00,SMB,debit,EU-Central,mobile_android,success,None,83.18
TX_00001095,2025-01-04 08:04:00,Enterprise,credit_card,EU-Central,desktop,success,None,94.35
TX_00001096,2025-01-04 08:06:00,Startup,debit,EU-Central,desktop,success,None,34.56
TX_00001097,2025-01-04 08:09:00,Enterprise,debit,US-West,desktop,success,None,148.4
TX_00001098,2025-01-04 08:18:00,Startup,credit_card,US-East,desktop,success,None,34.76
TX_00001099,2025-01-04 08:23:00,SMB,credit_card,US-East,desktop,success,None,64.87
TX_00001100,2025-01-04 08:27:00,SMB,credit_card,US-West,mobile_ios,success,None,92.61
TX_00001101,2025-01-04 08:35:00,Startup,crypto,US-East,desktop,success,None,25.42
TX_00001102,2025-01-04 08:37:00,Enterprise,credit_card,US-West,desktop,success,None,159.6
TX_00001103,2025-01-04 08:46:00,SMB,credit_card,US-West,desktop,success,None,74.16
TX_00001104,2025-01-04 08:53:00,Startup,debit,US-West,desktop,success,None,39.35
TX_00001105,2025-01-04 08:54:00,Startup,crypto,US-East,mobile_ios,success,None,43.3
TX_00001106,2025-01-04 08:57:00,SMB,debit,US-East,desktop,success,None,96.97
TX_00001107,2025-01-04 09:04:00,Startup,debit,EU-Central,desktop,success,None,34.65
TX_00001108,2025-01-04 09:08:00,Startup,credit_card,US-East,mobile_android,success,None,28.48
TX_00001109,2025-01-04 09:13:00,Startup,credit_card,US-West,mobile_ios,success,None,39.99
TX_00001110,2025-01-04 09:15:00,SMB,credit_card,US-West,mobile_ios,success,None,80.13
TX_00001111,2025-01-04 09:26:00,SMB,debit,APAC,mobile_ios,success,None,116.69
TX_00001112,2025-01-04 09:26:00,Startup,debit,EU-Central,mobile_ios,failed,Invalid PIN,0.0
TX_00001113,2025-01-04 09:27:00,Startup,debit,US-West,desktop,success,None,55.87
TX_00001114,2025-01-04 09:31:00,SMB,debit,US-West,desktop,success,None,104.35
TX_00001115,2025-01-04 09:33:00,SMB,credit_card,US-East,mobile_ios,success,None,101.5
TX_00001116,2025-01-04 09:35:00,SMB,credit_card,US-East,desktop,success,None,81.18
TX_00001117,2025-01-04 09:37:00,SMB,credit_card,EU-Central,desktop,success,None,67.88
TX_00001118,2025-01-04 09:38:00,SMB,credit_card,US-West,desktop,success,None,86.56
TX_00001119,2025-01-04 09:46:00,SMB,debit,US-West,desktop,success,None,101.08
TX_00001120,2025-01-04 09:52:00,Startup,credit_card,US-East,mobile_android,success,None,48.06
TX_00001121,2025-01-04 09:57:00,Enterprise,debit,EU-Central,desktop,success,None,130.19
TX_00001122,2025-01-04 10:00:00,Startup,debit,US-East,desktop,success,None,60.38
TX_00001123,2025-01-04 10:02:00,SMB,credit_card,EU-Central,mobile_ios,success,None,109.9
TX_00001124,2025-01-04 10:02:00,SMB,credit_card,US-West,mobile_ios,success,None,68.96
TX_00001125,2025-01-04 10:02:00,Enterprise,credit_card,US-East,mobile_ios,success,None,151.56
TX_00001126,2025-01-04 10:04:00,SMB,credit_card,US-East,desktop,success,None,81.84
TX_00001127,2025-01-04 10:06:00,Startup,debit,US-East,desktop,success,None,38.66
TX_00001128,2025-01-04 10:07:00,Startup,credit_card,EU-Central,mobile_ios,success,None,25.2
TX_00001129,2025-01-04 10:11:00,SMB,debit,EU-Central,desktop,success,None,103.05
TX_00001130,2025-01-04 10:13:00,SMB,debit,US-West,desktop,success,None,101.28
TX_00001131,2025-01-04 10:18:00,SMB,credit_card,US-West,mobile_android,success,None,91.13
TX_00001132,2025-01-04 10:20:00,Startup,debit,US-West,desktop,success,None,30.91
TX_00001133,2025-01-04 10:24:00,Startup,debit,US-West,desktop,success,None,26.86
TX_00001134,2025-01-04 10:24:00,SMB,debit,US-West,desktop,success,None,59.94
TX_00001135,2025-01-04 10:26:00,Startup,credit_card,US-East,desktop,success,None,41.74
TX_00001136,2025-01-04 10:27:00,Startup,credit_card,EU-Central,desktop,success,None,40.37
TX_00001137,2025-01-04 10:31:00,Enterprise,credit_card,EU-Central,desktop,success,None,215.17
TX_00001138,2025-01-04 10:36:00,SMB,credit_card,US-East,desktop,success,None,79.52
TX_00001139,2025-01-04 10:47:00,Startup,debit,EU-Central,desktop,success,None,44.04
TX_00001140,2025-01-04 10:51:00,Startup,debit,US-West,desktop,success,None,48.35
TX_00001141,2025-01-04 11:06:00,SMB,crypto,US-East,mobile_ios,success,None,84.12
TX_00001142,2025-01-04 11:12:00,SMB,credit_card,US-East,mobile_ios,success,None,106.03
TX_00001143,2025-01-04 11:14:00,SMB,credit_card,US-West,desktop,success,None,71.11
TX_00001144,2025-01-04 11:14:00,SMB,debit,EU-Central,mobile_android,success,None,126.72
TX_00001145,2025-01-04 11:16:00,Startup,credit_card,EU-Central,mobile_ios,success,None,31.72
TX_00001146,2025-01-04 11:17:00,SMB,credit_card,US-West,mobile_ios,success,None,90.96
TX_00001147,2025-01-04 11:37:00,Startup,credit_card,US-East,desktop,success,None,40.17
TX_00001148,2025-01-04 11:41:00,Startup,credit_card,US-East,mobile_android,success,None,55.86
TX_00001149,2025-01-04 11:53:00,SMB,debit,US-East,mobile_android,success,None,81.96
TX_00001150,2025-01-04 11:57:00,SMB,credit_card,EU-Central,desktop,success,None,88.49
TX_00001151,2025-01-04 11:59:00,SMB,debit,APAC,mobile_ios,success,None,66.09
TX_00001152,2025-01-04 12:11:00,Startup,debit,US-East,mobile_ios,success,None,17.9
TX_00001153,2025-01-04 12:12:00,SMB,credit_card,EU-Central,desktop,success,None,86.91
TX_00001154,2025-01-04 12:16:00,Startup,crypto,US-West,desktop,success,None,61.31
TX_00001155,2025-01-04 12:17:00,Startup,credit_card,US-East,desktop,success,None,35.89
TX_00001156,2025-01-04 12:20:00,SMB,crypto,US-West,desktop,success,None,71.66
TX_00001157,2025-01-04 12:22:00,Startup,credit_card,EU-Central,desktop,success,None,40.48
TX_00001158,2025-01-04 12:25:00,Startup,debit,US-East,mobile_ios,success,None,21.83
TX_00001159,2025-01-04 12:34:00,Enterprise,credit_card,EU-Central,mobile_ios,success,None,145.75
TX_00001160,2025-01-04 12:35:00,SMB,debit,US-East,mobile_android,success,None,69.03
TX_00001161,2025-01-04 12:37:00,Startup,debit,US-East,mobile_ios,success,None,42.73
TX_00001162,2025-01-04 12:44:00,Startup,credit_card,US-East,desktop,success,None,41.46
TX_00001163,2025-01-04 13:03:00,Enterprise,crypto,EU-Central,desktop,success,None,145.08
TX_00001164,2025-01-04 13:04:00,Enterprise,credit_card,US-West,mobile_android,success,None,178.17
TX_00001165,2025-01-04 13:05:00,SMB,credit_card,EU-Central,desktop,success,None,55.36
TX_00001166,2025-01-04 13:05:00,Startup,debit,US-West,mobile_ios,success,None,28.95
TX_00001167,2025-01-04 13:09:00,SMB,debit,US-West,desktop,success,None,76.36
TX_00001168,2025-01-04 13:10:00,SMB,credit_card,EU-Central,desktop,success,None,80.29
TX_00001169,2025-01-04 13:22:00,Startup,credit_card,US-West,desktop,success,None,24.33
TX_00001170,2025-01-04 13:22:00,Enterprise,crypto,EU-Central,desktop,success,None,199.9
TX_00001171,2025-01-04 13:26:00,Startup,debit,US-East,mobile_ios,success,None,34.33
TX_00001172,2025-01-04 13:26:00,SMB,credit_card,US-West,mobile_ios,success,None,65.46
TX_00001173,2025-01-04 13:27:00,Startup,credit_card,EU-Central,desktop,success,None,52.52
TX_00001174,2025-01-04 13:41:00,SMB,crypto,EU-Central,mobile_android,success,None,83.86
TX_00001175,2025-01-04 13:41:00,Startup,debit,US-East,desktop,success,None,14.94
TX_00001176,2025-01-04 13:47:00,Startup,crypto,US-West,desktop,success,None,46.34
TX_00001177,2025-01-04 13:53:00,SMB,credit_card,US-West,mobile_android,success,None,97.86
TX_00001178,2025-01-04 14:07:00,Enterprise,debit,US-East,desktop,success,None,146.59
TX_00001179,2025-01-04 14:18:00,SMB,debit,US-East,mobile_android,success,None,103.84
TX_00001180,2025-01-04 14:25:00,SMB,credit_card,US-East,mobile_android,success,None,91.6
TX_00001181,2025-01-04 14:28:00,Startup,credit_card,EU-Central,desktop,success,None,61.44
TX_00001182,2025-01-04 14:30:00,Startup,debit,EU-Central,desktop,success,None,42.14
TX_00001183,2025-01-04 14:30:00,SMB,credit_card,US-East,desktop,success,None,68.92
TX_00001184,2025-01-04 14:32:00,Startup,debit,EU-Central,desktop,success,None,25.2
TX_00001185,2025-01-04 14:37:00,Startup,debit,US-East,mobile_ios,success,None,39.44
TX_00001186,2025-01-04 14:44:00,Startup,debit,US-West,desktop,success,None,54.8
TX_00001187,2025-01-04 14:48:00,SMB,debit,EU-Central,desktop,success,None,87.38
TX_00001188,2025-01-04 14:49:00,SMB,credit_card,EU-Central,mobile_ios,success,None,86.49
TX_00001189,2025-01-04 14:53:00,SMB,credit_card,US-East,mobile_ios,success,None,74.81
TX_00001190,2025-01-04 15:12:00,SMB,debit,EU-Central,mobile_ios,success,None,69.0
TX_00001191,2025-01-04 15:17:00,SMB,credit_card,US-West,mobile_ios,success,None,67.26
TX_00001192,2025-01-04 15:20:00,SMB,credit_card,EU-Central,mobile_ios,success,None,65.41
TX_00001193,2025-01-04 15:27:00,Enterprise,credit_card,US-West,mobile_android,success,None,153.36
TX_00001194,2025-01-04 15:29:00,Startup,credit_card,EU-Central,desktop,success,None,42.82
TX_00001195,2025-01-04 15:36:00,SMB,debit,US-East,mobile_ios,success,None,87.35
TX_00001196,2025-01-04 15:37:00,SMB,credit_card,US-West,desktop,success,None,78.13
TX_00001197,2025-01-04 15:38:00,SMB,credit_card,US-West,mobile_android,success,None,95.25
TX_00001198,2025-01-04 15:43:00,SMB,crypto,US-West,desktop,success,None,88.75
TX_00001199,2025-01-04 15:49:00,SMB,debit,US-West,mobile_android,success,None,102.85
TX_00001200,2025-01-04 15:56:00,SMB,debit,APAC,mobile_ios,success,None,88.62
TX_00001201,2025-01-04 16:03:00,SMB,debit,EU-Central,mobile_ios,success,None,64.44
TX_00001202,2025-01-04 16:05:00,SMB,debit,US-East,desktop,success,None,97.2
TX_00001203,2025-01-04 16:05:00,SMB,debit,EU-Central,desktop,success,None,43.08
TX_00001204,2025-01-04 16:07:00,SMB,credit_card,US-East,mobile_ios,success,None,55.97
TX_00001205,2025-01-04 16:15:00,Startup,crypto,US-West,desktop,success,None,27.99
TX_00001206,2025-01-04 16:15:00,SMB,credit_card,EU-Central,mobile_android,success,None,73.71
TX_00001207,2025-01-04 16:16:00,SMB,crypto,US-East,mobile_ios,success,None,92.43
TX_00001208,2025-01-04 16:19:00,Enterprise,credit_card,EU-Central,mobile_android,success,None,156.52
TX_00001209,2025-01-04 16:27:00,SMB,credit_card,EU-Central,desktop,success,None,66.03
TX_00001210,2025-01-04 16:31:00,SMB,credit_card,US-West,desktop,success,None,88.54
TX_00001211,2025-01-04 16:33:00,SMB,credit_card,US-East,mobile_ios,success,None,48.17
TX_00001212,2025-01-04 16:39:00,Startup,debit,US-West,desktop,success,None,58.16
TX_00001213,2025-01-04 16:42:00,SMB,crypto,APAC,mobile_android,success,None,51.66
TX_00001214,2025-01-04 16:48:00,SMB,crypto,US-East,mobile_ios,success,None,78.21
TX_00001215,2025-01-04 16:55:00,Startup,crypto,US-West,desktop,success,None,50.71
TX_00001216,2025-01-04 17:04:00,Startup,credit_card,US-East,mobile_ios,success,None,36.85
TX_00001217,2025-01-04 17:07:00,Enterprise,crypto,US-East,mobile_ios,success,None,162.22
TX_00001218,2025-01-04 17:15:00,SMB,credit_card,EU-Central,mobile_ios,success,None,80.06
TX_00001219,2025-01-04 17:26:00,SMB,debit,US-East,mobile_ios,failed,Invalid PIN,0.0
TX_00001220,2025-01-04 17:28:00,Enterprise,credit_card,APAC,desktop,success,None,165.29
TX_00001221,2025-01-04 17:34:00,SMB,credit_card,US-West,desktop,success,None,74.95
TX_00001222,2025-01-04 17:47:00,Enterprise,crypto,US-West,mobile_ios,success,None,117.26
TX_00001223,2025-01-04 17:58:00,Startup,crypto,US-East,desktop,success,None,45.52
TX_00001224,2025-01-04 18:08:00,SMB,debit,APAC,mobile_ios,success,None,57.04
TX_00001225,2025-01-04 18:09:00,Enterprise,debit,US-East,mobile_ios,success,None,154.57
TX_00001226,2025-01-04 18:10:00,Enterprise,credit_card,US-West,mobile_android,success,None,147.99
TX_00001227,2025-01-04 18:15:00,Startup,debit,US-East,mobile_android,success,None,28.62
TX_00001228,2025-01-04 18:19:00,SMB,debit,US-West,mobile_ios,success,None,68.09
TX_00001229,2025-01-04 18:24:00,Startup,credit_card,US-West,desktop,success,None,40.28
TX_00001230,2025-01-04 18:32:00,SMB,credit_card,US-West,desktop,success,None,84.28
TX_00001231,2025-01-04 18:32:00,SMB,credit_card,US-East,desktop,success,None,83.2
TX_00001232,2025-01-04 18:33:00,SMB,debit,US-West,desktop,success,None,77.86
TX_00001233,2025-01-04 18:35:00,Enterprise,credit_card,EU-Central,mobile_ios,success,None,195.85
TX_00001234,2025-01-04 18:35:00,SMB,credit_card,US-West,mobile_android,success,None,99.02
TX_00001235,2025-01-04 18:39:00,SMB,credit_card,US-East,desktop,success,None,55.13
TX_00001236,2025-01-04 18:45:00,SMB,credit_card,US-East,desktop,success,None,63.35
TX_00001237,2025-01-04 18:48:00,Startup,debit,US-East,mobile_ios,success,None,19.8
TX_00001238,2025-01-04 18:51:00,SMB,debit,US-East,mobile_android,success,None,99.73
TX_00001239,2025-01-04 18:54:00,Enterprise,credit_card,US-East,desktop,success,None,162.81
TX_00001240,2025-01-04 18:54:00,SMB,credit_card,US-West,desktop,success,None,87.62
TX_00001241,2025-01-04 19:03:00,Startup,credit_card,US-East,mobile_android,success,None,51.36
TX_00001242,2025-01-04 19:09:00,Startup,debit,US-West,desktop,success,None,37.38
TX_00001243,2025-01-04 19:10:00,SMB,credit_card,APAC,mobile_ios,success,None,64.2
TX_00001244,2025-01-04 19:21:00,SMB,credit_card,APAC,mobile_ios,success,None,82.28
TX_00001245,2025-01-04 19:22:00,SMB,debit,EU-Central,desktop,success,None,90.4
TX_00001246,2025-01-04 19:26:00,Startup,credit_card,US-East,desktop,success,None,53.16
TX_00001247,2025-01-04 19:35:00,Startup,debit,US-East,mobile_android,success,None,47.45
TX_00001248,2025-01-04 19:35:00,SMB,credit_card,EU-Central,desktop,success,None,92.07
TX_00001249,2025-01-04 19:38:00,SMB,debit,US-East,desktop,success,None,60.79
TX_00001250,2025-01-04 19:39:00,SMB,credit_card,US-East,mobile_ios,success,None,95.2
TX_00001251,2025-01-04 19:39:00,SMB,credit_card,US-West,desktop,success,None,72.88
TX_00001252,2025-01-04 19:46:00,Startup,credit_card,US-East,mobile_ios,success,None,36.42
TX_00001253,2025-01-04 19:49:00,SMB,debit,EU-Central,mobile_android,success,None,98.85
TX_00001254,2025-01-04 19:55:00,Enterprise,crypto,EU-Central,mobile_android,success,None,128.78
TX_00001255,2025-01-04 19:55:00,Startup,credit_card,EU-Central,desktop,success,None,24.46
TX_00001256,2025-01-04 19:59:00,Startup,debit,EU-Central,desktop,success,None,41.07
TX_00001257,2025-01-04 20:00:00,SMB,debit,US-East,desktop,success,None,91.11
TX_00001258,2025-01-04 20:09:00,Startup,crypto,EU-Central,mobile_android,success,None,29.38
TX_00001259,2025-01-04 20:10:00,SMB,debit,US-East,desktop,success,None,82.0
TX_00001260,2025-01-04 20:14:00,Startup,credit_card,US-West,desktop,success,None,35.14
TX_00001261,2025-01-04 20:19:00,Startup,debit,US-East,mobile_android,success,None,50.4
TX_00001262,2025-01-04 20:22:00,SMB,credit_card,EU-Central,mobile_ios,success,None,97.39
TX_00001263,2025-01-04 20:23:00,Startup,credit_card,APAC,desktop,success,None,28.14
TX_00001264,2025-01-04 20:24:00,Startup,credit_card,US-East,desktop,success,None,33.52
TX_00001265,2025-01-04 20:32:00,SMB,crypto,US-East,mobile_ios,success,None,80.04
TX_00001266,2025-01-04 20:32:00,SMB,crypto,US-East,mobile_ios,success,None,96.77
TX_00001267,2025-01-04 20:35:00,Startup,debit,US-West,mobile_ios,success,None,36.55
TX_00001268,2025-01-04 20:38:00,SMB,crypto,US-East,desktop,success,None,60.97
TX_00001269,2025-01-04 20:45:00,SMB,debit,EU-Central,desktop,success,None,64.96
TX_00001270,2025-01-04 20:49:00,Startup,credit_card,US-West,mobile_ios,success,None,32.64
TX_00001271,2025-01-04 20:51:00,Startup,credit_card,US-West,mobile_android,success,None,55.77
TX_00001272,2025-01-04 20:53:00,SMB,credit_card,EU-Central,desktop,success,None,80.86
TX_00001273,2025-01-04 20:54:00,SMB,credit_card,US-East,desktop,success,None,76.57
TX_00001274,2025-01-04 20:57:00,SMB,credit_card,US-East,mobile_ios,success,None,87.82
TX_00001275,2025-01-04 21:00:00,SMB,credit_card,EU-Central,mobile_ios,success,None,94.33
TX_00001276,2025-01-04 21:01:00,SMB,debit,EU-Central,desktop,success,None,83.09
TX_00001277,2025-01-04 21:03:00,Startup,debit,US-East,mobile_ios,failed,Card expired,0.0
TX_00001278,2025-01-04 21:05:00,SMB,debit,US-East,mobile_android,success,None,39.98
TX_00001279,2025-01-04 21:06:00,SMB,crypto,US-East,mobile_ios,success,None,76.36
TX_00001280,2025-01-04 21:10:00,SMB,credit_card,US-East,desktop,success,None,61.52
TX_00001281,2025-01-04 21:12:00,Startup,debit,US-East,mobile_android,success,None,43.13
TX_00001282,2025-01-04 21:14:00,SMB,credit_card,US-West,desktop,success,None,78.89
TX_00001283,2025-01-04 21:16:00,Enterprise,credit_card,EU-Central,desktop,success,None,137.0
TX_00001284,2025-01-04 21:20:00,Enterprise,crypto,US-East,mobile_ios,success,None,143.0
TX_00001285,2025-01-04 21:22:00,SMB,credit_card,US-West,mobile_ios,success,None,76.03
TX_00001286,2025-01-04 21:23:00,SMB,credit_card,US-East,mobile_android,success,None,68.48
TX_00001287,2025-01-04 21:26:00,SMB,credit_card,US-West,desktop,success,None,97.21
TX_00001288,2025-01-04 21:29:00,SMB,debit,US-West,desktop,success,None,99.29
TX_00001289,2025-01-04 21:31:00,Enterprise,crypto,EU-Central,mobile_android,success,None,96.79
TX_00001290,2025-01-04 21:38:00,SMB,credit_card,US-East,desktop,success,None,80.13
TX_00001291,2025-01-04 21:38:00,SMB,debit,US-East,desktop,success,None,102.29
TX_00001292,2025-01-04 21:39:00,Enterprise,credit_card,US-West,mobile_ios,success,None,141.01
TX_00001293,2025-01-04 21:42:00,Enterprise,credit_card,US-East,mobile_android,success,None,173.7
TX_00001294,2025-01-04 21:42:00,Enterprise,credit_card,US-East,mobile_ios,success,None,168.2
TX_00001295,2025-01-04 21:42:00,Enterprise,debit,US-East,desktop,success,None,130.14
TX_00001296,2025-01-04 21:46:00,Startup,credit_card,US-West,mobile_ios,success,None,39.45
TX_00001297,2025-01-04 21:49:00,SMB,credit_card,US-East,mobile_android,success,None,80.75
TX_00001298,2025-01-04 21:56:00,SMB,credit_card,APAC,mobile_android,success,None,72.73
TX_00001299,2025-01-04 22:04:00,SMB,credit_card,US-West,desktop,success,None,87.42
TX_00001300,2025-01-04 22:09:00,Startup,debit,US-East,mobile_android,success,None,47.44
TX_00001301,2025-01-04 22:10:00,Startup,credit_card,US-West,mobile_android,success,None,41.72
TX_00001302,2025-01-04 22:15:00,SMB,credit_card,US-East,mobile_ios,success,None,92.64
TX_00001303,2025-01-04 22:16:00,SMB,credit_card,US-West,mobile_ios,success,None,83.02
TX_00001304,2025-01-04 22:20:00,SMB,credit_card,US-West,desktop,success,None,80.55
TX_00001305,2025-01-04 22:20:00,SMB,debit,US-West,mobile_ios,success,None,55.12
TX_00001306,2025-01-04 22:26:00,Enterprise,credit_card,EU-Central,mobile_ios,success,None,121.1
TX_00001307,2025-01-04 22:28:00,Startup,credit_card,US-East,desktop,success,None,56.88
TX_00001308,2025-01-04 22:30:00,SMB,credit_card,APAC,desktop,success,None,88.98
TX_00001309,2025-01-04 22:35:00,Startup,credit_card,EU-Central,desktop,success,None,54.52
TX_00001310,2025-01-04 22:40:00,SMB,debit,US-East,mobile_android,success,None,78.21
TX_00001311,2025-01-04 22:42:00,Startup,debit,US-East,mobile_ios,success,None,63.98
TX_00001312,2025-01-04 22:53:00,Startup,debit,US-East,desktop,success,None,39.83
TX_00001313,2025-01-04 22:55:00,Enterprise,credit_card,US-East,mobile_android,success,None,147.23
TX_00001314,2025-01-04 22:56:00,SMB,debit,US-West,mobile_ios,success,None,56.89
TX_00001315,2025-01-04 22:58:00,SMB,debit,US-East,mobile_android,success,None,92.94
TX_00001316,2025-01-04 23:04:00,SMB,credit_card,APAC,desktop,success,None,101.48
TX_00001317,2025-01-04 23:10:00,SMB,debit,US-East,mobile_ios,success,None,109.45
TX_00001318,2025-01-04 23:13:00,SMB,debit,US-East,mobile_ios,success,None,81.33
TX_00001319,2025-01-04 23:22:00,SMB,credit_card,US-East,desktop,success,None,70.59
TX_00001320,2025-01-04 23:24:00,Startup,credit_card,US-East,desktop,success,None,39.46
TX_00001321,2025-01-04 23:24:00,Enterprise,debit,EU-Central,desktop,success,None,164.39
TX_00001322,2025-01-04 23:30:00,Startup,credit_card,US-West,mobile_ios,success,None,37.68
TX_00001323,2025-01-04 23:38:00,SMB,debit,US-East,desktop,success,None,78.58
TX_00001324,2025-01-04 23:41:00,Startup,debit,EU-Central,desktop,failed,Invalid PIN,0.0
TX_00001325,2025-01-04 23:44:00,SMB,debit,EU-Central,desktop,success,None,77.17
TX_00001326,2025-01-04 23:50:00,Enterprise,credit_card,EU-Central,desktop,success,None,139.8
TX_00001327,2025-01-04 23:52:00,Startup,credit_card,EU-Central,mobile_android,success,None,32.06
TX_00001328,2025-01-04 23:53:00,SMB,credit_card,US-West,desktop,success,None,88.47
TX_00001329,2025-01-04 23:55:00,Startup,debit,US-West,mobile_ios,success,None,42.89
TX_00001330,2025-01-04 23:59:00,SMB,debit,US-East,desktop,success,None,68.88
TX_00001331,2025-01-05 00:12:00,SMB,debit,US-East,desktop,success,None,74.84
TX_00001332,2025-01-05 00:13:00,SMB,credit_card,US-West,mobile_android,success,None,67.32
TX_00001333,2025-01-05 00:14:00,Startup,crypto,EU-Central,mobile_android,success,None,50.14
TX_00001334,2025-01-05 00:16:00,Enterprise,crypto,US-West,desktop,success,None,146.31
TX_00001335,2025-01-05 00:16:00,Startup,credit_card,APAC,desktop,failed,Insufficient funds,0.0
TX_00001336,2025-01-05 00:19:00,Startup,credit_card,US-East,desktop,success,None,46.75
TX_00001337,2025-01-05 00:22:00,Enterprise,debit,US-West,desktop,success,None,155.85
TX_00001338,2025-01-05 00:22:00,Enterprise,debit,US-West,mobile_ios,success,None,127.69
TX_00001339,2025-01-05 00:23:00,Startup,crypto,US-West,desktop,success,None,41.48
TX_00001340,2025-01-05 00:28:00,SMB,credit_card,US-West,mobile_ios,success,None,76.05
TX_00001341,2025-01-05 00:31:00,SMB,credit_card,US-East,mobile_ios,success,None,103.85
TX_00001342,2025-01-05 00:33:00,Enterprise,debit,US-East,desktop,success,None,119.63
TX_00001343,2025-01-05 00:36:00,SMB,debit,APAC,mobile_ios,success,None,76.46
TX_00001344,2025-01-05 00:38:00,Enterprise,debit,US-East,mobile_android,success,None,178.44
TX_00001345,2025-01-05 00:41:00,SMB,crypto,US-West,mobile_ios,success,None,73.05
TX_00001346,2025-01-05 00:41:00,Startup,credit_card,US-West,mobile_android,success,None,49.92
TX_00001347,2025-01-05 00:48:00,SMB,debit,US-East,mobile_ios,success,None,78.72
TX_00001348,2025-01-05 00:52:00,SMB,credit_card,EU-Central,mobile_ios,success,None,98.82
TX_00001349,2025-01-05 00:58:00,Startup,credit_card,EU-Central,mobile_android,success,None,55.34
TX_00001350,2025-01-05 01:00:00,Startup,credit_card,APAC,mobile_ios,success,None,27.5
TX_00001351,2025-01-05 01:07:00,Startup,debit,US-East,mobile_ios,success,None,56.16
TX_00001352,2025-01-05 01:09:00,SMB,crypto,US-West,desktop,success,None,78.48
TX_00001353,2025-01-05 01:12:00,Startup,credit_card,EU-Central,mobile_android,success,None,36.98
TX_00001354,2025-01-05 01:20:00,Enterprise,credit_card,APAC,desktop,success,None,107.52
TX_00001355,2025-01-05 01:22:00,Enterprise,debit,APAC,desktop,success,None,186.8
TX_00001356,2025-01-05 01:25:00,SMB,debit,EU-Central,mobile_ios,success,None,74.76
TX_00001357,2025-01-05 01:30:00,SMB,crypto,US-East,mobile_ios,success,None,83.3
TX_00001358,2025-01-05 01:31:00,Startup,credit_card,US-East,mobile_ios,success,None,37.16
TX_00001359,2025-01-05 01:47:00,SMB,credit_card,EU-Central,mobile_ios,success,None,94.67
TX_00001360,2025-01-05 01:57:00,Startup,credit_card,EU-Central,desktop,success,None,51.55
TX_00001361,2025-01-05 02:09:00,Startup,credit_card,EU-Central,mobile_android,success,None,37.55
TX_00001362,2025-01-05 02:15:00,SMB,credit_card,US-East,mobile_ios,success,None,65.7
TX_00001363,2025-01-05 02:15:00,SMB,credit_card,US-West,mobile_android,success,None,85.95
TX_00001364,2025-01-05 02:18:00,SMB,credit_card,US-East,desktop,failed,Invalid PIN,0.0
TX_00001365,2025-01-05 02:21:00,SMB,credit_card,US-West,mobile_ios,success,None,51.38
TX_00001366,2025-01-05 02:26:00,Enterprise,crypto,US-East,mobile_ios,success,None,138.3
TX_00001367,2025-01-05 02:26:00,Startup,credit_card,APAC,desktop,success,None,41.58
TX_00001368,2025-01-05 02:32:00,Enterprise,credit_card,US-East,mobile_android,success,None,164.24
TX_00001369,2025-01-05 02:46:00,Enterprise,debit,US-West,desktop,success,None,107.85
TX_00001370,2025-01-05 02:50:00,Startup,debit,US-East,mobile_ios,success,None,41.56
TX_00001371,2025-01-05 02:59:00,SMB,debit,US-West,mobile_ios,success,None,98.86
TX_00001372,2025-01-05 03:09:00,Startup,debit,US-West,mobile_ios,success,None,44.64
TX_00001373,2025-01-05 03:11:00,SMB,debit,APAC,mobile_ios,success,None,100.47
TX_00001374,2025-01-05 03:16:00,SMB,debit,US-East,desktop,success,None,88.54
TX_00001375,2025-01-05 03:18:00,SMB,debit,US-East,mobile_ios,success,None,74.56
TX_00001376,2025-01-05 03:32:00,SMB,debit,EU-Central,desktop,success,None,78.97
TX_00001377,2025-01-05 03:34:00,SMB,credit_card,US-East,desktop,success,None,83.89
TX_00001378,2025-01-05 03:38:00,Startup,credit_card,US-East,desktop,success,None,46.73
TX_00001379,2025-01-05 03:44:00,SMB,debit,US-West,desktop,success,None,91.13
TX_00001380,2025-01-05 03:53:00,Startup,credit_card,US-West,mobile_ios,success,None,37.52
TX_00001381,2025-01-05 03:57:00,Enterprise,crypto,US-East,mobile_android,success,None,143.3
TX_00001382,2025-01-05 04:01:00,SMB,credit_card,US-East,desktop,success,None,73.73
TX_00001383,2025-01-05 04:08:00,SMB,credit_card,EU-Central,desktop,success,None,60.49
TX_00001384,2025-01-05 04:09:00,Startup,crypto,US-West,desktop,success,None,49.8
TX_00001385,2025-01-05 04:09:00,Enterprise,credit_card,US-East,mobile_ios,success,None,216.51
TX_00001386,2025-01-05 04:12:00,SMB,crypto,US-East,desktop,success,None,76.48
TX_00001387,2025-01-05 04:22:00,Startup,crypto,US-West,desktop,success,None,30.68
TX_00001388,2025-01-05 04:31:00,SMB,debit,US-East,mobile_ios,success,None,88.37
TX_00001389,2025-01-05 04:33:00,Startup,credit_card,EU-Central,desktop,success,None,46.59
TX_00001390,2025-01-05 04:38:00,Enterprise,debit,US-West,desktop,success,None,122.38
TX_00001391,2025-01-05 04:40:00,Startup,debit,US-West,desktop,success,None,52.3
TX_00001392,2025-01-05 04:41:00,Startup,debit,APAC,desktop,success,None,50.74
TX_00001393,2025-01-05 04:54:00,Startup,debit,US-East,desktop,success,None,42.25
TX_00001394,2025-01-05 05:13:00,SMB,crypto,US-East,mobile_ios,success,None,82.76
TX_00001395,2025-01-05 05:18:00,Enterprise,debit,US-West,desktop,success,None,174.2
TX_00001396,2025-01-05 05:20:00,Startup,crypto,US-West,desktop,success,None,36.89
TX_00001397,2025-01-05 05:25:00,SMB,credit_card,US-East,desktop,success,None,98.62
TX_00001398,2025-01-05 05:29:00,Enterprise,credit_card,US-East,mobile_ios,success,None,108.63
TX_00001399,2025-01-05 05:30:00,Startup,credit_card,US-East,mobile_android,success,None,43.23
TX_00001400,2025-01-05 05:30:00,SMB,credit_card,US-East,mobile_ios,success,None,80.43
TX_00001401,2025-01-05 05:33:00,Enterprise,debit,EU-Central,mobile_ios,success,None,121.11
TX_00001402,2025-01-05 05:39:00,SMB,credit_card,US-West,mobile_ios,success,None,95.01
TX_00001403,2025-01-05 05:42:00,Enterprise,crypto,US-West,desktop,success,None,138.94
TX_00001404,2025-01-05 05:56:00,SMB,credit_card,US-East,desktop,success,None,92.82
TX_00001405,2025-01-05 06:10:00,Startup,credit_card,US-East,desktop,success,None,46.2
TX_00001406,2025-01-05 06:11:00,SMB,credit_card,US-East,desktop,success,None,69.55
TX_00001407,2025-01-05 06:15:00,Startup,credit_card,US-East,desktop,success,None,23.75
TX_00001408,2025-01-05 06:19:00,Startup,credit_card,US-East,mobile_ios,success,None,44.54
TX_00001409,2025-01-05 06:22:00,Startup,credit_card,US-East,desktop,success,None,46.58
TX_00001410,2025-01-05 06:22:00,Enterprise,debit,US-West,mobile_android,success,None,158.58
TX_00001411,2025-01-05 06:30:00,Startup,credit_card,EU-Central,mobile_android,success,None,33.11
TX_00001412,2025-01-05 06:32:00,SMB,credit_card,US-East,mobile_android,success,None,110.61
TX_00001413,2025-01-05 06:34:00,SMB,debit,APAC,desktop,success,None,80.61
TX_00001414,2025-01-05 06:35:00,Startup,credit_card,EU-Central,mobile_android,success,None,24.88
TX_00001415,2025-01-05 06:39:00,SMB,credit_card,APAC,mobile_android,success,None,95.33
TX_00001416,2025-01-05 06:40:00,Startup,credit_card,EU-Central,mobile_android,success,None,34.09
TX_00001417,2025-01-05 06:48:00,Enterprise,credit_card,US-West,mobile_ios,success,None,167.64
TX_00001418,2025-01-05 06:51:00,Startup,debit,US-West,mobile_ios,success,None,32.53
TX_00001419,2025-01-05 06:52:00,Enterprise,credit_card,US-East,desktop,success,None,151.82
TX_00001420,2025-01-05 07:03:00,Startup,debit,EU-Central,desktop,success,None,29.92
TX_00001421,2025-01-05 07:10:00,Enterprise,crypto,US-West,desktop,success,None,149.72
TX_00001422,2025-01-05 07:11:00,Enterprise,credit_card,US-West,mobile_android,success,None,133.66
TX_00001423,2025-01-05 07:27:00,SMB,crypto,US-West,desktop,success,None,77.45
TX_00001424,2025-01-05 07:33:00,SMB,credit_card,US-West,desktop,success,None,73.56
TX_00001425,2025-01-05 07:41:00,SMB,credit_card,US-West,mobile_android,success,None,95.9
TX_00001426,2025-01-05 07:46:00,SMB,credit_card,US-East,desktop,success,None,101.45
TX_00001427,2025-01-05 07:49:00,SMB,credit_card,EU-Central,mobile_android,success,None,72.95
TX_00001428,2025-01-05 07:58:00,Enterprise,debit,EU-Central,mobile_ios,success,None,179.26
TX_00001429,2025-01-05 08:00:00,SMB,credit_card,EU-Central,desktop,success,None,109.65
TX_00001430,2025-01-05 08:14:00,Startup,debit,EU-Central,desktop,success,None,29.18
TX_00001431,2025-01-05 08:16:00,Startup,debit,US-East,mobile_ios,success,None,39.21
TX_00001432,2025-01-05 08:16:00,Startup,credit_card,APAC,mobile_android,success,None,36.75
TX_00001433,2025-01-05 08:16:00,Startup,debit,US-East,mobile_android,success,None,59.23
TX_00001434,2025-01-05 08:25:00,SMB,crypto,EU-Central,desktop,success,None,84.55
TX_00001435,2025-01-05 08:29:00,Enterprise,credit_card,US-East,desktop,success,None,199.36
TX_00001436,2025-01-05 08:33:00,SMB,credit_card,US-West,desktop,success,None,92.18
TX_00001437,2025-01-05 08:36:00,Startup,credit_card,EU-Central,mobile_ios,success,None,49.41
TX_00001438,2025-01-05 08:44:00,Startup,credit_card,US-West,desktop,success,None,40.47
TX_00001439,2025-01-05 08:55:00,SMB,credit_card,US-West,desktop,success,None,88.54
TX_00001440,2025-01-05 08:55:00,Enterprise,credit_card,US-West,mobile_ios,success,None,161.97
TX_00001441,2025-01-05 08:56:00,Enterprise,debit,US-West,desktop,success,None,164.87
TX_00001442,2025-01-05 08:57:00,SMB,debit,US-East,desktop,success,None,54.03
TX_00001443,2025-01-05 09:04:00,SMB,credit_card,US-West,mobile_ios,success,None,105.24
TX_00001444,2025-01-05 09:05:00,Enterprise,credit_card,US-East,mobile_ios,success,None,165.71
TX_00001445,2025-01-05 09:10:00,Startup,credit_card,US-West,desktop,success,None,39.19
TX_00001446,2025-01-05 09:13:00,SMB,credit_card,US-East,mobile_ios,success,None,94.66
TX_00001447,2025-01-05 09:17:00,Startup,credit_card,US-West,mobile_ios,success,None,39.66
TX_00001448,2025-01-05 09:18:00,Startup,crypto,US-West,mobile_ios,success,None,51.92
TX_00001449,2025-01-05 09:44:00,Startup,credit_card,US-East,mobile_android,success,None,35.36
TX_00001450,2025-01-05 09:58:00,Startup,credit_card,US-West,mobile_ios,success,None,57.3
TX_00001451,2025-01-05 09:59:00,Startup,credit_card,US-West,mobile_ios,success,None,42.97
TX_00001452,2025-01-05 10:04:00,Startup,debit,APAC,mobile_ios,success,None,57.17
TX_00001453,2025-01-05 10:08:00,Startup,debit,EU-Central,mobile_ios,success,None,61.68
TX_00001454,2025-01-05 10:10:00,SMB,credit_card,EU-Central,desktop,success,None,75.09
TX_00001455,2025-01-05 10:11:00,Startup,credit_card,US-West,desktop,success,None,16.63
TX_00001456,2025-01-05 10:11:00,Startup,credit_card,US-East,mobile_ios,success,None,14.66
TX_00001457,2025-01-05 10:12:00,Startup,credit_card,US-East,desktop,success,None,29.36
TX_00001458,2025-01-05 10:14:00,Startup,crypto,US-East,desktop,success,None,27.93
TX_00001459,2025-01-05 10:18:00,SMB,debit,EU-Central,mobile_ios,success,None,74.86
TX_00001460,2025-01-05 10:20:00,Enterprise,debit,US-East,desktop,success,None,178.95
TX_00001461,2025-01-05 10:22:00,SMB,credit_card,US-West,mobile_ios,success,None,77.19
TX_00001462,2025-01-05 10:31:00,SMB,credit_card,US-East,desktop,success,None,87.08
TX_00001463,2025-01-05 10:36:00,Startup,debit,US-East,desktop,success,None,48.59
TX_00001464,2025-01-05 10:37:00,SMB,credit_card,US-East,desktop,success,None,91.22
TX_00001465,2025-01-05 10:46:00,SMB,crypto,US-West,desktop,success,None,63.29
TX_00001466,2025-01-05 10:51:00,SMB,credit_card,US-West,desktop,success,None,67.02
TX_00001467,2025-01-05 10:51:00,Enterprise,credit_card,US-West,desktop,failed,Invalid PIN,0.0
TX_00001468,2025-01-05 10:51:00,Startup,debit,US-West,desktop,success,None,47.53
TX_00001469,2025-01-05 10:56:00,Startup,credit_card,EU-Central,mobile_ios,success,None,33.37
TX_00001470,2025-01-05 11:10:00,SMB,credit_card,EU-Central,desktop,success,None,72.77
TX_00001471,2025-01-05 11:19:00,SMB,credit_card,EU-Central,mobile_ios,success,None,92.28
TX_00001472,2025-01-05 11:21:00,SMB,debit,US-West,mobile_ios,success,None,85.05
TX_00001473,2025-01-05 11:27:00,SMB,credit_card,US-East,desktop,success,None,47.92
TX_00001474,2025-01-05 11:29:00,Enterprise,credit_card,APAC,desktop,success,None,136.31
TX_00001475,2025-01-05 11:29:00,Startup,debit,US-East,desktop,success,None,32.8
TX_00001476,2025-01-05 11:30:00,SMB,credit_card,US-East,mobile_android,success,None,80.68
TX_00001477,2025-01-05 11:38:00,SMB,crypto,US-West,mobile_android,success,None,83.48
TX_00001478,2025-01-05 11:41:00,SMB,credit_card,US-West,desktop,success,None,98.52
TX_00001479,2025-01-05 11:44:00,Startup,debit,US-East,mobile_ios,success,None,50.14
TX_00001480,2025-01-05 11:49:00,Startup,credit_card,EU-Central,mobile_android,success,None,35.28
TX_00001481,2025-01-05 11:50:00,Startup,debit,US-West,mobile_ios,success,None,37.39
TX_00001482,2025-01-05 11:51:00,Enterprise,debit,US-West,desktop,success,None,145.47
TX_00001483,2025-01-05 11:54:00,Startup,crypto,US-West,desktop,success,None,48.35
TX_00001484,2025-01-05 11:55:00,SMB,credit_card,US-West,desktop,success,None,100.46
TX_00001485,2025-01-05 11:56:00,SMB,credit_card,US-East,mobile_ios,success,None,88.65
TX_00001486,2025-01-05 11:57:00,SMB,debit,US-East,mobile_ios,success,None,83.84
TX_00001487,2025-01-05 11:59:00,SMB,credit_card,US-East,mobile_ios,success,None,58.97
TX_00001488,2025-01-05 12:29:00,Startup,credit_card,EU-Central,desktop,success,None,39.69
TX_00001489,2025-01-05 12:31:00,Startup,crypto,US-West,mobile_android,success,None,49.65
TX_00001490,2025-01-05 12:39:00,SMB,credit_card,US-West,mobile_android,success,None,79.98
TX_00001491,2025-01-05 12:39:00,Startup,crypto,US-West,desktop,success,None,39.65
TX_00001492,2025-01-05 12:43:00,Startup,credit_card,US-West,desktop,success,None,26.43
TX_00001493,2025-01-05 12:50:00,Startup,debit,US-East,mobile_ios,success,None,54.41
TX_00001494,2025-01-05 12:53:00,SMB,credit_card,US-East,desktop,success,None,60.94
TX_00001495,2025-01-05 12:53:00,SMB,credit_card,EU-Central,desktop,success,None,102.23
TX_00001496,2025-01-05 12:53:00,SMB,crypto,US-West,desktop,success,None,83.77
TX_00001497,2025-01-05 12:59:00,Startup,credit_card,US-West,mobile_android,success,None,58.03
TX_00001498,2025-01-05 13:00:00,Enterprise,debit,US-West,mobile_android,success,None,171.36
TX_00001499,2025-01-05 13:06:00,SMB,debit,EU-Central,desktop,success,None,94.87
TX_00001500,2025-01-05 13:08:00,SMB,credit_card,US-West,mobile_android,success,None,78.04
TX_00001501,2025-01-05 13:08:00,SMB,crypto,US-East,mobile_ios,success,None,80.44
TX_00001502,2025-01-05 13:14:00,Startup,credit_card,EU-Central,desktop,success,None,38.78
TX_00001503,2025-01-05 13:19:00,Startup,debit,US-East,mobile_android,success,None,32.72
TX_00001504,2025-01-05 13:23:00,Startup,credit_card,US-East,mobile_ios,success,None,42.6
TX_00001505,2025-01-05 13:25:00,Startup,debit,US-East,mobile_android,success,None,30.84
TX_00001506,2025-01-05 13:28:00,SMB,debit,EU-Central,desktop,success,None,72.35
TX_00001507,2025-01-05 13:30:00,SMB,credit_card,EU-Central,mobile_ios,success,None,71.95
TX_00001508,2025-01-05 13:31:00,SMB,debit,EU-Central,desktop,success,None,73.18
TX_00001509,2025-01-05 13:41:00,Enterprise,credit_card,APAC,desktop,success,None,133.04
TX_00001510,2025-01-05 13:47:00,SMB,credit_card,US-East,mobile_ios,success,None,57.91
TX_00001511,2025-01-05 13:48:00,Startup,credit_card,US-West,mobile_android,success,None,30.5
TX_00001512,2025-01-05 13:48:00,SMB,credit_card,US-West,mobile_ios,success,None,87.38
TX_00001513,2025-01-05 13:48:00,Startup,credit_card,APAC,desktop,success,None,36.91
TX_00001514,2025-01-05 13:49:00,SMB,credit_card,US-East,desktop,failed,Invalid PIN,0.0
TX_00001515,2025-01-05 13:51:00,Enterprise,credit_card,APAC,mobile_android,success,None,153.16
TX_00001516,2025-01-05 14:10:00,Enterprise,credit_card,US-East,desktop,success,None,191.68
TX_00001517,2025-01-05 14:14:00,SMB,credit_card,EU-Central,desktop,success,None,72.2
TX_00001518,2025-01-05 14:29:00,SMB,debit,US-West,mobile_android,success,None,82.64
TX_00001519,2025-01-05 14:38:00,Enterprise,debit,EU-Central,mobile_android,success,None,179.1
TX_00001520,2025-01-05 14:38:00,SMB,credit_card,US-East,mobile_ios,success,None,98.75
TX_00001521,2025-01-05 14:40:00,SMB,debit,US-East,desktop,success,None,99.55
TX_00001522,2025-01-05 14:42:00,SMB,debit,US-East,desktop,success,None,65.28
TX_00001523,2025-01-05 14:43:00,Startup,debit,US-West,mobile_ios,success,None,38.88
TX_00001524,2025-01-05 14:44:00,Startup,credit_card,US-West,mobile_android,success,None,42.17
TX_00001525,2025-01-05 14:45:00,SMB,credit_card,APAC,mobile_android,success,None,61.06
TX_00001526,2025-01-05 14:55:00,Startup,debit,US-West,mobile_ios,success,None,24.8
TX_00001527,2025-01-05 15:05:00,Startup,debit,US-East,mobile_android,success,None,43.44
TX_00001528,2025-01-05 15:08:00,Startup,credit_card,US-East,desktop,failed,Insufficient funds,0.0
TX_00001529,2025-01-05 15:31:00,SMB,credit_card,US-East,desktop,success,None,37.15
TX_00001530,2025-01-05 15:31:00,Enterprise,debit,EU-Central,desktop,success,None,171.19
TX_00001531,2025-01-05 15:36:00,Startup,debit,EU-Central,mobile_android,success,None,36.9
TX_00001532,2025-01-05 15:37:00,SMB,debit,APAC,desktop,success,None,97.04
TX_00001533,2025-01-05 15:41:00,Startup,credit_card,US-West,desktop,success,None,39.63
TX_00001534,2025-01-05 15:44:00,Startup,credit_card,US-East,mobile_android,success,None,47.56
TX_00001535,2025-01-05 15:50:00,SMB,credit_card,US-East,desktop,success,None,86.25
TX_00001536,2025-01-05 15:56:00,SMB,credit_card,US-West,desktop,success,None,82.8
TX_00001537,2025-01-05 15:59:00,SMB,credit_card,APAC,mobile_ios,success,None,94.45
TX_00001538,2025-01-05 15:59:00,SMB,debit,US-East,mobile_ios,success,None,73.23
TX_00001539,2025-01-05 16:01:00,SMB,credit_card,US-East,desktop,success,None,107.51
TX_00001540,2025-01-05 16:02:00,SMB,debit,EU-Central,mobile_android,success,None,59.44
TX_00001541,2025-01-05 16:02:00,SMB,credit_card,US-West,desktop,success,None,85.94
TX_00001542,2025-01-05 16:07:00,SMB,credit_card,US-East,mobile_android,success,None,68.89
TX_00001543,2025-01-05 16:11:00,Startup,credit_card,EU-Central,mobile_ios,success,None,30.76
TX_00001544,2025-01-05 16:11:00,Enterprise,credit_card,US-East,desktop,success,None,123.93
TX_00001545,2025-01-05 16:17:00,Startup,debit,APAC,mobile_android,success,None,37.86
TX_00001546,2025-01-05 16:18:00,Startup,credit_card,US-East,desktop,success,None,20.99
TX_00001547,2025-01-05 16:23:00,SMB,credit_card,US-East,desktop,success,None,58.41
TX_00001548,2025-01-05 16:29:00,Startup,credit_card,US-East,mobile_android,success,None,24.78
TX_00001549,2025-01-05 16:46:00,SMB,credit_card,US-East,desktop,success,None,106.8
TX_00001550,2025-01-05 16:47:00,Startup,debit,US-West,desktop,success,None,43.29
TX_00001551,2025-01-05 16:51:00,SMB,credit_card,US-West,desktop,success,None,67.64
TX_00001552,2025-01-05 16:52:00,SMB,debit,US-West,desktop,success,None,68.27
TX_00001553,2025-01-05 16:52:00,SMB,debit,US-West,mobile_android,success,None,32.97
TX_00001554,2025-01-05 16:53:00,SMB,credit_card,US-East,mobile_android,success,None,91.14
TX_00001555,2025-01-05 16:56:00,SMB,credit_card,US-East,desktop,success,None,87.99
TX_00001556,2025-01-05 17:02:00,SMB,debit,APAC,desktop,success,None,79.48
TX_00001557,2025-01-05 17:03:00,SMB,debit,EU-Central,mobile_ios,success,None,101.99
TX_00001558,2025-01-05 17:04:00,Enterprise,credit_card,US-East,desktop,success,None,130.58
TX_00001559,2025-01-05 17:06:00,Enterprise,credit_card,US-West,desktop,success,None,112.75
TX_00001560,2025-01-05 17:09:00,SMB,credit_card,US-West,desktop,success,None,100.83
TX_00001561,2025-01-05 17:11:00,Enterprise,credit_card,US-East,desktop,success,None,137.88
TX_00001562,2025-01-05 17:14:00,Enterprise,credit_card,US-West,mobile_ios,success,None,113.55
TX_00001563,2025-01-05 17:16:00,Startup,credit_card,US-West,mobile_android,success,None,40.13
TX_00001564,2025-01-05 17:21:00,Enterprise,credit_card,US-East,mobile_ios,success,None,155.04
TX_00001565,2025-01-05 17:36:00,Startup,credit_card,US-East,mobile_ios,success,None,39.73
TX_00001566,2025-01-05 17:39:00,SMB,credit_card,EU-Central,desktop,success,None,99.7
TX_00001567,2025-01-05 17:43:00,Startup,debit,US-East,mobile_android,success,None,58.74
TX_00001568,2025-01-05 17:45:00,SMB,credit_card,US-East,mobile_android,success,None,72.94
TX_00001569,2025-01-05 17:48:00,SMB,crypto,EU-Central,mobile_android,success,None,93.24
TX_00001570,2025-01-05 17:53:00,SMB,credit_card,EU-Central,desktop,success,None,74.82
TX_00001571,2025-01-05 17:57:00,SMB,debit,US-East,mobile_ios,failed,Card expired,0.0
TX_00001572,2025-01-05 17:58:00,SMB,credit_card,EU-Central,mobile_ios,success,None,100.61
TX_00001573,2025-01-05 18:01:00,Enterprise,debit,US-West,desktop,success,None,126.31
TX_00001574,2025-01-05 18:03:00,Startup,credit_card,US-East,mobile_android,success,None,42.35
TX_00001575,2025-01-05 18:09:00,SMB,credit_card,US-West,desktop,success,None,65.21
TX_00001576,2025-01-05 18:12:00,SMB,crypto,EU-Central,desktop,success,None,69.83
TX_00001577,2025-01-05 18:12:00,Startup,credit_card,US-East,desktop,success,None,31.56
TX_00001578,2025-01-05 18:13:00,SMB,crypto,US-West,desktop,success,None,100.58
TX_00001579,2025-01-05 18:14:00,Startup,credit_card,US-West,mobile_android,success,None,19.13
TX_00001580,2025-01-05 18:15:00,SMB,credit_card,US-West,desktop,success,None,108.58
TX_00001581,2025-01-05 18:18:00,Startup,credit_card,US-West,desktop,success,None,50.49
TX_00001582,2025-01-05 18:19:00,Enterprise,debit,US-West,mobile_ios,success,None,126.34
TX_00001583,2025-01-05 18:21:00,Startup,credit_card,US-East,desktop,success,None,42.04
TX_00001584,2025-01-05 18:22:00,Startup,crypto,US-West,mobile_ios,success,None,41.74
TX_00001585,2025-01-05 18:29:00,SMB,credit_card,US-West,mobile_ios,success,None,73.97
TX_00001586,2025-01-05 18:33:00,Enterprise,debit,EU-Central,desktop,success,None,125.83
TX_00001587,2025-01-05 18:53:00,SMB,credit_card,US-West,mobile_android,success,None,85.44
TX_00001588,2025-01-05 18:54:00,Startup,credit_card,US-West,mobile_ios,success,None,34.76
TX_00001589,2025-01-05 18:55:00,SMB,credit_card,APAC,mobile_ios,success,None,88.38
TX_00001590,2025-01-05 19:01:00,SMB,credit_card,US-East,mobile_android,success,None,82.18
TX_00001591,2025-01-05 19:10:00,Enterprise,credit_card,US-East,mobile_ios,success,None,132.01
TX_00001592,2025-01-05 19:10:00,SMB,credit_card,US-East,desktop,success,None,97.58
TX_00001593,2025-01-05 19:24:00,SMB,credit_card,US-East,desktop,success,None,48.43
TX_00001594,2025-01-05 19:37:00,Startup,credit_card,US-West,mobile_ios,success,None,37.82
TX_00001595,2025-01-05 19:38:00,SMB,credit_card,US-East,mobile_android,success,None,53.8
TX_00001596,2025-01-05 19:41:00,Startup,credit_card,US-East,desktop,success,None,51.31
TX_00001597,2025-01-05 19:49:00,SMB,credit_card,US-East,desktop,success,None,86.03
TX_00001598,2025-01-05 19:53:00,Enterprise,crypto,US-West,mobile_ios,success,None,156.47
TX_00001599,2025-01-05 20:00:00,SMB,crypto,EU-Central,mobile_ios,success,None,35.34
TX_00001600,2025-01-05 20:03:00,SMB,credit_card,EU-Central,desktop,success,None,73.9
TX_00001601,2025-01-05 20:08:00,Startup,crypto,US-East,mobile_android,success,None,40.26
TX_00001602,2025-01-05 20:10:00,Startup,debit,US-West,mobile_android,success,None,35.7
TX_00001603,2025-01-05 20:11:00,SMB,credit_card,US-East,mobile_ios,success,None,93.22
TX_00001604,2025-01-05 20:19:00,SMB,credit_card,US-East,desktop,success,None,75.73
TX_00001605,2025-01-05 20:20:00,SMB,crypto,EU-Central,mobile_ios,success,None,58.42
TX_00001606,2025-01-05 20:22:00,Startup,debit,US-West,desktop,success,None,17.33
TX_00001607,2025-01-05 20:29:00,Startup,debit,US-East,mobile_ios,success,None,61.77
TX_00001608,2025-01-05 20:37:00,Startup,debit,US-West,desktop,success,None,40.32
TX_00001609,2025-01-05 20:38:00,SMB,credit_card,US-East,mobile_ios,success,None,96.28
TX_00001610,2025-01-05 20:45:00,SMB,credit_card,US-East,desktop,success,None,87.64
TX_00001611,2025-01-05 20:46:00,SMB,credit_card,US-West,mobile_android,success,None,92.31
TX_00001612,2025-01-05 20:48:00,SMB,credit_card,US-East,mobile_ios,success,None,84.15
TX_00001613,2025-01-05 20:49:00,SMB,credit_card,APAC,mobile_android,success,None,88.94
TX_00001614,2025-01-05 20:56:00,Enterprise,credit_card,US-West,desktop,success,None,136.51
TX_00001615,2025-01-05 21:11:00,Enterprise,credit_card,EU-Central,desktop,success,None,187.84
TX_00001616,2025-01-05 21:16:00,Startup,credit_card,EU-Central,desktop,success,None,42.06
TX_00001617,2025-01-05 21:16:00,Startup,credit_card,US-West,desktop,success,None,44.61
TX_00001618,2025-01-05 21:17:00,SMB,credit_card,US-West,desktop,success,None,78.65
TX_00001619,2025-01-05 21:32:00,SMB,credit_card,US-East,mobile_ios,success,None,67.57
TX_00001620,2025-01-05 21:34:00,SMB,credit_card,US-West,mobile_ios,success,None,67.33
TX_00001621,2025-01-05 21:36:00,Startup,debit,US-East,desktop,success,None,50.91
TX_00001622,2025-01-05 21:39:00,Startup,crypto,US-East,desktop,success,None,18.42
TX_00001623,2025-01-05 21:45:00,Startup,credit_card,US-West,mobile_ios,success,None,44.29
TX_00001624,2025-01-05 21:47:00,Startup,credit_card,EU-Central,desktop,success,None,36.53
TX_00001625,2025-01-05 21:49:00,SMB,debit,APAC,mobile_android,success,None,77.02
TX_00001626,2025-01-05 21:59:00,SMB,credit_card,US-East,desktop,success,None,91.21
TX_00001627,2025-01-05 22:01:00,SMB,debit,US-West,desktop,success,None,72.83
TX_00001628,2025-01-05 22:03:00,SMB,credit_card,EU-Central,desktop,success,None,78.19
TX_00001629,2025-01-05 22:06:00,Startup,debit,US-East,desktop,success,None,33.98
TX_00001630,2025-01-05 22:19:00,SMB,crypto,US-East,mobile_android,success,None,94.55
TX_00001631,2025-01-05 22:19:00,Enterprise,debit,US-East,desktop,success,None,182.29
TX_00001632,2025-01-05 22:34:00,SMB,credit_card,EU-Central,mobile_ios,success,None,85.44
TX_00001633,2025-01-05 22:50:00,Startup,debit,US-East,desktop,success,None,29.63
TX_00001634,2025-01-05 22:55:00,SMB,debit,US-East,mobile_ios,success,None,92.19
TX_00001635,2025-01-05 23:06:00,Startup,debit,US-West,mobile_android,success,None,28.66
TX_00001636,2025-01-05 23:08:00,SMB,credit_card,EU-Central,mobile_android,success,None,71.98
TX_00001637,2025-01-05 23:11:00,Enterprise,debit,APAC,desktop,success,None,161.53
TX_00001638,2025-01-05 23:16:00,SMB,credit_card,US-West,mobile_android,success,None,49.39
TX_00001639,2025-01-05 23:18:00,Startup,credit_card,APAC,desktop,success,None,40.95
TX_00001640,2025-01-05 23:26:00,SMB,credit_card,US-East,desktop,success,None,91.82
TX_00001641,2025-01-05 23:30:00,Startup,credit_card,US-East,mobile_ios,success,None,35.38
TX_00001642,2025-01-05 23:39:00,SMB,debit,APAC,mobile_android,success,None,80.34
TX_00001643,2025-01-05 23:47:00,Enterprise,debit,US-West,desktop,success,None,131.03
TX_00001644,2025-01-05 23:49:00,Startup,credit_card,US-East,mobile_ios,success,None,42.63
TX_00001645,2025-01-05 23:50:00,SMB,debit,US-West,desktop,success,None,119.27
TX_00001646,2025-01-05 23:54:00,SMB,crypto,EU-Central,desktop,success,None,80.11
TX_00001647,2025-01-06 00:06:00,Startup,credit_card,EU-Central,mobile_android,success,None,46.15
TX_00001648,2025-01-06 00:11:00,SMB,credit_card,EU-Central,mobile_ios,success,None,78.08
TX_00001649,2025-01-06 00:13:00,Startup,credit_card,US-West,desktop,success,None,52.56
TX_00001650,2025-01-06 00:14:00,Enterprise,credit_card,EU-Central,mobile_ios,success,None,172.04
TX_00001651,2025-01-06 00:14:00,SMB,credit_card,US-West,mobile_ios,success,None,99.85
TX_00001652,2025-01-06 00:19:00,Enterprise,credit_card,US-West,mobile_ios,success,None,114.34
TX_00001653,2025-01-06 00:26:00,Startup,credit_card,EU-Central,desktop,success,None,41.34
TX_00001654,2025-01-06 00:27:00,SMB,crypto,US-West,desktop,success,None,68.14
TX_00001655,2025-01-06 00:30:00,Startup,debit,US-East,mobile_android,success,None,58.56
TX_00001656,2025-01-06 00:33:00,Startup,credit_card,US-East,mobile_ios,success,None,48.62
TX_00001657,2025-01-06 00:35:00,SMB,credit_card,US-West,mobile_ios,success,None,81.04
TX_00001658,2025-01-06 00:39:00,SMB,credit_card,US-East,mobile_ios,success,None,92.65
TX_00001659,2025-01-06 00:39:00,SMB,credit_card,US-East,desktop,success,None,70.52
TX_00001660,2025-01-06 00:42:00,SMB,credit_card,US-East,mobile_ios,success,None,76.97
TX_00001661,2025-01-06 00:43:00,SMB,credit_card,US-East,desktop,success,None,88.43
TX_00001662,2025-01-06 00:44:00,Startup,credit_card,EU-Central,desktop,success,None,45.78
TX_00001663,2025-01-06 00:46:00,Startup,credit_card,US-East,desktop,success,None,47.63
TX_00001664,2025-01-06 00:53:00,Startup,credit_card,US-East,mobile_ios,success,None,32.02
TX_00001665,2025-01-06 01:03:00,Startup,debit,US-West,desktop,success,None,53.78
TX_00001666,2025-01-06 01:05:00,Startup,credit_card,EU-Central,desktop,success,None,28.97
TX_00001667,2025-01-06 01:09:00,SMB,credit_card,US-East,desktop,success,None,85.66
TX_00001668,2025-01-06 01:27:00,Startup,credit_card,US-East,desktop,success,None,29.49
TX_00001669,2025-01-06 01:31:00,Startup,crypto,APAC,desktop,success,None,32.96
TX_00001670,2025-01-06 01:35:00,SMB,debit,US-East,mobile_ios,success,None,89.82
TX_00001671,2025-01-06 01:36:00,Startup,credit_card,APAC,desktop,success,None,34.95
TX_00001672,2025-01-06 01:37:00,SMB,crypto,US-East,desktop,success,None,87.54
TX_00001673,2025-01-06 01:37:00,Startup,credit_card,US-East,mobile_ios,success,None,52.2
TX_00001674,2025-01-06 01:50:00,Startup,crypto,US-East,mobile_ios,success,None,38.59
TX_00001675,2025-01-06 01:51:00,Startup,credit_card,US-East,mobile_ios,success,None,48.94
TX_00001676,2025-01-06 01:54:00,SMB,credit_card,EU-Central,desktop,success,None,86.86
TX_00001677,2025-01-06 02:25:00,Startup,debit,APAC,mobile_android,success,None,43.97
TX_00001678,2025-01-06 02:27:00,SMB,credit_card,APAC,desktop,success,None,57.64
TX_00001679,2025-01-06 02:29:00,SMB,debit,EU-Central,mobile_ios,success,None,56.93
TX_00001680,2025-01-06 02:32:00,Startup,credit_card,EU-Central,desktop,success,None,46.54
TX_00001681,2025-01-06 02:34:00,SMB,debit,US-West,desktop,success,None,63.05
TX_00001682,2025-01-06 02:37:00,Startup,credit_card,EU-Central,mobile_ios,success,None,55.23
TX_00001683,2025-01-06 02:46:00,SMB,credit_card,US-East,desktop,success,None,72.45
TX_00001684,2025-01-06 02:47:00,SMB,crypto,US-East,desktop,success,None,84.9
TX_00001685,2025-01-06 02:47:00,Startup,debit,US-West,mobile_ios,success,None,34.31
TX_00001686,2025-01-06 02:48:00,SMB,crypto,EU-Central,mobile_ios,success,None,64.91
TX_00001687,2025-01-06 02:50:00,SMB,debit,US-West,mobile_ios,success,None,69.84
TX_00001688,2025-01-06 02:51:00,Startup,debit,EU-Central,mobile_ios,success,None,59.88
TX_00001689,2025-01-06 02:53:00,SMB,credit_card,US-West,mobile_ios,success,None,109.14
TX_00001690,2025-01-06 02:53:00,Startup,credit_card,EU-Central,desktop,success,None,28.4
TX_00001691,2025-01-06 02:58:00,SMB,credit_card,APAC,mobile_android,success,None,104.14
TX_00001692,2025-01-06 03:02:00,SMB,credit_card,US-East,mobile_ios,success,None,79.56
TX_00001693,2025-01-06 03:02:00,SMB,debit,APAC,mobile_ios,success,None,74.72
TX_00001694,2025-01-06 03:04:00,SMB,credit_card,US-West,desktop,success,None,63.07
TX_00001695,2025-01-06 03:12:00,SMB,crypto,US-West,mobile_android,success,None,118.54
TX_00001696,2025-01-06 03:14:00,SMB,credit_card,EU-Central,desktop,success,None,72.9
TX_00001697,2025-01-06 03:20:00,SMB,debit,US-West,mobile_ios,success,None,77.05
TX_00001698,2025-01-06 03:20:00,Enterprise,credit_card,US-West,desktop,success,None,138.39
TX_00001699,2025-01-06 03:27:00,SMB,credit_card,US-West,mobile_ios,success,None,84.29
TX_00001700,2025-01-06 03:35:00,SMB,crypto,US-East,desktop,success,None,70.22
TX_00001701,2025-01-06 03:38:00,Enterprise,credit_card,US-West,mobile_ios,success,None,183.67
TX_00001702,2025-01-06 03:41:00,Startup,credit_card,US-East,desktop,success,None,51.25
TX_00001703,2025-01-06 03:44:00,Startup,credit_card,APAC,desktop,success,None,14.11
TX_00001704,2025-01-06 03:55:00,Startup,credit_card,US-East,mobile_android,success,None,44.92
TX_00001705,2025-01-06 03:56:00,SMB,credit_card,US-West,desktop,success,None,85.38
TX_00001706,2025-01-06 04:06:00,Startup,debit,APAC,desktop,success,None,40.43
TX_00001707,2025-01-06 04:06:00,Startup,credit_card,APAC,desktop,success,None,37.07
TX_00001708,2025-01-06 04:06:00,Startup,credit_card,EU-Central,mobile_android,success,None,32.06
TX_00001709,2025-01-06 04:12:00,SMB,credit_card,US-West,desktop,success,None,90.72
TX_00001710,2025-01-06 04:15:00,Startup,debit,US-East,desktop,success,None,48.26
TX_00001711,2025-01-06 04:21:00,Startup,debit,US-East,mobile_ios,success,None,58.41
TX_00001712,2025-01-06 04:25:00,Startup,credit_card,US-East,desktop,success,None,41.39
TX_00001713,2025-01-06 04:40:00,SMB,credit_card,EU-Central,desktop,success,None,74.17
TX_00001714,2025-01-06 04:45:00,SMB,credit_card,US-East,mobile_android,success,None,84.29
TX_00001715,2025-01-06 04:49:00,SMB,debit,US-West,desktop,success,None,77.47
TX_00001716,2025-01-06 04:50:00,SMB,debit,US-East,mobile_ios,success,None,83.06
TX_00001717,2025-01-06 04:51:00,Startup,crypto,US-West,mobile_ios,success,None,28.78
TX_00001718,2025-01-06 04:53:00,Enterprise,credit_card,US-West,mobile_android,success,None,154.1
TX_00001719,2025-01-06 04:58:00,Enterprise,credit_card,EU-Central,mobile_android,success,None,111.16
TX_00001720,2025-01-06 05:21:00,SMB,credit_card,US-East,desktop,success,None,103.33
TX_00001721,2025-01-06 05:22:00,SMB,credit_card,US-East,mobile_ios,success,None,73.44
TX_00001722,2025-01-06 05:23:00,SMB,credit_card,US-East,mobile_ios,success,None,88.14
TX_00001723,2025-01-06 05:26:00,Startup,credit_card,US-East,desktop,success,None,47.7
TX_00001724,2025-01-06 05:31:00,SMB,debit,US-West,desktop,success,None,67.5
TX_00001725,2025-01-06 05:33:00,Enterprise,credit_card,US-East,mobile_android,success,None,109.56
TX_00001726,2025-01-06 05:43:00,SMB,debit,US-East,desktop,success,None,105.4
TX_00001727,2025-01-06 06:01:00,SMB,credit_card,EU-Central,desktop,success,None,71.71
TX_00001728,2025-01-06 06:04:00,Enterprise,crypto,US-West,mobile_android,success,None,151.61
TX_00001729,2025-01-06 06:06:00,Startup,crypto,US-East,mobile_ios,success,None,34.07
TX_00001730,2025-01-06 06:37:00,Startup,crypto,US-East,desktop,success,None,34.98
TX_00001731,2025-01-06 06:41:00,Startup,debit,US-East,desktop,success,None,36.13
TX_00001732,2025-01-06 06:50:00,Startup,debit,US-West,desktop,success,None,46.46
TX_00001733,2025-01-06 06:50:00,Enterprise,credit_card,US-West,mobile_android,success,None,143.05
TX_00001734,2025-01-06 06:52:00,Startup,credit_card,US-West,mobile_android,success,None,22.85
TX_00001735,2025-01-06 06:59:00,Startup,debit,US-East,desktop,success,None,49.11
TX_00001736,2025-01-06 07:09:00,Startup,debit,US-West,mobile_android,success,None,36.04
TX_00001737,2025-01-06 07:13:00,Enterprise,crypto,US-West,desktop,success,None,145.6
TX_00001738,2025-01-06 07:17:00,Startup,credit_card,US-West,mobile_ios,success,None,63.66
TX_00001739,2025-01-06 07:22:00,Startup,credit_card,EU-Central,desktop,success,None,40.21
TX_00001740,2025-01-06 07:25:00,Startup,debit,US-East,mobile_ios,success,None,40.8
TX_00001741,2025-01-06 07:37:00,Enterprise,crypto,US-East,desktop,success,None,185.05
TX_00001742,2025-01-06 07:37:00,Startup,credit_card,EU-Central,desktop,success,None,31.76
TX_00001743,2025-01-06 07:39:00,Startup,credit_card,US-East,desktop,success,None,60.84
TX_00001744,2025-01-06 07:54:00,Startup,credit_card,US-East,desktop,success,None,22.55
TX_00001745,2025-01-06 08:04:00,SMB,credit_card,EU-Central,mobile_android,success,None,93.43
TX_00001746,2025-01-06 08:09:00,Startup,credit_card,US-West,mobile_android,success,None,48.88
TX_00001747,2025-01-06 08:09:00,SMB,credit_card,EU-Central,mobile_android,success,None,74.94
TX_00001748,2025-01-06 08:17:00,SMB,debit,US-East,desktop,success,None,69.63
TX_00001749,2025-01-06 08:17:00,SMB,credit_card,US-East,desktop,success,None,78.63
TX_00001750,2025-01-06 08:30:00,Startup,credit_card,US-East,desktop,success,None,29.5
TX_00001751,2025-01-06 08:47:00,Enterprise,debit,US-West,desktop,success,None,126.99
TX_00001752,2025-01-06 08:56:00,SMB,crypto,US-East,desktop,success,None,66.48
TX_00001753,2025-01-06 08:57:00,Startup,crypto,US-West,mobile_ios,success,None,33.53
TX_00001754,2025-01-06 09:06:00,Startup,credit_card,US-East,desktop,success,None,36.19
TX_00001755,2025-01-06 09:14:00,SMB,crypto,US-East,mobile_android,success,None,94.13
TX_00001756,2025-01-06 09:18:00,Startup,credit_card,US-West,mobile_ios,success,None,36.35
TX_00001757,2025-01-06 09:21:00,Startup,debit,APAC,desktop,success,None,52.45
TX_00001758,2025-01-06 09:24:00,Enterprise,debit,EU-Central,mobile_ios,success,None,155.04
TX_00001759,2025-01-06 09:26:00,SMB,credit_card,APAC,desktop,success,None,78.97
TX_00001760,2025-01-06 09:33:00,Enterprise,credit_card,US-West,desktop,success,None,104.23
TX_00001761,2025-01-06 09:37:00,SMB,credit_card,US-East,desktop,success,None,81.39
TX_00001762,2025-01-06 09:43:00,SMB,debit,US-East,mobile_ios,success,None,67.46
TX_00001763,2025-01-06 09:48:00,Startup,credit_card,US-West,desktop,success,None,37.83
TX_00001764,2025-01-06 09:48:00,Startup,debit,US-East,mobile_ios,success,None,47.97
TX_00001765,2025-01-06 09:57:00,Enterprise,credit_card,US-East,desktop,success,None,137.11
TX_00001766,2025-01-06 10:04:00,Enterprise,credit_card,US-East,desktop,success,None,163.07
TX_00001767,2025-01-06 10:05:00,SMB,crypto,US-West,desktop,success,None,83.55
TX_00001768,2025-01-06 10:12:00,SMB,debit,US-East,mobile_ios,success,None,89.75
TX_00001769,2025-01-06 10:13:00,SMB,crypto,US-East,mobile_ios,success,None,64.67
TX_00001770,2025-01-06 10:30:00,Startup,credit_card,US-West,mobile_ios,success,None,48.7
TX_00001771,2025-01-06 10:33:00,Startup,credit_card,US-East,desktop,success,None,37.72
TX_00001772,2025-01-06 10:33:00,SMB,credit_card,US-West,desktop,success,None,117.53
TX_00001773,2025-01-06 10:37:00,Startup,credit_card,EU-Central,mobile_ios,success,None,32.4
TX_00001774,2025-01-06 10:37:00,SMB,credit_card,US-East,desktop,success,None,63.82
TX_00001775,2025-01-06 10:38:00,Startup,debit,EU-Central,desktop,success,None,43.65
TX_00001776,2025-01-06 10:43:00,SMB,credit_card,US-East,desktop,success,None,58.79
TX_00001777,2025-01-06 10:46:00,Enterprise,credit_card,US-West,mobile_ios,success,None,150.49
TX_00001778,2025-01-06 10:47:00,Startup,credit_card,US-West,mobile_ios,success,None,50.29
TX_00001779,2025-01-06 10:48:00,SMB,credit_card,APAC,desktop,success,None,86.37
TX_00001780,2025-01-06 10:48:00,Startup,debit,US-West,mobile_ios,success,None,26.25
TX_00001781,2025-01-06 10:51:00,SMB,credit_card,US-East,mobile_ios,success,None,89.73
TX_00001782,2025-01-06 10:53:00,Enterprise,credit_card,US-West,desktop,success,None,150.76
TX_00001783,2025-01-06 10:56:00,Enterprise,credit_card,US-East,desktop,success,None,149.5
TX_00001784,2025-01-06 10:57:00,SMB,crypto,US-West,mobile_ios,success,None,69.5
TX_00001785,2025-01-06 11:00:00,Startup,crypto,US-East,mobile_ios,success,None,32.47
TX_00001786,2025-01-06 11:06:00,SMB,debit,US-West,desktop,success,None,51.4
TX_00001787,2025-01-06 11:08:00,Startup,credit_card,US-East,mobile_ios,success,None,39.76
TX_00001788,2025-01-06 11:09:00,Startup,credit_card,EU-Central,desktop,success,None,30.04
TX_00001789,2025-01-06 11:36:00,Startup,debit,US-West,mobile_ios,success,None,57.67
TX_00001790,2025-01-06 11:43:00,SMB,crypto,US-East,desktop,success,None,85.22
TX_00001791,2025-01-06 11:46:00,Startup,crypto,EU-Central,desktop,success,None,38.06
TX_00001792,2025-01-06 11:49:00,SMB,debit,US-West,mobile_ios,success,None,91.73
TX_00001793,2025-01-06 11:50:00,SMB,credit_card,US-East,desktop,success,None,74.53
TX_00001794,2025-01-06 12:07:00,SMB,crypto,US-East,desktop,success,None,75.59
TX_00001795,2025-01-06 12:07:00,SMB,debit,US-West,mobile_ios,success,None,69.23
TX_00001796,2025-01-06 12:08:00,Enterprise,debit,US-East,mobile_ios,success,None,155.29
TX_00001797,2025-01-06 12:13:00,Startup,credit_card,APAC,mobile_ios,success,None,54.71
TX_00001798,2025-01-06 12:18:00,SMB,credit_card,US-East,desktop,success,None,88.26
TX_00001799,2025-01-06 12:19:00,SMB,credit_card,US-East,mobile_ios,success,None,61.46
TX_00001800,2025-01-06 12:21:00,Startup,credit_card,APAC,desktop,failed,Card expired,0.0
TX_00001801,2025-01-06 12:23:00,SMB,credit_card,APAC,desktop,success,None,84.53
TX_00001802,2025-01-06 12:31:00,SMB,debit,US-East,desktop,success,None,96.41
TX_00001803,2025-01-06 12:37:00,SMB,credit_card,EU-Central,desktop,success,None,88.43
TX_00001804,2025-01-06 12:37:00,Startup,credit_card,US-East,desktop,success,None,47.71
TX_00001805,2025-01-06 12:39:00,Enterprise,credit_card,EU-Central,desktop,success,None,124.96
TX_00001806,2025-01-06 12:41:00,SMB,credit_card,EU-Central,mobile_android,success,None,79.1
TX_00001807,2025-01-06 12:47:00,SMB,crypto,US-East,mobile_android,success,None,52.53
TX_00001808,2025-01-06 12:50:00,Startup,credit_card,US-East,mobile_android,success,None,40.7
TX_00001809,2025-01-06 12:52:00,Startup,credit_card,US-East,mobile_ios,success,None,47.22
TX_00001810,2025-01-06 12:53:00,Startup,crypto,US-East,mobile_android,success,None,38.13
TX_00001811,2025-01-06 13:07:00,Enterprise,debit,US-East,desktop,success,None,179.49
TX_00001812,2025-01-06 13:07:00,SMB,credit_card,EU-Central,mobile_ios,success,None,59.19
TX_00001813,2025-01-06 13:14:00,SMB,debit,US-East,desktop,success,None,83.1
TX_00001814,2025-01-06 13:15:00,Enterprise,debit,US-West,desktop,success,None,135.45
TX_00001815,2025-01-06 13:19:00,SMB,debit,EU-Central,desktop,success,None,77.34
TX_00001816,2025-01-06 13:19:00,SMB,credit_card,US-West,mobile_ios,success,None,78.55
TX_00001817,2025-01-06 13:22:00,SMB,crypto,US-West,desktop,success,None,80.82
TX_00001818,2025-01-06 13:23:00,Startup,credit_card,US-East,mobile_ios,success,None,41.22
TX_00001819,2025-01-06 13:24:00,SMB,credit_card,US-West,mobile_android,success,None,70.8
TX_00001820,2025-01-06 13:27:00,Startup,credit_card,US-East,desktop,success,None,22.5
TX_00001821,2025-01-06 13:27:00,SMB,credit_card,EU-Central,desktop,success,None,82.77
TX_00001822,2025-01-06 13:32:00,SMB,crypto,US-East,mobile_ios,success,None,77.29
TX_00001823,2025-01-06 13:36:00,SMB,credit_card,US-West,desktop,success,None,64.29
TX_00001824,2025-01-06 13:36:00,Enterprise,credit_card,US-West,mobile_android,success,None,144.61
TX_00001825,2025-01-06 13:37:00,Enterprise,credit_card,US-West,mobile_android,success,None,158.74
TX_00001826,2025-01-06 13:44:00,SMB,credit_card,US-East,desktop,success,None,62.01
TX_00001827,2025-01-06 13:46:00,Startup,crypto,US-East,desktop,success,None,53.05
TX_00001828,2025-01-06 13:52:00,Startup,credit_card,EU-Central,mobile_android,success,None,35.17
TX_00001829,2025-01-06 13:56:00,Enterprise,debit,US-East,mobile_android,success,None,133.99
TX_00001830,2025-01-06 14:04:00,Startup,debit,US-East,desktop,success,None,50.57
TX_00001831,2025-01-06 14:15:00,Startup,debit,US-West,desktop,success,None,53.28
TX_00001832,2025-01-06 14:21:00,Startup,debit,EU-Central,mobile_ios,success,None,44.26
TX_00001833,2025-01-06 14:28:00,Startup,credit_card,US-East,desktop,success,None,37.64
TX_00001834,2025-01-06 14:30:00,SMB,debit,US-West,mobile_android,success,None,83.88
TX_00001835,2025-01-06 14:30:00,SMB,debit,US-West,mobile_ios,success,None,92.08
TX_00001836,2025-01-06 14:31:00,SMB,debit,US-East,mobile_ios,success,None,102.91
TX_00001837,2025-01-06 14:33:00,SMB,crypto,US-West,desktop,success,None,70.75
TX_00001838,2025-01-06 14:37:00,SMB,debit,EU-Central,mobile_ios,success,None,70.85
TX_00001839,2025-01-06 14:40:00,SMB,debit,APAC,desktop,success,None,83.49
TX_00001840,2025-01-06 14:40:00,Startup,crypto,US-East,desktop,success,None,38.47
TX_00001841,2025-01-06 14:44:00,Startup,credit_card,US-West,mobile_ios,success,None,24.75
TX_00001842,2025-01-06 15:10:00,Startup,credit_card,US-West,desktop,success,None,34.27
TX_00001843,2025-01-06 15:12:00,Startup,credit_card,US-East,mobile_ios,success,None,31.44
TX_00001844,2025-01-06 15:20:00,Startup,credit_card,US-West,mobile_android,success,None,61.67
TX_00001845,2025-01-06 15:23:00,Enterprise,debit,US-East,desktop,success,None,155.57
TX_00001846,2025-01-06 15:25:00,SMB,debit,US-East,desktop,success,None,70.07
TX_00001847,2025-01-06 15:28:00,SMB,debit,US-East,desktop,success,None,83.94
TX_00001848,2025-01-06 15:30:00,Startup,crypto,US-East,desktop,success,None,44.47
TX_00001849,2025-01-06 15:50:00,SMB,credit_card,US-West,mobile_ios,success,None,83.86
TX_00001850,2025-01-06 15:52:00,Startup,debit,US-East,mobile_ios,success,None,39.02
TX_00001851,2025-01-06 15:54:00,Enterprise,credit_card,US-West,mobile_android,success,None,148.83
TX_00001852,2025-01-06 15:55:00,SMB,credit_card,US-East,mobile_ios,success,None,89.8
TX_00001853,2025-01-06 15:55:00,Startup,credit_card,US-West,desktop,success,None,42.96
TX_00001854,2025-01-06 16:02:00,SMB,debit,EU-Central,desktop,success,None,82.92
TX_00001855,2025-01-06 16:08:00,SMB,credit_card,US-East,desktop,success,None,80.21
TX_00001856,2025-01-06 16:09:00,SMB,debit,US-West,desktop,success,None,76.45
TX_00001857,2025-01-06 16:17:00,SMB,credit_card,US-West,desktop,success,None,87.02
TX_00001858,2025-01-06 16:19:00,Startup,credit_card,US-West,desktop,success,None,41.55
TX_00001859,2025-01-06 16:21:00,SMB,credit_card,US-East,mobile_android,success,None,82.51
TX_00001860,2025-01-06 16:23:00,SMB,credit_card,US-West,desktop,success,None,107.7
TX_00001861,2025-01-06 16:39:00,Enterprise,crypto,US-East,mobile_ios,success,None,125.51
TX_00001862,2025-01-06 16:45:00,Startup,credit_card,US-East,desktop,success,None,34.97
TX_00001863,2025-01-06 16:48:00,SMB,crypto,US-West,desktop,success,None,121.7
TX_00001864,2025-01-06 16:50:00,Startup,crypto,US-East,desktop,success,None,37.71
TX_00001865,2025-01-06 16:50:00,Startup,crypto,US-West,desktop,success,None,40.6
TX_00001866,2025-01-06 16:50:00,SMB,credit_card,US-West,desktop,failed,Insufficient funds,0.0
TX_00001867,2025-01-06 16:59:00,Startup,crypto,EU-Central,mobile_ios,success,None,36.58
TX_00001868,2025-01-06 17:01:00,Startup,credit_card,US-East,mobile_ios,success,None,52.55
TX_00001869,2025-01-06 17:02:00,SMB,credit_card,APAC,mobile_ios,success,None,85.31
TX_00001870,2025-01-06 17:06:00,SMB,credit_card,US-West,mobile_android,success,None,82.05
TX_00001871,2025-01-06 17:14:00,Startup,crypto,US-East,mobile_android,success,None,32.65
TX_00001872,2025-01-06 17:23:00,Startup,credit_card,US-East,mobile_ios,success,None,68.59
TX_00001873,2025-01-06 17:24:00,SMB,credit_card,US-West,desktop,success,None,80.26
TX_00001874,2025-01-06 17:25:00,SMB,credit_card,EU-Central,mobile_android,success,None,94.15
TX_00001875,2025-01-06 17:32:00,Startup,credit_card,US-West,mobile_android,success,None,25.79
TX_00001876,2025-01-06 17:38:00,Startup,credit_card,US-West,mobile_ios,success,None,43.92
TX_00001877,2025-01-06 17:38:00,Startup,debit,US-East,mobile_ios,success,None,50.96
TX_00001878,2025-01-06 17:39:00,SMB,credit_card,US-East,desktop,success,None,56.22
TX_00001879,2025-01-06 17:43:00,Startup,crypto,US-East,mobile_ios,success,None,37.37
TX_00001880,2025-01-06 17:44:00,SMB,debit,EU-Central,mobile_android,success,None,96.47
TX_00001881,2025-01-06 17:49:00,SMB,crypto,US-East,mobile_ios,success,None,94.85
TX_00001882,2025-01-06 17:55:00,Startup,credit_card,US-East,mobile_ios,success,None,37.81
TX_00001883,2025-01-06 18:06:00,Startup,debit,US-East,desktop,success,None,42.08
TX_00001884,2025-01-06 18:27:00,SMB,credit_card,EU-Central,desktop,success,None,74.52
TX_00001885,2025-01-06 18:27:00,SMB,credit_card,EU-Central,mobile_ios,success,None,80.68
TX_00001886,2025-01-06 18:28:00,Startup,debit,US-East,desktop,success,None,51.12
TX_00001887,2025-01-06 18:31:00,SMB,debit,APAC,mobile_ios,success,None,79.0
TX_00001888,2025-01-06 18:34:00,Startup,debit,US-East,mobile_ios,success,None,57.53
TX_00001889,2025-01-06 18:35:00,Startup,debit,US-East,desktop,success,None,38.65
TX_00001890,2025-01-06 18:40:00,Enterprise,credit_card,US-East,desktop,success,None,139.37
TX_00001891,2025-01-06 18:45:00,Startup,debit,US-East,mobile_android,success,None,42.16
TX_00001892,2025-01-06 18:48:00,Startup,credit_card,US-East,desktop,success,None,34.21
TX_00001893,2025-01-06 18:49:00,Startup,credit_card,US-West,desktop,success,None,51.54
TX_00001894,2025-01-06 18:53:00,Startup,debit,US-West,mobile_ios,success,None,29.99
TX_00001895,2025-01-06 18:54:00,Startup,crypto,US-West,mobile_android,success,None,45.46
TX_00001896,2025-01-06 18:55:00,Enterprise,credit_card,US-West,mobile_android,success,None,129.93
TX_00001897,2025-01-06 19:06:00,SMB,credit_card,EU-Central,mobile_ios,success,None,56.39
TX_00001898,2025-01-06 19:13:00,Startup,credit_card,US-East,desktop,success,None,32.79
TX_00001899,2025-01-06 19:27:00,SMB,credit_card,US-West,mobile_android,success,None,70.33
TX_00001900,2025-01-06 19:38:00,Enterprise,debit,US-West,mobile_ios,success,None,158.23
TX_00001901,2025-01-06 19:38:00,Startup,debit,APAC,mobile_ios,success,None,39.32
TX_00001902,2025-01-06 19:46:00,Startup,debit,US-East,desktop,success,None,44.29
TX_00001903,2025-01-06 19:51:00,SMB,debit,US-East,desktop,success,None,93.69
TX_00001904,2025-01-06 19:52:00,Startup,credit_card,US-West,desktop,success,None,39.73
TX_00001905,2025-01-06 19:57:00,Startup,credit_card,EU-Central,desktop,success,None,28.07
TX_00001906,2025-01-06 19:59:00,SMB,credit_card,US-East,desktop,success,None,69.56
TX_00001907,2025-01-06 20:12:00,Startup,debit,US-West,mobile_android,success,None,41.66
TX_00001908,2025-01-06 20:15:00,SMB,debit,US-East,desktop,success,None,66.65
TX_00001909,2025-01-06 20:17:00,SMB,debit,APAC,desktop,success,None,67.88
TX_00001910,2025-01-06 20:17:00,SMB,credit_card,US-East,desktop,success,None,74.7
TX_00001911,2025-01-06 20:18:00,SMB,credit_card,US-East,mobile_ios,success,None,81.42
TX_00001912,2025-01-06 20:19:00,SMB,crypto,US-East,mobile_android,success,None,75.52
TX_00001913,2025-01-06 20:24:00,Startup,credit_card,US-West,mobile_ios,success,None,15.6
TX_00001914,2025-01-06 20:27:00,Startup,debit,US-East,mobile_android,success,None,33.57
TX_00001915,2025-01-06 20:29:00,SMB,credit_card,EU-Central,mobile_android,success,None,90.43
TX_00001916,2025-01-06 20:33:00,Startup,credit_card,EU-Central,mobile_android,success,None,25.26
TX_00001917,2025-01-06 20:33:00,SMB,debit,US-East,desktop,failed,Invalid PIN,0.0
TX_00001918,2025-01-06 20:34:00,Enterprise,credit_card,US-West,desktop,success,None,171.84
TX_00001919,2025-01-06 20:36:00,Startup,debit,US-East,desktop,success,None,27.97
TX_00001920,2025-01-06 20:38:00,Enterprise,debit,US-East,desktop,success,None,157.58
TX_00001921,2025-01-06 20:46:00,SMB,credit_card,US-East,mobile_ios,success,None,84.94
TX_00001922,2025-01-06 20:48:00,Startup,debit,US-East,desktop,success,None,24.2
TX_00001923,2025-01-06 20:58:00,SMB,credit_card,US-West,mobile_ios,success,None,66.1
TX_00001924,2025-01-06 21:01:00,Startup,credit_card,US-East,desktop,success,None,40.81
TX_00001925,2025-01-06 21:12:00,SMB,debit,EU-Central,desktop,success,None,77.37
TX_00001926,2025-01-06 21:28:00,Enterprise,credit_card,US-West,desktop,success,None,169.79
TX_00001927,2025-01-06 21:31:00,SMB,credit_card,EU-Central,mobile_android,success,None,81.89
TX_00001928,2025-01-06 21:33:00,SMB,crypto,APAC,mobile_ios,success,None,64.15
TX_00001929,2025-01-06 21:42:00,SMB,credit_card,APAC,mobile_android,success,None,73.96
TX_00001930,2025-01-06 21:52:00,SMB,debit,US-West,mobile_android,success,None,64.3
TX_00001931,2025-01-06 21:55:00,Startup,debit,US-West,desktop,success,None,50.37
TX_00001932,2025-01-06 21:59:00,Startup,credit_card,US-East,desktop,success,None,37.32
TX_00001933,2025-01-06 21:59:00,SMB,credit_card,EU-Central,mobile_ios,success,None,76.9
TX_00001934,2025-01-06 22:01:00,SMB,credit_card,US-West,mobile_ios,success,None,68.0
TX_00001935,2025-01-06 22:09:00,SMB,credit_card,APAC,desktop,success,None,61.38
TX_00001936,2025-01-06 22:11:00,Startup,debit,US-East,desktop,success,None,36.2
TX_00001937,2025-01-06 22:13:00,Startup,debit,US-East,mobile_ios,success,None,30.91
TX_00001938,2025-01-06 22:15:00,SMB,credit_card,US-East,desktop,success,None,44.32
TX_00001939,2025-01-06 22:16:00,Startup,debit,EU-Central,mobile_android,success,None,36.66
TX_00001940,2025-01-06 22:27:00,SMB,crypto,US-East,mobile_ios,success,None,76.56
TX_00001941,2025-01-06 22:29:00,Enterprise,credit_card,US-West,desktop,success,None,137.08
TX_00001942,2025-01-06 22:36:00,Enterprise,debit,US-West,desktop,success,None,121.78
TX_00001943,2025-01-06 22:38:00,SMB,debit,US-East,mobile_ios,success,None,76.33
TX_00001944,2025-01-06 22:43:00,SMB,credit_card,US-West,mobile_ios,success,None,77.83
TX_00001945,2025-01-06 22:46:00,Enterprise,credit_card,US-West,mobile_ios,success,None,126.61
TX_00001946,2025-01-06 22:47:00,Startup,debit,US-East,mobile_ios,failed,Invalid PIN,0.0
TX_00001947,2025-01-06 22:51:00,SMB,credit_card,US-West,mobile_ios,success,None,81.59
TX_00001948,2025-01-06 22:52:00,SMB,credit_card,APAC,desktop,success,None,91.3
TX_00001949,2025-01-06 22:57:00,SMB,debit,APAC,mobile_android,success,None,71.3
TX_00001950,2025-01-06 23:07:00,SMB,debit,US-West,desktop,success,None,88.49
TX_00001951,2025-01-06 23:13:00,SMB,credit_card,US-West,desktop,success,None,70.61
TX_00001952,2025-01-06 23:15:00,SMB,credit_card,US-East,desktop,success,None,104.35
TX_00001953,2025-01-06 23:17:00,SMB,credit_card,APAC,desktop,success,None,101.1
TX_00001954,2025-01-06 23:21:00,SMB,credit_card,US-East,desktop,success,None,81.82
TX_00001955,2025-01-06 23:25:00,SMB,credit_card,US-West,mobile_ios,success,None,70.35
TX_00001956,2025-01-06 23:25:00,SMB,credit_card,US-East,desktop,success,None,78.6
TX_00001957,2025-01-06 23:29:00,Startup,credit_card,US-East,mobile_android,success,None,55.96
TX_00001958,2025-01-06 23:44:00,Startup,credit_card,US-East,mobile_ios,success,None,32.6
TX_00001959,2025-01-06 23:47:00,Enterprise,credit_card,EU-Central,desktop,success,None,177.04
TX_00001960,2025-01-06 23:55:00,SMB,credit_card,US-West,desktop,success,None,60.01
TX_00001961,2025-01-06 23:56:00,Enterprise,credit_card,US-West,desktop,success,None,167.65
TX_00001962,2025-01-07 00:00:00,SMB,credit_card,US-East,desktop,success,None,73.56
TX_00001963,2025-01-07 00:06:00,SMB,crypto,EU-Central,desktop,success,None,72.49
TX_00001964,2025-01-07 00:06:00,SMB,credit_card,US-East,desktop,success,None,74.26
TX_00001965,2025-01-07 00:26:00,SMB,debit,US-East,desktop,success,None,108.82
TX_00001966,2025-01-07 00:29:00,Startup,crypto,US-West,desktop,success,None,50.21
TX_00001967,2025-01-07 00:40:00,SMB,credit_card,APAC,desktop,success,None,88.68
TX_00001968,2025-01-07 00:42:00,SMB,debit,US-East,mobile_android,success,None,113.52
TX_00001969,2025-01-07 00:43:00,SMB,credit_card,US-West,desktop,success,None,66.72
TX_00001970,2025-01-07 00:53:00,Startup,credit_card,US-West,mobile_ios,success,None,21.27
TX_00001971,2025-01-07 00:55:00,Startup,credit_card,EU-Central,desktop,success,None,27.69
TX_00001972,2025-01-07 00:57:00,SMB,credit_card,US-East,desktop,success,None,70.85
TX_00001973,2025-01-07 01:02:00,Startup,credit_card,US-West,mobile_ios,success,None,38.57
TX_00001974,2025-01-07 01:05:00,SMB,credit_card,US-East,desktop,success,None,96.03
TX_00001975,2025-01-07 01:06:00,Startup,debit,US-East,desktop,success,None,27.81
TX_00001976,2025-01-07 01:11:00,Startup,crypto,US-East,mobile_ios,success,None,34.93
TX_00001977,2025-01-07 01:11:00,SMB,credit_card,APAC,desktop,success,None,59.81
TX_00001978,2025-01-07 01:12:00,Startup,credit_card,US-East,desktop,success,None,52.84
TX_00001979,2025-01-07 01:12:00,SMB,credit_card,APAC,desktop,success,None,56.86
TX_00001980,2025-01-07 01:16:00,SMB,credit_card,US-East,desktop,success,None,72.04
TX_00001981,2025-01-07 01:17:00,SMB,debit,APAC,desktop,success,None,73.91
TX_00001982,2025-01-07 01:19:00,Startup,credit_card,US-West,mobile_android,success,None,43.06
TX_00001983,2025-01-07 01:20:00,SMB,credit_card,US-East,mobile_ios,success,None,64.04
TX_00001984,2025-01-07 01:33:00,Enterprise,debit,US-West,mobile_ios,success,None,147.49
TX_00001985,2025-01-07 01:34:00,Startup,debit,US-East,mobile_ios,success,None,49.76
TX_00001986,2025-01-07 01:38:00,SMB,credit_card,US-East,mobile_ios,success,None,76.54
TX_00001987,2025-01-07 01:49:00,Enterprise,credit_card,US-West,mobile_ios,success,None,133.17
TX_00001988,2025-01-07 01:50:00,SMB,credit_card,US-West,mobile_ios,success,None,80.33
TX_00001989,2025-01-07 01:54:00,SMB,credit_card,US-West,desktop,success,None,113.58
TX_00001990,2025-01-07 02:07:00,SMB,credit_card,EU-Central,desktop,success,None,58.79
TX_00001991,2025-01-07 02:10:00,Enterprise,credit_card,US-East,mobile_android,success,None,94.36
TX_00001992,2025-01-07 02:12:00,Startup,crypto,APAC,mobile_android,success,None,38.79
TX_00001993,2025-01-07 02:22:00,Startup,credit_card,APAC,desktop,success,None,46.5
TX_00001994,2025-01-07 02:23:00,SMB,credit_card,US-East,mobile_ios,success,None,73.16
TX_00001995,2025-01-07 02:27:00,SMB,credit_card,US-East,mobile_ios,success,None,74.56
TX_00001996,2025-01-07 02:27:00,SMB,credit_card,US-West,desktop,success,None,105.47
TX_00001997,2025-01-07 02:29:00,Startup,debit,US-West,mobile_android,success,None,39.26
TX_00001998,2025-01-07 02:31:00,Enterprise,credit_card,US-East,mobile_ios,success,None,149.33
TX_00001999,2025-01-07 02:32:00,SMB,credit_card,US-East,mobile_ios,success,None,93.06
TX_00002000,2025-01-07 02:32:00,Startup,credit_card,US-West,desktop,failed,Invalid PIN,0.0
TX_00002001,2025-01-07 02:33:00,SMB,credit_card,US-West,desktop,success,None,75.33
TX_00002002,2025-01-07 02:42:00,SMB,credit_card,US-East,desktop,success,None,102.63
TX_00002003,2025-01-07 02:44:00,Startup,credit_card,EU-Central,desktop,success,None,31.45
TX_00002004,2025-01-07 02:51:00,Startup,credit_card,US-West,desktop,success,None,58.08
TX_00002005,2025-01-07 02:57:00,SMB,credit_card,US-East,mobile_android,success,None,89.05
TX_00002006,2025-01-07 03:00:00,Startup,credit_card,US-West,mobile_ios,success,None,46.3
TX_00002007,2025-01-07 03:17:00,Enterprise,debit,US-East,desktop,success,None,208.3
TX_00002008,2025-01-07 03:28:00,Startup,debit,US-West,desktop,success,None,23.6
TX_00002009,2025-01-07 03:35:00,SMB,debit,US-East,mobile_ios,success,None,74.63
TX_00002010,2025-01-07 03:39:00,Startup,debit,US-East,desktop,success,None,45.16
TX_00002011,2025-01-07 03:44:00,Startup,credit_card,US-East,mobile_android,success,None,42.65
TX_00002012,2025-01-07 03:52:00,Startup,debit,US-East,mobile_ios,success,None,44.41
TX_00002013,2025-01-07 03:56:00,Startup,credit_card,US-West,mobile_android,success,None,42.52
TX_00002014,2025-01-07 04:01:00,SMB,credit_card,US-West,desktop,success,None,81.51
TX_00002015,2025-01-07 04:14:00,SMB,credit_card,US-East,mobile_ios,success,None,99.52
TX_00002016,2025-01-07 04:25:00,SMB,credit_card,US-East,desktop,success,None,67.92
TX_00002017,2025-01-07 04:26:00,Startup,crypto,EU-Central,mobile_ios,success,None,27.25
TX_00002018,2025-01-07 04:41:00,Startup,credit_card,US-East,desktop,success,None,45.9
TX_00002019,2025-01-07 04:44:00,SMB,credit_card,US-East,mobile_ios,failed,Card expired,0.0
TX_00002020,2025-01-07 04:46:00,Startup,credit_card,US-West,desktop,success,None,30.53
TX_00002021,2025-01-07 04:47:00,Startup,credit_card,EU-Central,desktop,success,None,32.04
TX_00002022,2025-01-07 05:02:00,Startup,credit_card,EU-Central,desktop,success,None,46.17
TX_00002023,2025-01-07 05:06:00,Startup,credit_card,EU-Central,desktop,success,None,44.73
TX_00002024,2025-01-07 05:07:00,SMB,credit_card,US-East,mobile_ios,success,None,85.24
TX_00002025,2025-01-07 05:09:00,Enterprise,debit,EU-Central,mobile_android,success,None,128.01
TX_00002026,2025-01-07 05:19:00,Enterprise,credit_card,US-East,mobile_ios,success,None,117.83
TX_00002027,2025-01-07 05:23:00,SMB,credit_card,US-East,desktop,success,None,101.45
TX_00002028,2025-01-07 05:43:00,Startup,debit,US-West,desktop,success,None,45.56
TX_00002029,2025-01-07 05:44:00,Startup,crypto,US-West,desktop,success,None,40.55
TX_00002030,2025-01-07 05:49:00,Startup,credit_card,US-East,desktop,success,None,56.95
TX_00002031,2025-01-07 05:55:00,Startup,credit_card,US-East,mobile_android,success,None,51.09
TX_00002032,2025-01-07 05:56:00,Enterprise,crypto,EU-Central,desktop,success,None,180.74
TX_00002033,2025-01-07 05:57:00,SMB,credit_card,EU-Central,mobile_android,success,None,85.3
TX_00002034,2025-01-07 05:58:00,Enterprise,credit_card,US-West,mobile_ios,success,None,112.95
TX_00002035,2025-01-07 06:07:00,SMB,credit_card,US-West,mobile_ios,success,None,63.49
TX_00002036,2025-01-07 06:17:00,SMB,crypto,EU-Central,mobile_android,success,None,59.16
TX_00002037,2025-01-07 06:18:00,Enterprise,crypto,EU-Central,desktop,success,None,98.11
TX_00002038,2025-01-07 06:18:00,SMB,debit,US-West,desktop,success,None,72.86
TX_00002039,2025-01-07 06:31:00,SMB,credit_card,US-East,mobile_android,success,None,92.76
TX_00002040,2025-01-07 06:45:00,Startup,credit_card,US-East,mobile_ios,success,None,36.09
TX_00002041,2025-01-07 07:03:00,SMB,credit_card,US-West,desktop,success,None,86.96
TX_00002042,2025-01-07 07:05:00,SMB,debit,US-East,desktop,success,None,71.23
TX_00002043,2025-01-07 07:07:00,SMB,crypto,US-East,mobile_ios,success,None,80.0
TX_00002044,2025-01-07 07:14:00,Startup,credit_card,US-West,desktop,success,None,33.82
TX_00002045,2025-01-07 07:16:00,SMB,debit,US-East,mobile_android,success,None,81.75
TX_00002046,2025-01-07 07:17:00,SMB,credit_card,EU-Central,desktop,success,None,73.57
TX_00002047,2025-01-07 07:18:00,Startup,credit_card,US-East,mobile_ios,success,None,34.42
TX_00002048,2025-01-07 07:19:00,SMB,debit,US-West,mobile_ios,success,None,85.66
TX_00002049,2025-01-07 07:23:00,Startup,credit_card,EU-Central,mobile_ios,success,None,20.25
TX_00002050,2025-01-07 07:35:00,SMB,credit_card,US-West,desktop,success,None,89.47
TX_00002051,2025-01-07 07:36:00,SMB,credit_card,US-East,mobile_android,success,None,84.53
TX_00002052,2025-01-07 07:36:00,Enterprise,debit,US-West,mobile_ios,failed,Card expired,0.0
TX_00002053,2025-01-07 07:41:00,Startup,debit,EU-Central,mobile_ios,success,None,49.98
TX_00002054,2025-01-07 07:44:00,SMB,crypto,APAC,desktop,success,None,80.24
TX_00002055,2025-01-07 07:47:00,SMB,debit,US-West,desktop,success,None,69.46
TX_00002056,2025-01-07 07:48:00,SMB,credit_card,EU-Central,desktop,success,None,88.35
TX_00002057,2025-01-07 07:50:00,SMB,credit_card,US-East,desktop,success,None,46.45
TX_00002058,2025-01-07 07:51:00,Enterprise,crypto,EU-Central,mobile_ios,success,None,100.57
TX_00002059,2025-01-07 07:51:00,Startup,credit_card,APAC,desktop,success,None,47.5
TX_00002060,2025-01-07 08:00:00,Startup,debit,US-West,mobile_ios,success,None,37.04
TX_00002061,2025-01-07 08:01:00,SMB,debit,EU-Central,desktop,failed,Card expired,0.0
TX_00002062,2025-01-07 08:02:00,SMB,debit,US-West,desktop,success,None,101.5
TX_00002063,2025-01-07 08:07:00,Startup,credit_card,US-East,mobile_android,success,None,36.69
TX_00002064,2025-01-07 08:07:00,SMB,credit_card,EU-Central,mobile_android,success,None,86.33
TX_00002065,2025-01-07 08:10:00,SMB,debit,US-West,mobile_android,success,None,84.81
TX_00002066,2025-01-07 08:10:00,SMB,debit,US-West,mobile_android,success,None,98.07
TX_00002067,2025-01-07 08:15:00,Startup,debit,US-West,mobile_ios,success,None,22.79
TX_00002068,2025-01-07 08:25:00,Startup,credit_card,EU-Central,mobile_android,success,None,37.96
TX_00002069,2025-01-07 08:35:00,Startup,credit_card,EU-Central,mobile_ios,success,None,38.29
TX_00002070,2025-01-07 08:38:00,Enterprise,debit,US-East,mobile_android,success,None,155.02
TX_00002071,2025-01-07 08:40:00,SMB,debit,US-West,desktop,success,None,63.55
TX_00002072,2025-01-07 08:46:00,Startup,debit,APAC,mobile_android,success,None,33.24
TX_00002073,2025-01-07 08:48:00,Enterprise,credit_card,US-West,mobile_ios,success,None,120.27
TX_00002074,2025-01-07 08:48:00,Startup,crypto,APAC,desktop,success,None,42.79
TX_00002075,2025-01-07 08:51:00,Startup,credit_card,EU-Central,desktop,success,None,32.8
TX_00002076,2025-01-07 08:51:00,Enterprise,debit,US-West,mobile_android,success,None,172.69
TX_00002077,2025-01-07 08:54:00,Startup,credit_card,US-East,mobile_ios,success,None,47.47
TX_00002078,2025-01-07 08:55:00,SMB,credit_card,US-East,mobile_android,success,None,95.68
TX_00002079,2025-01-07 09:04:00,Startup,debit,US-West,desktop,success,None,35.73
TX_00002080,2025-01-07 09:10:00,SMB,credit_card,US-West,desktop,success,None,73.7
TX_00002081,2025-01-07 09:10:00,SMB,credit_card,EU-Central,desktop,success,None,74.73
TX_00002082,2025-01-07 09:16:00,Startup,credit_card,EU-Central,mobile_ios,success,None,31.92
TX_00002083,2025-01-07 09:20:00,Startup,debit,US-East,mobile_ios,success,None,27.37
TX_00002084,2025-01-07 09:24:00,Enterprise,credit_card,EU-Central,mobile_ios,success,None,126.22
TX_00002085,2025-01-07 09:28:00,SMB,credit_card,US-West,desktop,success,None,101.71
TX_00002086,2025-01-07 09:35:00,SMB,crypto,US-East,desktop,success,None,72.09
TX_00002087,2025-01-07 09:39:00,SMB,credit_card,US-West,desktop,success,None,106.18
TX_00002088,2025-01-07 09:41:00,SMB,credit_card,EU-Central,mobile_android,success,None,71.29
TX_00002089,2025-01-07 09:47:00,SMB,credit_card,US-East,desktop,success,None,82.37
TX_00002090,2025-01-07 09:50:00,SMB,crypto,US-East,desktop,failed,Insufficient funds,0.0
TX_00002091,2025-01-07 10:01:00,Enterprise,credit_card,US-East,desktop,success,None,157.85
TX_00002092,2025-01-07 10:07:00,Enterprise,debit,US-East,mobile_android,success,None,171.36
TX_00002093,2025-01-07 10:16:00,Enterprise,credit_card,US-West,desktop,success,None,156.09
TX_00002094,2025-01-07 10:19:00,SMB,debit,US-East,desktop,success,None,66.84
TX_00002095,2025-01-07 10:21:00,Startup,debit,EU-Central,mobile_ios,success,None,39.29
TX_00002096,2025-01-07 10:25:00,Enterprise,credit_card,US-East,mobile_android,success,None,119.68
TX_00002097,2025-01-07 10:28:00,Startup,credit_card,US-West,mobile_ios,success,None,42.46
TX_00002098,2025-01-07 10:28:00,Startup,debit,US-East,desktop,success,None,43.26
TX_00002099,2025-01-07 10:29:00,Startup,credit_card,APAC,mobile_ios,success,None,35.15
TX_00002100,2025-01-07 10:31:00,Startup,crypto,US-West,mobile_android,success,None,50.61
TX_00002101,2025-01-07 10:35:00,Startup,credit_card,EU-Central,mobile_ios,success,None,43.69
TX_00002102,2025-01-07 10:37:00,Enterprise,debit,EU-Central,desktop,success,None,188.82
TX_00002103,2025-01-07 10:37:00,SMB,credit_card,EU-Central,desktop,success,None,96.48
TX_00002104,2025-01-07 10:40:00,Startup,debit,EU-Central,mobile_android,success,None,36.44
TX_00002105,2025-01-07 10:40:00,SMB,credit_card,US-East,mobile_ios,success,None,84.34
TX_00002106,2025-01-07 10:43:00,Startup,credit_card,US-West,mobile_ios,success,None,37.12
TX_00002107,2025-01-07 10:50:00,Enterprise,credit_card,US-East,desktop,success,None,166.29
TX_00002108,2025-01-07 11:04:00,Startup,credit_card,EU-Central,mobile_ios,success,None,51.43
TX_00002109,2025-01-07 11:06:00,SMB,credit_card,APAC,desktop,success,None,100.26
TX_00002110,2025-01-07 11:16:00,SMB,credit_card,APAC,desktop,success,None,96.28
TX_00002111,2025-01-07 11:18:00,SMB,debit,US-East,mobile_android,success,None,130.96
TX_00002112,2025-01-07 11:23:00,Startup,credit_card,US-East,desktop,success,None,45.27
TX_00002113,2025-01-07 11:27:00,Startup,debit,US-East,desktop,success,None,43.5
TX_00002114,2025-01-07 11:36:00,SMB,credit_card,US-East,mobile_android,success,None,87.97
TX_00002115,2025-01-07 11:37:00,Startup,credit_card,US-East,desktop,success,None,27.11
TX_00002116,2025-01-07 11:42:00,SMB,credit_card,US-East,mobile_ios,success,None,57.97
TX_00002117,2025-01-07 11:43:00,Enterprise,crypto,APAC,mobile_ios,success,None,165.9
TX_00002118,2025-01-07 11:44:00,Enterprise,debit,US-West,mobile_android,success,None,130.0
TX_00002119,2025-01-07 11:46:00,Enterprise,credit_card,US-West,mobile_android,success,None,173.6
TX_00002120,2025-01-07 11:48:00,SMB,debit,US-West,mobile_ios,success,None,100.77
TX_00002121,2025-01-07 11:59:00,SMB,credit_card,US-West,desktop,success,None,88.47
TX_00002122,2025-01-07 12:09:00,Startup,credit_card,APAC,desktop,success,None,32.71
TX_00002123,2025-01-07 12:11:00,Startup,credit_card,US-West,mobile_android,success,None,28.61
TX_00002124,2025-01-07 12:12:00,Enterprise,credit_card,US-East,desktop,failed,Card expired,0.0
TX_00002125,2025-01-07 12:14:00,SMB,credit_card,US-West,mobile_ios,success,None,70.45
TX_00002126,2025-01-07 12:57:00,SMB,debit,APAC,desktop,success,None,76.05
TX_00002127,2025-01-07 13:04:00,SMB,credit_card,US-East,desktop,success,None,76.59
TX_00002128,2025-01-07 13:05:00,Enterprise,debit,US-West,desktop,success,None,112.08
TX_00002129,2025-01-07 13:08:00,Enterprise,credit_card,US-East,desktop,success,None,127.37
TX_00002130,2025-01-07 13:09:00,Startup,credit_card,US-East,mobile_android,success,None,30.88
TX_00002131,2025-01-07 13:15:00,Startup,debit,EU-Central,mobile_android,success,None,41.28
TX_00002132,2025-01-07 13:15:00,SMB,debit,US-East,mobile_ios,success,None,90.93
TX_00002133,2025-01-07 13:15:00,SMB,crypto,US-East,mobile_ios,success,None,80.01
TX_00002134,2025-01-07 13:15:00,SMB,credit_card,US-East,mobile_ios,success,None,81.97
TX_00002135,2025-01-07 13:26:00,Startup,debit,APAC,mobile_android,success,None,38.56
TX_00002136,2025-01-07 13:35:00,SMB,debit,US-East,mobile_android,success,None,89.39
TX_00002137,2025-01-07 13:40:00,Enterprise,credit_card,EU-Central,desktop,success,None,147.58
TX_00002138,2025-01-07 13:45:00,Startup,credit_card,US-East,desktop,success,None,40.03
TX_00002139,2025-01-07 13:52:00,SMB,credit_card,EU-Central,mobile_ios,success,None,110.5
TX_00002140,2025-01-07 13:52:00,SMB,credit_card,APAC,mobile_android,success,None,52.22
TX_00002141,2025-01-07 13:54:00,SMB,credit_card,US-East,mobile_ios,success,None,69.27
TX_00002142,2025-01-07 13:56:00,SMB,crypto,US-East,mobile_android,success,None,81.65
TX_00002143,2025-01-07 13:59:00,SMB,credit_card,US-East,mobile_android,success,None,76.33
TX_00002144,2025-01-07 14:04:00,SMB,debit,EU-Central,mobile_ios,success,None,55.3
TX_00002145,2025-01-07 14:06:00,SMB,debit,US-East,mobile_android,success,None,82.38
TX_00002146,2025-01-07 14:10:00,Enterprise,credit_card,US-East,desktop,success,None,138.66
TX_00002147,2025-01-07 14:11:00,Startup,credit_card,US-East,desktop,success,None,38.55
TX_00002148,2025-01-07 14:11:00,SMB,credit_card,US-East,mobile_ios,success,None,68.31
TX_00002149,2025-01-07 14:13:00,Enterprise,debit,US-East,desktop,success,None,138.98
TX_00002150,2025-01-07 14:16:00,Startup,crypto,EU-Central,desktop,success,None,45.52
TX_00002151,2025-01-07 14:17:00,Startup,credit_card,EU-Central,mobile_ios,success,None,39.21
TX_00002152,2025-01-07 14:23:00,Startup,debit,US-West,desktop,success,None,40.12
TX_00002153,2025-01-07 14:23:00,SMB,credit_card,US-West,mobile_android,success,None,76.95
TX_00002154,2025-01-07 14:23:00,SMB,debit,US-West,mobile_android,success,None,84.39
TX_00002155,2025-01-07 14:25:00,Startup,credit_card,EU-Central,mobile_ios,success,None,26.7
TX_00002156,2025-01-07 14:30:00,Startup,credit_card,US-West,mobile_ios,success,None,36.73
TX_00002157,2025-01-07 14:36:00,SMB,credit_card,US-West,mobile_ios,success,None,106.35
TX_00002158,2025-01-07 14:38:00,Startup,credit_card,US-West,desktop,success,None,24.51
TX_00002159,2025-01-07 14:41:00,Enterprise,credit_card,EU-Central,desktop,success,None,129.33
TX_00002160,2025-01-07 14:44:00,Startup,debit,US-East,mobile_ios,success,None,45.01
TX_00002161,2025-01-07 14:48:00,Startup,credit_card,US-East,mobile_ios,success,None,60.75
TX_00002162,2025-01-07 14:53:00,Startup,debit,US-East,desktop,success,None,47.5
TX_00002163,2025-01-07 15:00:00,Startup,credit_card,US-West,mobile_android,success,None,43.99
TX_00002164,2025-01-07 15:06:00,Startup,debit,US-East,mobile_ios,success,None,41.95
TX_00002165,2025-01-07 15:17:00,SMB,debit,US-West,desktop,success,None,90.06
TX_00002166,2025-01-07 15:29:00,SMB,debit,US-West,mobile_ios,success,None,81.19
TX_00002167,2025-01-07 15:29:00,Enterprise,credit_card,EU-Central,desktop,success,None,152.09
TX_00002168,2025-01-07 15:41:00,SMB,credit_card,US-East,desktop,success,None,76.3
TX_00002169,2025-01-07 15:42:00,Startup,debit,US-West,mobile_android,success,None,40.43
TX_00002170,2025-01-07 15:43:00,SMB,credit_card,US-West,mobile_android,success,None,74.57
TX_00002171,2025-01-07 15:47:00,SMB,credit_card,US-East,desktop,failed,Invalid PIN,0.0
TX_00002172,2025-01-07 15:47:00,SMB,credit_card,US-West,mobile_android,success,None,95.63
TX_00002173,2025-01-07 15:49:00,Startup,debit,EU-Central,desktop,success,None,30.04
TX_00002174,2025-01-07 15:56:00,Enterprise,debit,US-East,desktop,success,None,137.7
TX_00002175,2025-01-07 15:57:00,SMB,debit,EU-Central,desktop,success,None,69.8
TX_00002176,2025-01-07 15:59:00,SMB,credit_card,EU-Central,desktop,success,None,53.4
TX_00002177,2025-01-07 16:03:00,Startup,credit_card,US-West,desktop,success,None,34.49
TX_00002178,2025-01-07 16:12:00,Enterprise,crypto,EU-Central,mobile_android,success,None,198.49
TX_00002179,2025-01-07 16:15:00,Startup,credit_card,US-West,desktop,success,None,31.62
TX_00002180,2025-01-07 16:27:00,SMB,credit_card,US-West,desktop,success,None,64.37
TX_00002181,2025-01-07 16:28:00,SMB,credit_card,APAC,mobile_ios,success,None,55.17
TX_00002182,2025-01-07 16:37:00,Startup,credit_card,US-East,desktop,success,None,53.93
TX_00002183,2025-01-07 16:43:00,Enterprise,credit_card,US-East,mobile_ios,success,None,129.54
TX_00002184,2025-01-07 16:50:00,SMB,credit_card,US-East,desktop,failed,Card expired,0.0
TX_00002185,2025-01-07 17:02:00,Enterprise,credit_card,US-West,desktop,success,None,131.43
TX_00002186,2025-01-07 17:13:00,SMB,credit_card,US-East,mobile_ios,failed,Card expired,0.0
TX_00002187,2025-01-07 17:17:00,SMB,debit,APAC,desktop,success,None,87.6
TX_00002188,2025-01-07 17:26:00,SMB,credit_card,US-West,desktop,success,None,80.34
TX_00002189,2025-01-07 17:29:00,Enterprise,credit_card,EU-Central,desktop,success,None,150.82
TX_00002190,2025-01-07 17:32:00,SMB,debit,US-East,desktop,success,None,100.78
TX_00002191,2025-01-07 17:39:00,Startup,crypto,US-East,mobile_ios,success,None,34.46
TX_00002192,2025-01-07 17:46:00,Startup,credit_card,US-East,desktop,success,None,57.5
TX_00002193,2025-01-07 17:54:00,SMB,debit,US-East,mobile_ios,success,None,78.74
TX_00002194,2025-01-07 17:55:00,SMB,credit_card,US-West,mobile_ios,success,None,83.0
TX_00002195,2025-01-07 17:56:00,SMB,credit_card,APAC,desktop,success,None,101.02
TX_00002196,2025-01-07 17:58:00,SMB,credit_card,US-East,mobile_android,success,None,36.59
TX_00002197,2025-01-07 17:59:00,SMB,credit_card,US-West,mobile_android,success,None,75.53
TX_00002198,2025-01-07 18:01:00,SMB,debit,US-West,mobile_ios,success,None,93.74
TX_00002199,2025-01-07 18:06:00,SMB,credit_card,US-East,desktop,success,None,61.65
TX_00002200,2025-01-07 18:15:00,SMB,credit_card,US-West,desktop,success,None,96.34
TX_00002201,2025-01-07 18:21:00,SMB,debit,US-East,desktop,success,None,64.49
TX_00002202,2025-01-07 18:26:00,Startup,credit_card,EU-Central,desktop,success,None,33.56
TX_00002203,2025-01-07 18:32:00,SMB,debit,EU-Central,desktop,success,None,62.01
TX_00002204,2025-01-07 18:32:00,Startup,debit,US-East,mobile_ios,success,None,55.52
TX_00002205,2025-01-07 18:44:00,Startup,credit_card,US-West,desktop,success,None,44.95
TX_00002206,2025-01-07 18:45:00,SMB,crypto,US-East,mobile_android,success,None,84.26
TX_00002207,2025-01-07 18:48:00,SMB,credit_card,EU-Central,desktop,success,None,63.2
TX_00002208,2025-01-07 18:52:00,SMB,credit_card,EU-Central,mobile_ios,success,None,83.68
TX_00002209,2025-01-07 18:56:00,Enterprise,credit_card,EU-Central,mobile_android,success,None,153.32
TX_00002210,2025-01-07 18:57:00,SMB,debit,US-East,desktop,success,None,58.08
TX_00002211,2025-01-07 19:02:00,Startup,debit,US-East,mobile_android,success,None,29.35
TX_00002212,2025-01-07 19:03:00,Enterprise,credit_card,US-West,desktop,success,None,130.0
TX_00002213,2025-01-07 19:08:00,SMB,credit_card,APAC,mobile_android,success,None,72.95
TX_00002214,2025-01-07 19:14:00,Startup,credit_card,APAC,mobile_android,success,None,49.31
TX_00002215,2025-01-07 19:15:00,Startup,debit,US-East,desktop,success,None,24.28
TX_00002216,2025-01-07 19:37:00,SMB,debit,EU-Central,mobile_android,success,None,108.37
TX_00002217,2025-01-07 19:41:00,Startup,debit,APAC,desktop,success,None,62.11
TX_00002218,2025-01-07 19:43:00,SMB,debit,US-East,desktop,failed,Invalid PIN,0.0
TX_00002219,2025-01-07 19:44:00,SMB,credit_card,EU-Central,desktop,success,None,72.61
TX_00002220,2025-01-07 19:45:00,SMB,credit_card,US-East,desktop,success,None,56.37
TX_00002221,2025-01-07 19:53:00,SMB,credit_card,US-East,mobile_ios,success,None,74.54
TX_00002222,2025-01-07 19:57:00,Startup,debit,US-East,desktop,success,None,30.86
TX_00002223,2025-01-07 20:03:00,Enterprise,credit_card,US-West,mobile_ios,success,None,159.74
TX_00002224,2025-01-07 20:07:00,SMB,credit_card,EU-Central,desktop,success,None,103.43
TX_00002225,2025-01-07 20:10:00,SMB,crypto,US-West,mobile_android,success,None,82.97
TX_00002226,2025-01-07 20:12:00,SMB,debit,US-East,desktop,failed,Card expired,0.0
TX_00002227,2025-01-07 20:12:00,Enterprise,credit_card,US-East,desktop,success,None,124.05
TX_00002228,2025-01-07 20:20:00,SMB,debit,US-West,mobile_ios,success,None,86.55
TX_00002229,2025-01-07 20:25:00,Startup,crypto,US-West,mobile_android,success,None,61.89
TX_00002230,2025-01-07 20:26:00,SMB,credit_card,US-West,mobile_ios,success,None,69.49
TX_00002231,2025-01-07 20:27:00,SMB,credit_card,US-East,desktop,success,None,62.23
TX_00002232,2025-01-07 20:27:00,SMB,credit_card,EU-Central,desktop,success,None,77.94
TX_00002233,2025-01-07 20:33:00,SMB,credit_card,APAC,desktop,success,None,73.87
TX_00002234,2025-01-07 20:38:00,SMB,debit,US-West,mobile_ios,success,None,90.28
TX_00002235,2025-01-07 20:39:00,Startup,credit_card,EU-Central,desktop,success,None,48.7
TX_00002236,2025-01-07 20:42:00,Startup,credit_card,APAC,desktop,success,None,38.3
TX_00002237,2025-01-07 20:45:00,SMB,credit_card,US-West,mobile_ios,success,None,92.21
TX_00002238,2025-01-07 20:50:00,SMB,credit_card,US-West,mobile_ios,success,None,65.46
TX_00002239,2025-01-07 20:56:00,Startup,credit_card,EU-Central,mobile_ios,success,None,42.69
TX_00002240,2025-01-07 21:03:00,SMB,debit,US-East,desktop,success,None,44.27
TX_00002241,2025-01-07 21:14:00,SMB,credit_card,US-West,mobile_ios,success,None,69.22
TX_00002242,2025-01-07 21:15:00,SMB,debit,EU-Central,desktop,success,None,88.78
TX_00002243,2025-01-07 21:16:00,Startup,debit,US-East,desktop,success,None,57.51
TX_00002244,2025-01-07 21:16:00,SMB,credit_card,EU-Central,mobile_ios,success,None,67.29
TX_00002245,2025-01-07 21:21:00,Startup,debit,US-West,mobile_ios,success,None,42.98
TX_00002246,2025-01-07 21:27:00,Startup,debit,US-West,mobile_ios,success,None,31.15
TX_00002247,2025-01-07 21:30:00,SMB,credit_card,US-West,desktop,success,None,74.32
TX_00002248,2025-01-07 21:40:00,Startup,credit_card,US-West,mobile_android,success,None,44.91
TX_00002249,2025-01-07 21:41:00,Startup,debit,EU-Central,desktop,success,None,29.41
TX_00002250,2025-01-07 21:43:00,SMB,crypto,US-West,mobile_android,success,None,74.29
TX_00002251,2025-01-07 21:47:00,SMB,credit_card,APAC,desktop,success,None,82.72
TX_00002252,2025-01-07 21:49:00,Enterprise,credit_card,US-West,desktop,success,None,156.39
TX_00002253,2025-01-07 21:56:00,SMB,credit_card,US-West,desktop,success,None,81.06
TX_00002254,2025-01-07 22:04:00,SMB,credit_card,APAC,desktop,success,None,82.72
TX_00002255,2025-01-07 22:07:00,SMB,credit_card,US-East,desktop,success,None,70.02
TX_00002256,2025-01-07 22:08:00,SMB,credit_card,EU-Central,mobile_android,success,None,67.92
TX_00002257,2025-01-07 22:09:00,Startup,credit_card,US-East,desktop,success,None,29.7
TX_00002258,2025-01-07 22:09:00,SMB,credit_card,EU-Central,mobile_ios,success,None,66.35
TX_00002259,2025-01-07 22:12:00,SMB,credit_card,US-West,mobile_android,success,None,65.16
TX_00002260,2025-01-07 22:19:00,SMB,credit_card,APAC,mobile_ios,success,None,81.33
TX_00002261,2025-01-07 22:24:00,SMB,credit_card,EU-Central,desktop,success,None,66.72
TX_00002262,2025-01-07 22:36:00,SMB,credit_card,US-East,mobile_android,success,None,82.77
TX_00002263,2025-01-07 22:40:00,SMB,debit,US-East,desktop,success,None,77.73
TX_00002264,2025-01-07 22:46:00,SMB,crypto,US-West,mobile_ios,success,None,85.42
TX_00002265,2025-01-07 22:46:00,Startup,credit_card,US-West,mobile_ios,success,None,40.19
TX_00002266,2025-01-07 22:54:00,Startup,credit_card,US-East,desktop,success,None,39.2
TX_00002267,2025-01-07 23:04:00,SMB,credit_card,US-East,mobile_ios,success,None,94.93
TX_00002268,2025-01-07 23:08:00,Startup,credit_card,US-West,desktop,success,None,48.89
TX_00002269,2025-01-07 23:35:00,Startup,credit_card,US-East,desktop,success,None,42.89
TX_00002270,2025-01-07 23:38:00,Enterprise,credit_card,EU-Central,desktop,success,None,171.68
TX_00002271,2025-01-07 23:46:00,Startup,debit,EU-Central,mobile_android,success,None,30.96
TX_00002272,2025-01-07 23:47:00,Startup,credit_card,EU-Central,mobile_android,success,None,36.46
TX_00002273,2025-01-07 23:48:00,SMB,credit_card,US-East,desktop,success,None,75.16
TX_00002274,2025-01-07 23:53:00,SMB,debit,US-East,desktop,success,None,83.33
TX_00002275,2025-01-08 00:02:00,Enterprise,debit,US-West,desktop,success,None,114.2
TX_00002276,2025-01-08 00:06:00,Enterprise,credit_card,APAC,mobile_ios,success,None,156.92
TX_00002277,2025-01-08 00:13:00,Startup,credit_card,US-East,mobile_android,success,None,45.72
TX_00002278,2025-01-08 00:15:00,SMB,credit_card,US-East,mobile_android,success,None,88.03
TX_00002279,2025-01-08 00:20:00,Startup,credit_card,US-East,mobile_ios,success,None,25.0
TX_00002280,2025-01-08 00:23:00,Startup,credit_card,US-West,mobile_ios,success,None,26.53
TX_00002281,2025-01-08 00:26:00,Startup,credit_card,US-West,desktop,success,None,33.11
TX_00002282,2025-01-08 00:29:00,Startup,credit_card,US-East,desktop,success,None,57.9
TX_00002283,2025-01-08 00:36:00,Enterprise,debit,US-West,mobile_ios,success,None,157.53
TX_00002284,2025-01-08 00:51:00,SMB,debit,US-West,mobile_ios,success,None,60.39
TX_00002285,2025-01-08 00:56:00,Startup,credit_card,US-West,mobile_android,success,None,43.66
TX_00002286,2025-01-08 01:01:00,Enterprise,credit_card,US-West,desktop,success,None,151.86
TX_00002287,2025-01-08 01:02:00,Enterprise,credit_card,EU-Central,desktop,success,None,162.51
TX_00002288,2025-01-08 01:03:00,Startup,credit_card,US-West,desktop,success,None,39.05
TX_00002289,2025-01-08 01:07:00,Startup,credit_card,US-West,mobile_android,success,None,39.51
TX_00002290,2025-01-08 01:10:00,SMB,debit,EU-Central,mobile_ios,success,None,69.47
TX_00002291,2025-01-08 01:21:00,Startup,debit,APAC,desktop,success,None,60.99
TX_00002292,2025-01-08 01:25:00,Startup,debit,US-East,mobile_android,success,None,36.06
TX_00002293,2025-01-08 01:27:00,SMB,debit,US-East,desktop,success,None,76.93
TX_00002294,2025-01-08 01:37:00,Enterprise,crypto,EU-Central,desktop,success,None,136.58
TX_00002295,2025-01-08 01:39:00,Startup,debit,US-East,desktop,success,None,19.68
TX_00002296,2025-01-08 01:41:00,SMB,crypto,APAC,mobile_ios,success,None,58.94
TX_00002297,2025-01-08 01:55:00,Enterprise,credit_card,US-East,mobile_ios,success,None,152.73
TX_00002298,2025-01-08 01:55:00,SMB,credit_card,APAC,mobile_ios,success,None,73.52
TX_00002299,2025-01-08 02:07:00,Startup,credit_card,US-West,mobile_ios,success,None,8.66
TX_00002300,2025-01-08 02:09:00,SMB,crypto,EU-Central,desktop,success,None,55.78
TX_00002301,2025-01-08 02:11:00,SMB,credit_card,US-East,desktop,success,None,89.6
TX_00002302,2025-01-08 02:13:00,SMB,credit_card,APAC,mobile_android,success,None,89.12
TX_00002303,2025-01-08 02:22:00,Startup,credit_card,US-East,mobile_ios,success,None,44.38
TX_00002304,2025-01-08 02:25:00,SMB,debit,US-East,desktop,success,None,80.55
TX_00002305,2025-01-08 02:25:00,SMB,credit_card,US-East,desktop,success,None,103.1
TX_00002306,2025-01-08 02:30:00,Startup,debit,APAC,desktop,success,None,34.99
TX_00002307,2025-01-08 02:33:00,Enterprise,crypto,US-West,desktop,success,None,150.79
TX_00002308,2025-01-08 02:34:00,Startup,debit,US-West,desktop,success,None,28.6
TX_00002309,2025-01-08 02:38:00,Startup,credit_card,US-West,desktop,success,None,24.86
TX_00002310,2025-01-08 02:51:00,Startup,credit_card,EU-Central,mobile_android,success,None,53.68
TX_00002311,2025-01-08 02:55:00,SMB,credit_card,US-West,desktop,success,None,86.52
TX_00002312,2025-01-08 02:55:00,Startup,credit_card,US-West,mobile_android,success,None,43.02
TX_00002313,2025-01-08 02:58:00,Startup,credit_card,EU-Central,mobile_ios,success,None,60.33
TX_00002314,2025-01-08 03:07:00,Startup,debit,EU-Central,desktop,success,None,23.07
TX_00002315,2025-01-08 03:18:00,SMB,credit_card,US-East,mobile_ios,success,None,60.3
TX_00002316,2025-01-08 03:23:00,Startup,debit,US-East,desktop,success,None,57.97
TX_00002317,2025-01-08 03:32:00,SMB,crypto,US-East,mobile_ios,success,None,80.97
TX_00002318,2025-01-08 03:32:00,SMB,credit_card,US-East,desktop,success,None,80.64
TX_00002319,2025-01-08 03:33:00,SMB,crypto,US-West,desktop,success,None,74.22
TX_00002320,2025-01-08 03:35:00,Startup,debit,US-West,mobile_ios,success,None,39.97
TX_00002321,2025-01-08 03:43:00,SMB,credit_card,APAC,desktop,success,None,85.59
TX_00002322,2025-01-08 03:44:00,SMB,credit_card,US-East,desktop,success,None,98.93
TX_00002323,2025-01-08 03:50:00,Startup,credit_card,EU-Central,desktop,success,None,56.13
TX_00002324,2025-01-08 03:53:00,SMB,credit_card,US-West,desktop,success,None,91.45
TX_00002325,2025-01-08 04:06:00,Startup,debit,US-East,mobile_android,success,None,60.27
TX_00002326,2025-01-08 04:12:00,SMB,credit_card,US-West,desktop,success,None,69.37
TX_00002327,2025-01-08 04:15:00,SMB,debit,APAC,desktop,success,None,95.19
TX_00002328,2025-01-08 04:18:00,Startup,credit_card,US-East,desktop,success,None,43.61
TX_00002329,2025-01-08 04:24:00,Startup,credit_card,US-West,desktop,success,None,42.59
TX_00002330,2025-01-08 04:25:00,SMB,credit_card,US-East,mobile_ios,success,None,70.73
TX_00002331,2025-01-08 04:25:00,Startup,credit_card,US-East,desktop,success,None,39.07
TX_00002332,2025-01-08 04:30:00,Enterprise,credit_card,US-West,mobile_ios,success,None,138.25
TX_00002333,2025-01-08 04:30:00,SMB,credit_card,EU-Central,mobile_ios,success,None,48.62
TX_00002334,2025-01-08 04:38:00,SMB,debit,EU-Central,desktop,success,None,83.47
TX_00002335,2025-01-08 04:41:00,Enterprise,debit,US-West,mobile_ios,success,None,195.83
TX_00002336,2025-01-08 04:44:00,SMB,credit_card,APAC,mobile_ios,success,None,70.26
TX_00002337,2025-01-08 04:47:00,SMB,credit_card,US-East,desktop,success,None,84.23
TX_00002338,2025-01-08 04:54:00,Enterprise,credit_card,EU-Central,desktop,success,None,125.27
TX_00002339,2025-01-08 04:57:00,SMB,credit_card,US-West,desktop,success,None,93.37
TX_00002340,2025-01-08 05:00:00,SMB,debit,EU-Central,desktop,success,None,99.56
TX_00002341,2025-01-08 05:02:00,SMB,debit,EU-Central,desktop,success,None,51.55
TX_00002342,2025-01-08 05:06:00,Startup,debit,APAC,mobile_ios,success,None,38.06
TX_00002343,2025-01-08 05:11:00,Startup,credit_card,US-East,mobile_ios,success,None,35.77
TX_00002344,2025-01-08 05:14:00,SMB,debit,US-West,mobile_android,success,None,76.61
TX_00002345,2025-01-08 05:15:00,Startup,credit_card,EU-Central,mobile_ios,success,None,48.21
TX_00002346,2025-01-08 05:16:00,Startup,crypto,EU-Central,mobile_ios,success,None,37.53
TX_00002347,2025-01-08 05:20:00,SMB,credit_card,US-West,mobile_ios,success,None,96.4
TX_00002348,2025-01-08 05:23:00,Enterprise,credit_card,US-East,mobile_android,success,None,97.25
TX_00002349,2025-01-08 05:29:00,Startup,credit_card,US-East,desktop,success,None,41.65
TX_00002350,2025-01-08 05:32:00,SMB,credit_card,US-East,desktop,success,None,83.85
TX_00002351,2025-01-08 05:36:00,Startup,debit,EU-Central,desktop,success,None,27.77
TX_00002352,2025-01-08 05:40:00,Startup,debit,EU-Central,desktop,success,None,56.68
TX_00002353,2025-01-08 05:53:00,Startup,credit_card,US-East,desktop,success,None,36.38
TX_00002354,2025-01-08 05:55:00,Startup,debit,APAC,desktop,success,None,46.4
TX_00002355,2025-01-08 06:02:00,SMB,credit_card,US-East,desktop,success,None,69.01
TX_00002356,2025-01-08 06:07:00,Enterprise,credit_card,US-West,mobile_android,success,None,126.85
TX_00002357,2025-01-08 06:09:00,Startup,crypto,US-East,mobile_android,success,None,47.86
TX_00002358,2025-01-08 06:10:00,SMB,debit,EU-Central,mobile_ios,success,None,67.59
TX_00002359,2025-01-08 06:10:00,Startup,credit_card,EU-Central,desktop,success,None,37.8
TX_00002360,2025-01-08 06:11:00,Startup,credit_card,US-East,mobile_android,success,None,33.58
TX_00002361,2025-01-08 06:17:00,Startup,credit_card,US-West,mobile_android,success,None,47.2
TX_00002362,2025-01-08 06:24:00,SMB,debit,US-East,mobile_android,success,None,73.3
TX_00002363,2025-01-08 06:38:00,SMB,crypto,US-East,mobile_ios,success,None,63.22
TX_00002364,2025-01-08 06:41:00,SMB,credit_card,US-East,desktop,success,None,85.64
TX_00002365,2025-01-08 06:45:00,SMB,debit,US-East,desktop,success,None,103.0
TX_00002366,2025-01-08 06:47:00,Startup,credit_card,EU-Central,mobile_android,success,None,48.8
TX_00002367,2025-01-08 06:48:00,Startup,credit_card,US-West,desktop,success,None,49.1
TX_00002368,2025-01-08 06:52:00,Startup,crypto,US-East,desktop,success,None,33.9
TX_00002369,2025-01-08 06:52:00,SMB,credit_card,US-East,desktop,success,None,82.75
TX_00002370,2025-01-08 07:03:00,SMB,credit_card,US-East,desktop,success,None,74.44
TX_00002371,2025-01-08 07:14:00,Startup,debit,US-East,mobile_android,success,None,29.69
TX_00002372,2025-01-08 07:14:00,SMB,credit_card,US-West,desktop,success,None,85.97
TX_00002373,2025-01-08 07:16:00,SMB,credit_card,US-East,desktop,success,None,84.25
TX_00002374,2025-01-08 07:21:00,Startup,crypto,EU-Central,mobile_android,success,None,38.61
TX_00002375,2025-01-08 07:26:00,Startup,debit,US-West,desktop,success,None,52.05
TX_00002376,2025-01-08 07:31:00,SMB,debit,US-East,mobile_android,success,None,57.69
TX_00002377,2025-01-08 07:41:00,Startup,credit_card,APAC,desktop,success,None,45.85
TX_00002378,2025-01-08 07:50:00,SMB,credit_card,US-East,mobile_ios,success,None,86.32
TX_00002379,2025-01-08 07:53:00,Startup,crypto,US-East,desktop,success,None,22.55
TX_00002380,2025-01-08 07:54:00,Enterprise,credit_card,US-East,mobile_ios,success,None,159.72
TX_00002381,2025-01-08 08:01:00,Enterprise,credit_card,US-East,desktop,success,None,111.56
TX_00002382,2025-01-08 08:06:00,Startup,credit_card,US-East,mobile_android,success,None,35.73
TX_00002383,2025-01-08 08:10:00,SMB,credit_card,US-East,desktop,success,None,75.3
TX_00002384,2025-01-08 08:16:00,Startup,credit_card,EU-Central,desktop,success,None,33.14
TX_00002385,2025-01-08 08:18:00,Startup,debit,EU-Central,mobile_android,success,None,32.63
TX_00002386,2025-01-08 08:22:00,Startup,crypto,US-West,desktop,success,None,33.42
TX_00002387,2025-01-08 08:25:00,Startup,credit_card,US-West,mobile_ios,success,None,41.06
TX_00002388,2025-01-08 08:29:00,SMB,debit,US-West,mobile_ios,success,None,95.78
TX_00002389,2025-01-08 08:29:00,Startup,debit,US-East,desktop,success,None,44.94
TX_00002390,2025-01-08 08:56:00,Enterprise,debit,US-East,desktop,success,None,167.63
TX_00002391,2025-01-08 08:57:00,SMB,credit_card,US-East,mobile_android,success,None,101.87
TX_00002392,2025-01-08 08:58:00,Startup,credit_card,US-West,desktop,success,None,52.26
TX_00002393,2025-01-08 08:59:00,SMB,credit_card,US-East,desktop,success,None,90.1
TX_00002394,2025-01-08 09:05:00,SMB,credit_card,US-East,mobile_ios,success,None,60.53
TX_00002395,2025-01-08 09:06:00,SMB,credit_card,US-East,desktop,success,None,73.2
TX_00002396,2025-01-08 09:07:00,Startup,credit_card,US-East,mobile_ios,success,None,21.67
TX_00002397,2025-01-08 09:14:00,Startup,credit_card,US-East,desktop,success,None,26.43
TX_00002398,2025-01-08 09:15:00,Enterprise,credit_card,US-East,mobile_android,success,None,141.4
TX_00002399,2025-01-08 09:17:00,SMB,credit_card,US-East,desktop,success,None,80.88
TX_00002400,2025-01-08 09:27:00,Startup,credit_card,US-East,desktop,success,None,50.64
TX_00002401,2025-01-08 09:31:00,SMB,debit,US-East,mobile_android,success,None,91.0
TX_00002402,2025-01-08 09:35:00,Enterprise,credit_card,US-East,desktop,success,None,184.0
TX_00002403,2025-01-08 09:52:00,SMB,debit,US-East,desktop,success,None,64.76
TX_00002404,2025-01-08 09:57:00,SMB,crypto,EU-Central,mobile_ios,success,None,99.75
TX_00002405,2025-01-08 10:00:00,SMB,debit,US-East,mobile_ios,failed,Invalid PIN,0.0
TX_00002406,2025-01-08 10:01:00,Startup,debit,US-East,desktop,success,None,44.65
TX_00002407,2025-01-08 10:02:00,SMB,crypto,US-East,desktop,success,None,86.7
TX_00002408,2025-01-08 10:03:00,Startup,credit_card,US-East,mobile_ios,success,None,40.31
TX_00002409,2025-01-08 10:05:00,Startup,crypto,US-East,desktop,success,None,37.34
TX_00002410,2025-01-08 10:12:00,Startup,debit,APAC,mobile_android,success,None,40.98
TX_00002411,2025-01-08 10:13:00,Enterprise,debit,EU-Central,desktop,success,None,159.93
TX_00002412,2025-01-08 10:14:00,SMB,credit_card,US-East,mobile_android,success,None,105.89
TX_00002413,2025-01-08 10:18:00,SMB,credit_card,US-West,desktop,success,None,70.12
TX_00002414,2025-01-08 10:19:00,Startup,debit,US-East,desktop,success,None,33.66
TX_00002415,2025-01-08 10:22:00,SMB,debit,US-East,desktop,success,None,73.78
TX_00002416,2025-01-08 10:23:00,SMB,debit,EU-Central,desktop,success,None,101.35
TX_00002417,2025-01-08 10:24:00,SMB,credit_card,US-East,desktop,success,None,96.09
TX_00002418,2025-01-08 10:24:00,SMB,credit_card,US-West,desktop,success,None,83.67
TX_00002419,2025-01-08 10:26:00,SMB,credit_card,US-West,mobile_android,success,None,78.5
TX_00002420,2025-01-08 10:27:00,SMB,credit_card,US-West,desktop,success,None,65.52
TX_00002421,2025-01-08 10:37:00,Enterprise,credit_card,APAC,mobile_android,success,None,185.75
TX_00002422,2025-01-08 10:40:00,Enterprise,credit_card,EU-Central,desktop,failed,Card expired,0.0
TX_00002423,2025-01-08 10:44:00,SMB,credit_card,EU-Central,mobile_ios,success,None,57.97
TX_00002424,2025-01-08 10:45:00,Startup,credit_card,US-East,mobile_android,success,None,45.89
TX_00002425,2025-01-08 10:48:00,SMB,credit_card,US-East,mobile_android,success,None,76.3
TX_00002426,2025-01-08 10:49:00,SMB,crypto,EU-Central,desktop,success,None,61.78
TX_00002427,2025-01-08 10:56:00,SMB,debit,APAC,mobile_ios,success,None,67.69
TX_00002428,2025-01-08 10:57:00,SMB,debit,US-West,desktop,success,None,84.29
TX_00002429,2025-01-08 10:58:00,Startup,credit_card,APAC,desktop,success,None,56.47
TX_00002430,2025-01-08 11:00:00,Enterprise,debit,US-East,mobile_ios,success,None,170.05
TX_00002431,2025-01-08 11:04:00,Startup,credit_card,US-East,desktop,success,None,56.44
TX_00002432,2025-01-08 11:08:00,Startup,crypto,US-East,desktop,success,None,46.47
TX_00002433,2025-01-08 11:09:00,Startup,debit,US-West,desktop,success,None,44.78
TX_00002434,2025-01-08 11:10:00,SMB,credit_card,EU-Central,desktop,success,None,76.08
TX_00002435,2025-01-08 11:11:00,SMB,debit,US-East,desktop,success,None,102.21
TX_00002436,2025-01-08 11:14:00,Startup,credit_card,APAC,mobile_android,success,None,49.47
TX_00002437,2025-01-08 11:14:00,Enterprise,credit_card,US-West,desktop,success,None,152.77
TX_00002438,2025-01-08 11:16:00,Startup,debit,US-West,mobile_ios,success,None,30.82
TX_00002439,2025-01-08 11:19:00,Startup,credit_card,EU-Central,mobile_ios,success,None,45.63
TX_00002440,2025-01-08 11:22:00,Startup,credit_card,US-East,mobile_ios,failed,Insufficient funds,0.0
TX_00002441,2025-01-08 11:22:00,Enterprise,debit,EU-Central,mobile_ios,success,None,140.92
TX_00002442,2025-01-08 11:23:00,Startup,credit_card,US-East,mobile_ios,success,None,27.2
TX_00002443,2025-01-08 11:26:00,Startup,debit,US-East,desktop,success,None,42.72
TX_00002444,2025-01-08 11:30:00,Startup,crypto,US-West,desktop,success,None,32.04
TX_00002445,2025-01-08 11:35:00,Enterprise,credit_card,APAC,mobile_android,success,None,146.46
TX_00002446,2025-01-08 11:35:00,Enterprise,credit_card,US-West,mobile_android,success,None,187.98
TX_00002447,2025-01-08 11:36:00,SMB,credit_card,US-West,mobile_ios,success,None,91.43
TX_00002448,2025-01-08 11:36:00,Enterprise,credit_card,EU-Central,desktop,success,None,142.98
TX_00002449,2025-01-08 11:38:00,SMB,credit_card,US-East,desktop,success,None,69.21
TX_00002450,2025-01-08 11:45:00,Startup,credit_card,EU-Central,desktop,success,None,42.96
TX_00002451,2025-01-08 11:47:00,SMB,credit_card,US-West,mobile_ios,success,None,99.88
TX_00002452,2025-01-08 11:49:00,Startup,credit_card,US-East,mobile_ios,success,None,43.06
TX_00002453,2025-01-08 11:49:00,Enterprise,debit,US-East,mobile_ios,success,None,128.47
TX_00002454,2025-01-08 11:49:00,SMB,debit,US-East,mobile_ios,success,None,98.89
TX_00002455,2025-01-08 11:53:00,Enterprise,debit,US-East,desktop,success,None,142.41
TX_00002456,2025-01-08 11:54:00,SMB,credit_card,US-East,mobile_ios,failed,Invalid PIN,0.0
TX_00002457,2025-01-08 11:59:00,Startup,credit_card,US-East,desktop,success,None,31.14
TX_00002458,2025-01-08 12:00:00,Enterprise,debit,US-West,mobile_ios,success,None,132.6
TX_00002459,2025-01-08 12:05:00,Startup,credit_card,US-West,desktop,success,None,23.18
TX_00002460,2025-01-08 12:08:00,SMB,credit_card,US-West,desktop,success,None,55.81
TX_00002461,2025-01-08 12:13:00,Startup,debit,US-East,desktop,success,None,55.5
TX_00002462,2025-01-08 12:16:00,Enterprise,credit_card,EU-Central,mobile_android,success,None,169.68
TX_00002463,2025-01-08 12:25:00,SMB,credit_card,US-East,mobile_ios,success,None,80.1
TX_00002464,2025-01-08 12:28:00,Enterprise,debit,US-West,desktop,success,None,184.8
TX_00002465,2025-01-08 12:31:00,SMB,crypto,US-East,mobile_ios,success,None,66.42
TX_00002466,2025-01-08 12:32:00,SMB,credit_card,US-West,mobile_ios,success,None,100.95
TX_00002467,2025-01-08 12:37:00,Startup,credit_card,US-East,mobile_ios,success,None,14.44
TX_00002468,2025-01-08 12:39:00,Startup,credit_card,EU-Central,desktop,success,None,43.85
TX_00002469,2025-01-08 12:46:00,Startup,debit,EU-Central,desktop,success,None,25.21
TX_00002470,2025-01-08 12:48:00,SMB,credit_card,EU-Central,desktop,success,None,83.07
TX_00002471,2025-01-08 13:00:00,Enterprise,credit_card,US-East,desktop,success,None,139.82
TX_00002472,2025-01-08 13:00:00,SMB,crypto,US-East,mobile_ios,success,None,77.69
TX_00002473,2025-01-08 13:00:00,Startup,credit_card,APAC,desktop,success,None,55.2
TX_00002474,2025-01-08 13:11:00,Startup,crypto,US-West,desktop,success,None,53.57
TX_00002475,2025-01-08 13:15:00,Startup,crypto,APAC,desktop,success,None,53.2
TX_00002476,2025-01-08 13:18:00,Startup,credit_card,US-East,desktop,success,None,57.64
TX_00002477,2025-01-08 13:26:00,Enterprise,debit,APAC,mobile_android,success,None,147.43
TX_00002478,2025-01-08 13:29:00,SMB,credit_card,APAC,mobile_android,success,None,80.05
TX_00002479,2025-01-08 13:31:00,Enterprise,debit,US-West,desktop,success,None,143.69
TX_00002480,2025-01-08 13:32:00,SMB,debit,US-East,mobile_android,success,None,81.05
TX_00002481,2025-01-08 13:32:00,Enterprise,credit_card,US-West,desktop,success,None,210.44
TX_00002482,2025-01-08 13:33:00,SMB,debit,APAC,mobile_ios,success,None,90.1
TX_00002483,2025-01-08 13:40:00,Startup,debit,EU-Central,desktop,success,None,31.83
TX_00002484,2025-01-08 13:45:00,Startup,credit_card,US-East,desktop,success,None,24.56
TX_00002485,2025-01-08 13:52:00,Startup,credit_card,US-East,mobile_android,success,None,22.57
TX_00002486,2025-01-08 13:53:00,Startup,credit_card,EU-Central,mobile_android,success,None,26.39
TX_00002487,2025-01-08 13:56:00,Enterprise,credit_card,US-West,desktop,success,None,154.46
TX_00002488,2025-01-08 14:02:00,Enterprise,crypto,EU-Central,mobile_android,success,None,126.84
TX_00002489,2025-01-08 14:09:00,Startup,debit,EU-Central,mobile_ios,success,None,42.4
TX_00002490,2025-01-08 14:11:00,SMB,credit_card,APAC,desktop,success,None,60.61
TX_00002491,2025-01-08 14:18:00,SMB,credit_card,US-East,desktop,success,None,81.71
TX_00002492,2025-01-08 14:20:00,SMB,credit_card,US-East,desktop,success,None,63.57
TX_00002493,2025-01-08 14:22:00,SMB,credit_card,US-East,mobile_ios,success,None,66.24
TX_00002494,2025-01-08 14:34:00,SMB,credit_card,APAC,mobile_android,success,None,79.94
TX_00002495,2025-01-08 14:36:00,SMB,credit_card,US-West,mobile_ios,success,None,71.52
TX_00002496,2025-01-08 14:45:00,SMB,credit_card,US-East,mobile_ios,success,None,92.07
TX_00002497,2025-01-08 14:46:00,Startup,crypto,US-East,mobile_ios,success,None,47.85
TX_00002498,2025-01-08 14:46:00,SMB,debit,US-East,desktop,success,None,81.95
TX_00002499,2025-01-08 14:52:00,SMB,debit,EU-Central,desktop,success,None,99.57
TX_00002500,2025-01-08 14:53:00,SMB,credit_card,EU-Central,desktop,success,None,65.87
TX_00002501,2025-01-08 14:53:00,SMB,crypto,US-West,mobile_ios,success,None,63.07
TX_00002502,2025-01-08 14:54:00,Startup,debit,US-East,mobile_android,success,None,23.71
TX_00002503,2025-01-08 14:55:00,Startup,debit,APAC,desktop,success,None,42.14
TX_00002504,2025-01-08 14:56:00,Startup,credit_card,US-East,desktop,success,None,26.15
TX_00002505,2025-01-08 15:03:00,SMB,credit_card,US-West,mobile_ios,success,None,72.95
TX_00002506,2025-01-08 15:08:00,SMB,credit_card,US-East,desktop,success,None,68.02
TX_00002507,2025-01-08 15:17:00,SMB,credit_card,US-East,mobile_ios,success,None,57.29
TX_00002508,2025-01-08 15:18:00,SMB,debit,US-East,desktop,success,None,73.66
TX_00002509,2025-01-08 15:21:00,SMB,crypto,US-West,mobile_ios,success,None,69.46
TX_00002510,2025-01-08 15:22:00,SMB,credit_card,US-West,mobile_ios,success,None,75.76
TX_00002511,2025-01-08 15:23:00,SMB,credit_card,US-East,desktop,success,None,82.77
TX_00002512,2025-01-08 15:25:00,Startup,debit,US-East,mobile_android,success,None,58.86
TX_00002513,2025-01-08 15:29:00,Enterprise,credit_card,EU-Central,desktop,success,None,131.46
TX_00002514,2025-01-08 15:36:00,Startup,debit,US-East,desktop,success,None,45.17
TX_00002515,2025-01-08 15:37:00,Enterprise,debit,US-East,desktop,success,None,121.6
TX_00002516,2025-01-08 15:43:00,Enterprise,credit_card,US-West,mobile_android,success,None,191.48
TX_00002517,2025-01-08 15:43:00,Startup,debit,EU-Central,desktop,success,None,37.67
TX_00002518,2025-01-08 15:53:00,Startup,credit_card,US-East,desktop,success,None,52.99
TX_00002519,2025-01-08 15:59:00,Enterprise,debit,APAC,mobile_ios,success,None,157.26
TX_00002520,2025-01-08 16:06:00,SMB,debit,US-East,desktop,success,None,87.23
TX_00002521,2025-01-08 16:09:00,SMB,debit,US-East,desktop,success,None,39.91
TX_00002522,2025-01-08 16:13:00,SMB,credit_card,US-East,desktop,success,None,101.68
TX_00002523,2025-01-08 16:24:00,Startup,credit_card,US-West,mobile_android,success,None,47.39
TX_00002524,2025-01-08 16:43:00,Startup,credit_card,US-East,mobile_android,success,None,65.16
TX_00002525,2025-01-08 16:45:00,Startup,credit_card,US-West,desktop,success,None,40.75
TX_00002526,2025-01-08 16:47:00,SMB,debit,US-East,mobile_ios,success,None,96.06
TX_00002527,2025-01-08 16:47:00,Startup,credit_card,US-East,desktop,success,None,49.06
TX_00002528,2025-01-08 16:53:00,SMB,debit,EU-Central,mobile_ios,success,None,92.37
TX_00002529,2025-01-08 16:53:00,Startup,credit_card,EU-Central,desktop,success,None,47.4
TX_00002530,2025-01-08 16:54:00,Startup,credit_card,US-East,desktop,success,None,30.65
TX_00002531,2025-01-08 16:55:00,SMB,debit,US-West,mobile_ios,success,None,80.15
TX_00002532,2025-01-08 17:01:00,SMB,credit_card,US-West,desktop,success,None,65.5
TX_00002533,2025-01-08 17:08:00,SMB,debit,US-East,desktop,success,None,83.62
TX_00002534,2025-01-08 17:10:00,Enterprise,credit_card,US-West,mobile_android,success,None,159.81
TX_00002535,2025-01-08 17:10:00,Startup,crypto,US-East,mobile_android,success,None,27.22
TX_00002536,2025-01-08 17:11:00,SMB,credit_card,US-West,desktop,success,None,67.12
TX_00002537,2025-01-08 17:16:00,SMB,debit,EU-Central,mobile_ios,success,None,74.88
TX_00002538,2025-01-08 17:20:00,SMB,credit_card,US-East,mobile_ios,success,None,65.53
TX_00002539,2025-01-08 17:22:00,Startup,credit_card,US-East,desktop,success,None,32.16
TX_00002540,2025-01-08 17:30:00,Enterprise,crypto,US-East,mobile_android,success,None,159.07
TX_00002541,2025-01-08 17:30:00,Startup,debit,APAC,mobile_ios,success,None,37.09
TX_00002542,2025-01-08 17:33:00,Startup,credit_card,EU-Central,mobile_ios,success,None,48.1
TX_00002543,2025-01-08 17:38:00,Startup,credit_card,US-East,desktop,success,None,36.88
TX_00002544,2025-01-08 17:38:00,SMB,credit_card,US-West,desktop,success,None,87.33
TX_00002545,2025-01-08 17:39:00,SMB,credit_card,US-East,desktop,success,None,68.23
TX_00002546,2025-01-08 17:51:00,SMB,debit,US-West,desktop,failed,Invalid PIN,0.0
TX_00002547,2025-01-08 17:54:00,SMB,credit_card,US-West,desktop,success,None,101.09
TX_00002548,2025-01-08 17:56:00,SMB,credit_card,APAC,desktop,success,None,72.45
TX_00002549,2025-01-08 17:57:00,Startup,debit,US-East,desktop,success,None,44.53
TX_00002550,2025-01-08 18:01:00,SMB,credit_card,US-West,desktop,success,None,68.03
TX_00002551,2025-01-08 18:02:00,Startup,debit,EU-Central,desktop,success,None,37.95
TX_00002552,2025-01-08 18:04:00,Enterprise,crypto,EU-Central,desktop,success,None,168.71
TX_00002553,2025-01-08 18:11:00,Startup,credit_card,US-West,desktop,success,None,43.16
TX_00002554,2025-01-08 18:12:00,Startup,debit,US-West,mobile_ios,success,None,23.4
TX_00002555,2025-01-08 18:13:00,Startup,credit_card,US-East,desktop,success,None,51.42
TX_00002556,2025-01-08 18:13:00,Startup,credit_card,US-West,mobile_android,success,None,43.42
TX_00002557,2025-01-08 18:14:00,Startup,credit_card,EU-Central,mobile_ios,success,None,44.56
TX_00002558,2025-01-08 18:22:00,Startup,credit_card,APAC,mobile_ios,success,None,42.72
TX_00002559,2025-01-08 18:25:00,SMB,credit_card,EU-Central,mobile_android,success,None,80.0
TX_00002560,2025-01-08 18:30:00,SMB,credit_card,US-East,desktop,success,None,81.55
TX_00002561,2025-01-08 18:37:00,Enterprise,debit,EU-Central,desktop,success,None,160.49
TX_00002562,2025-01-08 18:45:00,Enterprise,debit,US-East,desktop,success,None,156.42
TX_00002563,2025-01-08 18:47:00,SMB,crypto,US-East,desktop,success,None,98.46
TX_00002564,2025-01-08 18:51:00,Enterprise,credit_card,US-West,desktop,success,None,133.73
TX_00002565,2025-01-08 19:01:00,SMB,credit_card,US-East,mobile_android,success,None,81.34
TX_00002566,2025-01-08 19:12:00,SMB,credit_card,APAC,desktop,success,None,70.81
TX_00002567,2025-01-08 19:20:00,Enterprise,credit_card,US-West,mobile_android,success,None,139.93
TX_00002568,2025-01-08 19:21:00,Startup,credit_card,US-West,mobile_ios,success,None,24.57
TX_00002569,2025-01-08 19:26:00,Enterprise,debit,US-West,mobile_ios,success,None,144.9
TX_00002570,2025-01-08 19:29:00,Startup,credit_card,EU-Central,desktop,success,None,75.47
TX_00002571,2025-01-08 19:34:00,SMB,credit_card,US-West,mobile_ios,success,None,86.33
TX_00002572,2025-01-08 19:34:00,Startup,credit_card,US-East,desktop,success,None,42.79
TX_00002573,2025-01-08 19:38:00,Startup,credit_card,EU-Central,desktop,success,None,30.64
TX_00002574,2025-01-08 19:41:00,Startup,credit_card,US-East,mobile_android,success,None,42.8
TX_00002575,2025-01-08 19:47:00,Startup,credit_card,US-East,desktop,success,None,28.38
TX_00002576,2025-01-08 19:59:00,Enterprise,debit,US-West,desktop,success,None,170.19
TX_00002577,2025-01-08 20:00:00,Startup,credit_card,US-East,mobile_android,success,None,29.06
TX_00002578,2025-01-08 20:03:00,Startup,debit,APAC,desktop,success,None,70.68
TX_00002579,2025-01-08 20:04:00,Startup,credit_card,US-West,mobile_ios,success,None,43.92
TX_00002580,2025-01-08 20:14:00,Startup,credit_card,APAC,mobile_ios,success,None,29.38
TX_00002581,2025-01-08 20:22:00,SMB,debit,US-East,desktop,success,None,68.42
TX_00002582,2025-01-08 20:23:00,Startup,credit_card,APAC,mobile_android,success,None,41.49
TX_00002583,2025-01-08 20:28:00,SMB,credit_card,US-East,mobile_android,success,None,105.05
TX_00002584,2025-01-08 20:32:00,SMB,debit,US-East,desktop,success,None,79.32
TX_00002585,2025-01-08 20:34:00,Enterprise,credit_card,US-East,desktop,success,None,91.04
TX_00002586,2025-01-08 20:34:00,Startup,credit_card,US-West,mobile_ios,success,None,39.03
TX_00002587,2025-01-08 20:37:00,Enterprise,debit,US-East,mobile_ios,success,None,160.44
TX_00002588,2025-01-08 20:39:00,SMB,debit,US-West,mobile_ios,success,None,64.68
TX_00002589,2025-01-08 20:49:00,SMB,credit_card,US-East,desktop,success,None,73.3
TX_00002590,2025-01-08 20:52:00,Startup,credit_card,US-East,desktop,success,None,51.7
TX_00002591,2025-01-08 20:54:00,Startup,debit,US-West,mobile_android,success,None,46.69
TX_00002592,2025-01-08 20:56:00,SMB,credit_card,US-East,desktop,success,None,81.83
TX_00002593,2025-01-08 20:58:00,Enterprise,credit_card,EU-Central,mobile_ios,success,None,141.81
TX_00002594,2025-01-08 21:00:00,Startup,credit_card,US-West,mobile_android,success,None,37.77
TX_00002595,2025-01-08 21:04:00,Startup,crypto,APAC,desktop,success,None,35.57
TX_00002596,2025-01-08 21:05:00,Startup,credit_card,US-East,mobile_ios,success,None,53.53
TX_00002597,2025-01-08 21:09:00,SMB,debit,APAC,desktop,success,None,89.91
TX_00002598,2025-01-08 21:10:00,Startup,credit_card,US-West,mobile_android,success,None,51.16
TX_00002599,2025-01-08 21:11:00,SMB,credit_card,APAC,desktop,success,None,127.87
TX_00002600,2025-01-08 21:13:00,SMB,debit,US-East,desktop,success,None,66.62
TX_00002601,2025-01-08 21:17:00,SMB,crypto,EU-Central,mobile_ios,success,None,65.02
TX_00002602,2025-01-08 21:20:00,SMB,credit_card,EU-Central,mobile_ios,success,None,51.1
TX_00002603,2025-01-08 21:20:00,Startup,credit_card,US-East,desktop,success,None,44.44
TX_00002604,2025-01-08 21:22:00,SMB,crypto,US-West,desktop,success,None,67.47
TX_00002605,2025-01-08 21:32:00,SMB,debit,EU-Central,desktop,success,None,67.39
TX_00002606,2025-01-08 21:41:00,SMB,credit_card,US-West,desktop,success,None,69.76
TX_00002607,2025-01-08 21:42:00,Enterprise,credit_card,US-East,mobile_ios,success,None,135.42
TX_00002608,2025-01-08 21:42:00,SMB,debit,US-West,desktop,success,None,55.84
TX_00002609,2025-01-08 21:43:00,SMB,debit,US-East,mobile_ios,success,None,115.29
TX_00002610,2025-01-08 21:44:00,Enterprise,crypto,EU-Central,mobile_android,success,None,103.97
TX_00002611,2025-01-08 21:50:00,Startup,credit_card,US-East,mobile_android,success,None,48.77
TX_00002612,2025-01-08 21:52:00,Startup,credit_card,US-East,mobile_ios,success,None,46.99
TX_00002613,2025-01-08 21:54:00,Startup,debit,US-East,desktop,failed,Insufficient funds,0.0
TX_00002614,2025-01-08 21:57:00,SMB,credit_card,US-West,desktop,success,None,72.0
TX_00002615,2025-01-08 22:07:00,Startup,credit_card,APAC,mobile_android,success,None,32.29
TX_00002616,2025-01-08 22:10:00,Startup,credit_card,US-East,mobile_android,success,None,25.53
TX_00002617,2025-01-08 22:10:00,Startup,credit_card,US-East,desktop,success,None,57.28
TX_00002618,2025-01-08 22:11:00,Startup,credit_card,US-East,mobile_android,success,None,34.77
TX_00002619,2025-01-08 22:13:00,SMB,debit,EU-Central,mobile_android,success,None,79.83
TX_00002620,2025-01-08 22:15:00,Startup,debit,US-West,mobile_android,success,None,36.68
TX_00002621,2025-01-08 22:21:00,SMB,credit_card,US-East,mobile_ios,success,None,101.52
TX_00002622,2025-01-08 22:22:00,SMB,credit_card,US-West,mobile_android,success,None,71.37
TX_00002623,2025-01-08 22:25:00,SMB,credit_card,US-East,mobile_android,success,None,67.75
TX_00002624,2025-01-08 22:34:00,Enterprise,debit,US-West,desktop,success,None,175.5
TX_00002625,2025-01-08 22:35:00,Startup,credit_card,US-East,mobile_android,success,None,37.24
TX_00002626,2025-01-08 22:37:00,SMB,debit,EU-Central,desktop,success,None,96.65
TX_00002627,2025-01-08 22:39:00,SMB,credit_card,APAC,desktop,success,None,87.67
TX_00002628,2025-01-08 22:40:00,Startup,credit_card,EU-Central,mobile_ios,success,None,30.77
TX_00002629,2025-01-08 22:42:00,SMB,debit,US-West,mobile_ios,success,None,80.31
TX_00002630,2025-01-08 22:45:00,Enterprise,credit_card,US-West,mobile_android,success,None,120.6
TX_00002631,2025-01-08 23:00:00,Startup,credit_card,US-East,desktop,success,None,53.45
TX_00002632,2025-01-08 23:08:00,Startup,credit_card,EU-Central,desktop,success,None,31.76
TX_00002633,2025-01-08 23:25:00,SMB,credit_card,US-West,desktop,success,None,44.56
TX_00002634,2025-01-08 23:32:00,Startup,credit_card,APAC,desktop,success,None,29.62
TX_00002635,2025-01-08 23:56:00,SMB,credit_card,US-East,mobile_ios,success,None,103.78
TX_00002636,2025-01-08 23:56:00,SMB,debit,EU-Central,desktop,success,None,84.78
TX_00002637,2025-01-09 00:03:00,SMB,debit,US-West,desktop,success,None,80.23
TX_00002638,2025-01-09 00:08:00,SMB,debit,US-East,desktop,success,None,55.15
TX_00002639,2025-01-09 00:09:00,Startup,credit_card,US-West,mobile_ios,success,None,56.77
TX_00002640,2025-01-09 00:11:00,Startup,debit,APAC,desktop,success,None,51.87
TX_00002641,2025-01-09 00:14:00,SMB,credit_card,APAC,mobile_ios,success,None,64.31
TX_00002642,2025-01-09 00:16:00,SMB,credit_card,EU-Central,desktop,success,None,54.28
TX_00002643,2025-01-09 00:19:00,Startup,credit_card,US-East,desktop,success,None,46.87
TX_00002644,2025-01-09 00:29:00,SMB,crypto,EU-Central,mobile_android,success,None,93.78
TX_00002645,2025-01-09 00:35:00,SMB,credit_card,US-West,desktop,success,None,85.47
TX_00002646,2025-01-09 00:36:00,Startup,crypto,US-East,mobile_ios,success,None,51.7
TX_00002647,2025-01-09 00:39:00,Startup,credit_card,US-East,mobile_ios,success,None,42.0
TX_00002648,2025-01-09 00:40:00,Startup,credit_card,US-East,mobile_ios,success,None,33.43
TX_00002649,2025-01-09 00:41:00,SMB,credit_card,US-East,mobile_ios,failed,Insufficient funds,0.0
TX_00002650,2025-01-09 00:43:00,Startup,debit,EU-Central,mobile_ios,success,None,52.65
TX_00002651,2025-01-09 00:49:00,SMB,credit_card,US-East,mobile_ios,success,None,71.56
TX_00002652,2025-01-09 00:57:00,SMB,debit,US-East,desktop,success,None,86.23
TX_00002653,2025-01-09 01:00:00,SMB,debit,US-East,desktop,success,None,75.52
TX_00002654,2025-01-09 01:00:00,SMB,debit,US-West,mobile_android,success,None,76.64
TX_00002655,2025-01-09 01:06:00,SMB,credit_card,US-East,mobile_android,success,None,61.4
TX_00002656,2025-01-09 01:10:00,SMB,crypto,US-East,desktop,success,None,86.42
TX_00002657,2025-01-09 01:13:00,Enterprise,debit,US-East,desktop,success,None,137.68
TX_00002658,2025-01-09 01:13:00,Startup,credit_card,US-West,desktop,success,None,26.41
TX_00002659,2025-01-09 01:15:00,SMB,debit,US-East,mobile_ios,success,None,85.52
TX_00002660,2025-01-09 01:20:00,Enterprise,credit_card,US-West,desktop,success,None,151.2
TX_00002661,2025-01-09 01:33:00,SMB,credit_card,US-East,mobile_ios,success,None,46.37
TX_00002662,2025-01-09 01:38:00,Enterprise,credit_card,US-East,mobile_android,success,None,191.42
TX_00002663,2025-01-09 01:38:00,Startup,credit_card,US-East,mobile_android,success,None,36.48
TX_00002664,2025-01-09 01:38:00,Enterprise,credit_card,US-East,desktop,success,None,141.21
TX_00002665,2025-01-09 01:40:00,Startup,credit_card,US-East,mobile_android,success,None,51.28
TX_00002666,2025-01-09 01:57:00,Enterprise,debit,US-East,mobile_ios,success,None,153.33
TX_00002667,2025-01-09 01:59:00,SMB,crypto,US-East,desktop,success,None,77.35
TX_00002668,2025-01-09 02:10:00,Startup,crypto,EU-Central,desktop,success,None,39.47
TX_00002669,2025-01-09 02:13:00,Startup,credit_card,US-East,mobile_ios,success,None,51.53
TX_00002670,2025-01-09 02:13:00,Enterprise,debit,EU-Central,mobile_android,success,None,165.9
TX_00002671,2025-01-09 02:16:00,Startup,credit_card,EU-Central,desktop,success,None,23.37
TX_00002672,2025-01-09 02:22:00,SMB,debit,EU-Central,desktop,success,None,94.48
TX_00002673,2025-01-09 02:23:00,Startup,credit_card,US-East,desktop,success,None,45.66
TX_00002674,2025-01-09 02:24:00,Startup,credit_card,EU-Central,mobile_android,success,None,43.11
TX_00002675,2025-01-09 02:29:00,Startup,debit,US-East,mobile_android,success,None,35.77
TX_00002676,2025-01-09 02:32:00,Startup,credit_card,US-East,desktop,success,None,57.03
TX_00002677,2025-01-09 02:33:00,SMB,credit_card,US-East,desktop,success,None,87.3
TX_00002678,2025-01-09 02:36:00,Startup,debit,APAC,mobile_android,success,None,47.33
TX_00002679,2025-01-09 02:38:00,SMB,credit_card,US-East,mobile_ios,success,None,71.08
TX_00002680,2025-01-09 02:43:00,Enterprise,credit_card,APAC,mobile_android,success,None,120.09
TX_00002681,2025-01-09 02:48:00,Enterprise,credit_card,US-East,mobile_android,success,None,144.7
TX_00002682,2025-01-09 02:49:00,Enterprise,credit_card,APAC,desktop,success,None,116.47
TX_00002683,2025-01-09 02:51:00,Startup,credit_card,APAC,mobile_ios,success,None,44.15
TX_00002684,2025-01-09 02:54:00,SMB,debit,APAC,desktop,failed,Invalid PIN,0.0
TX_00002685,2025-01-09 02:55:00,SMB,credit_card,US-West,mobile_android,success,None,75.15
TX_00002686,2025-01-09 02:55:00,Enterprise,debit,EU-Central,mobile_ios,success,None,162.41
TX_00002687,2025-01-09 03:00:00,SMB,credit_card,APAC,mobile_android,success,None,86.04
TX_00002688,2025-01-09 03:03:00,Startup,credit_card,US-East,mobile_android,success,None,45.61
TX_00002689,2025-01-09 03:04:00,SMB,debit,US-West,desktop,success,None,103.6
TX_00002690,2025-01-09 03:05:00,Startup,debit,EU-Central,desktop,success,None,37.92
TX_00002691,2025-01-09 03:06:00,Startup,debit,US-East,desktop,success,None,51.78
TX_00002692,2025-01-09 03:07:00,Startup,crypto,EU-Central,mobile_android,success,None,59.61
TX_00002693,2025-01-09 03:22:00,SMB,credit_card,US-East,mobile_android,success,None,59.83
TX_00002694,2025-01-09 03:25:00,Startup,credit_card,US-West,mobile_android,success,None,43.57
TX_00002695,2025-01-09 03:35:00,SMB,debit,US-East,mobile_ios,success,None,79.08
TX_00002696,2025-01-09 03:37:00,Startup,credit_card,US-East,desktop,success,None,33.36
TX_00002697,2025-01-09 03:38:00,SMB,credit_card,US-East,desktop,success,None,73.88
TX_00002698,2025-01-09 03:39:00,SMB,credit_card,EU-Central,desktop,success,None,53.32
TX_00002699,2025-01-09 03:45:00,Enterprise,debit,US-East,mobile_ios,success,None,119.96
TX_00002700,2025-01-09 04:00:00,Startup,credit_card,EU-Central,mobile_android,success,None,45.48
TX_00002701,2025-01-09 04:03:00,SMB,credit_card,EU-Central,desktop,success,None,89.48
TX_00002702,2025-01-09 04:07:00,SMB,credit_card,US-West,mobile_android,success,None,79.79
TX_00002703,2025-01-09 04:12:00,SMB,debit,US-East,desktop,success,None,91.21
TX_00002704,2025-01-09 04:17:00,Startup,credit_card,US-East,desktop,success,None,36.91
TX_00002705,2025-01-09 04:21:00,Startup,credit_card,US-West,mobile_ios,success,None,37.36
TX_00002706,2025-01-09 04:35:00,SMB,debit,US-East,desktop,success,None,75.2
TX_00002707,2025-01-09 04:41:00,Startup,crypto,US-West,mobile_android,success,None,36.1
TX_00002708,2025-01-09 04:54:00,SMB,debit,APAC,desktop,success,None,67.33
TX_00002709,2025-01-09 04:59:00,SMB,debit,US-East,desktop,success,None,73.72
TX_00002710,2025-01-09 05:04:00,Startup,credit_card,US-West,mobile_android,success,None,48.65
TX_00002711,2025-01-09 05:04:00,Enterprise,credit_card,APAC,mobile_android,success,None,176.91
TX_00002712,2025-01-09 05:06:00,SMB,credit_card,EU-Central,mobile_ios,success,None,55.03
TX_00002713,2025-01-09 05:06:00,SMB,debit,EU-Central,desktop,success,None,97.21
TX_00002714,2025-01-09 05:06:00,SMB,credit_card,EU-Central,desktop,success,None,67.7
TX_00002715,2025-01-09 05:11:00,SMB,debit,US-East,desktop,success,None,75.16
TX_00002716,2025-01-09 05:15:00,SMB,crypto,EU-Central,desktop,success,None,83.89
TX_00002717,2025-01-09 05:17:00,Enterprise,credit_card,APAC,mobile_android,success,None,203.89
TX_00002718,2025-01-09 05:44:00,SMB,credit_card,US-West,desktop,success,None,72.57
TX_00002719,2025-01-09 05:47:00,SMB,credit_card,US-East,desktop,success,None,99.45
TX_00002720,2025-01-09 05:51:00,SMB,credit_card,US-West,mobile_ios,success,None,66.72
TX_00002721,2025-01-09 05:54:00,Enterprise,credit_card,US-East,mobile_android,success,None,111.58
TX_00002722,2025-01-09 06:09:00,Startup,debit,US-East,desktop,success,None,49.87
TX_00002723,2025-01-09 06:09:00,SMB,credit_card,US-West,desktop,success,None,76.72
TX_00002724,2025-01-09 06:27:00,Startup,credit_card,US-West,desktop,failed,Card expired,0.0
TX_00002725,2025-01-09 06:28:00,Startup,credit_card,US-West,desktop,success,None,34.89
TX_00002726,2025-01-09 06:36:00,Startup,crypto,US-East,desktop,success,None,39.21
TX_00002727,2025-01-09 06:38:00,SMB,debit,EU-Central,mobile_ios,success,None,76.03
TX_00002728,2025-01-09 06:38:00,SMB,crypto,US-East,desktop,failed,Card expired,0.0
TX_00002729,2025-01-09 06:46:00,SMB,crypto,US-East,desktop,success,None,71.68
TX_00002730,2025-01-09 06:47:00,Startup,credit_card,US-West,desktop,success,None,36.03
TX_00002731,2025-01-09 06:49:00,SMB,credit_card,US-East,mobile_android,success,None,92.45
TX_00002732,2025-01-09 06:54:00,Startup,credit_card,US-East,mobile_ios,success,None,45.06
TX_00002733,2025-01-09 06:58:00,Startup,credit_card,US-East,mobile_android,success,None,45.42
TX_00002734,2025-01-09 06:59:00,SMB,debit,EU-Central,desktop,success,None,92.71
TX_00002735,2025-01-09 06:59:00,Enterprise,credit_card,US-West,mobile_android,success,None,113.99
TX_00002736,2025-01-09 06:59:00,Startup,credit_card,US-East,desktop,success,None,43.25
TX_00002737,2025-01-09 07:04:00,SMB,debit,US-East,desktop,success,None,108.41
TX_00002738,2025-01-09 07:09:00,Enterprise,debit,US-West,mobile_ios,success,None,162.94
TX_00002739,2025-01-09 07:10:00,Startup,debit,EU-Central,mobile_ios,success,None,51.65
TX_00002740,2025-01-09 07:11:00,SMB,credit_card,US-West,mobile_android,success,None,71.65
TX_00002741,2025-01-09 07:13:00,Startup,debit,EU-Central,mobile_ios,success,None,40.03
TX_00002742,2025-01-09 07:14:00,Startup,credit_card,US-West,desktop,success,None,33.82
TX_00002743,2025-01-09 07:17:00,Startup,credit_card,EU-Central,desktop,success,None,47.0
TX_00002744,2025-01-09 07:22:00,SMB,debit,EU-Central,desktop,success,None,77.77
TX_00002745,2025-01-09 07:29:00,SMB,crypto,EU-Central,desktop,success,None,95.13
TX_00002746,2025-01-09 07:30:00,SMB,credit_card,APAC,mobile_ios,success,None,97.5
TX_00002747,2025-01-09 07:35:00,SMB,credit_card,US-West,mobile_ios,success,None,65.18
TX_00002748,2025-01-09 07:38:00,SMB,credit_card,APAC,mobile_android,success,None,96.99
TX_00002749,2025-01-09 07:44:00,SMB,credit_card,US-West,mobile_ios,success,None,90.4
TX_00002750,2025-01-09 07:49:00,SMB,debit,EU-Central,mobile_ios,success,None,91.65
TX_00002751,2025-01-09 07:51:00,SMB,credit_card,US-East,desktop,success,None,70.97
TX_00002752,2025-01-09 07:58:00,Startup,debit,US-West,desktop,success,None,43.31
TX_00002753,2025-01-09 07:59:00,SMB,debit,EU-Central,mobile_android,success,None,72.05
TX_00002754,2025-01-09 08:02:00,Enterprise,credit_card,US-East,mobile_android,success,None,173.13
TX_00002755,2025-01-09 08:03:00,Startup,credit_card,US-West,desktop,success,None,41.12
TX_00002756,2025-01-09 08:15:00,Startup,credit_card,EU-Central,mobile_android,success,None,37.79
TX_00002757,2025-01-09 08:21:00,SMB,credit_card,US-East,mobile_ios,success,None,54.21
TX_00002758,2025-01-09 08:31:00,Enterprise,credit_card,US-West,mobile_android,success,None,154.16
TX_00002759,2025-01-09 08:39:00,SMB,credit_card,US-West,desktop,success,None,93.85
TX_00002760,2025-01-09 08:40:00,Startup,debit,US-West,mobile_ios,success,None,53.9
TX_00002761,2025-01-09 08:41:00,Startup,credit_card,US-East,desktop,success,None,41.82
TX_00002762,2025-01-09 08:55:00,Startup,debit,US-East,mobile_ios,success,None,27.44
TX_00002763,2025-01-09 09:01:00,SMB,credit_card,US-East,desktop,success,None,75.05
TX_00002764,2025-01-09 09:02:00,SMB,debit,US-East,desktop,success,None,86.29
TX_00002765,2025-01-09 09:07:00,Enterprise,crypto,US-East,mobile_ios,success,None,163.58
TX_00002766,2025-01-09 09:07:00,Startup,credit_card,EU-Central,desktop,success,None,53.85
TX_00002767,2025-01-09 09:10:00,Startup,debit,US-West,mobile_ios,success,None,30.55
TX_00002768,2025-01-09 09:27:00,Startup,debit,EU-Central,mobile_ios,success,None,36.41
TX_00002769,2025-01-09 09:40:00,SMB,debit,US-East,mobile_android,success,None,91.56
TX_00002770,2025-01-09 09:49:00,Enterprise,debit,US-West,desktop,success,None,142.95
TX_00002771,2025-01-09 09:52:00,SMB,credit_card,US-East,desktop,success,None,70.88
TX_00002772,2025-01-09 09:52:00,Startup,credit_card,EU-Central,desktop,success,None,34.25
TX_00002773,2025-01-09 09:55:00,Startup,credit_card,EU-Central,desktop,success,None,44.97
TX_00002774,2025-01-09 09:58:00,SMB,credit_card,EU-Central,mobile_ios,success,None,69.6
TX_00002775,2025-01-09 10:00:00,SMB,crypto,US-East,desktop,success,None,91.3
TX_00002776,2025-01-09 10:02:00,SMB,debit,EU-Central,desktop,success,None,76.18
TX_00002777,2025-01-09 10:06:00,SMB,credit_card,US-West,desktop,success,None,87.31
TX_00002778,2025-01-09 10:25:00,Startup,debit,EU-Central,desktop,success,None,33.08
TX_00002779,2025-01-09 10:29:00,SMB,debit,US-West,mobile_android,success,None,74.54
TX_00002780,2025-01-09 10:38:00,Startup,credit_card,US-West,mobile_android,success,None,29.65
TX_00002781,2025-01-09 10:41:00,SMB,credit_card,US-East,mobile_ios,success,None,65.94
TX_00002782,2025-01-09 10:41:00,Startup,credit_card,US-West,desktop,success,None,48.69
TX_00002783,2025-01-09 10:51:00,SMB,debit,US-East,mobile_android,success,None,77.88
TX_00002784,2025-01-09 10:53:00,Startup,debit,US-East,mobile_android,success,None,52.46
TX_00002785,2025-01-09 10:55:00,SMB,credit_card,US-East,mobile_android,success,None,95.7
TX_00002786,2025-01-09 10:57:00,SMB,credit_card,APAC,mobile_ios,success,None,82.28
TX_00002787,2025-01-09 10:58:00,SMB,debit,US-East,desktop,success,None,73.34
TX_00002788,2025-01-09 10:58:00,SMB,crypto,EU-Central,desktop,success,None,85.05
TX_00002789,2025-01-09 11:00:00,SMB,debit,APAC,mobile_android,success,None,103.85
TX_00002790,2025-01-09 11:02:00,SMB,debit,APAC,mobile_android,success,None,74.04
TX_00002791,2025-01-09 11:03:00,Startup,credit_card,EU-Central,desktop,success,None,46.14
TX_00002792,2025-01-09 11:05:00,SMB,credit_card,EU-Central,desktop,success,None,66.83
TX_00002793,2025-01-09 11:11:00,Startup,credit_card,US-East,mobile_ios,success,None,55.33
TX_00002794,2025-01-09 11:12:00,Startup,debit,US-East,mobile_android,success,None,53.01
TX_00002795,2025-01-09 11:17:00,Enterprise,credit_card,US-West,mobile_ios,success,None,164.59
TX_00002796,2025-01-09 11:19:00,Startup,debit,US-West,mobile_ios,success,None,34.2
TX_00002797,2025-01-09 11:21:00,SMB,credit_card,US-East,desktop,success,None,70.32
TX_00002798,2025-01-09 11:25:00,Enterprise,debit,US-West,desktop,success,None,126.2
TX_00002799,2025-01-09 11:25:00,SMB,credit_card,US-West,mobile_ios,success,None,77.83
TX_00002800,2025-01-09 11:27:00,Startup,credit_card,EU-Central,mobile_android,success,None,37.73
TX_00002801,2025-01-09 11:33:00,Enterprise,debit,US-West,desktop,success,None,139.53
TX_00002802,2025-01-09 11:39:00,SMB,credit_card,US-West,desktop,success,None,81.34
TX_00002803,2025-01-09 11:44:00,SMB,crypto,US-West,mobile_ios,success,None,73.78
TX_00002804,2025-01-09 11:46:00,Startup,credit_card,US-West,desktop,success,None,39.77
TX_00002805,2025-01-09 11:57:00,Enterprise,credit_card,APAC,mobile_ios,success,None,148.45
TX_00002806,2025-01-09 12:02:00,Startup,debit,US-East,mobile_ios,success,None,35.52
TX_00002807,2025-01-09 12:03:00,Startup,debit,US-West,mobile_ios,success,None,54.1
TX_00002808,2025-01-09 12:11:00,Startup,credit_card,US-West,mobile_android,success,None,39.0
TX_00002809,2025-01-09 12:13:00,Startup,crypto,US-West,desktop,success,None,53.28
TX_00002810,2025-01-09 12:14:00,Startup,credit_card,US-East,mobile_ios,success,None,57.44
TX_00002811,2025-01-09 12:14:00,Enterprise,credit_card,US-East,desktop,success,None,147.41
TX_00002812,2025-01-09 12:18:00,SMB,credit_card,US-East,mobile_android,success,None,73.53
TX_00002813,2025-01-09 12:25:00,SMB,credit_card,US-East,mobile_android,success,None,85.95
TX_00002814,2025-01-09 12:30:00,SMB,credit_card,EU-Central,desktop,success,None,73.39
TX_00002815,2025-01-09 12:35:00,SMB,credit_card,US-West,desktop,success,None,89.99
TX_00002816,2025-01-09 12:38:00,SMB,credit_card,US-East,desktop,success,None,72.74
TX_00002817,2025-01-09 12:49:00,SMB,debit,US-East,mobile_ios,success,None,104.55
TX_00002818,2025-01-09 12:57:00,Startup,credit_card,US-East,desktop,success,None,43.74
TX_00002819,2025-01-09 12:57:00,Enterprise,crypto,APAC,mobile_ios,success,None,178.01
TX_00002820,2025-01-09 12:58:00,Startup,debit,US-West,mobile_ios,success,None,44.65
TX_00002821,2025-01-09 13:05:00,SMB,credit_card,APAC,mobile_ios,success,None,57.13
TX_00002822,2025-01-09 13:06:00,Startup,credit_card,US-East,mobile_android,success,None,24.43
TX_00002823,2025-01-09 13:06:00,Startup,credit_card,EU-Central,desktop,success,None,29.75
TX_00002824,2025-01-09 13:16:00,SMB,debit,US-East,mobile_android,success,None,75.04
TX_00002825,2025-01-09 13:17:00,SMB,credit_card,US-East,desktop,success,None,101.88
TX_00002826,2025-01-09 13:23:00,SMB,credit_card,US-East,desktop,success,None,90.77
TX_00002827,2025-01-09 13:29:00,SMB,crypto,US-West,desktop,success,None,88.93
TX_00002828,2025-01-09 13:30:00,Startup,debit,US-East,mobile_ios,success,None,45.45
TX_00002829,2025-01-09 13:36:00,Startup,credit_card,US-West,desktop,success,None,39.69
TX_00002830,2025-01-09 13:36:00,Enterprise,credit_card,EU-Central,mobile_ios,success,None,129.67
TX_00002831,2025-01-09 13:42:00,Enterprise,debit,US-East,desktop,success,None,173.14
TX_00002832,2025-01-09 13:52:00,SMB,debit,US-East,mobile_android,success,None,91.33
TX_00002833,2025-01-09 13:56:00,Enterprise,credit_card,EU-Central,mobile_ios,success,None,117.27
TX_00002834,2025-01-09 14:00:00,Startup,credit_card,US-West,mobile_ios,success,None,36.76
TX_00002835,2025-01-09 14:03:00,Enterprise,debit,EU-Central,mobile_android,failed,Invalid PIN,0.0
TX_00002836,2025-01-09 14:13:00,SMB,debit,US-East,mobile_ios,success,None,59.14
TX_00002837,2025-01-09 14:19:00,Enterprise,debit,US-East,desktop,success,None,161.64
TX_00002838,2025-01-09 14:28:00,SMB,credit_card,US-East,desktop,success,None,58.83
TX_00002839,2025-01-09 14:28:00,Startup,crypto,APAC,mobile_ios,success,None,48.23
TX_00002840,2025-01-09 14:30:00,SMB,credit_card,EU-Central,desktop,success,None,73.79
TX_00002841,2025-01-09 14:31:00,Startup,credit_card,APAC,desktop,success,None,35.64
TX_00002842,2025-01-09 14:32:00,Startup,debit,US-West,desktop,success,None,41.15
TX_00002843,2025-01-09 14:32:00,SMB,credit_card,EU-Central,mobile_ios,success,None,94.01
TX_00002844,2025-01-09 14:37:00,Enterprise,debit,US-West,desktop,success,None,132.46
TX_00002845,2025-01-09 14:44:00,Startup,credit_card,US-West,desktop,success,None,45.87
TX_00002846,2025-01-09 14:51:00,Startup,debit,EU-Central,desktop,success,None,29.9
TX_00002847,2025-01-09 14:51:00,Startup,credit_card,US-East,mobile_ios,success,None,45.41
TX_00002848,2025-01-09 14:53:00,Enterprise,debit,US-East,mobile_ios,success,None,164.47
TX_00002849,2025-01-09 15:04:00,Startup,credit_card,US-East,mobile_ios,success,None,47.96
TX_00002850,2025-01-09 15:07:00,SMB,debit,EU-Central,desktop,success,None,82.5
TX_00002851,2025-01-09 15:26:00,Startup,debit,US-East,mobile_android,success,None,47.81
TX_00002852,2025-01-09 15:28:00,Startup,credit_card,US-East,desktop,success,None,28.32
TX_00002853,2025-01-09 15:29:00,SMB,credit_card,APAC,mobile_ios,success,None,98.03
TX_00002854,2025-01-09 15:30:00,Startup,credit_card,US-East,mobile_android,success,None,40.3
TX_00002855,2025-01-09 15:32:00,SMB,debit,US-East,mobile_android,success,None,102.37
TX_00002856,2025-01-09 15:33:00,Startup,credit_card,US-West,mobile_ios,success,None,16.44
TX_00002857,2025-01-09 15:34:00,SMB,credit_card,EU-Central,mobile_android,success,None,77.25
TX_00002858,2025-01-09 15:38:00,Startup,credit_card,US-East,mobile_ios,success,None,36.71
TX_00002859,2025-01-09 15:46:00,Enterprise,crypto,US-West,desktop,success,None,130.12
TX_00002860,2025-01-09 15:46:00,Startup,credit_card,US-East,desktop,success,None,41.35
TX_00002861,2025-01-09 15:47:00,SMB,credit_card,US-West,mobile_ios,success,None,85.26
TX_00002862,2025-01-09 15:50:00,SMB,debit,US-East,mobile_ios,success,None,65.69
TX_00002863,2025-01-09 15:56:00,SMB,debit,US-East,desktop,success,None,68.02
TX_00002864,2025-01-09 15:59:00,Startup,credit_card,US-West,mobile_android,success,None,28.12
TX_00002865,2025-01-09 16:05:00,SMB,crypto,APAC,desktop,success,None,78.86
TX_00002866,2025-01-09 16:09:00,SMB,debit,EU-Central,desktop,success,None,100.91
TX_00002867,2025-01-09 16:17:00,SMB,credit_card,APAC,desktop,success,None,74.49
TX_00002868,2025-01-09 16:17:00,Startup,credit_card,US-West,mobile_android,success,None,31.11
TX_00002869,2025-01-09 16:21:00,Enterprise,debit,US-East,mobile_android,success,None,130.23
TX_00002870,2025-01-09 16:24:00,SMB,credit_card,US-East,mobile_ios,success,None,68.33
TX_00002871,2025-01-09 16:36:00,SMB,credit_card,APAC,mobile_android,success,None,94.1
TX_00002872,2025-01-09 16:36:00,SMB,credit_card,US-West,mobile_android,success,None,93.75
TX_00002873,2025-01-09 16:53:00,SMB,debit,APAC,mobile_android,success,None,74.99
TX_00002874,2025-01-09 16:57:00,SMB,credit_card,US-East,desktop,success,None,96.64
TX_00002875,2025-01-09 17:01:00,Startup,debit,US-East,mobile_ios,success,None,39.02
TX_00002876,2025-01-09 17:06:00,Startup,credit_card,US-East,desktop,success,None,35.74
TX_00002877,2025-01-09 17:21:00,SMB,debit,US-East,mobile_android,success,None,84.93
TX_00002878,2025-01-09 17:36:00,Enterprise,debit,US-East,mobile_android,success,None,189.53
TX_00002879,2025-01-09 17:37:00,Startup,credit_card,US-West,mobile_ios,success,None,29.56
TX_00002880,2025-01-09 17:40:00,SMB,debit,US-West,desktop,failed,Invalid PIN,0.0
TX_00002881,2025-01-09 17:48:00,Startup,credit_card,US-East,desktop,success,None,45.69
TX_00002882,2025-01-09 17:55:00,SMB,debit,US-East,desktop,success,None,93.54
TX_00002883,2025-01-09 18:01:00,SMB,credit_card,EU-Central,desktop,success,None,98.41
TX_00002884,2025-01-09 18:02:00,SMB,credit_card,US-West,mobile_ios,success,None,92.84
TX_00002885,2025-01-09 18:05:00,Startup,crypto,US-West,desktop,success,None,26.49
TX_00002886,2025-01-09 18:12:00,Enterprise,crypto,US-West,mobile_android,success,None,162.76
TX_00002887,2025-01-09 18:15:00,SMB,credit_card,EU-Central,desktop,success,None,78.79
TX_00002888,2025-01-09 18:25:00,Enterprise,credit_card,US-West,mobile_android,success,None,215.25
TX_00002889,2025-01-09 18:32:00,Startup,credit_card,APAC,mobile_ios,success,None,59.31
TX_00002890,2025-01-09 18:38:00,Startup,debit,US-West,desktop,success,None,40.09
TX_00002891,2025-01-09 18:41:00,SMB,credit_card,US-East,desktop,success,None,77.15
TX_00002892,2025-01-09 18:46:00,SMB,credit_card,US-East,mobile_android,success,None,99.07
TX_00002893,2025-01-09 18:51:00,Startup,credit_card,US-West,mobile_ios,success,None,27.33
TX_00002894,2025-01-09 18:58:00,SMB,crypto,US-West,desktop,success,None,76.39
TX_00002895,2025-01-09 19:03:00,SMB,credit_card,US-West,desktop,success,None,90.28
TX_00002896,2025-01-09 19:04:00,SMB,credit_card,US-East,mobile_ios,success,None,65.69
TX_00002897,2025-01-09 19:05:00,Startup,credit_card,US-West,desktop,success,None,23.24
TX_00002898,2025-01-09 19:06:00,Enterprise,credit_card,EU-Central,desktop,success,None,163.48
TX_00002899,2025-01-09 19:06:00,Startup,debit,US-West,mobile_ios,success,None,42.29
TX_00002900,2025-01-09 19:13:00,SMB,crypto,US-West,mobile_ios,success,None,97.91
TX_00002901,2025-01-09 19:16:00,Enterprise,debit,APAC,desktop,success,None,123.94
TX_00002902,2025-01-09 19:16:00,Startup,credit_card,US-West,mobile_android,success,None,36.09
TX_00002903,2025-01-09 19:17:00,SMB,debit,US-East,mobile_ios,success,None,64.72
TX_00002904,2025-01-09 19:22:00,Enterprise,credit_card,EU-Central,mobile_android,success,None,163.85
TX_00002905,2025-01-09 19:26:00,Startup,credit_card,US-East,desktop,success,None,20.32
TX_00002906,2025-01-09 19:28:00,Startup,crypto,EU-Central,desktop,success,None,42.59
TX_00002907,2025-01-09 19:33:00,Startup,credit_card,US-East,desktop,success,None,55.74
TX_00002908,2025-01-09 19:37:00,Startup,credit_card,US-East,desktop,success,None,57.85
TX_00002909,2025-01-09 19:53:00,Startup,crypto,US-East,mobile_android,success,None,46.27
TX_00002910,2025-01-09 19:56:00,Enterprise,credit_card,US-East,mobile_android,success,None,155.67
TX_00002911,2025-01-09 20:00:00,SMB,debit,US-East,mobile_ios,success,None,101.67
TX_00002912,2025-01-09 20:01:00,Startup,crypto,US-East,mobile_ios,success,None,38.51
TX_00002913,2025-01-09 20:01:00,SMB,credit_card,EU-Central,mobile_ios,success,None,83.71
TX_00002914,2025-01-09 20:02:00,Startup,credit_card,EU-Central,mobile_ios,success,None,43.91
TX_00002915,2025-01-09 20:14:00,Startup,credit_card,EU-Central,desktop,success,None,38.93
TX_00002916,2025-01-09 20:22:00,SMB,credit_card,EU-Central,mobile_ios,success,None,71.73
TX_00002917,2025-01-09 20:23:00,Startup,credit_card,US-West,mobile_ios,success,None,45.53
TX_00002918,2025-01-09 20:26:00,SMB,debit,EU-Central,desktop,success,None,83.74
TX_00002919,2025-01-09 20:28:00,SMB,credit_card,US-West,desktop,success,None,89.46
TX_00002920,2025-01-09 20:35:00,Startup,credit_card,US-West,desktop,success,None,35.16
TX_00002921,2025-01-09 20:35:00,SMB,credit_card,EU-Central,mobile_ios,success,None,80.87
TX_00002922,2025-01-09 20:43:00,SMB,credit_card,US-East,desktop,success,None,83.44
TX_00002923,2025-01-09 20:43:00,SMB,debit,EU-Central,mobile_ios,success,None,91.03
TX_00002924,2025-01-09 20:45:00,Startup,credit_card,US-West,desktop,success,None,34.04
TX_00002925,2025-01-09 20:59:00,Startup,debit,US-East,desktop,success,None,43.69
TX_00002926,2025-01-09 21:06:00,Startup,credit_card,US-East,mobile_android,success,None,45.34
TX_00002927,2025-01-09 21:23:00,Startup,credit_card,US-East,mobile_ios,success,None,27.24
TX_00002928,2025-01-09 21:28:00,SMB,credit_card,EU-Central,desktop,success,None,78.03
TX_00002929,2025-01-09 21:29:00,Startup,credit_card,APAC,mobile_android,success,None,44.16
TX_00002930,2025-01-09 21:36:00,Startup,debit,US-East,desktop,success,None,31.32
TX_00002931,2025-01-09 21:37:00,SMB,credit_card,US-East,mobile_android,success,None,98.93
TX_00002932,2025-01-09 21:38:00,Enterprise,crypto,US-East,mobile_ios,success,None,157.14
TX_00002933,2025-01-09 21:39:00,Startup,credit_card,EU-Central,desktop,success,None,22.58
TX_00002934,2025-01-09 21:40:00,Startup,crypto,US-East,mobile_ios,failed,Card expired,0.0
TX_00002935,2025-01-09 21:48:00,Startup,credit_card,APAC,desktop,success,None,39.99
TX_00002936,2025-01-09 22:12:00,Startup,credit_card,US-West,desktop,success,None,39.21
TX_00002937,2025-01-09 22:13:00,SMB,credit_card,EU-Central,desktop,success,None,73.63
TX_00002938,2025-01-09 22:15:00,Startup,credit_card,US-West,desktop,success,None,44.58
TX_00002939,2025-01-09 22:16:00,SMB,debit,US-West,mobile_ios,success,None,65.35
TX_00002940,2025-01-09 22:17:00,Enterprise,credit_card,US-West,mobile_android,success,None,126.78
TX_00002941,2025-01-09 22:21:00,Startup,credit_card,EU-Central,mobile_android,success,None,38.9
TX_00002942,2025-01-09 22:26:00,SMB,credit_card,EU-Central,desktop,success,None,54.13
TX_00002943,2025-01-09 22:27:00,Startup,credit_card,US-West,mobile_ios,success,None,46.66
TX_00002944,2025-01-09 22:29:00,SMB,debit,US-West,desktop,success,None,74.22
TX_00002945,2025-01-09 22:34:00,SMB,debit,APAC,mobile_ios,success,None,82.28
TX_00002946,2025-01-09 22:35:00,SMB,debit,APAC,mobile_android,success,None,101.72
TX_00002947,2025-01-09 22:39:00,SMB,credit_card,US-West,desktop,success,None,90.43
TX_00002948,2025-01-09 22:41:00,SMB,crypto,US-East,mobile_android,success,None,89.15
TX_00002949,2025-01-09 22:44:00,SMB,debit,US-East,mobile_android,success,None,82.08
TX_00002950,2025-01-09 22:46:00,Startup,credit_card,EU-Central,mobile_ios,success,None,41.46
TX_00002951,2025-01-09 23:05:00,SMB,credit_card,US-East,mobile_ios,success,None,74.56
TX_00002952,2025-01-09 23:10:00,SMB,crypto,US-East,mobile_ios,success,None,87.11
TX_00002953,2025-01-09 23:16:00,SMB,credit_card,US-East,mobile_android,success,None,74.5
TX_00002954,2025-01-09 23:24:00,Startup,debit,US-West,mobile_ios,success,None,41.86
TX_00002955,2025-01-09 23:26:00,SMB,credit_card,US-West,desktop,success,None,80.52
TX_00002956,2025-01-09 23:35:00,Startup,credit_card,US-East,mobile_ios,success,None,56.14
TX_00002957,2025-01-09 23:40:00,Startup,debit,US-East,desktop,success,None,58.68
TX_00002958,2025-01-09 23:41:00,SMB,debit,EU-Central,mobile_android,success,None,87.04
TX_00002959,2025-01-09 23:48:00,SMB,credit_card,APAC,mobile_android,success,None,122.86
TX_00002960,2025-01-10 00:03:00,Startup,debit,US-East,mobile_ios,success,None,54.77
TX_00002961,2025-01-10 00:17:00,Startup,credit_card,US-East,mobile_ios,success,None,31.01
TX_00002962,2025-01-10 00:22:00,Startup,debit,US-West,mobile_android,success,None,49.19
TX_00002963,2025-01-10 00:22:00,Enterprise,crypto,EU-Central,desktop,success,None,192.57
TX_00002964,2025-01-10 00:24:00,SMB,debit,EU-Central,mobile_ios,success,None,67.54
TX_00002965,2025-01-10 00:27:00,SMB,credit_card,EU-Central,desktop,success,None,90.09
TX_00002966,2025-01-10 00:31:00,SMB,credit_card,EU-Central,mobile_ios,success,None,62.27
TX_00002967,2025-01-10 00:36:00,SMB,debit,US-East,desktop,success,None,74.52
TX_00002968,2025-01-10 00:37:00,Startup,credit_card,US-East,mobile_ios,success,None,30.38
TX_00002969,2025-01-10 00:39:00,SMB,credit_card,US-West,desktop,success,None,79.52
TX_00002970,2025-01-10 00:41:00,Startup,crypto,EU-Central,desktop,success,None,62.39
TX_00002971,2025-01-10 00:46:00,Startup,credit_card,US-West,desktop,success,None,50.3
TX_00002972,2025-01-10 00:47:00,SMB,credit_card,APAC,desktop,success,None,80.69
TX_00002973,2025-01-10 00:49:00,Startup,credit_card,EU-Central,desktop,success,None,25.45
TX_00002974,2025-01-10 00:56:00,Enterprise,credit_card,EU-Central,mobile_ios,success,None,158.5
TX_00002975,2025-01-10 00:57:00,Startup,credit_card,US-East,mobile_ios,success,None,51.44
TX_00002976,2025-01-10 01:05:00,SMB,crypto,US-East,desktop,success,None,78.82
TX_00002977,2025-01-10 01:05:00,Enterprise,credit_card,EU-Central,mobile_ios,success,None,166.34
TX_00002978,2025-01-10 01:06:00,Startup,credit_card,US-East,mobile_ios,success,None,29.46
TX_00002979,2025-01-10 01:06:00,SMB,debit,US-East,desktop,success,None,79.64
TX_00002980,2025-01-10 01:09:00,Startup,debit,APAC,desktop,success,None,37.4
TX_00002981,2025-01-10 01:16:00,SMB,debit,EU-Central,mobile_ios,success,None,98.29
TX_00002982,2025-01-10 01:25:00,SMB,credit_card,US-East,desktop,success,None,78.28
TX_00002983,2025-01-10 01:26:00,SMB,debit,EU-Central,desktop,success,None,67.87
TX_00002984,2025-01-10 01:30:00,SMB,credit_card,US-East,mobile_android,failed,Insufficient funds,0.0
TX_00002985,2025-01-10 01:30:00,SMB,credit_card,US-East,mobile_ios,success,None,59.24
TX_00002986,2025-01-10 01:31:00,Startup,credit_card,US-West,desktop,success,None,26.25
TX_00002987,2025-01-10 01:37:00,Startup,credit_card,EU-Central,mobile_ios,success,None,39.49
TX_00002988,2025-01-10 01:47:00,Startup,credit_card,US-East,mobile_android,success,None,31.73
TX_00002989,2025-01-10 01:52:00,Startup,debit,US-East,mobile_android,success,None,56.52
TX_00002990,2025-01-10 01:54:00,SMB,credit_card,US-East,desktop,success,None,111.49
TX_00002991,2025-01-10 01:56:00,Startup,debit,APAC,desktop,success,None,44.0
TX_00002992,2025-01-10 02:01:00,SMB,credit_card,US-West,mobile_ios,success,None,99.63
TX_00002993,2025-01-10 02:07:00,Startup,credit_card,US-West,desktop,success,None,33.85
TX_00002994,2025-01-10 02:11:00,SMB,credit_card,US-East,mobile_android,success,None,67.92
TX_00002995,2025-01-10 02:12:00,Startup,crypto,US-West,desktop,success,None,40.99
TX_00002996,2025-01-10 02:20:00,Startup,debit,US-West,desktop,success,None,39.8
TX_00002997,2025-01-10 02:27:00,Startup,crypto,EU-Central,mobile_android,success,None,57.48
TX_00002998,2025-01-10 02:29:00,Startup,debit,US-East,desktop,success,None,36.59
TX_00002999,2025-01-10 02:32:00,Startup,debit,APAC,desktop,success,None,38.73
TX_00003000,2025-01-10 02:36:00,Startup,debit,US-West,mobile_ios,success,None,46.84
TX_00003001,2025-01-10 02:37:00,SMB,debit,US-East,desktop,success,None,89.05
TX_00003002,2025-01-10 02:41:00,SMB,credit_card,US-East,mobile_ios,success,None,62.53
TX_00003003,2025-01-10 02:56:00,SMB,credit_card,US-West,desktop,success,None,94.76
TX_00003004,2025-01-10 03:00:00,Enterprise,credit_card,APAC,desktop,success,None,133.58
TX_00003005,2025-01-10 03:06:00,SMB,credit_card,EU-Central,desktop,success,None,102.47
TX_00003006,2025-01-10 03:07:00,SMB,credit_card,US-West,mobile_ios,success,None,84.93
TX_00003007,2025-01-10 03:16:00,SMB,credit_card,US-East,desktop,success,None,80.19
TX_00003008,2025-01-10 03:21:00,Startup,credit_card,US-East,desktop,success,None,58.11
TX_00003009,2025-01-10 03:23:00,Startup,credit_card,US-West,mobile_android,success,None,30.24
TX_00003010,2025-01-10 03:31:00,SMB,crypto,EU-Central,mobile_android,success,None,61.57
TX_00003011,2025-01-10 03:38:00,SMB,credit_card,EU-Central,mobile_ios,success,None,99.64
TX_00003012,2025-01-10 03:40:00,SMB,credit_card,US-East,desktop,success,None,96.18
TX_00003013,2025-01-10 03:46:00,SMB,debit,US-East,mobile_ios,success,None,109.15
TX_00003014,2025-01-10 04:01:00,Startup,credit_card,US-East,mobile_ios,success,None,51.8
TX_00003015,2025-01-10 04:10:00,SMB,credit_card,APAC,mobile_android,success,None,83.38
TX_00003016,2025-01-10 04:16:00,SMB,credit_card,US-West,mobile_android,success,None,70.65
TX_00003017,2025-01-10 04:21:00,Startup,credit_card,US-East,mobile_android,success,None,45.95
TX_00003018,2025-01-10 04:24:00,Startup,credit_card,US-East,mobile_android,success,None,36.05
TX_00003019,2025-01-10 04:30:00,Enterprise,credit_card,US-East,desktop,success,None,114.1
TX_00003020,2025-01-10 04:31:00,Startup,credit_card,US-West,mobile_ios,success,None,31.78
TX_00003021,2025-01-10 04:32:00,SMB,debit,EU-Central,mobile_android,success,None,69.55
TX_00003022,2025-01-10 04:33:00,SMB,credit_card,APAC,mobile_android,success,None,87.22
TX_00003023,2025-01-10 04:34:00,Enterprise,debit,US-West,mobile_android,success,None,112.48
TX_00003024,2025-01-10 04:37:00,SMB,credit_card,US-East,mobile_ios,success,None,59.72
TX_00003025,2025-01-10 04:45:00,SMB,credit_card,US-West,mobile_ios,success,None,72.22
TX_00003026,2025-01-10 04:55:00,SMB,debit,EU-Central,desktop,success,None,68.37
TX_00003027,2025-01-10 05:01:00,Startup,credit_card,US-East,mobile_ios,success,None,42.32
TX_00003028,2025-01-10 05:01:00,Startup,debit,EU-Central,desktop,success,None,36.43
TX_00003029,2025-01-10 05:05:00,SMB,credit_card,EU-Central,mobile_android,success,None,75.53
TX_00003030,2025-01-10 05:06:00,Enterprise,debit,US-West,mobile_android,success,None,170.52
TX_00003031,2025-01-10 05:09:00,Startup,credit_card,US-West,mobile_ios,success,None,49.97
TX_00003032,2025-01-10 05:15:00,Enterprise,credit_card,EU-Central,desktop,success,None,133.35
TX_00003033,2025-01-10 05:15:00,Startup,debit,US-West,desktop,success,None,44.99
TX_00003034,2025-01-10 05:16:00,Startup,debit,US-East,mobile_ios,success,None,31.07
TX_00003035,2025-01-10 05:19:00,SMB,credit_card,US-East,desktop,success,None,91.78
TX_00003036,2025-01-10 05:20:00,SMB,crypto,US-East,desktop,success,None,64.67
TX_00003037,2025-01-10 05:21:00,Enterprise,credit_card,EU-Central,mobile_android,success,None,177.28
TX_00003038,2025-01-10 05:23:00,SMB,credit_card,US-West,desktop,success,None,51.21
TX_00003039,2025-01-10 05:24:00,Enterprise,credit_card,US-West,desktop,success,None,125.9
TX_00003040,2025-01-10 05:25:00,Startup,debit,EU-Central,mobile_ios,success,None,34.65
TX_00003041,2025-01-10 05:28:00,SMB,crypto,US-East,mobile_android,success,None,75.0
TX_00003042,2025-01-10 05:28:00,SMB,credit_card,EU-Central,mobile_android,success,None,62.42
TX_00003043,2025-01-10 05:36:00,SMB,credit_card,US-West,mobile_android,success,None,70.84
TX_00003044,2025-01-10 05:43:00,SMB,debit,US-East,mobile_ios,success,None,76.51
TX_00003045,2025-01-10 05:44:00,Enterprise,credit_card,US-East,desktop,success,None,102.64
TX_00003046,2025-01-10 05:44:00,Enterprise,credit_card,APAC,mobile_android,success,None,157.35
TX_00003047,2025-01-10 05:46:00,Enterprise,credit_card,EU-Central,desktop,success,None,157.85
TX_00003048,2025-01-10 05:53:00,Startup,credit_card,US-East,desktop,success,None,50.68
TX_00003049,2025-01-10 05:58:00,SMB,credit_card,APAC,desktop,success,None,117.71
TX_00003050,2025-01-10 06:02:00,Startup,credit_card,EU-Central,mobile_android,success,None,30.29
TX_00003051,2025-01-10 06:03:00,SMB,debit,US-East,mobile_android,success,None,99.12
TX_00003052,2025-01-10 06:04:00,SMB,debit,US-East,desktop,success,None,60.07
TX_00003053,2025-01-10 06:07:00,SMB,credit_card,US-East,desktop,success,None,75.48
TX_00003054,2025-01-10 06:09:00,Startup,credit_card,US-West,mobile_android,success,None,43.49
TX_00003055,2025-01-10 06:11:00,SMB,credit_card,US-West,desktop,success,None,85.12
TX_00003056,2025-01-10 06:14:00,Enterprise,credit_card,US-East,mobile_ios,success,None,175.34
TX_00003057,2025-01-10 06:15:00,SMB,debit,US-West,desktop,success,None,73.68
TX_00003058,2025-01-10 06:30:00,SMB,crypto,US-East,desktop,success,None,81.25
TX_00003059,2025-01-10 06:38:00,SMB,debit,US-East,desktop,success,None,82.66
TX_00003060,2025-01-10 06:42:00,Startup,debit,US-West,desktop,success,None,54.69
TX_00003061,2025-01-10 06:59:00,SMB,credit_card,US-East,mobile_ios,success,None,79.43
TX_00003062,2025-01-10 07:00:00,Startup,credit_card,US-West,mobile_android,success,None,35.45
TX_00003063,2025-01-10 07:00:00,SMB,crypto,APAC,desktop,success,None,92.76
TX_00003064,2025-01-10 07:02:00,Startup,crypto,US-East,mobile_android,success,None,39.56
TX_00003065,2025-01-10 07:06:00,Startup,credit_card,US-East,mobile_ios,success,None,50.56
TX_00003066,2025-01-10 07:12:00,SMB,credit_card,US-East,desktop,success,None,95.81
TX_00003067,2025-01-10 07:13:00,Startup,debit,US-West,mobile_ios,success,None,22.82
TX_00003068,2025-01-10 07:13:00,Startup,credit_card,EU-Central,mobile_ios,success,None,63.8
TX_00003069,2025-01-10 07:15:00,SMB,debit,US-West,desktop,success,None,61.06
TX_00003070,2025-01-10 07:15:00,SMB,debit,US-West,desktop,success,None,82.47
TX_00003071,2025-01-10 07:23:00,Startup,credit_card,US-East,mobile_android,success,None,33.52
TX_00003072,2025-01-10 07:23:00,SMB,crypto,US-East,mobile_ios,success,None,69.31
TX_00003073,2025-01-10 07:29:00,Enterprise,crypto,US-East,desktop,success,None,123.93
TX_00003074,2025-01-10 07:29:00,Startup,crypto,US-West,desktop,success,None,49.08
TX_00003075,2025-01-10 07:37:00,Enterprise,credit_card,US-East,desktop,success,None,140.36
TX_00003076,2025-01-10 07:39:00,Startup,credit_card,EU-Central,desktop,success,None,52.3
TX_00003077,2025-01-10 07:42:00,Startup,credit_card,US-West,desktop,success,None,35.82
TX_00003078,2025-01-10 07:48:00,Startup,credit_card,US-East,desktop,success,None,35.63
TX_00003079,2025-01-10 07:56:00,Enterprise,credit_card,US-West,desktop,success,None,126.75
TX_00003080,2025-01-10 07:59:00,SMB,credit_card,APAC,mobile_ios,success,None,77.64
TX_00003081,2025-01-10 08:00:00,SMB,debit,US-East,desktop,success,None,51.42
TX_00003082,2025-01-10 08:00:00,SMB,credit_card,US-East,desktop,success,None,97.82
TX_00003083,2025-01-10 08:04:00,Enterprise,credit_card,US-West,desktop,success,None,158.83
TX_00003084,2025-01-10 08:10:00,SMB,credit_card,US-West,desktop,success,None,79.83
TX_00003085,2025-01-10 08:16:00,SMB,debit,US-East,desktop,success,None,52.4
TX_00003086,2025-01-10 08:27:00,Enterprise,debit,APAC,mobile_ios,success,None,128.42
TX_00003087,2025-01-10 08:27:00,Startup,credit_card,US-West,desktop,success,None,18.93
TX_00003088,2025-01-10 08:49:00,Startup,crypto,EU-Central,desktop,success,None,28.22
TX_00003089,2025-01-10 08:50:00,Startup,credit_card,US-East,mobile_android,success,None,38.84
TX_00003090,2025-01-10 08:50:00,Startup,credit_card,EU-Central,mobile_ios,success,None,44.09
TX_00003091,2025-01-10 08:53:00,SMB,debit,US-East,desktop,success,None,66.84
TX_00003092,2025-01-10 09:00:00,Startup,debit,US-East,desktop,success,None,29.94
TX_00003093,2025-01-10 09:03:00,Startup,credit_card,APAC,mobile_android,success,None,46.96
TX_00003094,2025-01-10 09:07:00,SMB,crypto,US-East,mobile_android,success,None,80.64
TX_00003095,2025-01-10 09:15:00,SMB,crypto,APAC,desktop,success,None,92.36
TX_00003096,2025-01-10 09:16:00,SMB,credit_card,US-West,desktop,success,None,101.5
TX_00003097,2025-01-10 09:21:00,SMB,credit_card,APAC,desktop,success,None,83.92
TX_00003098,2025-01-10 09:27:00,SMB,credit_card,US-West,desktop,success,None,71.8
TX_00003099,2025-01-10 09:28:00,SMB,credit_card,EU-Central,desktop,success,None,75.68
TX_00003100,2025-01-10 09:35:00,Startup,credit_card,US-East,mobile_ios,success,None,38.19
TX_00003101,2025-01-10 09:41:00,SMB,debit,US-West,desktop,success,None,75.31
TX_00003102,2025-01-10 09:43:00,Enterprise,credit_card,EU-Central,desktop,success,None,159.12
TX_00003103,2025-01-10 09:43:00,Startup,debit,EU-Central,mobile_ios,success,None,40.17
TX_00003104,2025-01-10 09:45:00,SMB,credit_card,US-East,mobile_android,success,None,65.37
TX_00003105,2025-01-10 09:47:00,Startup,credit_card,US-West,desktop,success,None,26.97
TX_00003106,2025-01-10 10:00:00,Enterprise,credit_card,US-West,mobile_ios,success,None,146.94
TX_00003107,2025-01-10 10:05:00,Startup,credit_card,US-East,desktop,success,None,17.45
TX_00003108,2025-01-10 10:08:00,Enterprise,credit_card,US-West,desktop,success,None,177.09
TX_00003109,2025-01-10 10:09:00,SMB,debit,EU-Central,mobile_android,success,None,69.71
TX_00003110,2025-01-10 10:15:00,Enterprise,debit,US-East,desktop,success,None,190.8
TX_00003111,2025-01-10 10:38:00,Startup,credit_card,US-West,mobile_ios,success,None,52.86
TX_00003112,2025-01-10 10:38:00,Startup,debit,APAC,desktop,success,None,53.15
TX_00003113,2025-01-10 10:45:00,SMB,credit_card,US-East,desktop,success,None,72.2
TX_00003114,2025-01-10 10:52:00,Startup,credit_card,US-West,mobile_ios,success,None,27.56
TX_00003115,2025-01-10 10:55:00,SMB,credit_card,EU-Central,desktop,success,None,84.98
TX_00003116,2025-01-10 11:09:00,Startup,debit,EU-Central,desktop,success,None,45.73
TX_00003117,2025-01-10 11:27:00,Startup,credit_card,EU-Central,mobile_ios,success,None,27.12
TX_00003118,2025-01-10 11:32:00,SMB,credit_card,EU-Central,desktop,success,None,116.69
TX_00003119,2025-01-10 11:34:00,SMB,credit_card,US-East,desktop,success,None,65.58
TX_00003120,2025-01-10 11:42:00,Startup,crypto,US-West,mobile_ios,success,None,34.61
TX_00003121,2025-01-10 11:43:00,Startup,debit,EU-Central,desktop,success,None,46.55
TX_00003122,2025-01-10 11:46:00,Startup,debit,US-East,mobile_ios,success,None,45.5
TX_00003123,2025-01-10 11:48:00,Startup,debit,US-East,mobile_android,success,None,36.7
TX_00003124,2025-01-10 11:49:00,Enterprise,credit_card,EU-Central,desktop,success,None,140.57
TX_00003125,2025-01-10 11:53:00,Startup,debit,EU-Central,desktop,success,None,35.86
TX_00003126,2025-01-10 11:55:00,SMB,debit,US-West,mobile_ios,success,None,96.12
TX_00003127,2025-01-10 12:02:00,Startup,credit_card,APAC,desktop,success,None,42.82
TX_00003128,2025-01-10 12:06:00,SMB,credit_card,EU-Central,mobile_ios,success,None,68.97
TX_00003129,2025-01-10 12:09:00,SMB,credit_card,APAC,desktop,success,None,78.62
TX_00003130,2025-01-10 12:19:00,SMB,credit_card,APAC,desktop,success,None,93.07
TX_00003131,2025-01-10 12:19:00,SMB,debit,US-West,desktop,success,None,72.02
TX_00003132,2025-01-10 12:23:00,Enterprise,credit_card,EU-Central,mobile_ios,success,None,160.9
TX_00003133,2025-01-10 12:23:00,Startup,credit_card,US-West,desktop,success,None,34.37
TX_00003134,2025-01-10 12:23:00,Startup,debit,EU-Central,mobile_android,success,None,28.24
TX_00003135,2025-01-10 12:24:00,Enterprise,credit_card,EU-Central,mobile_ios,success,None,140.23
TX_00003136,2025-01-10 12:36:00,Startup,credit_card,US-East,desktop,success,None,42.46
TX_00003137,2025-01-10 12:38:00,Startup,debit,US-East,desktop,success,None,64.15
TX_00003138,2025-01-10 12:51:00,SMB,credit_card,US-East,desktop,success,None,79.74
TX_00003139,2025-01-10 12:51:00,SMB,debit,EU-Central,mobile_ios,success,None,76.5
TX_00003140,2025-01-10 12:57:00,Startup,credit_card,EU-Central,mobile_android,success,None,33.81
TX_00003141,2025-01-10 12:59:00,Startup,credit_card,US-West,desktop,success,None,41.95
TX_00003142,2025-01-10 13:06:00,SMB,credit_card,US-West,desktop,success,None,77.93
TX_00003143,2025-01-10 13:09:00,Startup,credit_card,EU-Central,desktop,success,None,36.32
TX_00003144,2025-01-10 13:09:00,Enterprise,crypto,US-East,desktop,success,None,132.41
TX_00003145,2025-01-10 13:10:00,SMB,crypto,US-East,mobile_ios,success,None,48.34
TX_00003146,2025-01-10 13:13:00,SMB,debit,US-West,desktop,success,None,86.15
TX_00003147,2025-01-10 13:20:00,SMB,credit_card,APAC,desktop,success,None,74.09
TX_00003148,2025-01-10 13:27:00,Startup,crypto,EU-Central,mobile_ios,success,None,27.45
TX_00003149,2025-01-10 13:29:00,Startup,debit,US-East,desktop,success,None,37.45
TX_00003150,2025-01-10 13:33:00,SMB,credit_card,US-East,desktop,success,None,74.25
TX_00003151,2025-01-10 13:37:00,SMB,debit,US-West,desktop,success,None,46.95
TX_00003152,2025-01-10 13:39:00,Startup,credit_card,EU-Central,mobile_ios,success,None,24.91
TX_00003153,2025-01-10 13:40:00,Startup,credit_card,US-West,desktop,success,None,25.54
TX_00003154,2025-01-10 13:54:00,Startup,debit,US-West,desktop,success,None,57.66
TX_00003155,2025-01-10 13:56:00,Startup,debit,US-East,desktop,success,None,43.41
TX_00003156,2025-01-10 13:58:00,SMB,credit_card,APAC,desktop,success,None,69.52
TX_00003157,2025-01-10 13:59:00,Startup,credit_card,US-East,desktop,success,None,36.69
TX_00003158,2025-01-10 14:06:00,Enterprise,crypto,US-East,desktop,success,None,147.1
TX_00003159,2025-01-10 14:07:00,SMB,debit,EU-Central,desktop,success,None,90.94
TX_00003160,2025-01-10 14:24:00,SMB,credit_card,APAC,desktop,success,None,95.39
TX_00003161,2025-01-10 14:28:00,SMB,credit_card,US-West,desktop,success,None,100.24
TX_00003162,2025-01-10 14:33:00,Startup,credit_card,US-West,mobile_ios,success,None,26.42
TX_00003163,2025-01-10 14:40:00,Startup,crypto,US-East,mobile_ios,success,None,37.06
TX_00003164,2025-01-10 14:43:00,Enterprise,credit_card,US-East,desktop,success,None,135.97
TX_00003165,2025-01-10 14:44:00,SMB,credit_card,US-East,desktop,success,None,61.98
TX_00003166,2025-01-10 14:51:00,SMB,credit_card,US-West,desktop,success,None,101.4
TX_00003167,2025-01-10 14:54:00,SMB,debit,US-East,desktop,success,None,97.87
TX_00003168,2025-01-10 14:59:00,Startup,debit,EU-Central,desktop,success,None,47.62
TX_00003169,2025-01-10 15:01:00,Startup,debit,US-East,desktop,success,None,52.61
TX_00003170,2025-01-10 15:05:00,Startup,credit_card,US-West,desktop,success,None,34.63
TX_00003171,2025-01-10 15:06:00,Startup,credit_card,US-West,mobile_android,success,None,42.14
TX_00003172,2025-01-10 15:09:00,Startup,crypto,US-West,desktop,success,None,52.42
TX_00003173,2025-01-10 15:17:00,SMB,crypto,US-East,mobile_android,success,None,92.99
TX_00003174,2025-01-10 15:18:00,SMB,crypto,EU-Central,mobile_android,success,None,95.21
TX_00003175,2025-01-10 15:19:00,SMB,crypto,US-West,mobile_android,success,None,87.93
TX_00003176,2025-01-10 15:26:00,SMB,debit,EU-Central,mobile_android,success,None,83.88
TX_00003177,2025-01-10 15:30:00,Startup,debit,US-West,desktop,success,None,35.08
TX_00003178,2025-01-10 15:33:00,SMB,debit,US-East,desktop,success,None,96.07
TX_00003179,2025-01-10 15:34:00,SMB,debit,US-West,desktop,success,None,100.46
TX_00003180,2025-01-10 15:35:00,SMB,credit_card,US-West,desktop,success,None,69.94
TX_00003181,2025-01-10 15:40:00,Startup,credit_card,EU-Central,desktop,success,None,38.98
TX_00003182,2025-01-10 15:40:00,SMB,crypto,EU-Central,mobile_android,success,None,56.57
TX_00003183,2025-01-10 15:47:00,Startup,credit_card,US-East,desktop,success,None,33.21
TX_00003184,2025-01-10 15:57:00,Startup,debit,US-East,desktop,success,None,47.5
TX_00003185,2025-01-10 15:58:00,SMB,credit_card,US-East,mobile_ios,success,None,103.86
TX_00003186,2025-01-10 15:59:00,SMB,credit_card,APAC,desktop,success,None,85.24
TX_00003187,2025-01-10 16:01:00,Startup,credit_card,US-East,desktop,success,None,43.05
TX_00003188,2025-01-10 16:03:00,SMB,credit_card,US-West,desktop,success,None,114.38
TX_00003189,2025-01-10 16:08:00,Startup,credit_card,US-West,mobile_android,success,None,42.73
TX_00003190,2025-01-10 16:09:00,SMB,credit_card,US-West,mobile_ios,success,None,87.12
TX_00003191,2025-01-10 16:12:00,Enterprise,debit,US-East,mobile_ios,success,None,181.7
TX_00003192,2025-01-10 16:14:00,Startup,credit_card,US-East,desktop,success,None,41.21
TX_00003193,2025-01-10 16:16:00,Startup,credit_card,US-West,mobile_android,success,None,50.17
TX_00003194,2025-01-10 16:17:00,Startup,credit_card,US-East,desktop,success,None,46.53
TX_00003195,2025-01-10 16:24:00,Startup,debit,US-East,mobile_ios,success,None,30.94
TX_00003196,2025-01-10 16:25:00,Startup,debit,US-East,mobile_android,success,None,14.88
TX_00003197,2025-01-10 16:27:00,Startup,debit,US-West,mobile_ios,success,None,26.8
TX_00003198,2025-01-10 16:51:00,Startup,credit_card,US-East,mobile_ios,success,None,41.07
TX_00003199,2025-01-10 16:55:00,SMB,credit_card,US-East,desktop,success,None,98.01
TX_00003200,2025-01-10 16:59:00,SMB,debit,US-East,desktop,success,None,79.05
TX_00003201,2025-01-10 17:06:00,Startup,debit,US-East,mobile_android,success,None,39.28
TX_00003202,2025-01-10 17:10:00,SMB,credit_card,US-West,desktop,success,None,75.37
TX_00003203,2025-01-10 17:14:00,SMB,credit_card,US-East,mobile_android,success,None,72.66
TX_00003204,2025-01-10 17:18:00,SMB,credit_card,US-West,mobile_ios,success,None,122.96
TX_00003205,2025-01-10 17:31:00,SMB,credit_card,US-East,desktop,success,None,106.19
TX_00003206,2025-01-10 17:36:00,SMB,debit,APAC,mobile_ios,success,None,83.7
TX_00003207,2025-01-10 17:37:00,Enterprise,credit_card,US-East,desktop,success,None,137.19
TX_00003208,2025-01-10 17:37:00,Startup,credit_card,APAC,desktop,success,None,42.17
TX_00003209,2025-01-10 17:41:00,SMB,credit_card,EU-Central,desktop,success,None,84.84
TX_00003210,2025-01-10 17:42:00,SMB,crypto,US-West,desktop,success,None,66.87
TX_00003211,2025-01-10 17:45:00,Enterprise,debit,APAC,mobile_android,success,None,186.32
TX_00003212,2025-01-10 17:46:00,Enterprise,debit,US-East,desktop,success,None,141.89
TX_00003213,2025-01-10 17:47:00,SMB,credit_card,US-East,mobile_ios,success,None,101.32
TX_00003214,2025-01-10 17:51:00,Startup,debit,US-East,desktop,success,None,35.39
TX_00003215,2025-01-10 17:53:00,Enterprise,credit_card,US-East,mobile_ios,success,None,132.94
TX_00003216,2025-01-10 17:59:00,Startup,credit_card,US-East,mobile_ios,success,None,57.61
TX_00003217,2025-01-10 18:02:00,SMB,credit_card,US-West,desktop,success,None,102.33
TX_00003218,2025-01-10 18:03:00,SMB,credit_card,US-East,mobile_android,success,None,74.85
TX_00003219,2025-01-10 18:16:00,SMB,credit_card,US-East,mobile_android,success,None,72.58
TX_00003220,2025-01-10 18:20:00,Enterprise,debit,US-East,mobile_ios,success,None,166.68
TX_00003221,2025-01-10 18:29:00,Startup,credit_card,US-West,mobile_android,success,None,28.93
TX_00003222,2025-01-10 18:39:00,Startup,credit_card,APAC,mobile_ios,success,None,44.59
TX_00003223,2025-01-10 18:40:00,Startup,credit_card,US-West,mobile_android,success,None,52.91
TX_00003224,2025-01-10 18:46:00,SMB,credit_card,US-West,desktop,success,None,75.53
TX_00003225,2025-01-10 18:47:00,SMB,credit_card,US-East,desktop,success,None,100.06
TX_00003226,2025-01-10 18:58:00,SMB,credit_card,EU-Central,mobile_android,success,None,97.31
TX_00003227,2025-01-10 19:10:00,Startup,credit_card,US-East,desktop,success,None,45.18
TX_00003228,2025-01-10 19:14:00,SMB,credit_card,APAC,desktop,success,None,114.81
TX_00003229,2025-01-10 19:16:00,Startup,credit_card,US-West,desktop,success,None,29.09
TX_00003230,2025-01-10 19:19:00,SMB,credit_card,US-East,desktop,success,None,63.64
TX_00003231,2025-01-10 19:22:00,SMB,credit_card,APAC,desktop,success,None,99.7
TX_00003232,2025-01-10 19:30:00,SMB,credit_card,APAC,mobile_ios,success,None,63.37
TX_00003233,2025-01-10 19:35:00,Enterprise,credit_card,US-West,mobile_android,success,None,147.69
TX_00003234,2025-01-10 19:38:00,Startup,debit,US-East,desktop,success,None,42.04
TX_00003235,2025-01-10 19:39:00,SMB,credit_card,EU-Central,mobile_ios,success,None,98.87
TX_00003236,2025-01-10 19:40:00,Startup,credit_card,US-East,desktop,success,None,41.15
TX_00003237,2025-01-10 19:41:00,Enterprise,crypto,US-East,desktop,success,None,118.37
TX_00003238,2025-01-10 19:53:00,Startup,debit,US-East,mobile_ios,success,None,46.59
TX_00003239,2025-01-10 19:57:00,SMB,crypto,US-West,mobile_android,success,None,91.24
TX_00003240,2025-01-10 20:02:00,Startup,debit,EU-Central,desktop,success,None,40.77
TX_00003241,2025-01-10 20:15:00,Startup,credit_card,US-East,desktop,success,None,37.38
TX_00003242,2025-01-10 20:18:00,Startup,credit_card,APAC,desktop,success,None,50.75
TX_00003243,2025-01-10 20:31:00,SMB,debit,US-East,mobile_android,success,None,86.73
TX_00003244,2025-01-10 20:35:00,Startup,crypto,US-East,desktop,success,None,39.73
TX_00003245,2025-01-10 20:36:00,SMB,debit,US-West,desktop,success,None,98.75
TX_00003246,2025-01-10 20:39:00,SMB,debit,EU-Central,mobile_android,success,None,79.45
TX_00003247,2025-01-10 20:41:00,SMB,credit_card,APAC,mobile_ios,success,None,80.91
TX_00003248,2025-01-10 20:49:00,SMB,credit_card,EU-Central,mobile_android,failed,Card expired,0.0
TX_00003249,2025-01-10 20:50:00,Startup,crypto,US-East,mobile_android,success,None,71.41
TX_00003250,2025-01-10 20:51:00,Enterprise,debit,APAC,desktop,success,None,132.64
TX_00003251,2025-01-10 20:51:00,SMB,crypto,APAC,mobile_ios,success,None,97.25
TX_00003252,2025-01-10 20:55:00,Startup,debit,US-East,desktop,success,None,39.27
TX_00003253,2025-01-10 21:06:00,SMB,credit_card,US-West,mobile_android,success,None,73.27
TX_00003254,2025-01-10 21:06:00,Startup,credit_card,US-West,desktop,success,None,48.43
TX_00003255,2025-01-10 21:11:00,Enterprise,crypto,US-West,mobile_ios,success,None,130.74
TX_00003256,2025-01-10 21:12:00,SMB,credit_card,APAC,desktop,success,None,82.56
TX_00003257,2025-01-10 21:29:00,SMB,credit_card,US-East,desktop,success,None,81.73
TX_00003258,2025-01-10 21:32:00,Startup,credit_card,US-West,desktop,success,None,51.55
TX_00003259,2025-01-10 21:34:00,Startup,credit_card,US-East,mobile_ios,success,None,39.92
TX_00003260,2025-01-10 21:36:00,Startup,credit_card,US-West,desktop,success,None,50.44
TX_00003261,2025-01-10 21:39:00,Enterprise,debit,EU-Central,desktop,success,None,159.53
TX_00003262,2025-01-10 21:46:00,SMB,credit_card,US-East,desktop,success,None,76.59
TX_00003263,2025-01-10 21:47:00,SMB,credit_card,US-East,desktop,success,None,116.88
TX_00003264,2025-01-10 21:50:00,Enterprise,debit,APAC,mobile_ios,success,None,153.79
TX_00003265,2025-01-10 21:51:00,SMB,credit_card,EU-Central,desktop,success,None,96.41
TX_00003266,2025-01-10 21:54:00,Startup,debit,US-West,desktop,success,None,38.35
TX_00003267,2025-01-10 22:02:00,SMB,credit_card,US-East,mobile_ios,success,None,45.24
TX_00003268,2025-01-10 22:07:00,SMB,crypto,US-West,mobile_ios,success,None,87.74
TX_00003269,2025-01-10 22:08:00,Startup,credit_card,EU-Central,mobile_ios,success,None,25.29
TX_00003270,2025-01-10 22:09:00,Startup,credit_card,EU-Central,mobile_android,success,None,39.15
TX_00003271,2025-01-10 22:11:00,SMB,debit,US-East,desktop,success,None,79.32
TX_00003272,2025-01-10 22:12:00,SMB,debit,US-West,mobile_android,success,None,54.75
TX_00003273,2025-01-10 22:16:00,SMB,credit_card,US-East,mobile_ios,success,None,81.33
TX_00003274,2025-01-10 22:28:00,SMB,crypto,US-East,mobile_ios,success,None,78.19
TX_00003275,2025-01-10 22:38:00,Startup,credit_card,US-West,mobile_ios,success,None,37.61
TX_00003276,2025-01-10 22:47:00,SMB,crypto,US-East,desktop,success,None,73.29
TX_00003277,2025-01-10 22:50:00,Startup,credit_card,US-East,desktop,success,None,38.67
TX_00003278,2025-01-10 22:54:00,Startup,credit_card,EU-Central,mobile_ios,success,None,45.41
TX_00003279,2025-01-10 22:56:00,Startup,credit_card,US-West,desktop,success,None,55.65
TX_00003280,2025-01-10 23:02:00,SMB,credit_card,EU-Central,mobile_ios,success,None,86.04
TX_00003281,2025-01-10 23:05:00,SMB,credit_card,US-West,mobile_ios,success,None,91.32
TX_00003282,2025-01-10 23:12:00,Startup,credit_card,EU-Central,desktop,success,None,31.43
TX_00003283,2025-01-10 23:17:00,SMB,credit_card,US-East,desktop,success,None,106.65
TX_00003284,2025-01-10 23:27:00,SMB,credit_card,US-East,desktop,success,None,61.29
TX_00003285,2025-01-10 23:29:00,SMB,credit_card,US-West,desktop,success,None,94.48
TX_00003286,2025-01-10 23:33:00,SMB,debit,US-East,desktop,success,None,62.77
TX_00003287,2025-01-10 23:34:00,Startup,credit_card,EU-Central,desktop,success,None,19.2
TX_00003288,2025-01-10 23:36:00,SMB,debit,US-West,desktop,success,None,57.42
TX_00003289,2025-01-10 23:40:00,SMB,crypto,US-East,desktop,success,None,112.13
TX_00003290,2025-01-10 23:42:00,SMB,debit,US-West,desktop,success,None,74.99
TX_00003291,2025-01-10 23:45:00,SMB,crypto,APAC,mobile_android,success,None,86.78
TX_00003292,2025-01-10 23:47:00,Startup,credit_card,US-East,mobile_android,success,None,37.99
TX_00003293,2025-01-10 23:48:00,Startup,credit_card,US-East,desktop,success,None,29.74
TX_00003294,2025-01-10 23:49:00,SMB,credit_card,EU-Central,desktop,success,None,91.17
TX_00003295,2025-01-10 23:50:00,Enterprise,credit_card,US-East,desktop,success,None,157.14
TX_00003296,2025-01-10 23:54:00,SMB,debit,US-East,desktop,success,None,75.62
TX_00003297,2025-01-10 23:57:00,Startup,credit_card,US-East,mobile_ios,success,None,6.05
TX_00003298,2025-01-11 00:07:00,SMB,credit_card,US-West,desktop,success,None,78.11
TX_00003299,2025-01-11 00:08:00,Startup,debit,US-West,desktop,success,None,30.85
TX_00003300,2025-01-11 00:14:00,SMB,credit_card,US-West,mobile_android,success,None,94.26
TX_00003301,2025-01-11 00:19:00,Startup,credit_card,APAC,mobile_android,success,None,36.73
TX_00003302,2025-01-11 00:29:00,SMB,credit_card,EU-Central,mobile_android,success,None,84.96
TX_00003303,2025-01-11 00:35:00,Startup,crypto,APAC,desktop,success,None,32.44
TX_00003304,2025-01-11 00:37:00,SMB,debit,US-West,mobile_android,success,None,57.22
TX_00003305,2025-01-11 00:44:00,Startup,credit_card,US-East,mobile_ios,success,None,42.77
TX_00003306,2025-01-11 00:57:00,Enterprise,credit_card,APAC,mobile_ios,success,None,155.57
TX_00003307,2025-01-11 01:12:00,SMB,credit_card,US-East,mobile_android,success,None,81.16
TX_00003308,2025-01-11 01:22:00,Startup,credit_card,EU-Central,mobile_android,success,None,45.53
TX_00003309,2025-01-11 01:24:00,SMB,debit,US-East,mobile_ios,success,None,74.08
TX_00003310,2025-01-11 01:25:00,Startup,credit_card,EU-Central,desktop,success,None,36.36
TX_00003311,2025-01-11 01:29:00,Startup,credit_card,APAC,desktop,success,None,57.12
TX_00003312,2025-01-11 01:36:00,SMB,crypto,US-East,mobile_ios,success,None,70.48
TX_00003313,2025-01-11 01:42:00,SMB,debit,US-East,mobile_android,success,None,76.47
TX_00003314,2025-01-11 01:46:00,SMB,debit,US-East,mobile_ios,success,None,94.32
TX_00003315,2025-01-11 01:56:00,SMB,credit_card,US-West,desktop,success,None,89.85
TX_00003316,2025-01-11 01:59:00,SMB,credit_card,US-East,desktop,success,None,79.15
TX_00003317,2025-01-11 02:03:00,Startup,credit_card,US-West,desktop,success,None,38.05
TX_00003318,2025-01-11 02:14:00,SMB,debit,US-East,mobile_android,success,None,72.48
TX_00003319,2025-01-11 02:16:00,SMB,credit_card,US-East,desktop,success,None,88.76
TX_00003320,2025-01-11 02:16:00,SMB,debit,US-West,mobile_ios,success,None,85.54
TX_00003321,2025-01-11 02:17:00,Enterprise,crypto,US-West,mobile_android,success,None,126.16
TX_00003322,2025-01-11 02:21:00,SMB,credit_card,US-East,desktop,success,None,88.5
TX_00003323,2025-01-11 02:21:00,Startup,credit_card,EU-Central,mobile_android,success,None,45.92
TX_00003324,2025-01-11 02:29:00,Startup,debit,EU-Central,mobile_android,success,None,41.05
TX_00003325,2025-01-11 02:39:00,SMB,crypto,US-East,desktop,success,None,79.34
TX_00003326,2025-01-11 02:41:00,Startup,debit,US-East,desktop,success,None,59.82
TX_00003327,2025-01-11 02:42:00,SMB,credit_card,EU-Central,mobile_ios,success,None,78.98
TX_00003328,2025-01-11 02:46:00,Startup,credit_card,US-East,desktop,success,None,37.24
TX_00003329,2025-01-11 02:47:00,Startup,debit,US-East,mobile_ios,success,None,44.38
TX_00003330,2025-01-11 02:47:00,Startup,debit,US-West,mobile_ios,success,None,35.24
TX_00003331,2025-01-11 02:51:00,Enterprise,credit_card,US-East,desktop,success,None,153.08
TX_00003332,2025-01-11 03:06:00,SMB,credit_card,US-East,desktop,success,None,87.46
TX_00003333,2025-01-11 03:11:00,Enterprise,debit,APAC,desktop,success,None,193.26
TX_00003334,2025-01-11 03:16:00,Startup,credit_card,US-East,desktop,success,None,41.51
TX_00003335,2025-01-11 03:19:00,SMB,debit,APAC,mobile_ios,success,None,88.53
TX_00003336,2025-01-11 03:25:00,Startup,credit_card,US-East,mobile_ios,success,None,36.41
TX_00003337,2025-01-11 03:25:00,SMB,debit,EU-Central,desktop,success,None,91.19
TX_00003338,2025-01-11 03:36:00,Startup,debit,US-West,mobile_ios,success,None,48.44
TX_00003339,2025-01-11 03:41:00,Enterprise,credit_card,US-East,desktop,success,None,169.89
TX_00003340,2025-01-11 03:42:00,SMB,debit,EU-Central,mobile_android,success,None,80.43
TX_00003341,2025-01-11 03:46:00,SMB,debit,EU-Central,desktop,success,None,82.18
TX_00003342,2025-01-11 03:49:00,SMB,crypto,US-East,desktop,success,None,81.7
TX_00003343,2025-01-11 03:55:00,SMB,credit_card,EU-Central,mobile_ios,success,None,65.88
TX_00003344,2025-01-11 04:05:00,Startup,debit,US-West,mobile_ios,success,None,44.8
TX_00003345,2025-01-11 04:08:00,Enterprise,debit,EU-Central,desktop,success,None,124.85
TX_00003346,2025-01-11 04:10:00,SMB,credit_card,EU-Central,desktop,success,None,82.93
TX_00003347,2025-01-11 04:23:00,Startup,debit,US-East,desktop,success,None,40.21
TX_00003348,2025-01-11 04:25:00,Enterprise,credit_card,US-East,desktop,success,None,176.74
TX_00003349,2025-01-11 04:30:00,Startup,credit_card,US-West,desktop,success,None,39.64
TX_00003350,2025-01-11 04:31:00,Startup,credit_card,APAC,mobile_ios,success,None,54.64
TX_00003351,2025-01-11 04:38:00,Enterprise,credit_card,US-East,mobile_android,success,None,146.1
TX_00003352,2025-01-11 04:43:00,SMB,crypto,US-West,mobile_ios,success,None,65.35
TX_00003353,2025-01-11 04:43:00,SMB,debit,US-East,desktop,success,None,53.81
TX_00003354,2025-01-11 04:51:00,Startup,credit_card,EU-Central,mobile_android,success,None,55.46
TX_00003355,2025-01-11 04:52:00,SMB,debit,US-West,desktop,success,None,63.4
TX_00003356,2025-01-11 04:53:00,Startup,credit_card,EU-Central,desktop,success,None,40.46
TX_00003357,2025-01-11 05:06:00,Startup,credit_card,APAC,mobile_ios,success,None,31.7
TX_00003358,2025-01-11 05:15:00,Enterprise,credit_card,US-East,desktop,success,None,170.22
TX_00003359,2025-01-11 05:16:00,Startup,credit_card,US-East,desktop,success,None,38.84
TX_00003360,2025-01-11 05:19:00,Startup,credit_card,APAC,desktop,success,None,16.04
TX_00003361,2025-01-11 05:21:00,SMB,debit,US-East,desktop,success,None,102.81
TX_00003362,2025-01-11 05:28:00,Startup,credit_card,EU-Central,desktop,success,None,33.4
TX_00003363,2025-01-11 05:43:00,Startup,credit_card,EU-Central,mobile_ios,success,None,40.76
TX_00003364,2025-01-11 05:44:00,SMB,credit_card,US-West,desktop,success,None,80.15
TX_00003365,2025-01-11 05:45:00,SMB,credit_card,US-East,desktop,success,None,63.61
TX_00003366,2025-01-11 05:58:00,SMB,crypto,US-East,desktop,success,None,93.71
TX_00003367,2025-01-11 06:12:00,Enterprise,credit_card,US-West,mobile_android,success,None,101.88
TX_00003368,2025-01-11 06:19:00,Startup,debit,US-East,desktop,success,None,29.28
TX_00003369,2025-01-11 06:21:00,Enterprise,credit_card,US-West,desktop,success,None,188.36
TX_00003370,2025-01-11 06:39:00,Startup,debit,US-West,mobile_ios,success,None,41.39
TX_00003371,2025-01-11 06:58:00,SMB,credit_card,US-East,desktop,success,None,77.22
TX_00003372,2025-01-11 07:00:00,Enterprise,crypto,US-East,desktop,success,None,150.33
TX_00003373,2025-01-11 07:00:00,Startup,credit_card,APAC,mobile_ios,success,None,37.14
TX_00003374,2025-01-11 07:01:00,Startup,credit_card,US-West,desktop,success,None,43.7
TX_00003375,2025-01-11 07:04:00,SMB,crypto,US-West,desktop,success,None,64.45
TX_00003376,2025-01-11 07:17:00,SMB,debit,APAC,desktop,success,None,104.44
TX_00003377,2025-01-11 07:22:00,Enterprise,credit_card,US-West,desktop,success,None,149.64
TX_00003378,2025-01-11 07:29:00,SMB,crypto,APAC,mobile_android,success,None,81.12
TX_00003379,2025-01-11 07:32:00,SMB,debit,US-East,desktop,success,None,75.02
TX_00003380,2025-01-11 07:35:00,SMB,credit_card,EU-Central,desktop,success,None,86.48
TX_00003381,2025-01-11 07:35:00,Startup,credit_card,US-East,mobile_android,success,None,44.76
TX_00003382,2025-01-11 07:39:00,SMB,credit_card,EU-Central,desktop,success,None,88.32
TX_00003383,2025-01-11 07:39:00,Startup,credit_card,EU-Central,desktop,success,None,29.86
TX_00003384,2025-01-11 07:48:00,Startup,debit,US-East,mobile_ios,success,None,27.07
TX_00003385,2025-01-11 07:53:00,SMB,credit_card,US-West,mobile_ios,success,None,95.55
TX_00003386,2025-01-11 08:12:00,Startup,credit_card,EU-Central,mobile_ios,success,None,53.34
TX_00003387,2025-01-11 08:19:00,SMB,debit,US-East,desktop,success,None,66.17
TX_00003388,2025-01-11 08:21:00,Startup,credit_card,EU-Central,mobile_android,success,None,33.54
TX_00003389,2025-01-11 08:24:00,SMB,crypto,US-East,desktop,success,None,59.64
TX_00003390,2025-01-11 08:28:00,Enterprise,crypto,APAC,desktop,success,None,157.85
TX_00003391,2025-01-11 08:35:00,Startup,crypto,US-East,desktop,success,None,36.18
TX_00003392,2025-01-11 08:44:00,SMB,debit,US-West,mobile_ios,success,None,63.17
TX_00003393,2025-01-11 08:59:00,Startup,credit_card,US-East,mobile_ios,success,None,23.72
TX_00003394,2025-01-11 09:13:00,Startup,credit_card,US-East,mobile_ios,success,None,33.72
TX_00003395,2025-01-11 09:15:00,Enterprise,credit_card,US-West,mobile_ios,failed,Insufficient funds,0.0
TX_00003396,2025-01-11 09:23:00,SMB,credit_card,US-West,desktop,success,None,45.11
TX_00003397,2025-01-11 09:33:00,SMB,debit,US-East,desktop,success,None,62.3
TX_00003398,2025-01-11 09:55:00,Startup,credit_card,EU-Central,mobile_ios,success,None,44.66
TX_00003399,2025-01-11 09:56:00,Startup,crypto,US-East,desktop,success,None,49.32
TX_00003400,2025-01-11 09:57:00,SMB,crypto,EU-Central,desktop,success,None,65.37
TX_00003401,2025-01-11 10:23:00,SMB,credit_card,US-West,mobile_android,success,None,72.07
TX_00003402,2025-01-11 10:29:00,Startup,credit_card,US-West,mobile_ios,success,None,38.18
TX_00003403,2025-01-11 10:32:00,Enterprise,credit_card,US-East,desktop,success,None,144.12
TX_00003404,2025-01-11 10:34:00,Startup,debit,US-West,mobile_ios,success,None,40.19
TX_00003405,2025-01-11 10:36:00,Startup,debit,US-West,mobile_ios,success,None,47.68
TX_00003406,2025-01-11 10:37:00,Startup,credit_card,US-East,desktop,success,None,47.19
TX_00003407,2025-01-11 10:37:00,SMB,credit_card,US-East,desktop,success,None,92.88
TX_00003408,2025-01-11 10:38:00,Enterprise,credit_card,US-East,desktop,success,None,198.82
TX_00003409,2025-01-11 10:42:00,SMB,crypto,US-East,desktop,success,None,83.12
TX_00003410,2025-01-11 10:43:00,Enterprise,credit_card,US-East,desktop,success,None,144.88
TX_00003411,2025-01-11 10:47:00,Startup,credit_card,US-East,mobile_android,success,None,29.95
TX_00003412,2025-01-11 10:48:00,Enterprise,debit,US-West,desktop,success,None,134.32
TX_00003413,2025-01-11 11:12:00,Startup,debit,US-East,mobile_android,success,None,45.98
TX_00003414,2025-01-11 11:18:00,SMB,debit,US-East,desktop,success,None,83.48
TX_00003415,2025-01-11 11:18:00,SMB,credit_card,US-East,desktop,failed,Invalid PIN,0.0
TX_00003416,2025-01-11 11:22:00,Enterprise,debit,US-West,mobile_android,success,None,110.51
TX_00003417,2025-01-11 11:22:00,Startup,credit_card,US-East,desktop,success,None,59.09
TX_00003418,2025-01-11 11:26:00,SMB,credit_card,US-West,mobile_android,success,None,59.86
TX_00003419,2025-01-11 11:27:00,SMB,credit_card,EU-Central,desktop,success,None,106.92
TX_00003420,2025-01-11 11:28:00,Startup,credit_card,US-West,mobile_android,success,None,30.91
TX_00003421,2025-01-11 11:29:00,SMB,credit_card,US-East,desktop,success,None,72.6
TX_00003422,2025-01-11 11:36:00,SMB,crypto,US-West,desktop,success,None,73.11
TX_00003423,2025-01-11 11:43:00,SMB,credit_card,US-East,mobile_ios,success,None,68.23
TX_00003424,2025-01-11 11:46:00,Enterprise,crypto,APAC,mobile_ios,success,None,140.25
TX_00003425,2025-01-11 11:51:00,Startup,credit_card,EU-Central,desktop,success,None,34.23
TX_00003426,2025-01-11 11:54:00,SMB,credit_card,US-West,mobile_android,success,None,55.58
TX_00003427,2025-01-11 11:56:00,Enterprise,debit,APAC,mobile_ios,success,None,133.85
TX_00003428,2025-01-11 12:03:00,SMB,debit,US-West,desktop,success,None,99.2
TX_00003429,2025-01-11 12:08:00,Startup,credit_card,US-East,desktop,success,None,36.39
TX_00003430,2025-01-11 12:18:00,SMB,debit,US-East,desktop,success,None,106.0
TX_00003431,2025-01-11 12:29:00,Startup,credit_card,US-West,desktop,success,None,35.48
TX_00003432,2025-01-11 12:31:00,Enterprise,crypto,EU-Central,desktop,success,None,157.47
TX_00003433,2025-01-11 12:32:00,SMB,credit_card,EU-Central,mobile_ios,success,None,89.91
TX_00003434,2025-01-11 12:35:00,Startup,debit,US-West,mobile_ios,success,None,26.63
TX_00003435,2025-01-11 12:40:00,Enterprise,credit_card,US-East,desktop,failed,Invalid PIN,0.0
TX_00003436,2025-01-11 12:46:00,Startup,debit,US-West,desktop,success,None,33.35
TX_00003437,2025-01-11 12:47:00,Enterprise,debit,EU-Central,mobile_android,success,None,139.96
TX_00003438,2025-01-11 12:47:00,Startup,credit_card,US-West,desktop,success,None,42.78
TX_00003439,2025-01-11 12:53:00,SMB,crypto,US-West,desktop,success,None,89.19
TX_00003440,2025-01-11 13:03:00,Startup,credit_card,US-West,mobile_ios,success,None,47.25
TX_00003441,2025-01-11 13:04:00,SMB,credit_card,EU-Central,mobile_ios,success,None,79.39
TX_00003442,2025-01-11 13:04:00,Enterprise,debit,EU-Central,mobile_android,success,None,133.46
TX_00003443,2025-01-11 13:07:00,SMB,credit_card,US-East,mobile_android,success,None,75.92
TX_00003444,2025-01-11 13:07:00,Enterprise,credit_card,US-East,mobile_android,success,None,206.38
TX_00003445,2025-01-11 13:13:00,SMB,credit_card,EU-Central,desktop,success,None,83.7
TX_00003446,2025-01-11 13:13:00,SMB,debit,EU-Central,desktop,success,None,60.31
TX_00003447,2025-01-11 13:14:00,SMB,credit_card,US-East,mobile_ios,failed,Insufficient funds,0.0
TX_00003448,2025-01-11 13:18:00,Startup,credit_card,US-West,desktop,success,None,38.12
TX_00003449,2025-01-11 13:22:00,Startup,debit,APAC,desktop,success,None,65.02
TX_00003450,2025-01-11 13:26:00,Startup,debit,APAC,desktop,success,None,41.5
TX_00003451,2025-01-11 13:30:00,SMB,crypto,EU-Central,desktop,success,None,70.2
TX_00003452,2025-01-11 13:36:00,SMB,debit,US-East,desktop,success,None,91.26
TX_00003453,2025-01-11 13:42:00,SMB,debit,EU-Central,desktop,success,None,112.22
TX_00003454,2025-01-11 13:42:00,Startup,credit_card,US-East,desktop,success,None,36.94
TX_00003455,2025-01-11 13:43:00,SMB,credit_card,EU-Central,mobile_android,success,None,82.2
TX_00003456,2025-01-11 13:48:00,Enterprise,debit,US-East,mobile_ios,success,None,112.56
TX_00003457,2025-01-11 13:49:00,Startup,crypto,US-West,mobile_android,success,None,50.51
TX_00003458,2025-01-11 13:53:00,SMB,debit,US-West,desktop,success,None,77.58
TX_00003459,2025-01-11 13:54:00,Startup,credit_card,EU-Central,desktop,success,None,35.48
TX_00003460,2025-01-11 13:55:00,Startup,credit_card,US-West,desktop,success,None,46.19
TX_00003461,2025-01-11 14:00:00,Enterprise,debit,US-East,mobile_ios,success,None,127.92
TX_00003462,2025-01-11 14:08:00,Enterprise,debit,EU-Central,mobile_android,success,None,150.4
TX_00003463,2025-01-11 14:08:00,SMB,debit,US-East,desktop,success,None,39.54
TX_00003464,2025-01-11 14:11:00,Startup,credit_card,US-East,mobile_android,success,None,30.07
TX_00003465,2025-01-11 14:14:00,SMB,credit_card,APAC,mobile_ios,success,None,95.41
TX_00003466,2025-01-11 14:21:00,Startup,crypto,US-West,desktop,success,None,22.58
TX_00003467,2025-01-11 14:21:00,SMB,debit,EU-Central,mobile_ios,success,None,86.21
TX_00003468,2025-01-11 14:31:00,SMB,credit_card,US-West,mobile_ios,success,None,75.83
TX_00003469,2025-01-11 14:35:00,Enterprise,credit_card,EU-Central,desktop,success,None,127.71
TX_00003470,2025-01-11 14:42:00,Startup,crypto,EU-Central,desktop,success,None,38.0
TX_00003471,2025-01-11 14:42:00,SMB,debit,US-West,mobile_ios,success,None,81.69
TX_00003472,2025-01-11 14:42:00,Startup,credit_card,APAC,mobile_ios,success,None,29.63
TX_00003473,2025-01-11 14:44:00,SMB,credit_card,US-West,desktop,success,None,68.67
TX_00003474,2025-01-11 15:05:00,SMB,credit_card,EU-Central,mobile_android,success,None,41.77
TX_00003475,2025-01-11 15:10:00,Startup,credit_card,EU-Central,desktop,success,None,26.43
TX_00003476,2025-01-11 15:13:00,Startup,debit,US-East,desktop,success,None,33.47
TX_00003477,2025-01-11 15:17:00,SMB,credit_card,US-West,desktop,success,None,71.79
TX_00003478,2025-01-11 15:21:00,SMB,debit,APAC,mobile_android,success,None,86.52
TX_00003479,2025-01-11 15:23:00,Startup,debit,US-East,mobile_ios,success,None,48.61
TX_00003480,2025-01-11 15:27:00,SMB,credit_card,US-East,mobile_ios,success,None,105.66
TX_00003481,2025-01-11 15:28:00,SMB,credit_card,US-West,mobile_android,success,None,81.93
TX_00003482,2025-01-11 15:29:00,Startup,credit_card,US-East,mobile_ios,success,None,37.16
TX_00003483,2025-01-11 15:32:00,SMB,credit_card,EU-Central,desktop,success,None,69.96
TX_00003484,2025-01-11 15:38:00,Enterprise,credit_card,US-East,mobile_ios,success,None,132.16
TX_00003485,2025-01-11 15:39:00,Enterprise,debit,US-East,mobile_ios,success,None,182.88
TX_00003486,2025-01-11 15:43:00,Startup,debit,EU-Central,desktop,success,None,48.18
TX_00003487,2025-01-11 15:43:00,Startup,debit,US-East,desktop,success,None,54.61
TX_00003488,2025-01-11 15:49:00,SMB,debit,US-West,mobile_ios,success,None,87.55
TX_00003489,2025-01-11 15:52:00,SMB,debit,EU-Central,desktop,success,None,79.53
TX_00003490,2025-01-11 15:57:00,SMB,debit,EU-Central,desktop,success,None,80.78
TX_00003491,2025-01-11 15:58:00,Startup,credit_card,EU-Central,mobile_ios,success,None,37.99
TX_00003492,2025-01-11 16:00:00,Enterprise,crypto,US-East,mobile_android,success,None,112.56
TX_00003493,2025-01-11 16:06:00,Startup,credit_card,US-East,desktop,success,None,27.4
TX_00003494,2025-01-11 16:09:00,SMB,credit_card,US-East,desktop,success,None,105.72
TX_00003495,2025-01-11 16:11:00,Startup,credit_card,US-East,mobile_ios,success,None,42.85
TX_00003496,2025-01-11 16:12:00,SMB,crypto,US-West,mobile_ios,success,None,45.25
TX_00003497,2025-01-11 16:12:00,Startup,crypto,US-East,mobile_android,success,None,47.16
TX_00003498,2025-01-11 16:13:00,SMB,debit,US-West,mobile_ios,success,None,76.19
TX_00003499,2025-01-11 16:14:00,Enterprise,debit,US-East,mobile_ios,success,None,165.56
TX_00003500,2025-01-11 16:19:00,Startup,credit_card,US-West,mobile_android,success,None,29.34
TX_00003501,2025-01-11 16:19:00,Startup,crypto,US-East,desktop,success,None,37.01
TX_00003502,2025-01-11 16:25:00,SMB,debit,US-East,desktop,success,None,80.4
TX_00003503,2025-01-11 16:26:00,Startup,crypto,US-West,mobile_ios,success,None,40.45
TX_00003504,2025-01-11 16:38:00,SMB,credit_card,US-West,desktop,success,None,78.3
TX_00003505,2025-01-11 16:41:00,Startup,credit_card,EU-Central,desktop,success,None,41.2
TX_00003506,2025-01-11 16:47:00,SMB,debit,EU-Central,desktop,success,None,63.52
TX_00003507,2025-01-11 16:48:00,SMB,credit_card,EU-Central,mobile_ios,success,None,75.06
TX_00003508,2025-01-11 16:57:00,SMB,crypto,US-West,mobile_android,success,None,87.87
TX_00003509,2025-01-11 17:02:00,SMB,credit_card,US-East,desktop,success,None,79.4
TX_00003510,2025-01-11 17:04:00,Startup,crypto,US-East,mobile_ios,success,None,42.63
TX_00003511,2025-01-11 17:14:00,SMB,credit_card,EU-Central,desktop,success,None,70.4
TX_00003512,2025-01-11 17:18:00,Enterprise,debit,US-East,mobile_ios,success,None,117.59
TX_00003513,2025-01-11 17:18:00,SMB,credit_card,US-East,mobile_ios,success,None,89.12
TX_00003514,2025-01-11 17:29:00,Startup,debit,US-East,mobile_android,success,None,40.16
TX_00003515,2025-01-11 17:30:00,SMB,credit_card,US-East,desktop,success,None,82.36
TX_00003516,2025-01-11 17:50:00,SMB,crypto,EU-Central,desktop,success,None,98.34
TX_00003517,2025-01-11 17:54:00,Startup,debit,US-East,desktop,success,None,30.59
TX_00003518,2025-01-11 17:59:00,SMB,credit_card,US-West,mobile_ios,success,None,108.2
TX_00003519,2025-01-11 18:05:00,Startup,crypto,US-East,mobile_android,success,None,31.56
TX_00003520,2025-01-11 18:13:00,Startup,credit_card,US-West,mobile_android,success,None,38.55
TX_00003521,2025-01-11 18:13:00,SMB,credit_card,EU-Central,desktop,success,None,69.01
TX_00003522,2025-01-11 18:24:00,Startup,credit_card,US-East,mobile_android,success,None,31.49
TX_00003523,2025-01-11 18:24:00,Startup,debit,EU-Central,desktop,success,None,36.37
TX_00003524,2025-01-11 18:31:00,SMB,credit_card,US-East,desktop,success,None,80.45
TX_00003525,2025-01-11 18:34:00,SMB,credit_card,US-West,mobile_android,success,None,85.72
TX_00003526,2025-01-11 18:35:00,Startup,crypto,EU-Central,desktop,success,None,39.19
TX_00003527,2025-01-11 18:43:00,SMB,debit,APAC,desktop,success,None,94.79
TX_00003528,2025-01-11 18:44:00,Startup,credit_card,US-East,desktop,success,None,53.11
TX_00003529,2025-01-11 18:44:00,SMB,debit,US-East,desktop,failed,Insufficient funds,0.0
TX_00003530,2025-01-11 18:45:00,SMB,crypto,US-East,desktop,success,None,84.98
TX_00003531,2025-01-11 18:54:00,SMB,credit_card,US-East,mobile_android,success,None,65.01
TX_00003532,2025-01-11 19:00:00,Enterprise,debit,US-East,desktop,success,None,177.15
TX_00003533,2025-01-11 19:00:00,Enterprise,credit_card,US-East,desktop,success,None,143.26
TX_00003534,2025-01-11 19:05:00,Startup,debit,US-West,desktop,success,None,58.43
TX_00003535,2025-01-11 19:09:00,Startup,credit_card,APAC,mobile_ios,success,None,42.61
TX_00003536,2025-01-11 19:23:00,Startup,debit,US-East,mobile_ios,success,None,42.51
TX_00003537,2025-01-11 19:23:00,Startup,credit_card,APAC,mobile_android,success,None,47.91
TX_00003538,2025-01-11 19:27:00,Startup,debit,EU-Central,mobile_android,success,None,50.94
TX_00003539,2025-01-11 19:34:00,SMB,credit_card,EU-Central,desktop,success,None,74.67
TX_00003540,2025-01-11 19:37:00,Startup,credit_card,APAC,mobile_android,success,None,26.9
TX_00003541,2025-01-11 19:37:00,SMB,credit_card,EU-Central,desktop,success,None,73.56
TX_00003542,2025-01-11 19:41:00,Startup,debit,EU-Central,desktop,success,None,28.33
TX_00003543,2025-01-11 19:45:00,Startup,credit_card,US-West,mobile_ios,success,None,38.92
TX_00003544,2025-01-11 19:52:00,SMB,credit_card,US-West,desktop,failed,Invalid PIN,0.0
TX_00003545,2025-01-11 19:56:00,SMB,credit_card,APAC,desktop,success,None,80.45
TX_00003546,2025-01-11 19:56:00,SMB,debit,US-East,mobile_android,success,None,89.36
TX_00003547,2025-01-11 20:05:00,Enterprise,credit_card,US-East,mobile_ios,success,None,153.32
TX_00003548,2025-01-11 20:13:00,SMB,debit,EU-Central,desktop,success,None,70.99
TX_00003549,2025-01-11 20:20:00,SMB,credit_card,US-West,mobile_ios,success,None,75.5
TX_00003550,2025-01-11 20:23:00,Enterprise,credit_card,EU-Central,mobile_android,success,None,174.83
TX_00003551,2025-01-11 20:27:00,Startup,credit_card,US-East,mobile_android,success,None,39.47
TX_00003552,2025-01-11 20:29:00,Startup,crypto,US-West,mobile_ios,success,None,30.45
TX_00003553,2025-01-11 20:30:00,Startup,credit_card,US-East,mobile_ios,success,None,55.27
TX_00003554,2025-01-11 20:35:00,Startup,credit_card,APAC,mobile_ios,success,None,50.44
TX_00003555,2025-01-11 20:41:00,SMB,credit_card,US-East,mobile_ios,success,None,63.68
TX_00003556,2025-01-11 20:46:00,SMB,debit,EU-Central,mobile_ios,success,None,120.85
TX_00003557,2025-01-11 20:49:00,Startup,credit_card,US-East,mobile_ios,success,None,5.31
TX_00003558,2025-01-11 20:51:00,Startup,debit,US-East,desktop,success,None,47.52
TX_00003559,2025-01-11 20:59:00,SMB,credit_card,US-East,mobile_android,success,None,100.57
TX_00003560,2025-01-11 21:03:00,Startup,credit_card,US-East,desktop,success,None,37.56
TX_00003561,2025-01-11 21:22:00,Startup,credit_card,US-West,desktop,success,None,30.5
TX_00003562,2025-01-11 21:29:00,Startup,debit,US-East,mobile_ios,success,None,48.93
TX_00003563,2025-01-11 21:30:00,Startup,debit,US-West,desktop,success,None,41.71
TX_00003564,2025-01-11 21:36:00,SMB,credit_card,US-East,mobile_ios,success,None,83.21
TX_00003565,2025-01-11 21:40:00,Startup,crypto,EU-Central,desktop,success,None,34.02
TX_00003566,2025-01-11 21:42:00,Startup,credit_card,US-East,mobile_ios,success,None,47.6
TX_00003567,2025-01-11 21:44:00,Enterprise,debit,US-East,mobile_android,success,None,142.05
TX_00003568,2025-01-11 21:47:00,Startup,credit_card,US-West,mobile_ios,success,None,57.92
TX_00003569,2025-01-11 21:48:00,SMB,credit_card,APAC,desktop,success,None,79.02
TX_00003570,2025-01-11 21:48:00,SMB,debit,EU-Central,mobile_android,success,None,85.32
TX_00003571,2025-01-11 21:57:00,SMB,debit,EU-Central,desktop,success,None,74.81
TX_00003572,2025-01-11 22:01:00,Enterprise,credit_card,US-East,desktop,success,None,164.2
TX_00003573,2025-01-11 22:02:00,SMB,credit_card,EU-Central,desktop,success,None,58.93
TX_00003574,2025-01-11 22:08:00,Startup,credit_card,EU-Central,mobile_android,success,None,25.09
TX_00003575,2025-01-11 22:08:00,Enterprise,debit,APAC,desktop,success,None,216.22
TX_00003576,2025-01-11 22:12:00,SMB,credit_card,US-East,mobile_ios,success,None,60.92
TX_00003577,2025-01-11 22:13:00,Enterprise,debit,APAC,desktop,success,None,162.82
TX_00003578,2025-01-11 22:14:00,SMB,credit_card,US-West,desktop,success,None,69.81
TX_00003579,2025-01-11 22:15:00,Startup,credit_card,US-West,mobile_android,success,None,38.61
TX_00003580,2025-01-11 22:34:00,Startup,credit_card,US-West,mobile_ios,success,None,31.1
TX_00003581,2025-01-11 22:41:00,Startup,credit_card,US-West,mobile_ios,success,None,37.08
TX_00003582,2025-01-11 22:42:00,Startup,credit_card,US-West,desktop,success,None,43.3
TX_00003583,2025-01-11 22:44:00,SMB,credit_card,US-East,mobile_ios,success,None,91.59
TX_00003584,2025-01-11 22:55:00,Startup,debit,EU-Central,mobile_android,success,None,43.15
TX_00003585,2025-01-11 23:01:00,Startup,credit_card,US-West,desktop,success,None,47.6
TX_00003586,2025-01-11 23:10:00,SMB,debit,US-West,mobile_ios,success,None,71.58
TX_00003587,2025-01-11 23:11:00,Startup,credit_card,US-East,mobile_android,success,None,30.75
TX_00003588,2025-01-11 23:12:00,Startup,crypto,APAC,mobile_android,success,None,38.77
TX_00003589,2025-01-11 23:15:00,Startup,crypto,US-West,desktop,success,None,50.47
TX_00003590,2025-01-11 23:19:00,SMB,debit,US-East,mobile_ios,success,None,79.25
TX_00003591,2025-01-11 23:24:00,Startup,debit,EU-Central,mobile_ios,success,None,36.68
TX_00003592,2025-01-11 23:30:00,Enterprise,credit_card,US-East,desktop,success,None,170.18
TX_00003593,2025-01-11 23:32:00,SMB,debit,US-East,mobile_ios,success,None,65.93
TX_00003594,2025-01-11 23:43:00,SMB,crypto,US-West,mobile_android,success,None,93.39
TX_00003595,2025-01-11 23:50:00,SMB,credit_card,US-West,mobile_android,success,None,66.99
TX_00003596,2025-01-11 23:55:00,Enterprise,credit_card,US-East,mobile_android,success,None,153.62
TX_00003597,2025-01-12 00:07:00,Enterprise,credit_card,US-East,desktop,success,None,153.02
TX_00003598,2025-01-12 00:08:00,Startup,credit_card,APAC,mobile_android,success,None,48.2
TX_00003599,2025-01-12 00:08:00,Startup,credit_card,US-East,mobile_ios,success,None,46.44
TX_00003600,2025-01-12 00:10:00,Startup,credit_card,US-East,desktop,success,None,37.0
TX_00003601,2025-01-12 00:19:00,SMB,credit_card,APAC,mobile_ios,success,None,82.83
TX_00003602,2025-01-12 00:23:00,SMB,crypto,US-East,mobile_android,success,None,93.24
TX_00003603,2025-01-12 00:27:00,Startup,credit_card,US-West,desktop,success,None,58.63
TX_00003604,2025-01-12 00:30:00,SMB,debit,US-East,mobile_android,success,None,88.3
TX_00003605,2025-01-12 00:36:00,Startup,credit_card,US-West,mobile_android,success,None,58.45
TX_00003606,2025-01-12 00:41:00,Startup,credit_card,US-East,desktop,success,None,33.52
TX_00003607,2025-01-12 00:42:00,Enterprise,credit_card,APAC,mobile_android,success,None,151.51
TX_00003608,2025-01-12 00:42:00,Startup,credit_card,US-West,mobile_android,success,None,40.87
TX_00003609,2025-01-12 00:42:00,Startup,credit_card,US-West,desktop,success,None,32.89
TX_00003610,2025-01-12 00:46:00,Enterprise,credit_card,APAC,desktop,success,None,157.27
TX_00003611,2025-01-12 00:47:00,Enterprise,credit_card,APAC,desktop,success,None,182.77
TX_00003612,2025-01-12 00:50:00,Enterprise,debit,US-East,desktop,success,None,151.06
TX_00003613,2025-01-12 00:52:00,SMB,credit_card,EU-Central,mobile_ios,success,None,91.5
TX_00003614,2025-01-12 00:53:00,SMB,credit_card,US-East,desktop,success,None,73.62
TX_00003615,2025-01-12 00:56:00,SMB,debit,US-West,mobile_android,success,None,78.43
TX_00003616,2025-01-12 00:56:00,SMB,credit_card,US-East,mobile_android,success,None,62.54
TX_00003617,2025-01-12 00:58:00,Startup,credit_card,US-West,desktop,success,None,19.89
TX_00003618,2025-01-12 00:59:00,SMB,credit_card,US-East,mobile_ios,success,None,72.9
TX_00003619,2025-01-12 01:01:00,Enterprise,credit_card,US-West,mobile_ios,success,None,156.88
TX_00003620,2025-01-12 01:05:00,SMB,credit_card,US-West,mobile_ios,success,None,92.71
TX_00003621,2025-01-12 01:06:00,SMB,credit_card,US-East,desktop,success,None,95.91
TX_00003622,2025-01-12 01:13:00,SMB,credit_card,US-West,desktop,success,None,68.08
TX_00003623,2025-01-12 01:16:00,SMB,debit,APAC,desktop,success,None,91.1
TX_00003624,2025-01-12 01:16:00,Enterprise,credit_card,EU-Central,desktop,success,None,181.5
TX_00003625,2025-01-12 01:27:00,Startup,credit_card,US-West,mobile_android,success,None,61.61
TX_00003626,2025-01-12 01:28:00,Startup,crypto,APAC,desktop,success,None,38.1
TX_00003627,2025-01-12 01:34:00,SMB,debit,US-West,desktop,success,None,130.62
TX_00003628,2025-01-12 01:35:00,SMB,credit_card,US-East,mobile_ios,success,None,81.4
TX_00003629,2025-01-12 01:50:00,Startup,crypto,US-West,desktop,success,None,49.37
TX_00003630,2025-01-12 01:54:00,Startup,credit_card,US-East,desktop,success,None,28.27
TX_00003631,2025-01-12 01:58:00,SMB,credit_card,EU-Central,mobile_ios,success,None,81.0
TX_00003632,2025-01-12 01:58:00,Startup,crypto,APAC,mobile_ios,success,None,28.69
TX_00003633,2025-01-12 02:00:00,SMB,debit,US-East,desktop,success,None,97.2
TX_00003634,2025-01-12 02:00:00,SMB,credit_card,US-West,desktop,success,None,86.88
TX_00003635,2025-01-12 02:06:00,Startup,debit,US-West,desktop,success,None,44.36
TX_00003636,2025-01-12 02:12:00,Startup,debit,US-East,mobile_ios,success,None,35.71
TX_00003637,2025-01-12 02:19:00,Startup,credit_card,EU-Central,mobile_ios,success,None,54.06
TX_00003638,2025-01-12 02:29:00,Enterprise,credit_card,US-West,desktop,success,None,104.92
TX_00003639,2025-01-12 02:34:00,SMB,credit_card,US-East,desktop,success,None,71.53
TX_00003640,2025-01-12 02:35:00,SMB,crypto,EU-Central,mobile_ios,success,None,78.8
TX_00003641,2025-01-12 02:36:00,SMB,credit_card,US-East,mobile_android,success,None,83.68
TX_00003642,2025-01-12 02:37:00,Startup,debit,APAC,mobile_android,success,None,46.57
TX_00003643,2025-01-12 02:37:00,Startup,credit_card,US-East,desktop,success,None,41.26
TX_00003644,2025-01-12 02:41:00,Startup,credit_card,US-West,mobile_ios,success,None,40.71
TX_00003645,2025-01-12 02:46:00,Startup,debit,US-East,mobile_ios,success,None,34.3
TX_00003646,2025-01-12 02:54:00,SMB,debit,US-East,mobile_android,success,None,70.75
TX_00003647,2025-01-12 02:56:00,Startup,credit_card,EU-Central,mobile_android,success,None,38.06
TX_00003648,2025-01-12 02:58:00,Startup,credit_card,US-West,desktop,success,None,25.22
TX_00003649,2025-01-12 03:01:00,SMB,credit_card,APAC,desktop,success,None,81.12
TX_00003650,2025-01-12 03:03:00,Startup,credit_card,US-West,desktop,success,None,51.73
TX_00003651,2025-01-12 03:09:00,Enterprise,credit_card,APAC,desktop,success,None,185.2
TX_00003652,2025-01-12 03:12:00,Startup,debit,APAC,mobile_android,success,None,42.85
TX_00003653,2025-01-12 03:14:00,SMB,credit_card,US-West,desktop,success,None,107.25
TX_00003654,2025-01-12 03:15:00,SMB,credit_card,US-West,desktop,success,None,96.86
TX_00003655,2025-01-12 03:23:00,Startup,credit_card,EU-Central,mobile_android,success,None,44.05
TX_00003656,2025-01-12 03:24:00,Startup,crypto,US-East,desktop,success,None,44.55
TX_00003657,2025-01-12 03:32:00,SMB,credit_card,EU-Central,desktop,success,None,57.53
TX_00003658,2025-01-12 03:41:00,Enterprise,debit,US-West,desktop,success,None,143.15
TX_00003659,2025-01-12 03:55:00,SMB,credit_card,EU-Central,mobile_ios,success,None,75.87
TX_00003660,2025-01-12 04:02:00,SMB,credit_card,US-East,desktop,success,None,94.38
TX_00003661,2025-01-12 04:07:00,Startup,credit_card,EU-Central,desktop,success,None,35.74
TX_00003662,2025-01-12 04:07:00,Startup,credit_card,US-East,desktop,success,None,34.8
TX_00003663,2025-01-12 04:11:00,SMB,debit,EU-Central,mobile_ios,success,None,100.33
TX_00003664,2025-01-12 04:23:00,Startup,credit_card,US-West,desktop,success,None,47.54
TX_00003665,2025-01-12 04:25:00,SMB,debit,US-East,mobile_android,success,None,101.92
TX_00003666,2025-01-12 04:37:00,Startup,credit_card,APAC,desktop,success,None,40.81
TX_00003667,2025-01-12 04:41:00,SMB,credit_card,EU-Central,desktop,success,None,59.92
TX_00003668,2025-01-12 04:42:00,SMB,credit_card,APAC,mobile_ios,success,None,62.32
TX_00003669,2025-01-12 04:58:00,Startup,debit,US-East,desktop,success,None,37.13
TX_00003670,2025-01-12 05:02:00,Enterprise,debit,US-West,desktop,success,None,167.42
TX_00003671,2025-01-12 05:02:00,Startup,debit,US-West,mobile_ios,success,None,55.75
TX_00003672,2025-01-12 05:09:00,Startup,credit_card,US-West,desktop,success,None,27.88
TX_00003673,2025-01-12 05:10:00,SMB,debit,US-East,mobile_ios,success,None,71.22
TX_00003674,2025-01-12 05:14:00,SMB,credit_card,US-East,desktop,success,None,72.91
TX_00003675,2025-01-12 05:23:00,Startup,debit,APAC,mobile_android,success,None,47.97
TX_00003676,2025-01-12 05:33:00,Startup,crypto,US-West,mobile_android,success,None,33.77
TX_00003677,2025-01-12 05:42:00,SMB,credit_card,APAC,desktop,success,None,75.81
TX_00003678,2025-01-12 05:44:00,SMB,credit_card,US-East,mobile_ios,success,None,89.54
TX_00003679,2025-01-12 05:44:00,Startup,debit,APAC,desktop,success,None,44.4
TX_00003680,2025-01-12 05:44:00,SMB,debit,US-West,mobile_android,success,None,61.69
TX_00003681,2025-01-12 05:53:00,SMB,credit_card,EU-Central,desktop,success,None,101.52
TX_00003682,2025-01-12 05:54:00,SMB,crypto,US-East,mobile_ios,success,None,56.83
TX_00003683,2025-01-12 05:55:00,Startup,debit,APAC,mobile_ios,success,None,43.81
TX_00003684,2025-01-12 05:58:00,Startup,credit_card,US-West,desktop,success,None,28.6
TX_00003685,2025-01-12 05:58:00,Startup,credit_card,US-West,desktop,success,None,32.42
TX_00003686,2025-01-12 05:59:00,Startup,debit,US-East,desktop,success,None,41.76
TX_00003687,2025-01-12 06:05:00,Startup,credit_card,US-West,mobile_android,success,None,29.94
TX_00003688,2025-01-12 06:09:00,SMB,credit_card,EU-Central,desktop,success,None,31.31
TX_00003689,2025-01-12 06:11:00,Startup,credit_card,US-East,mobile_ios,success,None,35.63
TX_00003690,2025-01-12 06:18:00,Enterprise,debit,EU-Central,desktop,success,None,129.75
TX_00003691,2025-01-12 06:32:00,Startup,debit,US-East,desktop,failed,Insufficient funds,0.0
TX_00003692,2025-01-12 06:37:00,SMB,credit_card,APAC,mobile_ios,success,None,69.47
TX_00003693,2025-01-12 06:41:00,SMB,debit,APAC,mobile_android,success,None,66.27
TX_00003694,2025-01-12 06:41:00,Startup,crypto,US-East,mobile_ios,success,None,16.19
TX_00003695,2025-01-12 06:44:00,Startup,credit_card,US-East,mobile_ios,success,None,32.54
TX_00003696,2025-01-12 06:46:00,Enterprise,debit,US-West,mobile_ios,success,None,160.5
TX_00003697,2025-01-12 06:51:00,Startup,crypto,US-East,mobile_ios,success,None,21.72
TX_00003698,2025-01-12 06:52:00,SMB,debit,US-West,desktop,success,None,86.97
TX_00003699,2025-01-12 07:00:00,SMB,debit,US-East,mobile_android,success,None,96.66
TX_00003700,2025-01-12 07:19:00,Startup,credit_card,US-West,mobile_ios,success,None,49.55
TX_00003701,2025-01-12 07:20:00,SMB,credit_card,US-East,mobile_ios,success,None,71.22
TX_00003702,2025-01-12 07:22:00,Startup,credit_card,US-East,mobile_ios,success,None,36.4
TX_00003703,2025-01-12 07:28:00,SMB,debit,US-East,desktop,success,None,63.76
TX_00003704,2025-01-12 07:39:00,Startup,crypto,US-West,desktop,success,None,30.95
TX_00003705,2025-01-12 07:41:00,Startup,credit_card,US-West,desktop,success,None,35.71
TX_00003706,2025-01-12 07:44:00,SMB,credit_card,US-East,mobile_ios,success,None,84.32
TX_00003707,2025-01-12 07:49:00,SMB,credit_card,US-West,desktop,success,None,93.89
TX_00003708,2025-01-12 07:49:00,Startup,debit,EU-Central,desktop,success,None,32.41
TX_00003709,2025-01-12 08:02:00,Startup,credit_card,US-East,mobile_android,success,None,35.66
TX_00003710,2025-01-12 08:11:00,SMB,debit,EU-Central,mobile_ios,success,None,72.63
TX_00003711,2025-01-12 08:15:00,SMB,credit_card,US-West,desktop,success,None,69.62
TX_00003712,2025-01-12 08:26:00,Enterprise,credit_card,US-East,mobile_ios,success,None,173.92
TX_00003713,2025-01-12 08:31:00,SMB,credit_card,US-East,desktop,success,None,88.19
TX_00003714,2025-01-12 08:33:00,SMB,debit,US-West,mobile_ios,success,None,98.1
TX_00003715,2025-01-12 08:43:00,Enterprise,credit_card,EU-Central,mobile_ios,success,None,154.6
TX_00003716,2025-01-12 08:44:00,Startup,crypto,US-East,desktop,success,None,33.67
TX_00003717,2025-01-12 08:45:00,Startup,credit_card,APAC,desktop,success,None,31.09
TX_00003718,2025-01-12 08:49:00,Startup,credit_card,US-West,desktop,success,None,20.02
TX_00003719,2025-01-12 08:50:00,Startup,credit_card,US-East,desktop,success,None,31.82
TX_00003720,2025-01-12 08:51:00,Startup,crypto,US-East,desktop,success,None,28.49
TX_00003721,2025-01-12 08:51:00,SMB,debit,US-East,mobile_android,success,None,90.95
TX_00003722,2025-01-12 08:54:00,Startup,credit_card,US-West,desktop,success,None,48.37
TX_00003723,2025-01-12 08:56:00,Startup,debit,US-West,mobile_android,success,None,29.34
TX_00003724,2025-01-12 08:58:00,Startup,credit_card,EU-Central,mobile_ios,success,None,39.06
TX_00003725,2025-01-12 09:09:00,Enterprise,credit_card,EU-Central,mobile_ios,success,None,128.64
TX_00003726,2025-01-12 09:10:00,Startup,credit_card,US-East,desktop,success,None,51.81
TX_00003727,2025-01-12 09:13:00,Startup,debit,US-West,desktop,success,None,33.12
TX_00003728,2025-01-12 09:15:00,Startup,credit_card,US-East,mobile_ios,success,None,41.15
TX_00003729,2025-01-12 09:16:00,SMB,credit_card,US-East,mobile_android,success,None,102.83
TX_00003730,2025-01-12 09:22:00,Startup,credit_card,EU-Central,desktop,success,None,46.51
TX_00003731,2025-01-12 09:25:00,Startup,credit_card,US-East,mobile_ios,success,None,40.76
TX_00003732,2025-01-12 09:26:00,Enterprise,credit_card,EU-Central,desktop,failed,Invalid PIN,0.0
TX_00003733,2025-01-12 09:26:00,Startup,credit_card,APAC,desktop,success,None,32.34
TX_00003734,2025-01-12 09:32:00,SMB,credit_card,US-West,mobile_ios,success,None,66.47
TX_00003735,2025-01-12 09:42:00,Startup,crypto,US-East,mobile_ios,success,None,38.92
TX_00003736,2025-01-12 09:48:00,Startup,credit_card,US-East,desktop,success,None,42.16
TX_00003737,2025-01-12 09:56:00,SMB,credit_card,US-East,desktop,success,None,91.07
TX_00003738,2025-01-12 09:58:00,SMB,credit_card,US-West,desktop,success,None,97.07
TX_00003739,2025-01-12 10:00:00,Startup,credit_card,EU-Central,mobile_android,success,None,49.47
TX_00003740,2025-01-12 10:06:00,Enterprise,debit,US-West,desktop,success,None,162.07
TX_00003741,2025-01-12 10:08:00,SMB,credit_card,EU-Central,desktop,success,None,90.64
TX_00003742,2025-01-12 10:13:00,Startup,debit,EU-Central,desktop,success,None,55.74
TX_00003743,2025-01-12 10:16:00,SMB,debit,EU-Central,desktop,success,None,97.23
TX_00003744,2025-01-12 10:18:00,SMB,debit,US-East,mobile_ios,success,None,65.21
TX_00003745,2025-01-12 10:19:00,Startup,credit_card,EU-Central,desktop,success,None,40.88
TX_00003746,2025-01-12 10:19:00,SMB,credit_card,US-West,mobile_ios,success,None,98.02
TX_00003747,2025-01-12 10:35:00,SMB,credit_card,US-East,desktop,success,None,89.93
TX_00003748,2025-01-12 10:38:00,Startup,debit,APAC,mobile_ios,success,None,27.1
TX_00003749,2025-01-12 10:42:00,Startup,credit_card,APAC,desktop,success,None,31.84
TX_00003750,2025-01-12 10:42:00,Startup,credit_card,US-West,mobile_android,success,None,42.86
TX_00003751,2025-01-12 10:53:00,Startup,credit_card,EU-Central,desktop,success,None,43.02
TX_00003752,2025-01-12 10:59:00,Startup,debit,US-East,mobile_ios,success,None,27.31
TX_00003753,2025-01-12 11:08:00,SMB,debit,US-West,mobile_ios,success,None,71.82
TX_00003754,2025-01-12 11:14:00,Enterprise,credit_card,US-East,mobile_ios,success,None,168.58
TX_00003755,2025-01-12 11:23:00,SMB,credit_card,US-West,desktop,success,None,74.41
TX_00003756,2025-01-12 11:24:00,Enterprise,credit_card,US-West,mobile_android,success,None,173.17
TX_00003757,2025-01-12 11:26:00,Startup,credit_card,US-East,desktop,success,None,37.83
TX_00003758,2025-01-12 11:27:00,Startup,debit,US-West,mobile_android,success,None,44.61
TX_00003759,2025-01-12 11:31:00,Enterprise,debit,US-East,desktop,success,None,133.66
TX_00003760,2025-01-12 11:32:00,Startup,debit,US-East,desktop,success,None,48.4
TX_00003761,2025-01-12 11:35:00,SMB,credit_card,US-East,desktop,success,None,97.19
TX_00003762,2025-01-12 11:38:00,SMB,debit,US-West,desktop,success,None,68.54
TX_00003763,2025-01-12 11:44:00,Startup,crypto,US-East,desktop,success,None,46.66
TX_00003764,2025-01-12 11:55:00,SMB,crypto,US-East,desktop,success,None,91.0
TX_00003765,2025-01-12 11:59:00,SMB,debit,US-East,mobile_android,success,None,77.81
TX_00003766,2025-01-12 12:02:00,Enterprise,credit_card,US-East,mobile_ios,success,None,179.45
TX_00003767,2025-01-12 12:06:00,SMB,debit,US-West,desktop,success,None,54.57
TX_00003768,2025-01-12 12:07:00,Startup,debit,APAC,desktop,success,None,28.63
TX_00003769,2025-01-12 12:14:00,Startup,debit,US-East,mobile_ios,success,None,54.72
TX_00003770,2025-01-12 12:16:00,SMB,credit_card,US-West,desktop,success,None,94.88
TX_00003771,2025-01-12 12:29:00,SMB,crypto,US-East,mobile_android,success,None,70.68
TX_00003772,2025-01-12 12:47:00,Startup,credit_card,US-East,mobile_ios,success,None,51.84
TX_00003773,2025-01-12 12:48:00,Startup,credit_card,US-East,mobile_ios,failed,Insufficient funds,0.0
TX_00003774,2025-01-12 12:56:00,SMB,credit_card,APAC,mobile_ios,success,None,95.88
TX_00003775,2025-01-12 12:56:00,SMB,debit,US-West,mobile_ios,success,None,90.29
TX_00003776,2025-01-12 12:59:00,Startup,credit_card,US-West,desktop,success,None,34.4
TX_00003777,2025-01-12 13:06:00,Startup,credit_card,US-West,desktop,success,None,29.16
TX_00003778,2025-01-12 13:10:00,Enterprise,debit,US-East,desktop,success,None,171.82
TX_00003779,2025-01-12 13:13:00,Startup,debit,APAC,mobile_ios,success,None,33.18
TX_00003780,2025-01-12 13:24:00,SMB,debit,US-East,desktop,success,None,82.04
TX_00003781,2025-01-12 13:25:00,SMB,credit_card,US-East,mobile_ios,success,None,62.8
TX_00003782,2025-01-12 13:26:00,SMB,debit,US-East,desktop,success,None,45.94
TX_00003783,2025-01-12 13:33:00,Startup,credit_card,US-East,desktop,success,None,51.91
TX_00003784,2025-01-12 13:34:00,SMB,credit_card,US-East,desktop,success,None,106.93
TX_00003785,2025-01-12 13:34:00,SMB,credit_card,US-West,mobile_ios,success,None,55.47
TX_00003786,2025-01-12 13:41:00,SMB,debit,US-East,mobile_android,success,None,66.28
TX_00003787,2025-01-12 13:43:00,Startup,credit_card,US-West,mobile_ios,success,None,53.44
TX_00003788,2025-01-12 13:47:00,SMB,credit_card,US-East,mobile_android,success,None,66.85
TX_00003789,2025-01-12 13:49:00,SMB,credit_card,APAC,mobile_android,success,None,71.13
TX_00003790,2025-01-12 13:53:00,SMB,credit_card,US-East,mobile_ios,success,None,75.18
TX_00003791,2025-01-12 13:56:00,Startup,crypto,US-West,desktop,success,None,48.1
TX_00003792,2025-01-12 13:58:00,SMB,crypto,EU-Central,desktop,success,None,98.59
TX_00003793,2025-01-12 13:58:00,SMB,credit_card,US-East,desktop,success,None,98.58
TX_00003794,2025-01-12 13:59:00,SMB,credit_card,US-East,mobile_android,success,None,86.14
TX_00003795,2025-01-12 14:02:00,Startup,credit_card,US-East,desktop,success,None,44.35
TX_00003796,2025-01-12 14:11:00,SMB,debit,US-East,desktop,success,None,88.66
TX_00003797,2025-01-12 14:12:00,Startup,credit_card,US-East,mobile_android,success,None,31.29
TX_00003798,2025-01-12 14:18:00,Startup,credit_card,US-West,desktop,success,None,42.83
TX_00003799,2025-01-12 14:24:00,Startup,credit_card,US-West,mobile_ios,success,None,29.37
TX_00003800,2025-01-12 14:29:00,SMB,credit_card,US-West,mobile_ios,success,None,82.22
TX_00003801,2025-01-12 14:29:00,Startup,credit_card,US-East,mobile_android,success,None,25.7
TX_00003802,2025-01-12 14:33:00,Enterprise,credit_card,EU-Central,mobile_android,success,None,124.64
TX_00003803,2025-01-12 14:35:00,SMB,credit_card,US-East,mobile_android,success,None,63.18
TX_00003804,2025-01-12 14:44:00,Startup,credit_card,US-East,mobile_ios,success,None,25.2
TX_00003805,2025-01-12 14:45:00,SMB,crypto,US-East,desktop,success,None,47.94
TX_00003806,2025-01-12 14:47:00,SMB,credit_card,US-East,mobile_ios,success,None,59.62
TX_00003807,2025-01-12 14:53:00,SMB,credit_card,US-West,mobile_android,success,None,82.23
TX_00003808,2025-01-12 15:03:00,Startup,crypto,US-West,desktop,success,None,42.17
TX_00003809,2025-01-12 15:08:00,SMB,debit,US-West,desktop,success,None,75.07
TX_00003810,2025-01-12 15:13:00,Startup,credit_card,US-West,desktop,success,None,33.5
TX_00003811,2025-01-12 15:15:00,Startup,debit,APAC,mobile_ios,success,None,32.67
TX_00003812,2025-01-12 15:26:00,Startup,credit_card,US-West,desktop,success,None,31.43
TX_00003813,2025-01-12 15:26:00,SMB,debit,US-West,mobile_ios,success,None,81.29
TX_00003814,2025-01-12 15:27:00,Startup,crypto,US-East,desktop,success,None,65.08
TX_00003815,2025-01-12 15:34:00,SMB,credit_card,US-East,desktop,success,None,88.83
TX_00003816,2025-01-12 15:39:00,Enterprise,credit_card,US-West,desktop,success,None,153.73
TX_00003817,2025-01-12 15:39:00,Enterprise,credit_card,US-East,mobile_ios,success,None,142.68
TX_00003818,2025-01-12 15:49:00,SMB,debit,US-West,desktop,success,None,78.75
TX_00003819,2025-01-12 16:06:00,Enterprise,credit_card,US-East,desktop,success,None,146.84
TX_00003820,2025-01-12 16:21:00,Enterprise,debit,EU-Central,mobile_android,success,None,160.3
TX_00003821,2025-01-12 16:32:00,SMB,credit_card,APAC,mobile_android,success,None,75.96
TX_00003822,2025-01-12 16:35:00,SMB,credit_card,US-East,mobile_android,success,None,55.8
TX_00003823,2025-01-12 16:43:00,Startup,credit_card,EU-Central,mobile_ios,success,None,34.77
TX_00003824,2025-01-12 16:48:00,Startup,credit_card,EU-Central,mobile_android,success,None,40.99
TX_00003825,2025-01-12 16:48:00,Startup,credit_card,APAC,mobile_ios,success,None,41.77
TX_00003826,2025-01-12 16:50:00,SMB,credit_card,US-East,mobile_android,success,None,60.19
TX_00003827,2025-01-12 16:59:00,SMB,debit,EU-Central,desktop,success,None,84.52
TX_00003828,2025-01-12 17:05:00,Startup,debit,US-East,desktop,success,None,50.59
TX_00003829,2025-01-12 17:13:00,Enterprise,debit,US-West,desktop,success,None,132.43
TX_00003830,2025-01-12 17:14:00,Startup,credit_card,EU-Central,mobile_android,success,None,35.39
TX_00003831,2025-01-12 17:25:00,SMB,crypto,EU-Central,mobile_ios,success,None,50.9
TX_00003832,2025-01-12 17:32:00,Startup,debit,US-East,desktop,success,None,42.93
TX_00003833,2025-01-12 17:36:00,SMB,credit_card,EU-Central,mobile_ios,failed,Insufficient funds,0.0
TX_00003834,2025-01-12 17:41:00,SMB,credit_card,US-West,mobile_android,success,None,60.79
TX_00003835,2025-01-12 17:45:00,Startup,credit_card,US-East,mobile_android,success,None,41.57
TX_00003836,2025-01-12 17:47:00,SMB,crypto,US-West,mobile_ios,success,None,68.72
TX_00003837,2025-01-12 18:00:00,SMB,credit_card,EU-Central,mobile_ios,success,None,91.91
TX_00003838,2025-01-12 18:03:00,SMB,credit_card,APAC,desktop,success,None,63.13
TX_00003839,2025-01-12 18:08:00,Startup,credit_card,EU-Central,desktop,success,None,42.53
TX_00003840,2025-01-12 18:12:00,Enterprise,debit,US-East,mobile_android,success,None,130.91
TX_00003841,2025-01-12 18:14:00,Enterprise,credit_card,US-East,mobile_ios,success,None,133.82
TX_00003842,2025-01-12 18:19:00,SMB,credit_card,US-East,mobile_ios,success,None,79.68
TX_00003843,2025-01-12 18:20:00,Enterprise,credit_card,US-East,desktop,success,None,129.96
TX_00003844,2025-01-12 18:20:00,Startup,credit_card,US-East,desktop,success,None,2.68
TX_00003845,2025-01-12 18:36:00,SMB,credit_card,US-East,desktop,success,None,74.31
TX_00003846,2025-01-12 18:39:00,SMB,credit_card,US-East,mobile_ios,success,None,80.51
TX_00003847,2025-01-12 18:44:00,SMB,debit,EU-Central,mobile_ios,success,None,94.48
TX_00003848,2025-01-12 18:44:00,SMB,debit,US-West,mobile_android,failed,Invalid PIN,0.0
TX_00003849,2025-01-12 18:47:00,Enterprise,debit,EU-Central,mobile_ios,success,None,176.49
TX_00003850,2025-01-12 18:48:00,Enterprise,credit_card,US-East,desktop,success,None,130.75
TX_00003851,2025-01-12 18:52:00,Enterprise,debit,US-West,desktop,success,None,111.93
TX_00003852,2025-01-12 18:57:00,Startup,credit_card,US-East,mobile_android,success,None,50.67
TX_00003853,2025-01-12 19:04:00,Enterprise,credit_card,US-West,desktop,success,None,200.7
TX_00003854,2025-01-12 19:04:00,Startup,crypto,US-West,mobile_ios,success,None,28.16
TX_00003855,2025-01-12 19:06:00,Enterprise,debit,US-West,mobile_ios,failed,Card expired,0.0
TX_00003856,2025-01-12 19:08:00,Enterprise,credit_card,EU-Central,desktop,success,None,170.22
TX_00003857,2025-01-12 19:14:00,SMB,debit,APAC,desktop,success,None,87.11
TX_00003858,2025-01-12 19:18:00,SMB,crypto,US-West,desktop,success,None,73.19
TX_00003859,2025-01-12 19:19:00,Startup,debit,US-East,desktop,success,None,55.12
TX_00003860,2025-01-12 19:19:00,Startup,debit,APAC,mobile_ios,success,None,57.21
TX_00003861,2025-01-12 19:26:00,Startup,debit,EU-Central,mobile_ios,success,None,29.76
TX_00003862,2025-01-12 19:30:00,Startup,credit_card,US-West,mobile_android,success,None,26.68
TX_00003863,2025-01-12 19:34:00,SMB,credit_card,EU-Central,mobile_android,success,None,84.61
TX_00003864,2025-01-12 19:35:00,SMB,debit,US-East,desktop,success,None,68.24
TX_00003865,2025-01-12 19:39:00,Startup,credit_card,US-East,mobile_ios,success,None,46.37
TX_00003866,2025-01-12 19:42:00,Startup,credit_card,US-East,mobile_ios,success,None,43.26
TX_00003867,2025-01-12 19:47:00,SMB,credit_card,US-East,desktop,success,None,73.94
TX_00003868,2025-01-12 19:49:00,SMB,credit_card,US-West,mobile_android,success,None,59.47
TX_00003869,2025-01-12 19:50:00,Enterprise,crypto,US-East,mobile_ios,success,None,154.06
TX_00003870,2025-01-12 19:53:00,Startup,debit,EU-Central,mobile_android,success,None,22.58
TX_00003871,2025-01-12 20:03:00,SMB,credit_card,US-West,mobile_android,success,None,92.64
TX_00003872,2025-01-12 20:06:00,SMB,crypto,US-East,mobile_ios,success,None,65.46
TX_00003873,2025-01-12 20:18:00,Enterprise,crypto,US-East,desktop,success,None,153.73
TX_00003874,2025-01-12 20:21:00,Startup,credit_card,US-West,mobile_ios,success,None,30.02
TX_00003875,2025-01-12 20:24:00,Enterprise,crypto,US-East,mobile_ios,success,None,147.91
TX_00003876,2025-01-12 20:25:00,Startup,credit_card,EU-Central,mobile_ios,success,None,26.21
TX_00003877,2025-01-12 20:29:00,Enterprise,credit_card,EU-Central,desktop,success,None,193.68
TX_00003878,2025-01-12 20:30:00,Startup,credit_card,US-West,desktop,success,None,41.6
TX_00003879,2025-01-12 20:31:00,Startup,debit,US-East,mobile_android,success,None,27.01
TX_00003880,2025-01-12 20:33:00,SMB,credit_card,EU-Central,mobile_android,success,None,68.29
TX_00003881,2025-01-12 20:36:00,SMB,debit,US-East,desktop,success,None,69.21
TX_00003882,2025-01-12 20:41:00,SMB,debit,US-East,mobile_android,success,None,89.72
TX_00003883,2025-01-12 20:47:00,SMB,credit_card,US-West,desktop,success,None,85.85
TX_00003884,2025-01-12 20:47:00,Startup,credit_card,APAC,mobile_android,success,None,33.19
TX_00003885,2025-01-12 21:00:00,SMB,credit_card,US-East,desktop,success,None,72.34
TX_00003886,2025-01-12 21:01:00,SMB,credit_card,APAC,mobile_android,success,None,76.32
TX_00003887,2025-01-12 21:06:00,SMB,debit,US-East,mobile_ios,success,None,68.72
TX_00003888,2025-01-12 21:07:00,SMB,credit_card,US-East,desktop,success,None,68.39
TX_00003889,2025-01-12 21:18:00,Startup,credit_card,US-West,desktop,success,None,41.14
TX_00003890,2025-01-12 21:27:00,SMB,credit_card,US-East,desktop,success,None,91.78
TX_00003891,2025-01-12 21:30:00,Startup,debit,US-East,mobile_ios,success,None,36.85
TX_00003892,2025-01-12 21:38:00,Startup,debit,US-East,mobile_android,success,None,34.91
TX_00003893,2025-01-12 21:38:00,Enterprise,crypto,US-East,mobile_ios,success,None,153.57
TX_00003894,2025-01-12 21:43:00,SMB,debit,US-East,mobile_android,success,None,52.66
TX_00003895,2025-01-12 21:44:00,Startup,credit_card,EU-Central,mobile_ios,success,None,44.24
TX_00003896,2025-01-12 21:53:00,SMB,credit_card,EU-Central,mobile_android,success,None,101.17
TX_00003897,2025-01-12 21:54:00,Enterprise,debit,APAC,mobile_ios,success,None,150.72
TX_00003898,2025-01-12 21:57:00,SMB,crypto,EU-Central,desktop,success,None,73.15
TX_00003899,2025-01-12 21:59:00,SMB,credit_card,US-West,mobile_ios,success,None,74.39
TX_00003900,2025-01-12 22:14:00,Startup,credit_card,US-West,desktop,success,None,31.33
TX_00003901,2025-01-12 22:15:00,Enterprise,credit_card,EU-Central,mobile_android,success,None,148.67
TX_00003902,2025-01-12 22:26:00,Enterprise,debit,US-East,desktop,success,None,178.9
TX_00003903,2025-01-12 22:34:00,Startup,credit_card,US-East,desktop,success,None,41.1
TX_00003904,2025-01-12 22:37:00,Startup,credit_card,EU-Central,desktop,success,None,40.28
TX_00003905,2025-01-12 22:39:00,SMB,debit,US-East,mobile_ios,success,None,83.73
TX_00003906,2025-01-12 22:40:00,Startup,credit_card,APAC,desktop,success,None,39.58
TX_00003907,2025-01-12 22:45:00,SMB,credit_card,US-West,mobile_android,success,None,73.6
TX_00003908,2025-01-12 22:47:00,Startup,credit_card,US-East,desktop,success,None,55.72
TX_00003909,2025-01-12 22:49:00,SMB,credit_card,EU-Central,desktop,success,None,91.4
TX_00003910,2025-01-12 22:54:00,SMB,credit_card,US-East,desktop,success,None,70.2
TX_00003911,2025-01-12 23:01:00,Startup,credit_card,APAC,desktop,success,None,44.11
TX_00003912,2025-01-12 23:12:00,SMB,credit_card,APAC,desktop,success,None,69.75
TX_00003913,2025-01-12 23:21:00,Startup,debit,US-West,desktop,success,None,33.07
TX_00003914,2025-01-12 23:34:00,SMB,debit,US-East,desktop,success,None,52.51
TX_00003915,2025-01-12 23:37:00,Startup,credit_card,US-East,desktop,success,None,35.43
TX_00003916,2025-01-12 23:40:00,Startup,credit_card,US-West,desktop,success,None,34.9
TX_00003917,2025-01-12 23:41:00,SMB,debit,EU-Central,mobile_ios,success,None,80.96
TX_00003918,2025-01-12 23:42:00,Startup,credit_card,US-East,desktop,success,None,45.0
TX_00003919,2025-01-12 23:44:00,SMB,credit_card,US-East,desktop,success,None,90.38
TX_00003920,2025-01-12 23:46:00,Startup,credit_card,US-East,desktop,success,None,42.75
TX_00003921,2025-01-12 23:50:00,SMB,debit,US-West,mobile_ios,success,None,80.83
TX_00003922,2025-01-12 23:50:00,Startup,credit_card,EU-Central,desktop,success,None,49.29
TX_00003923,2025-01-12 23:52:00,SMB,debit,US-East,mobile_ios,success,None,77.41
TX_00003924,2025-01-12 23:53:00,SMB,debit,US-East,mobile_android,success,None,52.95
TX_00003925,2025-01-12 23:55:00,SMB,crypto,US-West,desktop,success,None,52.66
TX_00003926,2025-01-12 23:56:00,SMB,credit_card,EU-Central,desktop,success,None,72.37
TX_00003927,2025-01-13 00:05:00,Startup,debit,EU-Central,desktop,success,None,38.72
TX_00003928,2025-01-13 00:10:00,Startup,credit_card,EU-Central,desktop,success,None,35.76
TX_00003929,2025-01-13 00:17:00,Startup,credit_card,US-East,desktop,success,None,22.24
TX_00003930,2025-01-13 00:17:00,SMB,credit_card,US-East,desktop,success,None,91.63
TX_00003931,2025-01-13 00:22:00,SMB,credit_card,APAC,mobile_android,success,None,69.81
TX_00003932,2025-01-13 00:23:00,Enterprise,debit,APAC,desktop,success,None,137.56
TX_00003933,2025-01-13 00:24:00,Startup,credit_card,US-West,desktop,success,None,41.71
TX_00003934,2025-01-13 00:28:00,Startup,credit_card,EU-Central,mobile_ios,success,None,42.77
TX_00003935,2025-01-13 00:28:00,SMB,credit_card,APAC,desktop,success,None,65.94
TX_00003936,2025-01-13 00:32:00,Enterprise,debit,US-West,desktop,success,None,122.22
TX_00003937,2025-01-13 00:40:00,SMB,credit_card,US-East,mobile_ios,success,None,55.99
TX_00003938,2025-01-13 00:42:00,Startup,debit,US-West,desktop,success,None,46.51
TX_00003939,2025-01-13 00:43:00,Startup,debit,APAC,mobile_android,success,None,42.47
TX_00003940,2025-01-13 00:45:00,Startup,debit,US-West,desktop,success,None,37.1
TX_00003941,2025-01-13 00:47:00,SMB,credit_card,EU-Central,mobile_ios,success,None,55.63
TX_00003942,2025-01-13 00:51:00,Startup,debit,US-West,mobile_ios,success,None,39.23
TX_00003943,2025-01-13 00:54:00,Startup,credit_card,US-East,desktop,success,None,58.14
TX_00003944,2025-01-13 00:57:00,SMB,debit,US-East,desktop,success,None,76.2
TX_00003945,2025-01-13 01:03:00,SMB,debit,APAC,desktop,success,None,77.59
TX_00003946,2025-01-13 01:07:00,Enterprise,credit_card,US-West,mobile_android,success,None,144.17
TX_00003947,2025-01-13 01:10:00,SMB,debit,US-East,mobile_ios,success,None,64.42
TX_00003948,2025-01-13 01:12:00,Startup,credit_card,APAC,desktop,success,None,17.06
TX_00003949,2025-01-13 01:17:00,SMB,credit_card,US-West,mobile_ios,success,None,89.46
TX_00003950,2025-01-13 01:18:00,Startup,credit_card,EU-Central,mobile_ios,success,None,34.24
TX_00003951,2025-01-13 01:19:00,SMB,crypto,US-West,mobile_android,success,None,60.03
TX_00003952,2025-01-13 01:20:00,SMB,debit,US-East,desktop,success,None,77.55
TX_00003953,2025-01-13 01:28:00,SMB,debit,US-West,mobile_android,success,None,94.36
TX_00003954,2025-01-13 01:29:00,SMB,crypto,APAC,desktop,success,None,69.37
TX_00003955,2025-01-13 01:33:00,SMB,credit_card,US-East,mobile_android,success,None,57.0
TX_00003956,2025-01-13 01:34:00,Enterprise,crypto,EU-Central,desktop,success,None,192.67
TX_00003957,2025-01-13 01:35:00,SMB,credit_card,US-East,desktop,success,None,78.66
TX_00003958,2025-01-13 01:36:00,Enterprise,debit,US-East,mobile_android,success,None,166.02
TX_00003959,2025-01-13 01:40:00,Enterprise,debit,US-East,mobile_android,success,None,173.69
TX_00003960,2025-01-13 01:47:00,SMB,credit_card,EU-Central,desktop,success,None,59.06
TX_00003961,2025-01-13 01:52:00,SMB,credit_card,US-West,mobile_ios,success,None,68.24
TX_00003962,2025-01-13 01:53:00,Startup,credit_card,US-West,desktop,success,None,40.07
TX_00003963,2025-01-13 01:57:00,SMB,crypto,EU-Central,desktop,success,None,73.99
TX_00003964,2025-01-13 02:00:00,Startup,credit_card,US-East,desktop,success,None,31.71
TX_00003965,2025-01-13 02:00:00,SMB,credit_card,US-East,desktop,success,None,85.94
TX_00003966,2025-01-13 02:12:00,Startup,debit,US-East,mobile_ios,success,None,43.39
TX_00003967,2025-01-13 02:13:00,SMB,credit_card,US-West,desktop,success,None,84.35
TX_00003968,2025-01-13 02:20:00,Startup,credit_card,US-West,desktop,success,None,41.14
TX_00003969,2025-01-13 02:29:00,SMB,debit,EU-Central,mobile_android,success,None,85.1
TX_00003970,2025-01-13 02:34:00,Startup,credit_card,US-West,desktop,success,None,48.77
TX_00003971,2025-01-13 02:38:00,SMB,debit,US-East,mobile_ios,success,None,72.1
TX_00003972,2025-01-13 02:38:00,Enterprise,credit_card,EU-Central,mobile_android,success,None,184.65
TX_00003973,2025-01-13 02:49:00,Startup,credit_card,US-East,desktop,success,None,34.91
TX_00003974,2025-01-13 02:50:00,Enterprise,credit_card,APAC,desktop,success,None,104.32
TX_00003975,2025-01-13 02:51:00,SMB,credit_card,US-East,mobile_ios,success,None,80.48
TX_00003976,2025-01-13 02:53:00,SMB,crypto,US-East,mobile_ios,success,None,77.32
TX_00003977,2025-01-13 02:58:00,Startup,debit,US-West,mobile_ios,success,None,28.99
TX_00003978,2025-01-13 02:59:00,Startup,credit_card,US-East,mobile_ios,success,None,57.65
TX_00003979,2025-01-13 03:03:00,SMB,credit_card,US-East,mobile_android,success,None,82.7
TX_00003980,2025-01-13 03:18:00,Startup,credit_card,US-West,desktop,success,None,41.06
TX_00003981,2025-01-13 03:22:00,SMB,credit_card,US-East,mobile_ios,success,None,88.35
TX_00003982,2025-01-13 03:22:00,SMB,credit_card,US-East,desktop,success,None,99.77
TX_00003983,2025-01-13 03:25:00,Startup,debit,US-East,desktop,success,None,39.16
TX_00003984,2025-01-13 03:32:00,Startup,credit_card,US-West,desktop,success,None,34.37
TX_00003985,2025-01-13 03:33:00,Startup,credit_card,US-East,desktop,success,None,36.58
TX_00003986,2025-01-13 03:46:00,SMB,credit_card,US-East,mobile_android,success,None,99.9
TX_00003987,2025-01-13 03:48:00,SMB,credit_card,US-West,desktop,success,None,96.11
TX_00003988,2025-01-13 03:49:00,SMB,debit,EU-Central,desktop,success,None,107.35
TX_00003989,2025-01-13 03:53:00,SMB,credit_card,US-West,desktop,success,None,68.15
TX_00003990,2025-01-13 03:54:00,SMB,credit_card,US-East,desktop,success,None,78.5
TX_00003991,2025-01-13 03:57:00,Startup,credit_card,US-East,mobile_ios,success,None,38.03
TX_00003992,2025-01-13 03:59:00,Startup,crypto,US-West,mobile_ios,success,None,66.04
TX_00003993,2025-01-13 04:23:00,SMB,credit_card,EU-Central,mobile_android,success,None,95.52
TX_00003994,2025-01-13 04:28:00,Enterprise,debit,US-West,mobile_ios,success,None,147.9
TX_00003995,2025-01-13 04:31:00,Startup,credit_card,US-East,mobile_ios,success,None,52.58
TX_00003996,2025-01-13 04:38:00,SMB,debit,US-East,desktop,success,None,77.42
TX_00003997,2025-01-13 04:38:00,Startup,debit,APAC,mobile_ios,success,None,28.53
TX_00003998,2025-01-13 04:40:00,Enterprise,credit_card,EU-Central,desktop,success,None,156.32
TX_00003999,2025-01-13 04:48:00,SMB,debit,US-East,mobile_android,success,None,71.5
TX_00004000,2025-01-13 04:48:00,Startup,debit,US-East,mobile_android,success,None,29.99
TX_00004001,2025-01-13 04:49:00,Enterprise,credit_card,EU-Central,mobile_android,success,None,127.46
TX_00004002,2025-01-13 04:50:00,SMB,credit_card,US-East,desktop,success,None,97.08
TX_00004003,2025-01-13 04:50:00,SMB,debit,US-West,desktop,success,None,117.71
TX_00004004,2025-01-13 04:55:00,Startup,debit,EU-Central,mobile_android,success,None,34.59
TX_00004005,2025-01-13 04:56:00,Startup,debit,US-East,mobile_ios,success,None,48.88
TX_00004006,2025-01-13 05:06:00,SMB,debit,US-East,mobile_ios,success,None,83.89
TX_00004007,2025-01-13 05:07:00,Enterprise,debit,US-East,desktop,success,None,114.19
TX_00004008,2025-01-13 05:20:00,Startup,debit,APAC,mobile_android,success,None,60.41
TX_00004009,2025-01-13 05:22:00,SMB,credit_card,US-West,mobile_ios,success,None,103.17
TX_00004010,2025-01-13 05:31:00,Startup,credit_card,EU-Central,desktop,success,None,40.61
TX_00004011,2025-01-13 05:35:00,Enterprise,crypto,US-West,mobile_android,success,None,154.28
TX_00004012,2025-01-13 05:38:00,Enterprise,credit_card,APAC,desktop,success,None,170.2
TX_00004013,2025-01-13 05:42:00,Startup,credit_card,APAC,mobile_ios,success,None,73.81
TX_00004014,2025-01-13 05:45:00,SMB,debit,US-West,desktop,success,None,87.14
TX_00004015,2025-01-13 05:47:00,Startup,credit_card,US-East,mobile_ios,success,None,49.66
TX_00004016,2025-01-13 05:50:00,Enterprise,credit_card,US-West,desktop,success,None,126.04
TX_00004017,2025-01-13 05:52:00,SMB,credit_card,US-West,desktop,failed,Card expired,0.0
TX_00004018,2025-01-13 05:53:00,Startup,debit,US-West,mobile_ios,success,None,26.43
TX_00004019,2025-01-13 06:00:00,SMB,crypto,EU-Central,desktop,success,None,101.97
TX_00004020,2025-01-13 06:02:00,Startup,credit_card,US-East,mobile_android,success,None,39.2
TX_00004021,2025-01-13 06:10:00,SMB,credit_card,US-East,desktop,success,None,98.81
TX_00004022,2025-01-13 06:13:00,Startup,credit_card,US-West,mobile_android,success,None,50.33
TX_00004023,2025-01-13 06:13:00,Startup,credit_card,US-East,desktop,success,None,33.12
TX_00004024,2025-01-13 06:18:00,SMB,credit_card,US-West,mobile_ios,success,None,78.8
TX_00004025,2025-01-13 06:34:00,Startup,credit_card,APAC,desktop,success,None,37.41
TX_00004026,2025-01-13 06:35:00,Startup,credit_card,US-West,desktop,success,None,34.23
TX_00004027,2025-01-13 06:45:00,SMB,credit_card,APAC,mobile_ios,success,None,67.14
TX_00004028,2025-01-13 06:55:00,SMB,credit_card,EU-Central,desktop,success,None,89.58
TX_00004029,2025-01-13 06:56:00,SMB,debit,EU-Central,mobile_android,success,None,68.7
TX_00004030,2025-01-13 07:06:00,SMB,debit,US-West,desktop,success,None,66.01
TX_00004031,2025-01-13 07:09:00,SMB,crypto,US-East,mobile_android,success,None,80.95
TX_00004032,2025-01-13 07:09:00,SMB,debit,US-West,mobile_ios,success,None,72.05
TX_00004033,2025-01-13 07:15:00,SMB,credit_card,US-East,mobile_ios,success,None,77.97
TX_00004034,2025-01-13 07:18:00,Startup,debit,APAC,desktop,success,None,40.45
TX_00004035,2025-01-13 07:19:00,SMB,credit_card,US-East,desktop,success,None,100.08
TX_00004036,2025-01-13 07:27:00,Startup,debit,US-East,desktop,success,None,37.09
TX_00004037,2025-01-13 07:33:00,SMB,debit,US-West,mobile_ios,success,None,101.24
TX_00004038,2025-01-13 07:40:00,SMB,debit,US-West,mobile_ios,success,None,91.25
TX_00004039,2025-01-13 07:40:00,Startup,crypto,US-East,mobile_ios,success,None,50.68
TX_00004040,2025-01-13 07:49:00,SMB,debit,US-East,mobile_android,success,None,44.55
TX_00004041,2025-01-13 07:50:00,SMB,debit,EU-Central,desktop,success,None,80.71
TX_00004042,2025-01-13 07:55:00,Enterprise,credit_card,US-West,desktop,success,None,144.87
TX_00004043,2025-01-13 08:01:00,SMB,crypto,US-East,desktop,success,None,73.74
TX_00004044,2025-01-13 08:04:00,SMB,credit_card,US-West,mobile_android,success,None,86.7
TX_00004045,2025-01-13 08:11:00,Startup,crypto,US-East,desktop,success,None,41.74
TX_00004046,2025-01-13 08:12:00,SMB,credit_card,US-East,mobile_ios,success,None,106.7
TX_00004047,2025-01-13 08:12:00,Startup,credit_card,APAC,desktop,success,None,50.67
TX_00004048,2025-01-13 08:13:00,Startup,debit,US-East,desktop,success,None,37.19
TX_00004049,2025-01-13 08:14:00,SMB,credit_card,US-East,mobile_ios,success,None,71.93
TX_00004050,2025-01-13 08:18:00,SMB,debit,APAC,desktop,success,None,64.88
TX_00004051,2025-01-13 08:33:00,Startup,credit_card,EU-Central,desktop,success,None,49.78
TX_00004052,2025-01-13 08:34:00,Startup,debit,US-East,mobile_ios,success,None,48.26
TX_00004053,2025-01-13 08:36:00,SMB,debit,US-West,desktop,success,None,101.87
TX_00004054,2025-01-13 08:46:00,SMB,debit,EU-Central,desktop,success,None,80.66
TX_00004055,2025-01-13 08:50:00,SMB,credit_card,US-East,mobile_ios,failed,Insufficient funds,0.0
TX_00004056,2025-01-13 09:04:00,Enterprise,credit_card,US-West,mobile_ios,success,None,176.67
TX_00004057,2025-01-13 09:06:00,SMB,debit,US-West,desktop,success,None,52.05
TX_00004058,2025-01-13 09:13:00,Startup,credit_card,US-West,mobile_ios,success,None,15.66
TX_00004059,2025-01-13 09:19:00,SMB,credit_card,US-West,mobile_ios,success,None,83.38
TX_00004060,2025-01-13 09:28:00,Startup,debit,US-West,desktop,success,None,28.19
TX_00004061,2025-01-13 09:30:00,Startup,credit_card,US-East,mobile_ios,success,None,60.76
TX_00004062,2025-01-13 09:37:00,SMB,credit_card,EU-Central,mobile_ios,success,None,81.84
TX_00004063,2025-01-13 09:38:00,Enterprise,credit_card,US-East,desktop,success,None,89.45
TX_00004064,2025-01-13 09:42:00,Startup,credit_card,US-West,mobile_ios,success,None,36.01
TX_00004065,2025-01-13 09:44:00,Startup,debit,US-West,mobile_ios,success,None,27.8
TX_00004066,2025-01-13 10:03:00,Startup,credit_card,EU-Central,mobile_android,success,None,57.27
TX_00004067,2025-01-13 10:08:00,Enterprise,crypto,US-West,mobile_ios,success,None,143.48
TX_00004068,2025-01-13 10:09:00,SMB,credit_card,EU-Central,desktop,success,None,65.21
TX_00004069,2025-01-13 10:18:00,Enterprise,credit_card,US-East,desktop,success,None,154.08
TX_00004070,2025-01-13 10:25:00,SMB,credit_card,US-West,mobile_android,success,None,87.54
TX_00004071,2025-01-13 10:28:00,Startup,credit_card,EU-Central,mobile_android,success,None,51.12
TX_00004072,2025-01-13 10:41:00,Enterprise,debit,EU-Central,desktop,success,None,108.76
TX_00004073,2025-01-13 10:44:00,Startup,debit,US-West,desktop,success,None,33.58
TX_00004074,2025-01-13 10:49:00,SMB,credit_card,US-East,mobile_ios,success,None,81.82
TX_00004075,2025-01-13 11:08:00,Startup,debit,US-East,mobile_ios,success,None,44.11
TX_00004076,2025-01-13 11:12:00,Startup,credit_card,US-East,desktop,success,None,45.29
TX_00004077,2025-01-13 11:15:00,Enterprise,credit_card,US-West,mobile_ios,success,None,139.55
TX_00004078,2025-01-13 11:18:00,Startup,credit_card,US-East,desktop,success,None,32.81
TX_00004079,2025-01-13 11:45:00,Enterprise,crypto,APAC,desktop,success,None,115.01
TX_00004080,2025-01-13 11:48:00,SMB,credit_card,EU-Central,desktop,success,None,84.72
TX_00004081,2025-01-13 12:00:00,Startup,debit,US-East,mobile_ios,success,None,28.58
TX_00004082,2025-01-13 12:17:00,Startup,credit_card,US-West,mobile_android,success,None,37.88
TX_00004083,2025-01-13 12:19:00,SMB,credit_card,EU-Central,desktop,success,None,65.54
TX_00004084,2025-01-13 12:19:00,SMB,credit_card,US-East,desktop,success,None,77.49
TX_00004085,2025-01-13 12:20:00,Startup,debit,US-West,mobile_android,success,None,39.71
TX_00004086,2025-01-13 12:23:00,Startup,debit,US-West,desktop,success,None,45.0
TX_00004087,2025-01-13 12:24:00,Enterprise,credit_card,US-East,mobile_ios,success,None,116.52
TX_00004088,2025-01-13 12:28:00,Startup,debit,US-West,mobile_ios,success,None,46.35
TX_00004089,2025-01-13 12:29:00,SMB,credit_card,APAC,desktop,success,None,90.31
TX_00004090,2025-01-13 12:30:00,SMB,crypto,US-East,desktop,success,None,66.56
TX_00004091,2025-01-13 12:33:00,SMB,debit,US-West,mobile_android,success,None,65.53
TX_00004092,2025-01-13 12:37:00,SMB,debit,US-East,mobile_ios,success,None,72.08
TX_00004093,2025-01-13 12:47:00,Startup,debit,EU-Central,desktop,success,None,54.19
TX_00004094,2025-01-13 12:51:00,SMB,credit_card,EU-Central,mobile_android,success,None,58.04
TX_00004095,2025-01-13 12:51:00,Startup,debit,US-East,desktop,success,None,46.03
TX_00004096,2025-01-13 12:52:00,SMB,credit_card,EU-Central,desktop,success,None,84.47
TX_00004097,2025-01-13 12:58:00,Startup,credit_card,US-East,mobile_ios,success,None,55.61
TX_00004098,2025-01-13 13:00:00,Startup,credit_card,US-East,mobile_ios,success,None,47.73
TX_00004099,2025-01-13 13:01:00,Startup,credit_card,US-West,desktop,success,None,16.72
TX_00004100,2025-01-13 13:02:00,Startup,credit_card,US-East,desktop,success,None,50.2
TX_00004101,2025-01-13 13:04:00,SMB,credit_card,US-West,mobile_ios,success,None,71.49
TX_00004102,2025-01-13 13:06:00,Startup,credit_card,US-West,mobile_ios,success,None,36.52
TX_00004103,2025-01-13 13:10:00,Startup,credit_card,US-East,mobile_android,success,None,28.64
TX_00004104,2025-01-13 13:11:00,Enterprise,debit,US-East,desktop,success,None,169.07
TX_00004105,2025-01-13 13:13:00,Startup,credit_card,US-West,mobile_ios,success,None,24.07
TX_00004106,2025-01-13 13:14:00,SMB,debit,US-East,desktop,success,None,78.47
TX_00004107,2025-01-13 13:17:00,SMB,credit_card,US-East,mobile_android,success,None,104.04
TX_00004108,2025-01-13 13:28:00,Startup,credit_card,US-East,desktop,success,None,48.16
TX_00004109,2025-01-13 13:39:00,SMB,credit_card,EU-Central,mobile_ios,success,None,86.08
TX_00004110,2025-01-13 13:40:00,Startup,credit_card,APAC,mobile_android,success,None,35.46
TX_00004111,2025-01-13 13:41:00,SMB,debit,US-East,mobile_android,success,None,94.41
TX_00004112,2025-01-13 13:43:00,Enterprise,debit,US-East,mobile_ios,success,None,133.77
TX_00004113,2025-01-13 13:45:00,SMB,credit_card,US-West,mobile_ios,success,None,88.38
TX_00004114,2025-01-13 13:48:00,Enterprise,credit_card,APAC,mobile_android,success,None,176.82
TX_00004115,2025-01-13 14:00:00,Startup,debit,US-East,mobile_android,success,None,32.8
TX_00004116,2025-01-13 14:02:00,SMB,credit_card,EU-Central,mobile_ios,success,None,81.47
TX_00004117,2025-01-13 14:13:00,SMB,credit_card,US-West,mobile_ios,success,None,80.93
TX_00004118,2025-01-13 14:15:00,Enterprise,debit,APAC,desktop,success,None,166.6
TX_00004119,2025-01-13 14:21:00,SMB,credit_card,US-East,desktop,success,None,66.96
TX_00004120,2025-01-13 14:27:00,Startup,crypto,APAC,desktop,success,None,42.88
TX_00004121,2025-01-13 14:35:00,SMB,debit,US-West,desktop,success,None,77.39
TX_00004122,2025-01-13 14:36:00,Startup,credit_card,APAC,mobile_ios,success,None,51.44
TX_00004123,2025-01-13 14:37:00,Startup,credit_card,US-West,desktop,success,None,44.49
TX_00004124,2025-01-13 14:38:00,Startup,credit_card,US-West,desktop,success,None,45.21
TX_00004125,2025-01-13 14:41:00,Startup,credit_card,EU-Central,desktop,success,None,43.69
TX_00004126,2025-01-13 14:54:00,Enterprise,crypto,EU-Central,desktop,success,None,135.62
TX_00004127,2025-01-13 15:16:00,SMB,debit,US-West,desktop,success,None,68.09
TX_00004128,2025-01-13 15:19:00,Startup,credit_card,US-West,mobile_android,success,None,46.21
TX_00004129,2025-01-13 15:25:00,Startup,credit_card,EU-Central,mobile_ios,success,None,21.9
TX_00004130,2025-01-13 15:31:00,Startup,credit_card,APAC,desktop,success,None,33.67
TX_00004131,2025-01-13 15:47:00,Startup,credit_card,US-East,desktop,success,None,40.31
TX_00004132,2025-01-13 15:50:00,SMB,debit,US-West,mobile_ios,success,None,87.04
TX_00004133,2025-01-13 15:51:00,Enterprise,debit,EU-Central,mobile_ios,success,None,120.21
TX_00004134,2025-01-13 16:12:00,Startup,credit_card,US-West,desktop,success,None,38.83
TX_00004135,2025-01-13 16:15:00,Startup,credit_card,EU-Central,desktop,success,None,40.99
TX_00004136,2025-01-13 16:16:00,SMB,debit,EU-Central,desktop,success,None,78.8
TX_00004137,2025-01-13 16:17:00,Startup,credit_card,EU-Central,desktop,success,None,41.32
TX_00004138,2025-01-13 16:17:00,SMB,debit,EU-Central,desktop,success,None,72.65
TX_00004139,2025-01-13 16:19:00,SMB,credit_card,APAC,mobile_ios,success,None,93.6
TX_00004140,2025-01-13 16:21:00,Startup,debit,EU-Central,mobile_android,success,None,44.0
TX_00004141,2025-01-13 16:23:00,Startup,debit,EU-Central,desktop,success,None,38.4
TX_00004142,2025-01-13 16:23:00,SMB,debit,US-East,mobile_ios,success,None,54.32
TX_00004143,2025-01-13 16:28:00,Enterprise,crypto,US-East,mobile_android,success,None,156.63
TX_00004144,2025-01-13 16:31:00,SMB,crypto,US-West,mobile_ios,success,None,61.58
TX_00004145,2025-01-13 16:31:00,Startup,debit,EU-Central,mobile_ios,success,None,23.27
TX_00004146,2025-01-13 16:39:00,SMB,crypto,US-East,mobile_android,success,None,66.51
TX_00004147,2025-01-13 16:44:00,Startup,debit,US-East,desktop,success,None,44.15
TX_00004148,2025-01-13 16:44:00,Startup,debit,US-East,desktop,success,None,44.17
TX_00004149,2025-01-13 16:47:00,Startup,credit_card,EU-Central,mobile_android,success,None,14.48
TX_00004150,2025-01-13 16:53:00,SMB,credit_card,EU-Central,desktop,success,None,85.95
TX_00004151,2025-01-13 16:57:00,Startup,debit,APAC,mobile_ios,success,None,24.31
TX_00004152,2025-01-13 17:00:00,SMB,credit_card,US-East,mobile_android,success,None,94.03
TX_00004153,2025-01-13 17:02:00,SMB,debit,US-East,desktop,success,None,90.36
TX_00004154,2025-01-13 17:09:00,Enterprise,credit_card,US-West,mobile_ios,success,None,106.45
TX_00004155,2025-01-13 17:11:00,SMB,credit_card,US-East,mobile_ios,success,None,83.79
TX_00004156,2025-01-13 17:12:00,Startup,debit,US-West,desktop,success,None,35.11
TX_00004157,2025-01-13 17:13:00,SMB,crypto,US-East,desktop,success,None,93.69
TX_00004158,2025-01-13 17:16:00,SMB,credit_card,US-East,mobile_ios,success,None,70.04
TX_00004159,2025-01-13 17:20:00,Startup,debit,US-West,desktop,failed,Card expired,0.0
TX_00004160,2025-01-13 17:22:00,Enterprise,debit,US-East,desktop,success,None,163.31
TX_00004161,2025-01-13 17:23:00,Startup,credit_card,US-East,desktop,success,None,44.37
TX_00004162,2025-01-13 17:24:00,SMB,credit_card,US-West,mobile_ios,success,None,99.19
TX_00004163,2025-01-13 17:33:00,Enterprise,credit_card,US-East,mobile_android,success,None,175.38
TX_00004164,2025-01-13 17:43:00,Startup,credit_card,US-West,mobile_ios,failed,Insufficient funds,0.0
TX_00004165,2025-01-13 17:50:00,Enterprise,credit_card,US-East,desktop,success,None,140.28
TX_00004166,2025-01-13 17:51:00,SMB,credit_card,US-West,mobile_android,success,None,90.3
TX_00004167,2025-01-13 17:54:00,SMB,credit_card,APAC,desktop,success,None,60.8
TX_00004168,2025-01-13 18:15:00,Enterprise,debit,US-West,desktop,success,None,193.12
TX_00004169,2025-01-13 18:21:00,Enterprise,credit_card,US-West,desktop,success,None,166.35
TX_00004170,2025-01-13 18:24:00,Enterprise,debit,APAC,desktop,success,None,135.27
TX_00004171,2025-01-13 18:25:00,Enterprise,credit_card,US-East,desktop,success,None,131.03
TX_00004172,2025-01-13 18:34:00,Startup,debit,US-East,desktop,success,None,35.08
TX_00004173,2025-01-13 18:35:00,SMB,debit,US-East,desktop,success,None,75.99
TX_00004174,2025-01-13 18:52:00,SMB,credit_card,US-West,mobile_ios,success,None,53.45
TX_00004175,2025-01-13 19:05:00,SMB,crypto,US-West,desktop,success,None,90.97
TX_00004176,2025-01-13 19:11:00,Startup,debit,US-East,mobile_ios,success,None,52.66
TX_00004177,2025-01-13 19:17:00,Startup,debit,EU-Central,mobile_ios,success,None,46.1
TX_00004178,2025-01-13 19:20:00,Startup,debit,US-East,desktop,success,None,20.6
TX_00004179,2025-01-13 19:23:00,Startup,credit_card,APAC,mobile_android,success,None,35.95
TX_00004180,2025-01-13 19:25:00,SMB,credit_card,APAC,desktop,success,None,85.41
TX_00004181,2025-01-13 19:29:00,SMB,credit_card,APAC,desktop,success,None,67.72
TX_00004182,2025-01-13 19:30:00,Startup,credit_card,EU-Central,desktop,success,None,20.57
TX_00004183,2025-01-13 19:32:00,Startup,credit_card,US-East,mobile_ios,success,None,34.77
TX_00004184,2025-01-13 19:34:00,SMB,debit,EU-Central,mobile_ios,success,None,67.25
TX_00004185,2025-01-13 19:40:00,SMB,credit_card,US-East,mobile_ios,success,None,92.3
TX_00004186,2025-01-13 19:47:00,Startup,crypto,EU-Central,desktop,success,None,28.6
TX_00004187,2025-01-13 19:54:00,Startup,credit_card,US-East,desktop,success,None,37.03
TX_00004188,2025-01-13 20:02:00,SMB,credit_card,US-East,mobile_ios,success,None,81.98
TX_00004189,2025-01-13 20:05:00,Startup,credit_card,APAC,mobile_android,success,None,37.63
TX_00004190,2025-01-13 20:09:00,SMB,credit_card,US-East,mobile_ios,success,None,76.49
TX_00004191,2025-01-13 20:24:00,Enterprise,crypto,US-East,desktop,success,None,162.45
TX_00004192,2025-01-13 20:29:00,SMB,debit,US-West,desktop,success,None,82.81
TX_00004193,2025-01-13 20:34:00,SMB,credit_card,EU-Central,desktop,success,None,102.48
TX_00004194,2025-01-13 20:40:00,Enterprise,crypto,US-West,mobile_ios,success,None,150.31
TX_00004195,2025-01-13 20:42:00,Startup,debit,US-West,desktop,success,None,43.76
TX_00004196,2025-01-13 21:00:00,SMB,credit_card,EU-Central,desktop,success,None,78.71
TX_00004197,2025-01-13 21:02:00,SMB,debit,US-East,mobile_ios,success,None,69.72
TX_00004198,2025-01-13 21:04:00,Enterprise,debit,US-West,desktop,success,None,157.38
TX_00004199,2025-01-13 21:06:00,SMB,credit_card,EU-Central,mobile_ios,success,None,85.53
TX_00004200,2025-01-13 21:09:00,Startup,debit,US-West,mobile_ios,success,None,55.52
TX_00004201,2025-01-13 21:16:00,Startup,credit_card,US-West,desktop,success,None,44.33
TX_00004202,2025-01-13 21:17:00,Startup,credit_card,US-East,mobile_android,success,None,31.49
TX_00004203,2025-01-13 21:22:00,Startup,credit_card,US-East,mobile_ios,success,None,40.08
TX_00004204,2025-01-13 21:25:00,SMB,crypto,US-East,desktop,success,None,70.63
TX_00004205,2025-01-13 21:29:00,SMB,debit,US-East,mobile_android,success,None,68.13
TX_00004206,2025-01-13 21:34:00,Startup,credit_card,US-East,mobile_ios,success,None,49.5
TX_00004207,2025-01-13 21:41:00,Startup,credit_card,US-West,mobile_ios,success,None,26.76
TX_00004208,2025-01-13 21:49:00,Startup,credit_card,US-East,mobile_ios,success,None,39.65
TX_00004209,2025-01-13 21:55:00,Startup,debit,EU-Central,desktop,success,None,50.05
TX_00004210,2025-01-13 22:01:00,Startup,credit_card,EU-Central,desktop,success,None,47.55
TX_00004211,2025-01-13 22:08:00,SMB,debit,US-East,mobile_ios,success,None,93.52
TX_00004212,2025-01-13 22:10:00,SMB,crypto,US-West,desktop,success,None,83.15
TX_00004213,2025-01-13 22:10:00,Startup,debit,APAC,mobile_android,success,None,32.56
TX_00004214,2025-01-13 22:13:00,Startup,credit_card,US-West,desktop,success,None,40.29
TX_00004215,2025-01-13 22:24:00,Enterprise,credit_card,APAC,mobile_ios,success,None,174.92
TX_00004216,2025-01-13 22:24:00,SMB,credit_card,US-East,desktop,success,None,85.9
TX_00004217,2025-01-13 22:25:00,Enterprise,debit,EU-Central,mobile_ios,success,None,146.21
TX_00004218,2025-01-13 22:26:00,SMB,debit,US-West,mobile_ios,success,None,60.48
TX_00004219,2025-01-13 22:35:00,Startup,credit_card,US-East,mobile_ios,success,None,54.97
TX_00004220,2025-01-13 22:39:00,Enterprise,credit_card,APAC,desktop,success,None,156.52
TX_00004221,2025-01-13 22:42:00,SMB,debit,APAC,desktop,success,None,59.79
TX_00004222,2025-01-13 22:45:00,SMB,credit_card,US-East,mobile_android,success,None,79.4
TX_00004223,2025-01-13 22:46:00,Startup,credit_card,APAC,mobile_android,success,None,41.03
TX_00004224,2025-01-13 22:53:00,SMB,debit,US-East,desktop,success,None,109.72
TX_00004225,2025-01-13 22:58:00,SMB,credit_card,US-West,desktop,success,None,86.99
TX_00004226,2025-01-13 23:07:00,SMB,debit,US-East,desktop,success,None,71.12
TX_00004227,2025-01-13 23:18:00,SMB,debit,US-East,mobile_android,success,None,76.43
TX_00004228,2025-01-13 23:20:00,SMB,debit,EU-Central,desktop,success,None,89.06
TX_00004229,2025-01-13 23:21:00,SMB,credit_card,US-East,desktop,success,None,80.19
TX_00004230,2025-01-13 23:29:00,Startup,credit_card,US-East,desktop,success,None,40.54
TX_00004231,2025-01-13 23:30:00,SMB,credit_card,US-West,mobile_ios,success,None,83.69
TX_00004232,2025-01-13 23:31:00,Enterprise,credit_card,US-East,mobile_android,success,None,145.93
TX_00004233,2025-01-13 23:33:00,Startup,crypto,US-West,desktop,success,None,52.76
TX_00004234,2025-01-13 23:45:00,SMB,debit,US-East,desktop,success,None,81.32
TX_00004235,2025-01-13 23:46:00,Startup,credit_card,EU-Central,mobile_ios,success,None,48.02
TX_00004236,2025-01-13 23:48:00,SMB,crypto,US-East,desktop,success,None,103.32
TX_00004237,2025-01-13 23:50:00,SMB,debit,US-East,desktop,success,None,74.64
TX_00004238,2025-01-13 23:51:00,Startup,credit_card,US-East,mobile_android,success,None,59.39
TX_00004239,2025-01-14 00:13:00,Startup,credit_card,US-West,mobile_android,success,None,38.37
TX_00004240,2025-01-14 00:13:00,SMB,credit_card,US-East,mobile_android,success,None,81.27
TX_00004241,2025-01-14 00:23:00,SMB,crypto,US-West,desktop,success,None,85.62
TX_00004242,2025-01-14 00:25:00,SMB,credit_card,US-East,desktop,success,None,92.92
TX_00004243,2025-01-14 00:28:00,Startup,debit,EU-Central,mobile_ios,success,None,35.12
TX_00004244,2025-01-14 00:32:00,Startup,credit_card,US-East,desktop,success,None,34.47
TX_00004245,2025-01-14 00:33:00,Enterprise,debit,EU-Central,desktop,success,None,134.49
TX_00004246,2025-01-14 00:35:00,Enterprise,credit_card,US-East,desktop,success,None,181.43
TX_00004247,2025-01-14 00:38:00,SMB,crypto,US-East,mobile_android,success,None,68.22
TX_00004248,2025-01-14 00:48:00,Enterprise,crypto,US-East,mobile_ios,success,None,198.31
TX_00004249,2025-01-14 00:51:00,SMB,credit_card,US-East,desktop,success,None,69.75
TX_00004250,2025-01-14 00:57:00,Enterprise,debit,US-West,desktop,success,None,167.54
TX_00004251,2025-01-14 01:02:00,Startup,debit,APAC,mobile_android,success,None,34.52
TX_00004252,2025-01-14 01:07:00,Startup,crypto,US-East,mobile_android,success,None,51.01
TX_00004253,2025-01-14 01:12:00,Startup,credit_card,US-West,mobile_ios,success,None,24.91
TX_00004254,2025-01-14 01:13:00,SMB,credit_card,US-East,desktop,success,None,95.15
TX_00004255,2025-01-14 01:19:00,SMB,debit,US-East,desktop,success,None,73.17
TX_00004256,2025-01-14 01:20:00,Startup,debit,US-East,mobile_ios,success,None,46.4
TX_00004257,2025-01-14 01:27:00,Enterprise,credit_card,EU-Central,mobile_android,success,None,157.02
TX_00004258,2025-01-14 01:34:00,Startup,debit,US-East,desktop,success,None,30.16
TX_00004259,2025-01-14 01:36:00,SMB,credit_card,EU-Central,mobile_ios,success,None,111.81
TX_00004260,2025-01-14 01:44:00,SMB,debit,US-East,desktop,success,None,90.0
TX_00004261,2025-01-14 01:45:00,SMB,credit_card,US-East,desktop,success,None,90.09
TX_00004262,2025-01-14 01:47:00,Enterprise,credit_card,US-West,desktop,success,None,196.3
TX_00004263,2025-01-14 01:50:00,Startup,credit_card,US-East,mobile_android,success,None,32.96
TX_00004264,2025-01-14 02:05:00,SMB,credit_card,US-East,desktop,success,None,91.36
TX_00004265,2025-01-14 02:07:00,SMB,credit_card,US-East,desktop,success,None,84.4
TX_00004266,2025-01-14 02:10:00,Enterprise,credit_card,US-East,desktop,success,None,155.63
TX_00004267,2025-01-14 02:12:00,Startup,credit_card,EU-Central,mobile_android,success,None,41.09
TX_00004268,2025-01-14 02:40:00,SMB,credit_card,US-East,mobile_ios,success,None,48.71
TX_00004269,2025-01-14 02:48:00,SMB,debit,EU-Central,desktop,success,None,71.98
TX_00004270,2025-01-14 02:48:00,SMB,credit_card,US-East,desktop,success,None,84.38
TX_00004271,2025-01-14 02:49:00,SMB,credit_card,EU-Central,mobile_ios,success,None,89.29
TX_00004272,2025-01-14 02:50:00,SMB,debit,US-West,desktop,success,None,87.87
TX_00004273,2025-01-14 02:55:00,Startup,crypto,US-East,desktop,success,None,27.2
TX_00004274,2025-01-14 02:55:00,Enterprise,debit,APAC,mobile_ios,success,None,131.8
TX_00004275,2025-01-14 02:57:00,Enterprise,credit_card,US-East,desktop,success,None,167.09
TX_00004276,2025-01-14 03:08:00,Startup,debit,US-West,mobile_android,success,None,33.87
TX_00004277,2025-01-14 03:19:00,SMB,crypto,US-West,desktop,success,None,53.88
TX_00004278,2025-01-14 03:22:00,SMB,credit_card,US-East,desktop,success,None,64.18
TX_00004279,2025-01-14 03:31:00,SMB,crypto,APAC,desktop,success,None,81.25
TX_00004280,2025-01-14 03:35:00,SMB,credit_card,EU-Central,mobile_ios,success,None,79.28
TX_00004281,2025-01-14 03:42:00,Startup,credit_card,EU-Central,desktop,success,None,39.95
TX_00004282,2025-01-14 03:45:00,Startup,credit_card,APAC,mobile_ios,success,None,41.43
TX_00004283,2025-01-14 03:50:00,Startup,debit,US-West,desktop,success,None,47.38
TX_00004284,2025-01-14 03:51:00,Startup,credit_card,US-East,desktop,success,None,31.43
TX_00004285,2025-01-14 04:04:00,SMB,credit_card,EU-Central,mobile_android,success,None,49.19
TX_00004286,2025-01-14 04:11:00,SMB,credit_card,US-East,mobile_android,success,None,73.23
TX_00004287,2025-01-14 04:16:00,SMB,credit_card,US-East,mobile_ios,success,None,79.17
TX_00004288,2025-01-14 04:18:00,SMB,credit_card,US-West,mobile_android,success,None,58.2
TX_00004289,2025-01-14 04:21:00,Startup,credit_card,APAC,desktop,success,None,38.78
TX_00004290,2025-01-14 04:22:00,Startup,credit_card,US-East,desktop,success,None,36.72
TX_00004291,2025-01-14 04:24:00,SMB,crypto,EU-Central,desktop,success,None,78.03
TX_00004292,2025-01-14 04:27:00,Enterprise,credit_card,US-West,mobile_android,success,None,174.19
TX_00004293,2025-01-14 04:30:00,Enterprise,credit_card,US-East,mobile_ios,success,None,141.57
TX_00004294,2025-01-14 04:30:00,SMB,credit_card,EU-Central,desktop,success,None,65.18
TX_00004295,2025-01-14 04:30:00,Enterprise,credit_card,APAC,desktop,success,None,189.51
TX_00004296,2025-01-14 04:34:00,SMB,credit_card,US-East,desktop,success,None,64.08
TX_00004297,2025-01-14 04:48:00,Startup,credit_card,US-East,desktop,success,None,39.25
TX_00004298,2025-01-14 04:59:00,Startup,debit,US-East,desktop,success,None,43.9
TX_00004299,2025-01-14 05:03:00,SMB,credit_card,EU-Central,desktop,success,None,65.44
TX_00004300,2025-01-14 05:09:00,SMB,credit_card,US-East,desktop,success,None,76.08
TX_00004301,2025-01-14 05:09:00,SMB,credit_card,US-East,desktop,success,None,78.5
TX_00004302,2025-01-14 05:13:00,Startup,debit,EU-Central,mobile_ios,success,None,47.28
TX_00004303,2025-01-14 05:17:00,Startup,debit,US-West,mobile_ios,success,None,36.08
TX_00004304,2025-01-14 05:21:00,Startup,credit_card,US-East,desktop,success,None,48.17
TX_00004305,2025-01-14 05:21:00,SMB,credit_card,EU-Central,mobile_ios,success,None,77.47
TX_00004306,2025-01-14 05:29:00,Startup,crypto,APAC,desktop,success,None,48.38
TX_00004307,2025-01-14 05:29:00,Enterprise,credit_card,APAC,desktop,success,None,126.61
TX_00004308,2025-01-14 05:33:00,SMB,credit_card,US-East,mobile_android,success,None,68.73
TX_00004309,2025-01-14 05:43:00,SMB,credit_card,APAC,desktop,success,None,101.63
TX_00004310,2025-01-14 05:45:00,SMB,credit_card,EU-Central,desktop,success,None,48.91
TX_00004311,2025-01-14 05:45:00,Startup,crypto,US-East,mobile_android,success,None,32.08
TX_00004312,2025-01-14 05:51:00,SMB,crypto,US-West,desktop,success,None,92.2
TX_00004313,2025-01-14 05:53:00,Enterprise,debit,US-East,desktop,success,None,187.55
TX_00004314,2025-01-14 06:06:00,Enterprise,credit_card,EU-Central,mobile_android,success,None,118.72
TX_00004315,2025-01-14 06:07:00,Enterprise,credit_card,EU-Central,desktop,success,None,167.92
TX_00004316,2025-01-14 06:11:00,Enterprise,credit_card,EU-Central,mobile_ios,success,None,116.86
TX_00004317,2025-01-14 06:13:00,Enterprise,crypto,US-East,desktop,success,None,105.63
TX_00004318,2025-01-14 06:14:00,SMB,debit,US-West,desktop,success,None,69.72
TX_00004319,2025-01-14 06:16:00,SMB,credit_card,US-East,mobile_ios,success,None,78.73
TX_00004320,2025-01-14 06:17:00,Startup,credit_card,APAC,desktop,success,None,19.22
TX_00004321,2025-01-14 06:17:00,SMB,credit_card,US-West,mobile_ios,success,None,68.99
TX_00004322,2025-01-14 06:35:00,Enterprise,crypto,US-East,mobile_android,success,None,136.73
TX_00004323,2025-01-14 06:38:00,SMB,credit_card,US-East,desktop,success,None,98.99
TX_00004324,2025-01-14 06:42:00,Startup,credit_card,US-West,mobile_android,success,None,37.43
TX_00004325,2025-01-14 06:43:00,Startup,credit_card,US-West,desktop,success,None,53.32
TX_00004326,2025-01-14 06:48:00,SMB,credit_card,EU-Central,desktop,success,None,79.07
TX_00004327,2025-01-14 06:48:00,SMB,crypto,US-East,mobile_android,success,None,84.5
TX_00004328,2025-01-14 06:49:00,Startup,crypto,US-West,desktop,success,None,48.16
TX_00004329,2025-01-14 06:49:00,Startup,crypto,US-East,desktop,success,None,47.43
TX_00004330,2025-01-14 06:51:00,Startup,debit,US-West,mobile_ios,success,None,49.87
TX_00004331,2025-01-14 07:09:00,Startup,credit_card,APAC,desktop,success,None,44.26
TX_00004332,2025-01-14 07:09:00,Startup,credit_card,US-West,desktop,success,None,30.35
TX_00004333,2025-01-14 07:16:00,SMB,credit_card,US-East,mobile_ios,success,None,53.59
TX_00004334,2025-01-14 07:17:00,SMB,debit,APAC,mobile_android,success,None,90.79
TX_00004335,2025-01-14 07:18:00,Startup,credit_card,US-East,desktop,success,None,45.76
TX_00004336,2025-01-14 07:19:00,Startup,debit,EU-Central,desktop,success,None,31.65
TX_00004337,2025-01-14 07:22:00,Enterprise,credit_card,US-West,desktop,success,None,158.64
TX_00004338,2025-01-14 07:24:00,Startup,credit_card,US-East,desktop,success,None,40.18
TX_00004339,2025-01-14 07:27:00,SMB,debit,US-East,mobile_android,success,None,71.79
TX_00004340,2025-01-14 07:29:00,SMB,crypto,US-East,mobile_android,success,None,81.51
TX_00004341,2025-01-14 07:33:00,Startup,credit_card,EU-Central,mobile_ios,success,None,52.59
TX_00004342,2025-01-14 07:37:00,SMB,credit_card,EU-Central,mobile_ios,success,None,98.26
TX_00004343,2025-01-14 07:41:00,SMB,crypto,US-West,mobile_android,success,None,89.96
TX_00004344,2025-01-14 07:43:00,Enterprise,debit,US-East,desktop,success,None,156.29
TX_00004345,2025-01-14 07:47:00,SMB,credit_card,EU-Central,desktop,success,None,63.64
TX_00004346,2025-01-14 07:50:00,SMB,credit_card,US-West,desktop,success,None,75.5
TX_00004347,2025-01-14 07:50:00,SMB,credit_card,US-West,mobile_android,success,None,69.71
TX_00004348,2025-01-14 07:54:00,SMB,credit_card,US-West,desktop,success,None,90.08
TX_00004349,2025-01-14 07:58:00,Startup,debit,US-East,mobile_ios,success,None,37.66
TX_00004350,2025-01-14 08:01:00,Startup,credit_card,US-West,desktop,success,None,24.09
TX_00004351,2025-01-14 08:06:00,Enterprise,credit_card,US-West,mobile_ios,success,None,161.71
TX_00004352,2025-01-14 08:12:00,Startup,credit_card,US-West,mobile_android,success,None,38.36
TX_00004353,2025-01-14 08:16:00,Enterprise,credit_card,EU-Central,desktop,success,None,162.8
TX_00004354,2025-01-14 08:18:00,Enterprise,credit_card,US-East,mobile_ios,success,None,161.07
TX_00004355,2025-01-14 08:22:00,Enterprise,credit_card,US-West,desktop,success,None,152.96
TX_00004356,2025-01-14 08:25:00,Startup,credit_card,US-East,mobile_ios,success,None,17.04
TX_00004357,2025-01-14 08:26:00,Startup,credit_card,EU-Central,desktop,success,None,32.32
TX_00004358,2025-01-14 08:29:00,SMB,credit_card,US-East,desktop,success,None,80.59
TX_00004359,2025-01-14 08:30:00,SMB,credit_card,US-East,desktop,success,None,69.83
TX_00004360,2025-01-14 08:33:00,SMB,debit,EU-Central,desktop,success,None,60.78
TX_00004361,2025-01-14 08:38:00,SMB,credit_card,US-East,mobile_android,success,None,79.02
TX_00004362,2025-01-14 08:39:00,SMB,credit_card,US-West,mobile_android,success,None,83.19
TX_00004363,2025-01-14 08:50:00,SMB,credit_card,APAC,desktop,success,None,90.03
TX_00004364,2025-01-14 08:52:00,Startup,crypto,US-West,desktop,success,None,45.06
TX_00004365,2025-01-14 08:54:00,SMB,crypto,US-East,mobile_ios,success,None,86.2
TX_00004366,2025-01-14 08:55:00,Startup,credit_card,US-East,desktop,success,None,26.18
TX_00004367,2025-01-14 08:56:00,Startup,debit,EU-Central,desktop,success,None,43.99
TX_00004368,2025-01-14 08:57:00,SMB,credit_card,US-East,desktop,success,None,98.9
TX_00004369,2025-01-14 08:59:00,Startup,credit_card,EU-Central,mobile_android,success,None,56.62
TX_00004370,2025-01-14 09:02:00,Startup,credit_card,EU-Central,mobile_ios,success,None,34.13
TX_00004371,2025-01-14 09:07:00,SMB,credit_card,US-West,mobile_android,success,None,93.72
TX_00004372,2025-01-14 09:15:00,SMB,credit_card,EU-Central,desktop,success,None,96.01
TX_00004373,2025-01-14 09:16:00,Startup,debit,US-East,mobile_ios,success,None,30.79
TX_00004374,2025-01-14 09:21:00,SMB,debit,US-West,mobile_ios,success,None,98.58
TX_00004375,2025-01-14 09:22:00,Enterprise,credit_card,US-West,desktop,success,None,156.09
TX_00004376,2025-01-14 09:28:00,SMB,credit_card,US-East,mobile_android,success,None,110.96
TX_00004377,2025-01-14 09:36:00,Startup,credit_card,US-East,mobile_android,success,None,51.57
TX_00004378,2025-01-14 09:49:00,Startup,credit_card,US-West,mobile_android,success,None,43.16
TX_00004379,2025-01-14 09:57:00,Startup,crypto,US-West,mobile_ios,success,None,22.74
TX_00004380,2025-01-14 10:04:00,SMB,debit,US-West,mobile_ios,success,None,73.96
TX_00004381,2025-01-14 10:10:00,Enterprise,crypto,EU-Central,mobile_ios,success,None,175.24
TX_00004382,2025-01-14 10:17:00,SMB,debit,US-West,mobile_android,success,None,72.18
TX_00004383,2025-01-14 10:22:00,Startup,credit_card,EU-Central,desktop,success,None,42.92
TX_00004384,2025-01-14 10:24:00,Enterprise,credit_card,EU-Central,desktop,success,None,148.57
TX_00004385,2025-01-14 10:36:00,SMB,credit_card,US-East,mobile_ios,success,None,75.46
TX_00004386,2025-01-14 10:40:00,Enterprise,credit_card,US-East,mobile_android,success,None,159.16
TX_00004387,2025-01-14 10:40:00,SMB,debit,US-West,desktop,success,None,85.63
TX_00004388,2025-01-14 10:43:00,Startup,credit_card,EU-Central,mobile_ios,success,None,27.25
TX_00004389,2025-01-14 10:43:00,Startup,credit_card,US-East,desktop,success,None,41.56
TX_00004390,2025-01-14 11:01:00,Startup,debit,US-West,mobile_android,success,None,20.93
TX_00004391,2025-01-14 11:05:00,Enterprise,debit,US-East,mobile_ios,success,None,160.73
TX_00004392,2025-01-14 11:09:00,Startup,credit_card,US-East,mobile_ios,success,None,54.35
TX_00004393,2025-01-14 11:23:00,Startup,debit,US-West,mobile_ios,success,None,57.24
TX_00004394,2025-01-14 11:24:00,SMB,credit_card,US-East,mobile_android,success,None,98.97
TX_00004395,2025-01-14 11:40:00,Startup,credit_card,US-West,mobile_android,success,None,44.05
TX_00004396,2025-01-14 11:43:00,SMB,credit_card,APAC,mobile_android,success,None,90.9
TX_00004397,2025-01-14 11:46:00,Startup,credit_card,APAC,desktop,success,None,42.07
TX_00004398,2025-01-14 12:00:00,Startup,debit,US-East,desktop,success,None,42.4
TX_00004399,2025-01-14 12:05:00,Startup,credit_card,EU-Central,mobile_android,success,None,44.74
TX_00004400,2025-01-14 12:06:00,SMB,debit,APAC,mobile_android,success,None,85.55
TX_00004401,2025-01-14 12:16:00,Enterprise,debit,US-East,desktop,success,None,150.14
TX_00004402,2025-01-14 12:16:00,SMB,credit_card,US-West,desktop,success,None,97.79
TX_00004403,2025-01-14 12:17:00,SMB,debit,APAC,desktop,success,None,77.12
TX_00004404,2025-01-14 12:19:00,Startup,credit_card,US-East,desktop,success,None,34.56
TX_00004405,2025-01-14 12:22:00,Startup,credit_card,APAC,mobile_ios,success,None,58.08
TX_00004406,2025-01-14 12:25:00,Startup,debit,US-West,desktop,success,None,27.75
TX_00004407,2025-01-14 12:37:00,Enterprise,debit,US-East,desktop,success,None,144.29
TX_00004408,2025-01-14 12:40:00,Startup,credit_card,US-West,mobile_android,success,None,32.09
TX_00004409,2025-01-14 12:48:00,Startup,crypto,US-East,desktop,success,None,28.33
TX_00004410,2025-01-14 12:53:00,Startup,credit_card,US-East,mobile_ios,success,None,49.92
TX_00004411,2025-01-14 13:02:00,Enterprise,crypto,US-West,desktop,success,None,106.85
TX_00004412,2025-01-14 13:03:00,Enterprise,credit_card,US-West,mobile_ios,success,None,185.37
TX_00004413,2025-01-14 13:06:00,Enterprise,credit_card,US-West,desktop,success,None,129.44
TX_00004414,2025-01-14 13:08:00,Startup,credit_card,US-East,desktop,success,None,48.17
TX_00004415,2025-01-14 13:08:00,Startup,credit_card,EU-Central,desktop,success,None,46.08
TX_00004416,2025-01-14 13:10:00,Startup,credit_card,US-West,mobile_android,success,None,31.9
TX_00004417,2025-01-14 13:20:00,SMB,debit,EU-Central,mobile_ios,success,None,95.98
TX_00004418,2025-01-14 13:22:00,SMB,credit_card,EU-Central,desktop,success,None,70.07
TX_00004419,2025-01-14 13:31:00,Startup,credit_card,US-East,mobile_android,success,None,52.37
TX_00004420,2025-01-14 13:39:00,Startup,credit_card,US-East,desktop,success,None,38.79
TX_00004421,2025-01-14 13:39:00,Startup,credit_card,APAC,mobile_android,success,None,50.6
TX_00004422,2025-01-14 13:40:00,Startup,debit,EU-Central,desktop,success,None,35.27
TX_00004423,2025-01-14 13:41:00,SMB,debit,US-East,desktop,success,None,111.2
TX_00004424,2025-01-14 13:44:00,Startup,crypto,EU-Central,desktop,success,None,55.16
TX_00004425,2025-01-14 13:51:00,Startup,credit_card,US-East,mobile_ios,success,None,40.43
TX_00004426,2025-01-14 13:52:00,SMB,credit_card,US-East,desktop,success,None,73.5
TX_00004427,2025-01-14 13:54:00,SMB,credit_card,US-West,desktop,success,None,51.74
TX_00004428,2025-01-14 13:55:00,SMB,crypto,US-East,desktop,success,None,88.89
TX_00004429,2025-01-14 13:56:00,Enterprise,debit,APAC,mobile_android,success,None,148.14
TX_00004430,2025-01-14 13:58:00,Startup,credit_card,EU-Central,mobile_android,success,None,34.63
TX_00004431,2025-01-14 14:03:00,Enterprise,credit_card,US-West,mobile_ios,success,None,148.86
TX_00004432,2025-01-14 14:07:00,SMB,debit,US-East,mobile_ios,success,None,80.23
TX_00004433,2025-01-14 14:09:00,SMB,debit,US-East,mobile_ios,success,None,55.61
TX_00004434,2025-01-14 14:12:00,SMB,debit,US-East,desktop,success,None,115.17
TX_00004435,2025-01-14 14:16:00,SMB,credit_card,US-West,mobile_android,success,None,39.28
TX_00004436,2025-01-14 14:21:00,Startup,crypto,US-East,desktop,success,None,41.52
TX_00004437,2025-01-14 14:21:00,Enterprise,credit_card,US-West,mobile_ios,success,None,159.09
TX_00004438,2025-01-14 14:23:00,Enterprise,crypto,US-West,mobile_ios,success,None,137.25
TX_00004439,2025-01-14 14:23:00,SMB,debit,APAC,mobile_ios,success,None,87.96
TX_00004440,2025-01-14 14:24:00,SMB,debit,APAC,mobile_android,success,None,66.8
TX_00004441,2025-01-14 14:25:00,SMB,debit,US-West,desktop,success,None,76.19
TX_00004442,2025-01-14 14:35:00,Enterprise,credit_card,US-West,mobile_ios,success,None,134.23
TX_00004443,2025-01-14 14:36:00,Startup,credit_card,US-East,mobile_ios,success,None,33.01
TX_00004444,2025-01-14 14:41:00,Startup,credit_card,US-East,desktop,success,None,38.24
TX_00004445,2025-01-14 14:44:00,Enterprise,credit_card,APAC,desktop,success,None,130.1
TX_00004446,2025-01-14 14:50:00,Enterprise,credit_card,US-West,mobile_android,success,None,131.16
TX_00004447,2025-01-14 14:51:00,Startup,credit_card,US-East,desktop,success,None,36.86
TX_00004448,2025-01-14 14:53:00,Startup,debit,US-West,desktop,success,None,47.11
TX_00004449,2025-01-14 14:53:00,SMB,credit_card,APAC,desktop,success,None,90.82
TX_00004450,2025-01-14 14:54:00,Startup,debit,US-East,mobile_ios,success,None,39.01
TX_00004451,2025-01-14 14:59:00,Startup,debit,US-East,mobile_android,success,None,50.01
TX_00004452,2025-01-14 15:02:00,Startup,credit_card,APAC,desktop,success,None,65.9
TX_00004453,2025-01-14 15:03:00,SMB,credit_card,US-West,mobile_ios,success,None,95.62
TX_00004454,2025-01-14 15:04:00,SMB,credit_card,US-West,desktop,success,None,73.41
TX_00004455,2025-01-14 15:07:00,Enterprise,debit,US-East,desktop,success,None,178.65
TX_00004456,2025-01-14 15:10:00,Startup,credit_card,EU-Central,mobile_android,success,None,31.06
TX_00004457,2025-01-14 15:21:00,Startup,credit_card,EU-Central,desktop,success,None,34.86
TX_00004458,2025-01-14 15:22:00,SMB,debit,US-West,desktop,success,None,104.56
TX_00004459,2025-01-14 15:22:00,Startup,credit_card,US-East,mobile_ios,success,None,47.39
TX_00004460,2025-01-14 15:22:00,Startup,debit,US-West,desktop,success,None,44.75
TX_00004461,2025-01-14 15:23:00,Startup,credit_card,US-East,mobile_ios,success,None,21.84
TX_00004462,2025-01-14 15:23:00,Startup,debit,US-East,mobile_android,success,None,45.82
TX_00004463,2025-01-14 15:28:00,Startup,crypto,US-East,desktop,success,None,49.42
TX_00004464,2025-01-14 15:36:00,SMB,debit,US-East,desktop,success,None,98.56
TX_00004465,2025-01-14 15:37:00,Startup,credit_card,APAC,desktop,success,None,35.15
TX_00004466,2025-01-14 15:45:00,Startup,credit_card,US-East,desktop,success,None,26.98
TX_00004467,2025-01-14 15:55:00,SMB,debit,US-West,desktop,success,None,59.99
TX_00004468,2025-01-14 16:00:00,Enterprise,credit_card,US-East,mobile_android,success,None,154.96
TX_00004469,2025-01-14 16:12:00,Startup,credit_card,US-West,mobile_ios,success,None,17.34
TX_00004470,2025-01-14 16:14:00,SMB,debit,US-East,desktop,success,None,81.21
TX_00004471,2025-01-14 16:22:00,Startup,credit_card,US-West,mobile_android,success,None,45.3
TX_00004472,2025-01-14 16:22:00,Enterprise,credit_card,EU-Central,desktop,success,None,162.0
TX_00004473,2025-01-14 16:30:00,Enterprise,crypto,APAC,mobile_ios,success,None,150.94
TX_00004474,2025-01-14 16:35:00,SMB,credit_card,US-West,desktop,success,None,82.78
TX_00004475,2025-01-14 16:51:00,SMB,credit_card,US-East,desktop,success,None,107.09
TX_00004476,2025-01-14 16:53:00,Startup,debit,US-East,mobile_ios,success,None,43.25
TX_00004477,2025-01-14 16:58:00,SMB,debit,EU-Central,desktop,success,None,114.51
TX_00004478,2025-01-14 16:58:00,Enterprise,credit_card,US-East,mobile_ios,success,None,171.99
TX_00004479,2025-01-14 17:04:00,SMB,debit,US-West,desktop,success,None,62.32
TX_00004480,2025-01-14 17:07:00,SMB,debit,APAC,desktop,success,None,63.51
TX_00004481,2025-01-14 17:11:00,SMB,credit_card,EU-Central,mobile_ios,success,None,52.19
TX_00004482,2025-01-14 17:18:00,Startup,credit_card,EU-Central,mobile_android,success,None,30.13
TX_00004483,2025-01-14 17:28:00,SMB,credit_card,EU-Central,desktop,success,None,81.44
TX_00004484,2025-01-14 17:29:00,Enterprise,debit,US-West,desktop,success,None,161.49
TX_00004485,2025-01-14 17:33:00,SMB,debit,EU-Central,mobile_ios,success,None,56.85
TX_00004486,2025-01-14 17:35:00,Enterprise,credit_card,US-East,mobile_ios,success,None,170.63
TX_00004487,2025-01-14 17:38:00,Enterprise,debit,APAC,mobile_ios,success,None,184.46
TX_00004488,2025-01-14 17:42:00,SMB,debit,US-East,mobile_ios,success,None,78.53
TX_00004489,2025-01-14 17:47:00,Startup,credit_card,US-West,mobile_android,success,None,43.55
TX_00004490,2025-01-14 17:50:00,Startup,debit,US-East,desktop,success,None,36.16
TX_00004491,2025-01-14 17:50:00,Startup,credit_card,US-East,mobile_ios,success,None,29.33
TX_00004492,2025-01-14 17:57:00,SMB,crypto,US-West,mobile_ios,success,None,105.11
TX_00004493,2025-01-14 17:59:00,SMB,credit_card,US-East,mobile_ios,success,None,91.99
TX_00004494,2025-01-14 18:00:00,SMB,debit,US-West,desktop,success,None,76.53
TX_00004495,2025-01-14 18:10:00,Startup,debit,US-West,mobile_ios,success,None,53.22
TX_00004496,2025-01-14 18:10:00,Startup,credit_card,US-West,mobile_ios,success,None,52.57
TX_00004497,2025-01-14 18:16:00,Enterprise,debit,US-East,mobile_ios,success,None,145.19
TX_00004498,2025-01-14 18:16:00,Enterprise,debit,US-West,desktop,success,None,145.71
TX_00004499,2025-01-14 18:30:00,Startup,crypto,EU-Central,mobile_ios,success,None,44.62
TX_00004500,2025-01-14 18:30:00,Startup,credit_card,US-East,mobile_android,success,None,22.93
TX_00004501,2025-01-14 18:35:00,Startup,credit_card,US-West,mobile_android,success,None,48.68
TX_00004502,2025-01-14 18:38:00,Startup,crypto,US-West,mobile_ios,success,None,34.22
TX_00004503,2025-01-14 18:40:00,Startup,debit,EU-Central,mobile_ios,success,None,45.48
TX_00004504,2025-01-14 18:46:00,SMB,debit,US-West,desktop,success,None,62.06
TX_00004505,2025-01-14 18:46:00,Startup,crypto,US-East,desktop,success,None,24.66
TX_00004506,2025-01-14 18:56:00,Startup,credit_card,EU-Central,desktop,success,None,24.2
TX_00004507,2025-01-14 18:59:00,Startup,credit_card,EU-Central,mobile_android,success,None,54.91
TX_00004508,2025-01-14 19:07:00,SMB,credit_card,EU-Central,desktop,success,None,92.2
TX_00004509,2025-01-14 19:10:00,SMB,debit,US-West,mobile_ios,success,None,82.22
TX_00004510,2025-01-14 19:13:00,SMB,debit,EU-Central,mobile_android,success,None,88.62
TX_00004511,2025-01-14 19:13:00,SMB,crypto,US-West,mobile_android,success,None,69.97
TX_00004512,2025-01-14 19:14:00,Startup,credit_card,EU-Central,mobile_ios,success,None,46.63
TX_00004513,2025-01-14 19:17:00,Enterprise,debit,EU-Central,mobile_ios,success,None,152.64
TX_00004514,2025-01-14 19:18:00,SMB,crypto,EU-Central,mobile_ios,success,None,89.67
TX_00004515,2025-01-14 19:20:00,Startup,debit,US-West,desktop,success,None,38.68
TX_00004516,2025-01-14 19:21:00,Enterprise,credit_card,EU-Central,desktop,success,None,141.81
TX_00004517,2025-01-14 19:34:00,SMB,debit,US-East,desktop,success,None,78.58
TX_00004518,2025-01-14 19:35:00,SMB,crypto,US-East,desktop,success,None,70.49
TX_00004519,2025-01-14 19:39:00,Startup,crypto,US-West,mobile_android,success,None,43.89
TX_00004520,2025-01-14 19:40:00,SMB,debit,US-West,desktop,success,None,81.44
TX_00004521,2025-01-14 19:49:00,Startup,debit,US-East,mobile_ios,success,None,37.85
TX_00004522,2025-01-14 19:55:00,SMB,credit_card,US-West,desktop,success,None,67.55
TX_00004523,2025-01-14 20:01:00,Startup,credit_card,US-East,mobile_android,success,None,42.4
TX_00004524,2025-01-14 20:12:00,SMB,crypto,US-West,desktop,success,None,105.66
TX_00004525,2025-01-14 20:13:00,SMB,credit_card,EU-Central,desktop,success,None,98.01
TX_00004526,2025-01-14 20:13:00,Enterprise,credit_card,EU-Central,desktop,success,None,178.99
TX_00004527,2025-01-14 20:15:00,Enterprise,credit_card,US-East,mobile_android,success,None,135.54
TX_00004528,2025-01-14 20:17:00,SMB,credit_card,APAC,desktop,success,None,91.37
TX_00004529,2025-01-14 20:18:00,Enterprise,debit,US-West,mobile_android,success,None,155.21
TX_00004530,2025-01-14 20:22:00,SMB,credit_card,EU-Central,mobile_ios,success,None,93.57
TX_00004531,2025-01-14 20:25:00,SMB,crypto,US-West,desktop,success,None,82.33
TX_00004532,2025-01-14 20:30:00,SMB,crypto,APAC,desktop,success,None,64.23
TX_00004533,2025-01-14 20:33:00,SMB,credit_card,EU-Central,mobile_ios,success,None,78.71
TX_00004534,2025-01-14 20:36:00,Startup,credit_card,US-West,desktop,success,None,25.95
TX_00004535,2025-01-14 20:43:00,Startup,debit,US-East,mobile_android,success,None,26.11
TX_00004536,2025-01-14 20:45:00,Enterprise,debit,US-West,desktop,success,None,138.68
TX_00004537,2025-01-14 20:51:00,SMB,credit_card,US-West,mobile_ios,success,None,63.75
TX_00004538,2025-01-14 20:55:00,Startup,credit_card,US-West,mobile_ios,success,None,35.42
TX_00004539,2025-01-14 20:58:00,Enterprise,credit_card,US-East,mobile_ios,success,None,128.06
TX_00004540,2025-01-14 21:02:00,Startup,credit_card,US-West,desktop,success,None,31.77
TX_00004541,2025-01-14 21:09:00,Enterprise,credit_card,US-West,mobile_android,success,None,168.78
TX_00004542,2025-01-14 21:11:00,Startup,debit,EU-Central,mobile_ios,success,None,37.95
TX_00004543,2025-01-14 21:14:00,SMB,debit,EU-Central,mobile_ios,success,None,68.99
TX_00004544,2025-01-14 21:16:00,Startup,debit,US-East,mobile_ios,success,None,40.33
TX_00004545,2025-01-14 21:22:00,SMB,credit_card,US-East,mobile_ios,success,None,78.36
TX_00004546,2025-01-14 21:28:00,Startup,debit,US-East,mobile_android,success,None,41.45
TX_00004547,2025-01-14 21:33:00,Enterprise,credit_card,US-East,mobile_android,success,None,157.51
TX_00004548,2025-01-14 21:37:00,SMB,credit_card,US-East,desktop,success,None,76.5
TX_00004549,2025-01-14 21:42:00,Startup,debit,EU-Central,desktop,success,None,28.99
TX_00004550,2025-01-14 21:42:00,SMB,debit,APAC,mobile_android,success,None,85.16
TX_00004551,2025-01-14 21:45:00,Startup,credit_card,US-East,desktop,success,None,43.75
TX_00004552,2025-01-14 21:48:00,SMB,debit,US-West,mobile_android,success,None,82.49
TX_00004553,2025-01-14 21:59:00,Startup,crypto,EU-Central,mobile_ios,success,None,41.7
TX_00004554,2025-01-14 22:05:00,SMB,credit_card,APAC,desktop,success,None,78.81
TX_00004555,2025-01-14 22:09:00,Startup,debit,APAC,desktop,success,None,39.31
TX_00004556,2025-01-14 22:16:00,Startup,crypto,US-East,desktop,success,None,26.07
TX_00004557,2025-01-14 22:16:00,SMB,debit,US-East,mobile_android,success,None,84.07
TX_00004558,2025-01-14 22:18:00,Startup,credit_card,US-East,desktop,success,None,35.48
TX_00004559,2025-01-14 22:19:00,Startup,credit_card,US-West,desktop,success,None,39.66
TX_00004560,2025-01-14 22:21:00,SMB,credit_card,EU-Central,mobile_android,success,None,88.06
TX_00004561,2025-01-14 22:34:00,Startup,credit_card,US-East,desktop,success,None,26.25
TX_00004562,2025-01-14 22:34:00,Enterprise,debit,EU-Central,mobile_ios,success,None,140.03
TX_00004563,2025-01-14 22:39:00,Startup,credit_card,US-West,mobile_ios,success,None,44.66
TX_00004564,2025-01-14 22:40:00,SMB,crypto,APAC,desktop,success,None,72.49
TX_00004565,2025-01-14 22:40:00,Enterprise,credit_card,US-East,desktop,success,None,125.59
TX_00004566,2025-01-14 22:41:00,SMB,debit,US-East,desktop,success,None,87.91
TX_00004567,2025-01-14 22:45:00,SMB,credit_card,US-East,desktop,success,None,87.78
TX_00004568,2025-01-14 22:53:00,Startup,credit_card,US-East,desktop,success,None,42.16
TX_00004569,2025-01-14 22:55:00,Startup,debit,EU-Central,mobile_ios,success,None,30.48
TX_00004570,2025-01-14 23:03:00,SMB,credit_card,US-East,mobile_ios,success,None,77.22
TX_00004571,2025-01-14 23:03:00,Enterprise,credit_card,EU-Central,mobile_ios,success,None,202.03
TX_00004572,2025-01-14 23:04:00,Startup,credit_card,US-East,desktop,success,None,38.82
TX_00004573,2025-01-14 23:07:00,SMB,credit_card,US-East,desktop,success,None,69.89
TX_00004574,2025-01-14 23:16:00,SMB,debit,EU-Central,desktop,success,None,76.78
TX_00004575,2025-01-14 23:19:00,SMB,crypto,APAC,desktop,success,None,71.78
TX_00004576,2025-01-14 23:21:00,SMB,credit_card,US-West,mobile_android,failed,Invalid PIN,0.0
TX_00004577,2025-01-14 23:27:00,SMB,credit_card,APAC,desktop,success,None,69.73
TX_00004578,2025-01-14 23:28:00,Startup,debit,US-West,desktop,success,None,47.66
TX_00004579,2025-01-14 23:31:00,SMB,crypto,US-West,mobile_ios,success,None,93.88
TX_00004580,2025-01-14 23:31:00,Startup,crypto,EU-Central,mobile_ios,success,None,45.21
TX_00004581,2025-01-14 23:32:00,SMB,debit,US-East,mobile_android,success,None,96.0
TX_00004582,2025-01-14 23:40:00,SMB,credit_card,US-East,desktop,success,None,84.32
TX_00004583,2025-01-14 23:42:00,Startup,credit_card,US-West,desktop,success,None,38.89
TX_00004584,2025-01-14 23:43:00,SMB,credit_card,US-East,desktop,success,None,70.36
TX_00004585,2025-01-14 23:44:00,SMB,credit_card,US-East,desktop,success,None,125.39
TX_00004586,2025-01-14 23:50:00,Startup,debit,US-East,mobile_ios,success,None,42.92
TX_00004587,2025-01-14 23:59:00,SMB,debit,EU-Central,mobile_android,success,None,81.34
TX_00004588,2025-01-15 00:07:00,Startup,debit,US-West,mobile_ios,success,None,45.34
TX_00004589,2025-01-15 00:11:00,SMB,credit_card,US-West,desktop,success,None,37.16
TX_00004590,2025-01-15 00:12:00,Startup,debit,EU-Central,desktop,success,None,21.67
TX_00004591,2025-01-15 00:13:00,Enterprise,credit_card,US-West,mobile_android,success,None,138.87
TX_00004592,2025-01-15 00:15:00,SMB,credit_card,EU-Central,desktop,success,None,86.73
TX_00004593,2025-01-15 00:16:00,Startup,credit_card,APAC,mobile_android,success,None,37.54
TX_00004594,2025-01-15 00:16:00,Startup,debit,EU-Central,mobile_ios,failed,Card expired,0.0
TX_00004595,2025-01-15 00:20:00,SMB,credit_card,US-West,mobile_android,success,None,79.89
TX_00004596,2025-01-15 00:23:00,SMB,debit,US-West,mobile_android,success,None,88.37
TX_00004597,2025-01-15 00:27:00,SMB,credit_card,US-West,desktop,success,None,86.53
TX_00004598,2025-01-15 00:35:00,Startup,credit_card,US-West,mobile_ios,success,None,18.29
TX_00004599,2025-01-15 00:48:00,Startup,crypto,US-East,desktop,success,None,54.84
TX_00004600,2025-01-15 00:53:00,Startup,credit_card,US-West,desktop,success,None,46.67
TX_00004601,2025-01-15 00:55:00,SMB,credit_card,US-East,desktop,success,None,62.84
TX_00004602,2025-01-15 00:59:00,Startup,credit_card,US-East,desktop,success,None,39.52
TX_00004603,2025-01-15 01:04:00,SMB,crypto,US-West,desktop,success,None,79.12
TX_00004604,2025-01-15 01:05:00,Enterprise,credit_card,EU-Central,desktop,failed,Invalid PIN,0.0
TX_00004605,2025-01-15 01:09:00,SMB,credit_card,US-East,mobile_ios,success,None,78.28
TX_00004606,2025-01-15 01:18:00,Startup,credit_card,US-East,mobile_android,success,None,60.86
TX_00004607,2025-01-15 01:25:00,Startup,credit_card,US-West,mobile_ios,success,None,48.54
TX_00004608,2025-01-15 01:25:00,SMB,credit_card,US-West,desktop,success,None,65.07
TX_00004609,2025-01-15 01:49:00,Startup,debit,US-East,desktop,success,None,53.94
TX_00004610,2025-01-15 02:01:00,Startup,debit,US-East,desktop,success,None,42.6
TX_00004611,2025-01-15 02:04:00,SMB,credit_card,US-West,mobile_ios,success,None,63.31
TX_00004612,2025-01-15 02:08:00,SMB,debit,EU-Central,mobile_android,success,None,53.33
TX_00004613,2025-01-15 02:26:00,Startup,debit,US-East,desktop,success,None,27.2
TX_00004614,2025-01-15 02:27:00,Startup,crypto,US-East,mobile_ios,success,None,35.37
TX_00004615,2025-01-15 02:27:00,SMB,credit_card,US-West,mobile_ios,success,None,79.7
TX_00004616,2025-01-15 02:28:00,SMB,credit_card,US-East,desktop,success,None,84.47
TX_00004617,2025-01-15 02:29:00,SMB,debit,US-East,desktop,success,None,91.68
TX_00004618,2025-01-15 02:33:00,Enterprise,credit_card,US-West,mobile_ios,success,None,118.85
TX_00004619,2025-01-15 02:36:00,Startup,credit_card,APAC,mobile_ios,success,None,33.72
TX_00004620,2025-01-15 02:36:00,SMB,debit,US-East,desktop,success,None,81.59
TX_00004621,2025-01-15 02:37:00,Startup,credit_card,US-West,desktop,success,None,40.28
TX_00004622,2025-01-15 02:43:00,SMB,credit_card,US-East,mobile_ios,success,None,84.96
TX_00004623,2025-01-15 02:44:00,SMB,credit_card,EU-Central,desktop,success,None,76.82
TX_00004624,2025-01-15 02:51:00,Enterprise,debit,US-East,mobile_android,success,None,174.72
TX_00004625,2025-01-15 02:57:00,Startup,credit_card,US-West,desktop,success,None,45.38
TX_00004626,2025-01-15 03:03:00,SMB,debit,EU-Central,desktop,success,None,87.79
TX_00004627,2025-01-15 03:10:00,Startup,debit,APAC,desktop,success,None,28.22
TX_00004628,2025-01-15 03:14:00,Enterprise,credit_card,US-West,mobile_android,success,None,178.66
TX_00004629,2025-01-15 03:14:00,SMB,credit_card,US-East,mobile_ios,success,None,99.29
TX_00004630,2025-01-15 03:18:00,Enterprise,credit_card,US-West,mobile_android,success,None,119.98
TX_00004631,2025-01-15 03:20:00,SMB,debit,US-East,desktop,success,None,109.38
TX_00004632,2025-01-15 03:25:00,Startup,credit_card,US-West,mobile_android,success,None,41.97
TX_00004633,2025-01-15 03:29:00,SMB,crypto,EU-Central,mobile_android,success,None,72.57
TX_00004634,2025-01-15 03:32:00,Startup,credit_card,EU-Central,desktop,failed,Invalid PIN,0.0
TX_00004635,2025-01-15 03:38:00,SMB,credit_card,US-West,mobile_android,success,None,80.54
TX_00004636,2025-01-15 03:44:00,SMB,credit_card,EU-Central,mobile_android,success,None,85.46
TX_00004637,2025-01-15 03:44:00,SMB,debit,APAC,mobile_android,success,None,71.89
TX_00004638,2025-01-15 03:49:00,Enterprise,credit_card,APAC,mobile_android,success,None,162.52
TX_00004639,2025-01-15 03:49:00,Startup,credit_card,EU-Central,mobile_ios,success,None,48.13
TX_00004640,2025-01-15 03:49:00,Startup,debit,US-West,mobile_android,success,None,65.25
TX_00004641,2025-01-15 03:50:00,SMB,credit_card,US-West,desktop,success,None,82.64
TX_00004642,2025-01-15 03:53:00,SMB,credit_card,US-East,mobile_ios,success,None,87.79
TX_00004643,2025-01-15 04:00:00,Startup,debit,US-East,desktop,success,None,34.46
TX_00004644,2025-01-15 04:09:00,Startup,debit,US-West,mobile_ios,success,None,24.4
TX_00004645,2025-01-15 04:11:00,Startup,credit_card,US-East,mobile_ios,success,None,32.66
TX_00004646,2025-01-15 04:20:00,SMB,credit_card,US-West,mobile_ios,success,None,70.9
TX_00004647,2025-01-15 04:21:00,SMB,debit,US-West,mobile_android,success,None,85.13
TX_00004648,2025-01-15 04:23:00,Startup,credit_card,US-West,desktop,success,None,33.55
TX_00004649,2025-01-15 04:25:00,Startup,debit,US-East,mobile_ios,success,None,46.28
TX_00004650,2025-01-15 04:26:00,SMB,credit_card,US-East,desktop,success,None,84.64
TX_00004651,2025-01-15 04:31:00,Startup,credit_card,US-East,desktop,success,None,47.11
TX_00004652,2025-01-15 04:35:00,Startup,credit_card,US-East,mobile_ios,success,None,67.23
TX_00004653,2025-01-15 04:45:00,SMB,credit_card,APAC,mobile_ios,success,None,104.46
TX_00004654,2025-01-15 04:47:00,SMB,debit,US-East,desktop,success,None,70.12
TX_00004655,2025-01-15 04:52:00,SMB,credit_card,US-East,desktop,success,None,66.72
TX_00004656,2025-01-15 04:54:00,Enterprise,credit_card,US-East,desktop,success,None,150.26
TX_00004657,2025-01-15 04:56:00,Startup,crypto,US-West,mobile_ios,success,None,32.03
TX_00004658,2025-01-15 05:00:00,SMB,credit_card,US-West,mobile_ios,success,None,91.18
TX_00004659,2025-01-15 05:02:00,Startup,debit,US-East,desktop,success,None,43.15
TX_00004660,2025-01-15 05:03:00,Startup,crypto,APAC,mobile_ios,success,None,26.28
TX_00004661,2025-01-15 05:06:00,Enterprise,crypto,EU-Central,desktop,success,None,138.63
TX_00004662,2025-01-15 05:09:00,SMB,debit,US-East,mobile_ios,success,None,84.6
TX_00004663,2025-01-15 05:10:00,Startup,credit_card,US-West,desktop,success,None,27.98
TX_00004664,2025-01-15 05:10:00,Startup,crypto,US-West,mobile_android,success,None,43.54
TX_00004665,2025-01-15 05:31:00,Startup,debit,US-East,desktop,success,None,55.04
TX_00004666,2025-01-15 05:31:00,SMB,debit,EU-Central,mobile_ios,success,None,91.55
TX_00004667,2025-01-15 05:33:00,SMB,credit_card,US-East,mobile_ios,success,None,62.86
TX_00004668,2025-01-15 05:59:00,SMB,crypto,US-West,desktop,success,None,53.05
TX_00004669,2025-01-15 06:07:00,Startup,debit,US-West,desktop,success,None,31.15
TX_00004670,2025-01-15 06:08:00,SMB,debit,US-West,desktop,success,None,53.41
TX_00004671,2025-01-15 06:10:00,Startup,credit_card,EU-Central,mobile_android,success,None,33.17
TX_00004672,2025-01-15 06:16:00,SMB,credit_card,US-East,desktop,success,None,68.99
TX_00004673,2025-01-15 06:16:00,Startup,crypto,US-East,mobile_ios,failed,Invalid PIN,0.0
TX_00004674,2025-01-15 06:18:00,Startup,credit_card,US-West,mobile_ios,failed,Insufficient funds,0.0
TX_00004675,2025-01-15 06:19:00,SMB,credit_card,US-East,desktop,success,None,58.43
TX_00004676,2025-01-15 06:21:00,Startup,debit,US-East,desktop,success,None,29.19
TX_00004677,2025-01-15 06:39:00,SMB,credit_card,US-West,mobile_android,success,None,119.63
TX_00004678,2025-01-15 06:46:00,SMB,credit_card,US-East,desktop,success,None,87.96
TX_00004679,2025-01-15 06:47:00,Enterprise,credit_card,US-East,desktop,success,None,152.02
TX_00004680,2025-01-15 07:01:00,Enterprise,credit_card,US-East,mobile_ios,success,None,154.2
TX_00004681,2025-01-15 07:01:00,SMB,credit_card,US-East,desktop,success,None,66.65
TX_00004682,2025-01-15 07:03:00,Startup,credit_card,US-West,desktop,success,None,49.29
TX_00004683,2025-01-15 07:04:00,Startup,credit_card,US-East,desktop,success,None,64.46
TX_00004684,2025-01-15 07:04:00,Enterprise,debit,APAC,mobile_android,failed,Card expired,0.0
TX_00004685,2025-01-15 07:07:00,Startup,crypto,US-East,desktop,failed,Card expired,0.0
TX_00004686,2025-01-15 07:08:00,Startup,credit_card,US-West,mobile_android,success,None,46.94
TX_00004687,2025-01-15 07:10:00,Startup,credit_card,EU-Central,desktop,success,None,45.49
TX_00004688,2025-01-15 07:14:00,Startup,credit_card,US-East,desktop,failed,Invalid PIN,0.0
TX_00004689,2025-01-15 07:15:00,SMB,debit,EU-Central,mobile_android,success,None,87.23
TX_00004690,2025-01-15 07:17:00,SMB,crypto,EU-Central,desktop,success,None,91.7
TX_00004691,2025-01-15 07:27:00,Startup,credit_card,US-East,desktop,success,None,29.64
TX_00004692,2025-01-15 07:27:00,Enterprise,credit_card,APAC,desktop,success,None,140.52
TX_00004693,2025-01-15 07:28:00,Enterprise,debit,US-East,mobile_android,success,None,146.06
TX_00004694,2025-01-15 07:29:00,Enterprise,debit,US-East,desktop,success,None,133.35
TX_00004695,2025-01-15 07:29:00,SMB,credit_card,EU-Central,mobile_ios,success,None,79.28
TX_00004696,2025-01-15 07:29:00,SMB,debit,US-East,mobile_ios,success,None,83.91
TX_00004697,2025-01-15 07:31:00,SMB,debit,US-West,desktop,success,None,61.07
TX_00004698,2025-01-15 07:32:00,Enterprise,crypto,EU-Central,desktop,success,None,179.72
TX_00004699,2025-01-15 07:32:00,Startup,credit_card,APAC,mobile_android,success,None,43.29
TX_00004700,2025-01-15 07:38:00,SMB,crypto,US-West,mobile_ios,success,None,95.01
TX_00004701,2025-01-15 07:39:00,SMB,credit_card,APAC,mobile_ios,success,None,82.64
TX_00004702,2025-01-15 07:40:00,Enterprise,debit,US-West,desktop,success,None,197.68
TX_00004703,2025-01-15 07:45:00,Enterprise,credit_card,US-East,desktop,success,None,176.87
TX_00004704,2025-01-15 08:04:00,SMB,credit_card,US-West,mobile_ios,success,None,43.76
TX_00004705,2025-01-15 08:08:00,SMB,debit,US-West,mobile_ios,success,None,78.04
TX_00004706,2025-01-15 08:11:00,SMB,credit_card,US-West,mobile_ios,success,None,69.28
TX_00004707,2025-01-15 08:12:00,Startup,credit_card,US-West,desktop,success,None,33.22
TX_00004708,2025-01-15 08:15:00,SMB,credit_card,US-West,mobile_android,success,None,70.69
TX_00004709,2025-01-15 08:19:00,SMB,credit_card,US-West,desktop,success,None,93.43
TX_00004710,2025-01-15 08:21:00,SMB,credit_card,APAC,desktop,success,None,108.12
TX_00004711,2025-01-15 08:22:00,Startup,crypto,US-West,mobile_android,success,None,41.78
TX_00004712,2025-01-15 08:26:00,Startup,credit_card,US-East,mobile_ios,success,None,57.97
TX_00004713,2025-01-15 08:26:00,Startup,credit_card,EU-Central,desktop,success,None,39.53
TX_00004714,2025-01-15 08:29:00,SMB,credit_card,US-East,mobile_ios,success,None,78.45
TX_00004715,2025-01-15 08:30:00,SMB,credit_card,EU-Central,desktop,success,None,72.65
TX_00004716,2025-01-15 08:31:00,SMB,credit_card,US-East,desktop,success,None,71.69
TX_00004717,2025-01-15 08:34:00,Startup,credit_card,US-East,mobile_ios,success,None,24.59
TX_00004718,2025-01-15 08:37:00,Enterprise,credit_card,US-East,desktop,success,None,181.06
TX_00004719,2025-01-15 08:44:00,Startup,credit_card,US-East,desktop,success,None,28.06
TX_00004720,2025-01-15 08:49:00,Startup,debit,US-West,desktop,success,None,33.16
TX_00004721,2025-01-15 08:50:00,Startup,debit,US-East,desktop,success,None,38.26
TX_00004722,2025-01-15 08:55:00,Enterprise,credit_card,EU-Central,desktop,success,None,112.69
TX_00004723,2025-01-15 08:58:00,Startup,credit_card,US-West,mobile_android,success,None,36.0
TX_00004724,2025-01-15 09:00:00,SMB,debit,US-East,mobile_ios,success,None,65.16
TX_00004725,2025-01-15 09:06:00,Enterprise,credit_card,EU-Central,desktop,success,None,148.69
TX_00004726,2025-01-15 09:07:00,SMB,crypto,US-West,mobile_ios,success,None,115.85
TX_00004727,2025-01-15 09:10:00,Startup,credit_card,EU-Central,mobile_android,success,None,37.44
TX_00004728,2025-01-15 09:11:00,SMB,credit_card,US-West,mobile_ios,success,None,85.78
TX_00004729,2025-01-15 09:14:00,SMB,debit,US-East,desktop,success,None,93.26
TX_00004730,2025-01-15 09:19:00,Enterprise,debit,US-West,desktop,success,None,135.04
TX_00004731,2025-01-15 09:32:00,Startup,credit_card,US-East,mobile_android,success,None,21.06
TX_00004732,2025-01-15 09:33:00,Startup,credit_card,US-West,desktop,success,None,28.04
TX_00004733,2025-01-15 09:46:00,Startup,credit_card,APAC,desktop,success,None,41.79
TX_00004734,2025-01-15 09:46:00,SMB,crypto,US-East,mobile_ios,success,None,58.6
TX_00004735,2025-01-15 09:50:00,SMB,debit,US-West,desktop,success,None,80.67
TX_00004736,2025-01-15 09:56:00,SMB,credit_card,US-East,mobile_android,success,None,83.48
TX_00004737,2025-01-15 10:00:00,SMB,credit_card,US-East,mobile_android,success,None,64.2
TX_00004738,2025-01-15 10:04:00,Startup,credit_card,US-West,mobile_ios,success,None,41.26
TX_00004739,2025-01-15 10:14:00,SMB,credit_card,US-West,mobile_android,success,None,73.53
TX_00004740,2025-01-15 10:26:00,SMB,credit_card,US-West,desktop,success,None,86.64
TX_00004741,2025-01-15 10:26:00,SMB,debit,US-East,mobile_ios,success,None,90.04
TX_00004742,2025-01-15 10:29:00,Startup,credit_card,EU-Central,mobile_ios,success,None,33.79
TX_00004743,2025-01-15 10:32:00,SMB,credit_card,US-East,desktop,success,None,109.45
TX_00004744,2025-01-15 10:39:00,SMB,debit,US-East,mobile_android,success,None,57.84
TX_00004745,2025-01-15 10:40:00,Startup,credit_card,EU-Central,mobile_android,success,None,30.68
TX_00004746,2025-01-15 10:42:00,SMB,credit_card,APAC,mobile_android,success,None,70.37
TX_00004747,2025-01-15 10:43:00,Startup,credit_card,US-West,mobile_ios,success,None,44.39
TX_00004748,2025-01-15 10:45:00,Enterprise,credit_card,EU-Central,desktop,success,None,114.17
TX_00004749,2025-01-15 10:46:00,Startup,debit,US-East,desktop,success,None,54.04
TX_00004750,2025-01-15 10:48:00,Enterprise,debit,US-East,desktop,success,None,136.74
TX_00004751,2025-01-15 10:50:00,Enterprise,credit_card,EU-Central,desktop,success,None,142.05
TX_00004752,2025-01-15 10:51:00,Startup,credit_card,APAC,desktop,success,None,30.2
TX_00004753,2025-01-15 11:03:00,SMB,credit_card,US-East,mobile_ios,success,None,84.71
TX_00004754,2025-01-15 11:07:00,SMB,credit_card,US-East,mobile_ios,success,None,90.93
TX_00004755,2025-01-15 11:09:00,SMB,credit_card,US-East,desktop,success,None,75.24
TX_00004756,2025-01-15 11:16:00,Startup,credit_card,US-East,mobile_ios,success,None,53.16
TX_00004757,2025-01-15 11:17:00,SMB,credit_card,EU-Central,desktop,success,None,74.62
TX_00004758,2025-01-15 11:22:00,Startup,credit_card,US-West,mobile_ios,failed,Card expired,0.0
TX_00004759,2025-01-15 11:35:00,Startup,debit,US-West,mobile_android,success,None,37.98
TX_00004760,2025-01-15 11:38:00,Startup,debit,US-West,mobile_ios,success,None,35.31
TX_00004761,2025-01-15 11:42:00,SMB,crypto,EU-Central,desktop,success,None,87.3
TX_00004762,2025-01-15 11:43:00,SMB,credit_card,US-East,desktop,success,None,81.02
TX_00004763,2025-01-15 11:46:00,Startup,debit,US-West,mobile_ios,success,None,34.54
TX_00004764,2025-01-15 11:54:00,Enterprise,debit,APAC,mobile_ios,success,None,153.02
TX_00004765,2025-01-15 11:58:00,SMB,crypto,US-East,mobile_android,success,None,88.09
TX_00004766,2025-01-15 12:00:00,Enterprise,credit_card,EU-Central,desktop,success,None,157.21
TX_00004767,2025-01-15 12:04:00,Enterprise,debit,US-West,desktop,success,None,135.19
TX_00004768,2025-01-15 12:04:00,SMB,credit_card,US-East,desktop,success,None,83.4
TX_00004769,2025-01-15 12:20:00,SMB,debit,US-East,mobile_ios,success,None,67.63
TX_00004770,2025-01-15 12:20:00,Startup,credit_card,US-West,mobile_ios,success,None,36.83
TX_00004771,2025-01-15 12:21:00,SMB,debit,US-West,desktop,success,None,68.64
TX_00004772,2025-01-15 12:26:00,SMB,debit,US-West,desktop,success,None,79.35
TX_00004773,2025-01-15 12:28:00,Enterprise,credit_card,US-East,mobile_ios,success,None,164.79
TX_00004774,2025-01-15 12:28:00,SMB,credit_card,US-West,mobile_android,success,None,107.14
TX_00004775,2025-01-15 12:34:00,SMB,credit_card,US-East,desktop,success,None,64.17
TX_00004776,2025-01-15 12:38:00,Startup,credit_card,US-East,desktop,failed,Insufficient funds,0.0
TX_00004777,2025-01-15 12:41:00,Startup,credit_card,US-East,desktop,success,None,52.78
TX_00004778,2025-01-15 12:42:00,Enterprise,credit_card,US-West,desktop,success,None,112.75
TX_00004779,2025-01-15 12:43:00,SMB,debit,US-East,mobile_ios,success,None,48.07
TX_00004780,2025-01-15 12:49:00,SMB,credit_card,US-East,desktop,success,None,65.37
TX_00004781,2025-01-15 12:52:00,Startup,debit,US-East,mobile_ios,success,None,34.13
TX_00004782,2025-01-15 12:56:00,Startup,debit,US-East,mobile_android,success,None,39.69
TX_00004783,2025-01-15 12:59:00,Startup,crypto,US-East,desktop,success,None,43.51
TX_00004784,2025-01-15 13:07:00,SMB,debit,US-West,mobile_android,success,None,64.15
TX_00004785,2025-01-15 13:10:00,Startup,credit_card,EU-Central,mobile_android,success,None,42.13
TX_00004786,2025-01-15 13:10:00,Enterprise,debit,US-West,desktop,success,None,157.17
TX_00004787,2025-01-15 13:13:00,Enterprise,credit_card,US-West,desktop,success,None,178.18
TX_00004788,2025-01-15 13:13:00,Startup,crypto,US-East,mobile_android,success,None,50.1
TX_00004789,2025-01-15 13:14:00,Startup,debit,APAC,mobile_ios,success,None,39.77
TX_00004790,2025-01-15 13:15:00,Enterprise,debit,US-East,desktop,success,None,146.27
TX_00004791,2025-01-15 13:21:00,Enterprise,credit_card,US-West,desktop,success,None,129.93
TX_00004792,2025-01-15 13:23:00,Enterprise,credit_card,APAC,mobile_ios,success,None,131.41
TX_00004793,2025-01-15 13:28:00,Enterprise,debit,US-West,desktop,success,None,137.48
TX_00004794,2025-01-15 13:35:00,SMB,debit,US-East,mobile_ios,success,None,60.36
TX_00004795,2025-01-15 13:37:00,Startup,credit_card,US-East,mobile_ios,success,None,22.07
TX_00004796,2025-01-15 13:40:00,Startup,crypto,US-East,mobile_android,success,None,34.59
TX_00004797,2025-01-15 13:41:00,Startup,credit_card,US-West,mobile_ios,success,None,35.22
TX_00004798,2025-01-15 13:42:00,Startup,debit,US-West,mobile_ios,success,None,48.69
TX_00004799,2025-01-15 13:51:00,SMB,debit,EU-Central,mobile_ios,success,None,77.74
TX_00004800,2025-01-15 14:00:06,Startup,credit_card,US-East,desktop,failed,Stripe API timeout,0.0
TX_00004801,2025-01-15 14:00:16,SMB,credit_card,EU-Central,mobile_ios,failed,Stripe API timeout,0.0
TX_00004802,2025-01-15 14:00:22,SMB,debit,EU-Central,mobile_ios,success,None,82.48
TX_00004803,2025-01-15 14:00:40,SMB,credit_card,US-East,mobile_android,failed,Stripe API timeout,0.0
TX_00004804,2025-01-15 14:00:46,SMB,credit_card,US-East,mobile_ios,failed,Stripe API timeout,0.0
TX_00004805,2025-01-15 14:00:51,Startup,debit,US-West,mobile_ios,success,None,34.28
TX_00004806,2025-01-15 14:01:11,Startup,debit,US-West,desktop,success,None,47.98
TX_00004807,2025-01-15 14:01:20,SMB,credit_card,US-East,mobile_android,failed,Stripe API timeout,0.0
TX_00004808,2025-01-15 14:01:56,Startup,credit_card,US-East,desktop,failed,Connection refused,0.0
TX_00004809,2025-01-15 14:02:01,Enterprise,credit_card,EU-Central,mobile_android,failed,Stripe API timeout,0.0
TX_00004810,2025-01-15 14:02:02,Startup,debit,US-East,desktop,success,None,41.89
TX_00004811,2025-01-15 14:02:26,SMB,credit_card,US-East,desktop,failed,Stripe API timeout,0.0
TX_00004812,2025-01-15 14:03:08,Enterprise,debit,EU-Central,mobile_android,success,None,159.68
TX_00004813,2025-01-15 14:03:32,SMB,debit,US-West,mobile_ios,success,None,57.48
TX_00004814,2025-01-15 14:03:35,Startup,credit_card,US-West,mobile_ios,failed,Stripe API timeout,0.0
TX_00004815,2025-01-15 14:05:10,Enterprise,credit_card,US-West,desktop,failed,Stripe API timeout,0.0
TX_00004816,2025-01-15 14:05:35,Startup,crypto,US-West,mobile_android,success,None,43.51
TX_00004817,2025-01-15 14:06:22,Enterprise,credit_card,US-West,mobile_ios,failed,Stripe API timeout,0.0
TX_00004818,2025-01-15 14:06:23,Startup,debit,APAC,desktop,success,None,59.26
TX_00004819,2025-01-15 14:06:26,Startup,crypto,US-East,mobile_android,success,None,50.63
TX_00004820,2025-01-15 14:06:27,SMB,crypto,US-East,mobile_ios,success,None,78.67
TX_00004821,2025-01-15 14:07:31,SMB,credit_card,US-East,desktop,failed,Stripe API timeout,0.0
TX_00004822,2025-01-15 14:07:38,Startup,credit_card,US-West,mobile_ios,failed,Stripe API timeout,0.0
TX_00004823,2025-01-15 14:07:43,Startup,crypto,US-West,mobile_ios,success,None,49.27
TX_00004824,2025-01-15 14:07:43,Startup,debit,US-East,mobile_android,success,None,37.48
TX_00004825,2025-01-15 14:07:58,SMB,credit_card,US-East,desktop,failed,Connection refused,0.0
TX_00004826,2025-01-15 14:08:00,SMB,credit_card,US-East,mobile_ios,failed,Stripe API timeout,0.0
TX_00004827,2025-01-15 14:08:12,Startup,credit_card,US-East,mobile_ios,failed,Stripe API timeout,0.0
TX_00004828,2025-01-15 14:08:20,SMB,debit,APAC,desktop,success,None,71.67
TX_00004829,2025-01-15 14:08:23,SMB,credit_card,US-West,desktop,failed,Stripe API timeout,0.0
TX_00004830,2025-01-15 14:08:32,SMB,debit,US-East,mobile_ios,success,None,71.16
TX_00004831,2025-01-15 14:09:16,Startup,debit,US-East,mobile_ios,success,None,41.16
TX_00004832,2025-01-15 14:09:25,Startup,debit,US-East,mobile_ios,success,None,36.5
TX_00004833,2025-01-15 14:09:50,SMB,debit,EU-Central,mobile_android,success,None,61.27
TX_00004834,2025-01-15 14:09:59,Enterprise,debit,US-West,mobile_ios,success,None,120.94
TX_00004835,2025-01-15 14:10:00,Enterprise,credit_card,APAC,mobile_ios,failed,Stripe API timeout,0.0
TX_00004836,2025-01-15 14:10:15,SMB,credit_card,EU-Central,desktop,failed,Stripe API timeout,0.0
TX_00004837,2025-01-15 14:10:43,SMB,debit,US-West,desktop,success,None,93.13
TX_00004838,2025-01-15 14:10:52,Startup,credit_card,EU-Central,mobile_ios,failed,Stripe API timeout,0.0
TX_00004839,2025-01-15 14:10:56,SMB,credit_card,EU-Central,mobile_ios,failed,Stripe API timeout,0.0
TX_00004840,2025-01-15 14:11:07,SMB,credit_card,US-East,mobile_ios,failed,Stripe API timeout,0.0
TX_00004841,2025-01-15 14:11:11,Startup,credit_card,US-West,mobile_ios,failed,Stripe API timeout,0.0
TX_00004842,2025-01-15 14:11:27,SMB,debit,US-West,mobile_ios,success,None,92.18
TX_00004843,2025-01-15 14:12:45,SMB,debit,US-West,desktop,success,None,94.9
TX_00004844,2025-01-15 14:12:49,Enterprise,credit_card,US-East,mobile_ios,failed,Stripe API timeout,0.0
TX_00004845,2025-01-15 14:12:57,SMB,debit,US-East,desktop,success,None,76.33
TX_00004846,2025-01-15 14:13:45,Startup,credit_card,US-East,mobile_ios,failed,Stripe API timeout,0.0
TX_00004847,2025-01-15 14:13:51,SMB,debit,US-East,mobile_ios,success,None,52.47
TX_00004848,2025-01-15 14:14:00,SMB,credit_card,APAC,mobile_ios,failed,Stripe API timeout,0.0
TX_00004849,2025-01-15 14:14:12,Startup,debit,US-West,desktop,success,None,49.49
TX_00004850,2025-01-15 14:14:39,Startup,credit_card,US-West,desktop,failed,Stripe API timeout,0.0
TX_00004851,2025-01-15 14:15:00,SMB,credit_card,US-West,desktop,failed,Stripe API timeout,0.0
TX_00004852,2025-01-15 14:15:04,SMB,debit,US-West,mobile_ios,success,None,78.78
TX_00004853,2025-01-15 14:15:11,Startup,credit_card,APAC,desktop,failed,Stripe API timeout,0.0
TX_00004854,2025-01-15 14:16:04,SMB,crypto,US-East,desktop,success,None,102.82
TX_00004855,2025-01-15 14:16:28,Startup,debit,EU-Central,mobile_android,success,None,51.67
TX_00004856,2025-01-15 14:16:35,Startup,credit_card,US-East,desktop,failed,Stripe API timeout,0.0
TX_00004857,2025-01-15 14:16:41,Startup,debit,EU-Central,desktop,success,None,48.91
TX_00004858,2025-01-15 14:16:51,SMB,credit_card,EU-Central,mobile_ios,failed,Stripe API timeout,0.0
TX_00004859,2025-01-15 14:17:05,SMB,credit_card,APAC,mobile_ios,failed,Stripe API timeout,0.0
TX_00004860,2025-01-15 14:17:26,Startup,crypto,US-East,mobile_ios,success,None,43.69
TX_00004861,2025-01-15 14:17:54,SMB,credit_card,US-East,mobile_ios,failed,Stripe API timeout,0.0
TX_00004862,2025-01-15 14:18:33,SMB,debit,US-East,desktop,success,None,98.91
TX_00004863,2025-01-15 14:18:43,SMB,credit_card,US-West,desktop,failed,Stripe API timeout,0.0
TX_00004864,2025-01-15 14:19:05,Enterprise,debit,US-West,desktop,success,None,135.82
TX_00004865,2025-01-15 14:19:09,Startup,credit_card,US-East,desktop,failed,Stripe API timeout,0.0
TX_00004866,2025-01-15 14:19:47,SMB,credit_card,EU-Central,mobile_ios,failed,Stripe API timeout,0.0
TX_00004867,2025-01-15 14:19:49,Startup,crypto,US-East,desktop,success,None,49.22
TX_00004868,2025-01-15 14:19:53,Enterprise,credit_card,EU-Central,mobile_ios,failed,Stripe API timeout,0.0
TX_00004869,2025-01-15 14:19:54,SMB,debit,US-East,mobile_ios,success,None,71.68
TX_00004870,2025-01-15 14:20:12,SMB,credit_card,US-East,desktop,failed,Stripe API timeout,0.0
TX_00004871,2025-01-15 14:21:23,Startup,credit_card,US-West,desktop,failed,Stripe API timeout,0.0
TX_00004872,2025-01-15 14:21:38,Startup,debit,US-West,desktop,success,None,32.42
TX_00004873,2025-01-15 14:22:25,Enterprise,credit_card,US-East,desktop,failed,Stripe API timeout,0.0
TX_00004874,2025-01-15 14:22:39,Startup,credit_card,EU-Central,mobile_ios,failed,Stripe API timeout,0.0
TX_00004875,2025-01-15 14:22:41,SMB,crypto,US-West,mobile_android,success,None,89.7
TX_00004876,2025-01-15 14:24:00,Startup,debit,EU-Central,mobile_ios,success,None,19.4
TX_00004877,2025-01-15 14:24:00,Startup,credit_card,EU-Central,mobile_ios,failed,Stripe API timeout,0.0
TX_00004878,2025-01-15 14:24:04,Startup,credit_card,US-West,desktop,failed,Stripe API timeout,0.0
TX_00004879,2025-01-15 14:24:10,Startup,debit,APAC,mobile_ios,success,None,34.32
TX_00004880,2025-01-15 14:24:45,SMB,crypto,EU-Central,mobile_ios,success,None,83.28
TX_00004881,2025-01-15 14:24:54,Enterprise,crypto,APAC,desktop,success,None,125.86
TX_00004882,2025-01-15 14:25:09,SMB,debit,EU-Central,mobile_android,success,None,62.39
TX_00004883,2025-01-15 14:25:29,SMB,credit_card,EU-Central,desktop,failed,Stripe API timeout,0.0
TX_00004884,2025-01-15 14:25:56,Startup,crypto,US-West,mobile_ios,success,None,34.75
TX_00004885,2025-01-15 14:26:06,SMB,debit,US-East,mobile_ios,success,None,85.65
TX_00004886,2025-01-15 14:26:12,Startup,credit_card,APAC,mobile_android,failed,Stripe API timeout,0.0
TX_00004887,2025-01-15 14:26:18,SMB,credit_card,EU-Central,mobile_android,failed,Stripe API timeout,0.0
TX_00004888,2025-01-15 14:26:25,SMB,credit_card,US-East,mobile_android,failed,Stripe API timeout,0.0
TX_00004889,2025-01-15 14:26:34,Startup,debit,US-East,mobile_ios,success,None,47.84
TX_00004890,2025-01-15 14:27:00,SMB,credit_card,US-West,mobile_ios,failed,Stripe API timeout,0.0
TX_00004891,2025-01-15 14:27:22,Startup,credit_card,US-West,desktop,failed,Stripe API timeout,0.0
TX_00004892,2025-01-15 14:27:28,SMB,credit_card,US-East,desktop,failed,Stripe API timeout,0.0
TX_00004893,2025-01-15 14:27:28,Startup,credit_card,US-East,mobile_android,failed,Stripe API timeout,0.0
TX_00004894,2025-01-15 14:27:34,Enterprise,credit_card,EU-Central,desktop,failed,Stripe API timeout,0.0
TX_00004895,2025-01-15 14:27:52,SMB,debit,US-East,desktop,success,None,69.47
TX_00004896,2025-01-15 14:28:36,Startup,credit_card,US-West,desktop,failed,Stripe API timeout,0.0
TX_00004897,2025-01-15 14:29:00,Startup,crypto,EU-Central,desktop,success,None,30.9
TX_00004898,2025-01-15 14:29:14,SMB,debit,EU-Central,desktop,success,None,73.52
TX_00004899,2025-01-15 14:29:18,SMB,crypto,US-East,desktop,success,None,73.22
TX_00004900,2025-01-15 14:29:54,SMB,debit,US-East,desktop,success,None,83.38
TX_00004901,2025-01-15 14:30:03,SMB,credit_card,US-West,desktop,failed,Stripe API timeout,0.0
TX_00004902,2025-01-15 14:30:05,Startup,credit_card,EU-Central,desktop,failed,Stripe API timeout,0.0
TX_00004903,2025-01-15 14:30:18,Startup,credit_card,US-East,mobile_android,failed,Stripe API timeout,0.0
TX_00004904,2025-01-15 14:30:45,Enterprise,crypto,US-East,mobile_ios,success,None,119.42
TX_00004905,2025-01-15 14:30:48,SMB,credit_card,EU-Central,mobile_ios,failed,Stripe API timeout,0.0
TX_00004906,2025-01-15 14:30:55,Startup,credit_card,APAC,mobile_ios,failed,Stripe API timeout,0.0
TX_00004907,2025-01-15 14:31:00,SMB,debit,US-West,desktop,success,None,66.91
TX_00004908,2025-01-15 14:31:00,Startup,crypto,US-East,mobile_android,success,None,20.59
TX_00004909,2025-01-15 14:31:12,Enterprise,debit,US-East,mobile_android,success,None,175.16
TX_00004910,2025-01-15 14:31:13,Startup,debit,US-East,desktop,success,None,36.04
TX_00004911,2025-01-15 14:31:21,SMB,credit_card,US-East,desktop,failed,Stripe API timeout,0.0
TX_00004912,2025-01-15 14:31:36,Startup,debit,US-West,mobile_ios,success,None,36.05
TX_00004913,2025-01-15 14:31:49,SMB,credit_card,US-West,desktop,failed,Stripe API timeout,0.0
TX_00004914,2025-01-15 14:32:52,SMB,debit,US-East,mobile_android,success,None,93.37
TX_00004915,2025-01-15 14:32:52,Startup,credit_card,EU-Central,mobile_ios,failed,Stripe API timeout,0.0
TX_00004916,2025-01-15 14:33:00,Enterprise,credit_card,US-West,desktop,failed,Stripe API timeout,0.0
TX_00004917,2025-01-15 14:33:06,SMB,crypto,US-West,desktop,success,None,70.16
TX_00004918,2025-01-15 14:33:07,SMB,credit_card,APAC,mobile_ios,failed,Stripe API timeout,0.0
TX_00004919,2025-01-15 14:33:42,SMB,debit,US-West,desktop,success,None,82.06
TX_00004920,2025-01-15 14:33:44,Startup,debit,APAC,mobile_android,success,None,34.9
TX_00004921,2025-01-15 14:33:48,Startup,debit,US-East,desktop,success,None,33.64
TX_00004922,2025-01-15 14:33:53,Enterprise,credit_card,US-East,mobile_android,failed,Stripe API timeout,0.0
TX_00004923,2025-01-15 14:34:35,Startup,credit_card,US-West,desktop,failed,Stripe API timeout,0.0
TX_00004924,2025-01-15 14:35:10,SMB,debit,US-West,mobile_ios,success,None,74.71
TX_00004925,2025-01-15 14:36:02,Startup,debit,US-East,desktop,success,None,38.65
TX_00004926,2025-01-15 14:36:16,SMB,credit_card,US-West,desktop,failed,Stripe API timeout,0.0
TX_00004927,2025-01-15 14:36:21,SMB,credit_card,US-East,mobile_ios,failed,Stripe API timeout,0.0
TX_00004928,2025-01-15 14:37:03,SMB,credit_card,US-West,desktop,failed,Stripe API timeout,0.0
TX_00004929,2025-01-15 14:37:11,SMB,crypto,US-West,desktop,success,None,67.37
TX_00004930,2025-01-15 14:37:13,SMB,credit_card,US-West,desktop,failed,Stripe API timeout,0.0
TX_00004931,2025-01-15 14:37:22,SMB,credit_card,US-West,desktop,failed,Stripe API timeout,0.0
TX_00004932,2025-01-15 14:37:59,Startup,debit,APAC,mobile_ios,success,None,55.48
TX_00004933,2025-01-15 14:38:00,SMB,credit_card,US-East,mobile_ios,failed,Stripe API timeout,0.0
TX_00004934,2025-01-15 14:38:02,Startup,crypto,APAC,desktop,success,None,52.13
TX_00004935,2025-01-15 14:38:08,SMB,credit_card,US-East,desktop,failed,Stripe API timeout,0.0
TX_00004936,2025-01-15 14:38:09,Startup,credit_card,US-West,desktop,failed,Stripe API timeout,0.0
TX_00004937,2025-01-15 14:38:24,Startup,credit_card,US-West,mobile_android,failed,Stripe API timeout,0.0
TX_00004938,2025-01-15 14:38:44,Startup,credit_card,EU-Central,mobile_android,failed,Stripe API timeout,0.0
TX_00004939,2025-01-15 14:38:52,Startup,credit_card,EU-Central,mobile_ios,failed,Stripe API timeout,0.0
TX_00004940,2025-01-15 14:38:58,Startup,credit_card,EU-Central,mobile_android,failed,Stripe API timeout,0.0
TX_00004941,2025-01-15 14:39:01,SMB,credit_card,US-East,mobile_android,failed,Stripe API timeout,0.0
TX_00004942,2025-01-15 14:39:07,Startup,debit,EU-Central,desktop,success,None,23.32
TX_00004943,2025-01-15 14:39:44,SMB,credit_card,US-East,desktop,failed,Stripe API timeout,0.0
TX_00004944,2025-01-15 14:40:11,SMB,crypto,US-East,desktop,success,None,74.14
TX_00004945,2025-01-15 14:40:22,SMB,debit,US-East,desktop,success,None,73.33
TX_00004946,2025-01-15 14:40:26,Startup,credit_card,US-West,mobile_ios,failed,Stripe API timeout,0.0
TX_00004947,2025-01-15 14:40:38,SMB,credit_card,EU-Central,mobile_ios,failed,Stripe API timeout,0.0
TX_00004948,2025-01-15 14:41:04,SMB,credit_card,US-East,mobile_ios,failed,Stripe API timeout,0.0
TX_00004949,2025-01-15 14:41:36,SMB,credit_card,US-East,desktop,failed,Stripe API timeout,0.0
TX_00004950,2025-01-15 14:41:48,Startup,credit_card,US-West,mobile_ios,failed,Stripe API timeout,0.0
TX_00004951,2025-01-15 14:41:54,Enterprise,credit_card,APAC,desktop,failed,Stripe API timeout,0.0
TX_00004952,2025-01-15 14:42:00,Enterprise,debit,US-West,desktop,success,None,133.33
TX_00004953,2025-01-15 14:42:19,SMB,credit_card,US-West,mobile_android,failed,Stripe API timeout,0.0
TX_00004954,2025-01-15 14:43:00,Startup,credit_card,US-West,desktop,failed,Stripe API timeout,0.0
TX_00004955,2025-01-15 14:43:08,Startup,credit_card,EU-Central,desktop,failed,Stripe API timeout,0.0
TX_00004956,2025-01-15 14:43:33,Startup,debit,APAC,mobile_ios,success,None,41.85
TX_00004957,2025-01-15 14:43:40,Startup,credit_card,US-West,mobile_android,failed,Stripe API timeout,0.0
TX_00004958,2025-01-15 14:43:53,SMB,debit,US-West,desktop,success,None,78.08
TX_00004959,2025-01-15 14:44:06,Startup,credit_card,EU-Central,mobile_ios,failed,Stripe API timeout,0.0
TX_00004960,2025-01-15 14:44:14,Enterprise,crypto,APAC,mobile_android,failed,Card expired,0.0
TX_00004961,2025-01-15 14:44:26,Enterprise,credit_card,US-East,desktop,failed,Stripe API timeout,0.0
TX_00004962,2025-01-15 14:44:27,Enterprise,crypto,US-West,desktop,success,None,127.48
TX_00004963,2025-01-15 14:44:45,SMB,debit,EU-Central,mobile_ios,success,None,77.65
TX_00004964,2025-01-15 14:45:00,Startup,credit_card,US-West,desktop,failed,Stripe API timeout,0.0
TX_00004965,2025-01-15 14:45:09,SMB,credit_card,US-West,desktop,failed,Stripe API timeout,0.0
TX_00004966,2025-01-15 14:45:10,Startup,credit_card,US-West,mobile_android,failed,Stripe API timeout,0.0
TX_00004967,2025-01-15 14:45:27,SMB,crypto,US-East,mobile_ios,success,None,75.6
TX_00004968,2025-01-15 14:45:32,SMB,debit,US-East,desktop,success,None,97.09
TX_00004969,2025-01-15 14:46:53,SMB,credit_card,APAC,desktop,failed,Stripe API timeout,0.0
TX_00004970,2025-01-15 14:47:12,Startup,credit_card,US-West,mobile_ios,failed,Stripe API timeout,0.0
TX_00004971,2025-01-15 14:47:41,Startup,credit_card,EU-Central,desktop,failed,Stripe API timeout,0.0
TX_00004972,2025-01-15 14:48:16,SMB,debit,EU-Central,mobile_ios,success,None,67.52
TX_00004973,2025-01-15 14:48:35,SMB,debit,US-West,mobile_ios,success,None,48.55
TX_00004974,2025-01-15 14:48:57,SMB,credit_card,EU-Central,desktop,failed,Stripe API timeout,0.0
TX_00004975,2025-01-15 14:49:03,Startup,credit_card,US-East,mobile_android,failed,Stripe API timeout,0.0
TX_00004976,2025-01-15 14:49:29,Startup,credit_card,US-West,mobile_android,failed,Stripe API timeout,0.0
TX_00004977,2025-01-15 14:49:33,Enterprise,credit_card,US-West,desktop,failed,Stripe API timeout,0.0
TX_00004978,2025-01-15 14:49:42,Startup,credit_card,US-West,desktop,failed,Stripe API timeout,0.0
TX_00004979,2025-01-15 14:50:19,SMB,credit_card,US-East,desktop,failed,Stripe API timeout,0.0
TX_00004980,2025-01-15 14:50:22,SMB,credit_card,US-East,desktop,failed,Stripe API timeout,0.0
TX_00004981,2025-01-15 14:50:26,Startup,crypto,US-East,desktop,success,None,24.64
TX_00004982,2025-01-15 14:52:10,SMB,debit,US-West,desktop,success,None,57.95
TX_00004983,2025-01-15 14:52:18,SMB,crypto,APAC,desktop,success,None,77.28
TX_00004984,2025-01-15 14:52:18,SMB,credit_card,APAC,desktop,failed,Stripe API timeout,0.0
TX_00004985,2025-01-15 14:52:19,SMB,debit,US-East,desktop,success,None,110.64
TX_00004986,2025-01-15 14:52:31,Startup,debit,US-East,desktop,success,None,33.16
TX_00004987,2025-01-15 14:54:00,Startup,credit_card,US-East,desktop,failed,Stripe API timeout,0.0
TX_00004988,2025-01-15 14:54:00,Startup,credit_card,US-East,desktop,failed,Stripe API timeout,0.0
TX_00004989,2025-01-15 14:54:02,SMB,debit,EU-Central,mobile_android,success,None,81.46
TX_00004990,2025-01-15 14:54:09,Enterprise,crypto,APAC,desktop,success,None,131.04
TX_00004991,2025-01-15 14:54:14,Enterprise,credit_card,US-East,mobile_android,failed,Stripe API timeout,0.0
TX_00004992,2025-01-15 14:54:34,SMB,credit_card,US-East,desktop,failed,Stripe API timeout,0.0
TX_00004993,2025-01-15 14:54:36,Startup,debit,US-East,mobile_ios,success,None,48.61
TX_00004994,2025-01-15 14:54:58,Startup,crypto,US-East,desktop,success,None,41.79
TX_00004995,2025-01-15 14:55:00,SMB,debit,EU-Central,mobile_android,success,None,78.2
TX_00004996,2025-01-15 14:55:04,Startup,credit_card,US-West,desktop,failed,Stripe API timeout,0.0
TX_00004997,2025-01-15 14:55:38,Startup,credit_card,EU-Central,mobile_android,failed,Stripe API timeout,0.0
TX_00004998,2025-01-15 14:55:53,Enterprise,credit_card,US-West,desktop,failed,Stripe API timeout,0.0
TX_00004999,2025-01-15 14:56:03,Startup,debit,US-East,desktop,success,None,45.5
TX_00005000,2025-01-15 14:56:42,SMB,debit,US-East,desktop,success,None,96.99
TX_00005001,2025-01-15 14:57:00,Enterprise,credit_card,US-East,mobile_ios,failed,Stripe API timeout,0.0
TX_00005002,2025-01-15 14:57:57,SMB,credit_card,EU-Central,mobile_android,failed,Stripe API timeout,0.0
TX_00005003,2025-01-15 14:58:00,SMB,crypto,EU-Central,desktop,success,None,90.81
TX_00005004,2025-01-15 14:58:18,SMB,debit,EU-Central,mobile_ios,success,None,83.79
TX_00005005,2025-01-15 14:58:19,SMB,crypto,US-East,mobile_ios,success,None,64.56
TX_00005006,2025-01-15 14:59:00,SMB,credit_card,EU-Central,mobile_ios,failed,Stripe API timeout,0.0
TX_00005007,2025-01-15 14:59:03,Startup,debit,US-East,mobile_ios,success,None,34.48
TX_00005008,2025-01-15 14:59:05,Startup,debit,US-East,desktop,success,None,57.47
TX_00005009,2025-01-15 14:59:07,Startup,credit_card,US-West,desktop,failed,Stripe API timeout,0.0
TX_00005010,2025-01-15 14:59:25,SMB,crypto,US-West,mobile_ios,success,None,78.62
TX_00005011,2025-01-15 14:59:54,SMB,credit_card,EU-Central,desktop,failed,Stripe API timeout,0.0
TX_00005012,2025-01-15 15:01:00,SMB,debit,US-West,mobile_android,success,None,91.54
TX_00005013,2025-01-15 15:02:00,Enterprise,crypto,US-East,mobile_android,success,None,148.66
TX_00005014,2025-01-15 15:07:00,SMB,credit_card,US-East,mobile_android,success,None,65.1
TX_00005015,2025-01-15 15:14:00,Startup,debit,US-East,desktop,success,None,50.4
TX_00005016,2025-01-15 15:23:00,Startup,credit_card,US-East,desktop,success,None,42.45
TX_00005017,2025-01-15 15:37:00,Startup,debit,US-East,desktop,success,None,54.06
TX_00005018,2025-01-15 15:53:00,SMB,debit,EU-Central,mobile_android,success,None,95.65
TX_00005019,2025-01-15 15:56:00,SMB,debit,US-East,desktop,success,None,71.58
TX_00005020,2025-01-15 15:58:00,Startup,debit,EU-Central,desktop,success,None,54.64
TX_00005021,2025-01-15 15:59:00,SMB,credit_card,US-West,desktop,success,None,65.35
TX_00005022,2025-01-15 16:00:00,SMB,credit_card,US-East,desktop,success,None,94.35
TX_00005023,2025-01-15 16:05:00,SMB,credit_card,US-West,desktop,success,None,68.86
TX_00005024,2025-01-15 16:08:00,SMB,debit,EU-Central,desktop,success,None,79.9
TX_00005025,2025-01-15 16:13:00,Enterprise,credit_card,US-West,desktop,success,None,174.06
TX_00005026,2025-01-15 16:13:00,Startup,debit,US-East,mobile_android,failed,Insufficient funds,0.0
TX_00005027,2025-01-15 16:16:00,Startup,credit_card,APAC,mobile_ios,success,None,35.24
TX_00005028,2025-01-15 16:17:00,SMB,debit,US-East,mobile_ios,success,None,78.67
TX_00005029,2025-01-15 16:33:00,Enterprise,credit_card,APAC,desktop,success,None,153.94
TX_00005030,2025-01-15 16:38:00,Startup,debit,US-East,mobile_android,success,None,11.55
TX_00005031,2025-01-15 16:42:00,SMB,debit,EU-Central,mobile_android,failed,Invalid PIN,0.0
TX_00005032,2025-01-15 16:44:00,SMB,crypto,US-West,mobile_android,success,None,69.98
TX_00005033,2025-01-15 16:44:00,Enterprise,debit,US-West,desktop,success,None,181.49
TX_00005034,2025-01-15 16:48:00,SMB,debit,US-East,mobile_android,success,None,70.76
TX_00005035,2025-01-15 16:48:00,Startup,crypto,US-East,desktop,success,None,31.29
TX_00005036,2025-01-15 16:48:00,Startup,debit,EU-Central,desktop,success,None,32.97
TX_00005037,2025-01-15 16:52:00,SMB,credit_card,EU-Central,desktop,failed,Card expired,0.0
TX_00005038,2025-01-15 16:54:00,SMB,debit,US-West,mobile_ios,success,None,73.18
TX_00005039,2025-01-15 16:57:00,Enterprise,debit,US-East,mobile_ios,success,None,176.41
TX_00005040,2025-01-15 17:00:00,Enterprise,credit_card,US-East,desktop,success,None,140.45
TX_00005041,2025-01-15 17:01:00,Startup,debit,US-West,mobile_ios,success,None,36.03
TX_00005042,2025-01-15 17:02:00,Startup,debit,US-East,desktop,success,None,56.04
TX_00005043,2025-01-15 17:08:00,SMB,crypto,US-East,desktop,success,None,77.58
TX_00005044,2025-01-15 17:15:00,Startup,crypto,US-West,desktop,success,None,31.43
TX_00005045,2025-01-15 17:19:00,Startup,credit_card,US-West,mobile_ios,success,None,20.87
TX_00005046,2025-01-15 17:24:00,Startup,credit_card,US-East,desktop,success,None,34.84
TX_00005047,2025-01-15 17:25:00,Enterprise,credit_card,US-East,desktop,failed,Card expired,0.0
TX_00005048,2025-01-15 17:29:00,SMB,credit_card,US-West,mobile_android,success,None,57.17
TX_00005049,2025-01-15 17:37:00,Startup,debit,US-East,mobile_android,success,None,50.92
TX_00005050,2025-01-15 17:43:00,SMB,credit_card,EU-Central,desktop,success,None,88.22
TX_00005051,2025-01-15 17:45:00,Startup,debit,US-East,mobile_ios,success,None,42.45
TX_00005052,2025-01-15 17:45:00,Startup,debit,US-East,desktop,success,None,37.56
TX_00005053,2025-01-15 17:53:00,Startup,debit,EU-Central,mobile_ios,success,None,39.6
TX_00005054,2025-01-15 18:03:00,SMB,credit_card,US-West,desktop,success,None,120.32
TX_00005055,2025-01-15 18:08:00,Startup,credit_card,US-East,desktop,success,None,35.26
TX_00005056,2025-01-15 18:12:00,SMB,credit_card,US-West,desktop,success,None,69.91
TX_00005057,2025-01-15 18:13:00,Startup,credit_card,US-East,desktop,success,None,47.91
TX_00005058,2025-01-15 18:19:00,SMB,crypto,US-West,desktop,success,None,70.08
TX_00005059,2025-01-15 18:19:00,SMB,debit,US-East,mobile_android,success,None,77.89
TX_00005060,2025-01-15 18:23:00,Startup,credit_card,EU-Central,mobile_android,success,None,41.65
TX_00005061,2025-01-15 18:27:00,SMB,debit,US-West,mobile_android,success,None,75.33
TX_00005062,2025-01-15 18:31:00,SMB,credit_card,US-West,mobile_android,success,None,106.2
TX_00005063,2025-01-15 18:31:00,Startup,debit,EU-Central,desktop,success,None,27.5
TX_00005064,2025-01-15 18:34:00,SMB,credit_card,US-West,mobile_ios,success,None,109.71
TX_00005065,2025-01-15 18:41:00,Startup,debit,US-West,desktop,success,None,49.27
TX_00005066,2025-01-15 18:41:00,Enterprise,credit_card,US-East,mobile_android,success,None,132.59
TX_00005067,2025-01-15 18:48:00,Startup,credit_card,US-East,mobile_android,success,None,39.95
TX_00005068,2025-01-15 18:52:00,Startup,credit_card,EU-Central,desktop,success,None,38.81
TX_00005069,2025-01-15 18:55:00,SMB,credit_card,EU-Central,desktop,success,None,64.79
TX_00005070,2025-01-15 19:00:00,Enterprise,debit,US-East,desktop,success,None,185.14
TX_00005071,2025-01-15 19:01:00,SMB,credit_card,EU-Central,desktop,success,None,78.36
TX_00005072,2025-01-15 19:04:00,Enterprise,debit,US-West,mobile_android,success,None,156.04
TX_00005073,2025-01-15 19:04:00,Enterprise,debit,US-West,mobile_android,success,None,117.53
TX_00005074,2025-01-15 19:04:00,Startup,debit,US-East,desktop,success,None,31.24
TX_00005075,2025-01-15 19:12:00,SMB,debit,US-East,desktop,success,None,73.66
TX_00005076,2025-01-15 19:16:00,SMB,credit_card,US-West,desktop,success,None,48.55
TX_00005077,2025-01-15 19:22:00,Startup,credit_card,US-East,mobile_android,success,None,46.19
TX_00005078,2025-01-15 19:23:00,Enterprise,crypto,US-West,mobile_android,success,None,198.18
TX_00005079,2025-01-15 19:29:00,SMB,debit,APAC,mobile_ios,success,None,67.68
TX_00005080,2025-01-15 19:41:00,Enterprise,debit,EU-Central,mobile_ios,success,None,152.06
TX_00005081,2025-01-15 19:52:00,SMB,debit,US-West,mobile_ios,success,None,70.71
TX_00005082,2025-01-15 19:52:00,Startup,credit_card,US-West,desktop,success,None,42.34
TX_00005083,2025-01-15 19:57:00,Startup,debit,US-East,mobile_android,success,None,33.15
TX_00005084,2025-01-15 19:59:00,SMB,crypto,APAC,mobile_ios,success,None,54.23
TX_00005085,2025-01-15 20:00:00,Enterprise,credit_card,APAC,desktop,success,None,178.12
TX_00005086,2025-01-15 20:04:00,Enterprise,debit,US-West,desktop,success,None,172.9
TX_00005087,2025-01-15 20:11:00,SMB,credit_card,US-East,mobile_ios,success,None,100.2
TX_00005088,2025-01-15 20:12:00,Startup,credit_card,US-East,desktop,success,None,47.17
TX_00005089,2025-01-15 20:16:00,SMB,debit,US-East,mobile_ios,success,None,88.43
TX_00005090,2025-01-15 20:24:00,SMB,debit,US-West,mobile_android,success,None,77.73
TX_00005091,2025-01-15 20:26:00,Enterprise,debit,US-East,mobile_ios,success,None,183.39
TX_00005092,2025-01-15 20:27:00,Startup,crypto,US-West,mobile_ios,success,None,56.35
TX_00005093,2025-01-15 20:29:00,Startup,credit_card,US-West,mobile_ios,success,None,30.08
TX_00005094,2025-01-15 20:30:00,Startup,debit,US-East,desktop,success,None,37.1
TX_00005095,2025-01-15 20:35:00,Startup,credit_card,EU-Central,desktop,success,None,37.55
TX_00005096,2025-01-15 20:38:00,SMB,credit_card,US-East,desktop,success,None,94.7
TX_00005097,2025-01-15 20:40:00,Enterprise,credit_card,EU-Central,mobile_android,success,None,120.65
TX_00005098,2025-01-15 20:40:00,SMB,debit,US-East,mobile_android,success,None,60.56
TX_00005099,2025-01-15 20:51:00,Startup,credit_card,US-East,desktop,success,None,49.17
TX_00005100,2025-01-15 21:07:00,Startup,debit,US-East,mobile_android,success,None,46.91
TX_00005101,2025-01-15 21:15:00,SMB,debit,APAC,mobile_ios,success,None,47.24
TX_00005102,2025-01-15 21:18:00,Startup,credit_card,US-West,mobile_android,success,None,41.1
TX_00005103,2025-01-15 21:27:00,Startup,debit,US-West,desktop,success,None,52.83
TX_00005104,2025-01-15 21:27:00,Startup,credit_card,US-East,mobile_ios,success,None,13.62
TX_00005105,2025-01-15 21:32:00,SMB,credit_card,US-West,mobile_ios,success,None,70.73
TX_00005106,2025-01-15 21:32:00,Startup,debit,US-East,desktop,success,None,68.46
TX_00005107,2025-01-15 21:53:00,SMB,credit_card,APAC,desktop,success,None,102.53
TX_00005108,2025-01-15 22:13:00,Startup,debit,APAC,desktop,success,None,28.85
TX_00005109,2025-01-15 22:18:00,Startup,debit,EU-Central,desktop,success,None,40.17
TX_00005110,2025-01-15 22:28:00,SMB,credit_card,APAC,desktop,success,None,71.67
TX_00005111,2025-01-15 22:30:00,Startup,debit,US-East,mobile_ios,success,None,47.01
TX_00005112,2025-01-15 22:34:00,Startup,credit_card,US-East,mobile_ios,success,None,49.14
TX_00005113,2025-01-15 22:35:00,Enterprise,credit_card,US-East,mobile_android,success,None,139.06
TX_00005114,2025-01-15 22:38:00,SMB,credit_card,US-East,desktop,success,None,102.4
TX_00005115,2025-01-15 22:40:00,Enterprise,credit_card,APAC,mobile_android,success,None,171.41
TX_00005116,2025-01-15 22:46:00,Startup,credit_card,US-East,mobile_ios,success,None,53.9
TX_00005117,2025-01-15 22:54:00,Startup,crypto,EU-Central,desktop,success,None,33.57
TX_00005118,2025-01-15 23:02:00,Enterprise,credit_card,EU-Central,mobile_ios,success,None,161.36
TX_00005119,2025-01-15 23:05:00,Enterprise,debit,US-East,mobile_ios,success,None,145.68
TX_00005120,2025-01-15 23:10:00,SMB,credit_card,US-East,desktop,success,None,71.95
TX_00005121,2025-01-15 23:16:00,SMB,credit_card,US-East,mobile_ios,success,None,87.11
TX_00005122,2025-01-15 23:20:00,Enterprise,credit_card,US-East,mobile_ios,success,None,161.9
TX_00005123,2025-01-15 23:23:00,SMB,debit,US-West,mobile_android,success,None,81.55
TX_00005124,2025-01-15 23:26:00,SMB,credit_card,US-West,mobile_android,success,None,76.08
TX_00005125,2025-01-15 23:35:00,Enterprise,credit_card,US-West,mobile_ios,success,None,190.05
TX_00005126,2025-01-15 23:36:00,Startup,credit_card,EU-Central,mobile_ios,success,None,29.9
TX_00005127,2025-01-15 23:37:00,Startup,debit,US-East,mobile_android,success,None,27.85
TX_00005128,2025-01-15 23:44:00,Startup,credit_card,US-East,mobile_android,success,None,31.93
TX_00005129,2025-01-15 23:46:00,Startup,debit,EU-Central,mobile_android,success,None,44.63
TX_00005130,2025-01-15 23:51:00,SMB,credit_card,US-East,mobile_ios,success,None,71.92
TX_00005131,2025-01-15 23:52:00,SMB,debit,US-East,desktop,success,None,56.03
TX_00005132,2025-01-15 23:56:00,SMB,credit_card,EU-Central,mobile_android,success,None,54.17
TX_00005133,2025-01-15 23:58:00,Startup,credit_card,APAC,desktop,success,None,40.05
TX_00005134,2025-01-16 00:02:00,Startup,credit_card,APAC,mobile_ios,success,None,51.99
TX_00005135,2025-01-16 00:05:00,Startup,crypto,US-East,desktop,success,None,46.97
TX_00005136,2025-01-16 00:06:00,Startup,credit_card,US-West,desktop,success,None,37.67
TX_00005137,2025-01-16 00:07:00,Startup,crypto,US-East,desktop,success,None,42.74
TX_00005138,2025-01-16 00:18:00,SMB,credit_card,APAC,mobile_android,success,None,74.91
TX_00005139,2025-01-16 00:21:00,SMB,credit_card,US-East,mobile_ios,success,None,109.96
TX_00005140,2025-01-16 00:25:00,Enterprise,credit_card,US-East,mobile_ios,success,None,137.84
TX_00005141,2025-01-16 00:27:00,Enterprise,credit_card,EU-Central,mobile_ios,success,None,139.15
TX_00005142,2025-01-16 00:30:00,Startup,crypto,APAC,mobile_android,success,None,42.38
TX_00005143,2025-01-16 00:36:00,SMB,debit,US-West,desktop,success,None,91.54
TX_00005144,2025-01-16 00:37:00,SMB,debit,US-East,mobile_ios,success,None,90.43
TX_00005145,2025-01-16 00:38:00,SMB,debit,US-West,mobile_ios,success,None,84.95
TX_00005146,2025-01-16 00:39:00,SMB,credit_card,EU-Central,mobile_android,success,None,78.31
TX_00005147,2025-01-16 00:42:00,SMB,crypto,US-West,desktop,success,None,70.82
TX_00005148,2025-01-16 00:44:00,SMB,credit_card,US-East,mobile_android,success,None,73.04
TX_00005149,2025-01-16 00:46:00,SMB,debit,US-East,desktop,success,None,100.44
TX_00005150,2025-01-16 00:50:00,Startup,credit_card,EU-Central,desktop,success,None,55.27
TX_00005151,2025-01-16 00:57:00,SMB,crypto,US-West,desktop,success,None,87.95
TX_00005152,2025-01-16 01:05:00,Startup,debit,EU-Central,desktop,success,None,42.55
TX_00005153,2025-01-16 01:12:00,Startup,crypto,US-East,mobile_ios,success,None,57.45
TX_00005154,2025-01-16 01:13:00,Startup,credit_card,US-West,mobile_ios,success,None,56.61
TX_00005155,2025-01-16 01:15:00,Startup,credit_card,APAC,desktop,success,None,36.3
TX_00005156,2025-01-16 01:17:00,SMB,credit_card,US-East,mobile_ios,success,None,48.43
TX_00005157,2025-01-16 01:24:00,Enterprise,debit,US-West,mobile_android,success,None,110.29
TX_00005158,2025-01-16 01:26:00,SMB,debit,US-East,mobile_android,success,None,82.5
TX_00005159,2025-01-16 01:29:00,SMB,credit_card,US-East,mobile_ios,success,None,85.32
TX_00005160,2025-01-16 01:29:00,Startup,credit_card,EU-Central,mobile_android,success,None,33.3
TX_00005161,2025-01-16 01:31:00,Startup,credit_card,EU-Central,mobile_ios,success,None,32.56
TX_00005162,2025-01-16 01:32:00,Enterprise,debit,US-West,desktop,success,None,161.3
TX_00005163,2025-01-16 01:38:00,Enterprise,credit_card,US-East,desktop,success,None,177.49
TX_00005164,2025-01-16 01:39:00,SMB,debit,US-East,desktop,success,None,62.96
TX_00005165,2025-01-16 01:40:00,Startup,credit_card,APAC,mobile_ios,success,None,28.39
TX_00005166,2025-01-16 01:42:00,Startup,credit_card,US-East,mobile_android,success,None,39.6
TX_00005167,2025-01-16 01:49:00,Startup,crypto,EU-Central,mobile_android,success,None,32.79
TX_00005168,2025-01-16 02:07:00,Startup,credit_card,US-East,desktop,success,None,35.19
TX_00005169,2025-01-16 02:07:00,SMB,credit_card,APAC,mobile_ios,success,None,100.8
TX_00005170,2025-01-16 02:09:00,SMB,credit_card,APAC,mobile_ios,success,None,60.43
TX_00005171,2025-01-16 02:10:00,SMB,credit_card,US-East,mobile_android,success,None,122.9
TX_00005172,2025-01-16 02:12:00,SMB,debit,EU-Central,desktop,success,None,107.3
TX_00005173,2025-01-16 02:16:00,Startup,credit_card,US-East,desktop,success,None,53.82
TX_00005174,2025-01-16 02:31:00,SMB,debit,US-East,mobile_android,success,None,63.78
TX_00005175,2025-01-16 02:34:00,Startup,credit_card,US-West,mobile_android,success,None,24.73
TX_00005176,2025-01-16 02:54:00,SMB,debit,US-West,desktop,success,None,87.78
TX_00005177,2025-01-16 02:56:00,Enterprise,debit,US-East,desktop,success,None,147.67
TX_00005178,2025-01-16 02:57:00,Enterprise,crypto,US-West,mobile_ios,success,None,109.4
TX_00005179,2025-01-16 02:58:00,SMB,crypto,US-East,mobile_android,success,None,58.45
TX_00005180,2025-01-16 03:02:00,Startup,credit_card,US-East,desktop,success,None,39.82
TX_00005181,2025-01-16 03:12:00,SMB,credit_card,US-West,mobile_android,success,None,91.76
TX_00005182,2025-01-16 03:13:00,Startup,debit,US-West,desktop,success,None,51.9
TX_00005183,2025-01-16 03:17:00,Startup,credit_card,US-West,mobile_ios,success,None,36.56
TX_00005184,2025-01-16 03:20:00,SMB,credit_card,US-West,mobile_ios,success,None,86.19
TX_00005185,2025-01-16 03:24:00,Startup,credit_card,EU-Central,desktop,success,None,43.51
TX_00005186,2025-01-16 03:31:00,SMB,credit_card,US-West,desktop,success,None,81.48
TX_00005187,2025-01-16 03:37:00,Startup,credit_card,US-East,desktop,success,None,43.77
TX_00005188,2025-01-16 03:43:00,Startup,credit_card,US-West,mobile_android,success,None,32.18
TX_00005189,2025-01-16 03:46:00,Startup,credit_card,US-West,desktop,success,None,44.79
TX_00005190,2025-01-16 03:46:00,SMB,debit,US-West,mobile_ios,success,None,88.5
TX_00005191,2025-01-16 03:53:00,SMB,credit_card,US-West,mobile_ios,success,None,74.53
TX_00005192,2025-01-16 03:54:00,SMB,crypto,US-East,mobile_ios,success,None,83.59
TX_00005193,2025-01-16 03:59:00,SMB,credit_card,US-East,mobile_android,success,None,82.87
TX_00005194,2025-01-16 04:12:00,Startup,debit,US-West,mobile_ios,success,None,32.12
TX_00005195,2025-01-16 04:29:00,Startup,credit_card,US-East,mobile_ios,success,None,41.66
TX_00005196,2025-01-16 04:34:00,SMB,credit_card,US-West,mobile_ios,success,None,90.32
TX_00005197,2025-01-16 04:36:00,SMB,credit_card,US-West,mobile_ios,success,None,65.51
TX_00005198,2025-01-16 04:45:00,SMB,credit_card,US-West,desktop,success,None,77.96
TX_00005199,2025-01-16 04:49:00,SMB,debit,US-West,mobile_android,failed,Insufficient funds,0.0
TX_00005200,2025-01-16 05:02:00,SMB,debit,US-East,desktop,success,None,79.14
TX_00005201,2025-01-16 05:04:00,SMB,credit_card,APAC,mobile_ios,success,None,64.19
TX_00005202,2025-01-16 05:09:00,Startup,credit_card,EU-Central,mobile_ios,success,None,33.52
TX_00005203,2025-01-16 05:17:00,Enterprise,credit_card,US-West,desktop,success,None,89.04
TX_00005204,2025-01-16 05:18:00,SMB,credit_card,US-East,desktop,success,None,68.7
TX_00005205,2025-01-16 05:19:00,Startup,credit_card,US-East,desktop,success,None,34.46
TX_00005206,2025-01-16 05:22:00,SMB,crypto,US-West,desktop,success,None,108.36
TX_00005207,2025-01-16 05:23:00,Startup,credit_card,US-East,mobile_android,success,None,42.27
TX_00005208,2025-01-16 05:24:00,Startup,debit,US-East,mobile_android,success,None,32.02
TX_00005209,2025-01-16 05:27:00,Startup,debit,US-East,desktop,success,None,36.22
TX_00005210,2025-01-16 05:32:00,SMB,debit,US-West,desktop,success,None,71.22
TX_00005211,2025-01-16 05:39:00,SMB,credit_card,US-West,mobile_android,success,None,71.7
TX_00005212,2025-01-16 05:47:00,Startup,debit,US-West,desktop,success,None,44.8
TX_00005213,2025-01-16 05:49:00,Startup,debit,EU-Central,mobile_android,success,None,30.72
TX_00005214,2025-01-16 05:51:00,SMB,credit_card,US-East,desktop,success,None,63.44
TX_00005215,2025-01-16 05:53:00,Enterprise,credit_card,US-West,mobile_ios,success,None,175.91
TX_00005216,2025-01-16 05:59:00,Enterprise,crypto,US-East,desktop,success,None,156.79
TX_00005217,2025-01-16 06:02:00,Enterprise,debit,US-West,desktop,success,None,97.97
TX_00005218,2025-01-16 06:06:00,SMB,credit_card,US-West,desktop,success,None,82.16
TX_00005219,2025-01-16 06:09:00,Enterprise,credit_card,US-East,mobile_ios,success,None,123.1
TX_00005220,2025-01-16 06:09:00,SMB,credit_card,US-East,desktop,success,None,60.9
TX_00005221,2025-01-16 06:12:00,Startup,credit_card,EU-Central,mobile_ios,success,None,51.95
TX_00005222,2025-01-16 06:12:00,SMB,credit_card,US-East,desktop,success,None,67.92
TX_00005223,2025-01-16 06:16:00,Startup,credit_card,US-West,desktop,success,None,37.12
TX_00005224,2025-01-16 06:31:00,Startup,debit,APAC,mobile_ios,success,None,40.17
TX_00005225,2025-01-16 06:31:00,SMB,debit,US-West,desktop,success,None,98.57
TX_00005226,2025-01-16 06:39:00,Startup,debit,EU-Central,desktop,success,None,28.94
TX_00005227,2025-01-16 06:42:00,Startup,credit_card,EU-Central,desktop,success,None,43.23
TX_00005228,2025-01-16 06:45:00,SMB,debit,US-East,mobile_ios,success,None,81.76
TX_00005229,2025-01-16 06:49:00,SMB,credit_card,US-East,mobile_android,success,None,85.84
TX_00005230,2025-01-16 06:50:00,SMB,credit_card,EU-Central,mobile_ios,success,None,83.2
TX_00005231,2025-01-16 06:50:00,Startup,crypto,EU-Central,desktop,success,None,37.34
TX_00005232,2025-01-16 06:55:00,Startup,credit_card,US-East,desktop,success,None,40.01
TX_00005233,2025-01-16 07:10:00,SMB,credit_card,US-East,desktop,success,None,103.28
TX_00005234,2025-01-16 07:11:00,Startup,credit_card,US-East,desktop,success,None,43.26
TX_00005235,2025-01-16 07:22:00,SMB,credit_card,EU-Central,desktop,success,None,83.41
TX_00005236,2025-01-16 07:24:00,SMB,debit,US-West,desktop,success,None,68.91
TX_00005237,2025-01-16 07:32:00,Startup,crypto,APAC,desktop,success,None,58.27
TX_00005238,2025-01-16 07:34:00,SMB,debit,APAC,desktop,success,None,83.58
TX_00005239,2025-01-16 07:36:00,Startup,debit,EU-Central,desktop,success,None,47.6
TX_00005240,2025-01-16 07:36:00,Startup,debit,US-West,desktop,success,None,29.09
TX_00005241,2025-01-16 07:37:00,Startup,debit,US-East,desktop,success,None,49.26
TX_00005242,2025-01-16 07:43:00,SMB,credit_card,US-East,mobile_ios,failed,Card expired,0.0
TX_00005243,2025-01-16 07:56:00,Startup,crypto,US-West,desktop,success,None,35.13
TX_00005244,2025-01-16 08:12:00,Startup,credit_card,US-East,desktop,success,None,40.82
TX_00005245,2025-01-16 08:24:00,Enterprise,crypto,US-East,desktop,success,None,144.41
TX_00005246,2025-01-16 08:24:00,SMB,credit_card,US-West,desktop,success,None,77.26
TX_00005247,2025-01-16 08:36:00,SMB,debit,US-West,mobile_android,success,None,58.02
TX_00005248,2025-01-16 08:37:00,Startup,debit,EU-Central,desktop,success,None,48.07
TX_00005249,2025-01-16 08:59:00,Startup,crypto,US-East,mobile_ios,success,None,44.12
TX_00005250,2025-01-16 09:21:00,Enterprise,debit,US-East,mobile_ios,success,None,140.37
TX_00005251,2025-01-16 09:24:00,Startup,credit_card,US-West,mobile_ios,success,None,39.26
TX_00005252,2025-01-16 09:24:00,SMB,credit_card,APAC,mobile_android,success,None,94.47
TX_00005253,2025-01-16 09:28:00,Startup,credit_card,EU-Central,mobile_android,success,None,43.21
TX_00005254,2025-01-16 09:33:00,SMB,credit_card,US-East,desktop,success,None,94.79
TX_00005255,2025-01-16 09:40:00,SMB,credit_card,US-East,desktop,success,None,78.05
TX_00005256,2025-01-16 09:50:00,SMB,credit_card,APAC,mobile_ios,success,None,105.21
TX_00005257,2025-01-16 09:50:00,SMB,credit_card,US-East,mobile_android,success,None,97.49
TX_00005258,2025-01-16 09:51:00,Startup,crypto,US-East,mobile_android,success,None,41.06
TX_00005259,2025-01-16 09:52:00,SMB,crypto,US-East,desktop,success,None,100.42
TX_00005260,2025-01-16 09:55:00,Enterprise,credit_card,US-West,desktop,success,None,156.24
TX_00005261,2025-01-16 09:55:00,Enterprise,credit_card,US-West,mobile_ios,success,None,129.21
TX_00005262,2025-01-16 10:00:00,Enterprise,credit_card,US-East,desktop,success,None,202.78
TX_00005263,2025-01-16 10:07:00,Startup,credit_card,US-West,mobile_ios,success,None,45.38
TX_00005264,2025-01-16 10:11:00,Startup,credit_card,US-East,mobile_ios,success,None,27.59
TX_00005265,2025-01-16 10:19:00,Enterprise,credit_card,US-West,desktop,success,None,137.23
TX_00005266,2025-01-16 10:23:00,SMB,credit_card,US-West,mobile_android,success,None,97.69
TX_00005267,2025-01-16 10:28:00,Enterprise,credit_card,US-West,mobile_android,success,None,99.12
TX_00005268,2025-01-16 10:50:00,Startup,credit_card,US-East,desktop,success,None,31.84
TX_00005269,2025-01-16 10:57:00,Startup,credit_card,US-West,mobile_ios,success,None,38.66
TX_00005270,2025-01-16 10:58:00,Startup,debit,US-West,mobile_ios,success,None,38.05
TX_00005271,2025-01-16 10:59:00,Startup,debit,US-West,desktop,success,None,46.92
TX_00005272,2025-01-16 11:00:00,Startup,credit_card,US-West,desktop,success,None,61.81
TX_00005273,2025-01-16 11:03:00,Startup,credit_card,US-West,desktop,success,None,33.81
TX_00005274,2025-01-16 11:26:00,SMB,credit_card,US-East,mobile_android,success,None,113.44
TX_00005275,2025-01-16 11:37:00,SMB,credit_card,US-East,desktop,success,None,92.6
TX_00005276,2025-01-16 11:39:00,SMB,credit_card,US-East,desktop,success,None,78.61
TX_00005277,2025-01-16 11:41:00,SMB,credit_card,US-West,desktop,success,None,82.27
TX_00005278,2025-01-16 11:42:00,Startup,credit_card,US-West,desktop,success,None,39.02
TX_00005279,2025-01-16 11:53:00,SMB,credit_card,EU-Central,desktop,success,None,67.0
TX_00005280,2025-01-16 11:58:00,SMB,debit,EU-Central,desktop,success,None,58.08
TX_00005281,2025-01-16 12:02:00,SMB,credit_card,EU-Central,mobile_ios,success,None,105.89
TX_00005282,2025-01-16 12:02:00,SMB,credit_card,US-East,mobile_ios,success,None,51.94
TX_00005283,2025-01-16 12:15:00,SMB,credit_card,US-East,mobile_ios,success,None,85.96
TX_00005284,2025-01-16 12:17:00,Startup,credit_card,EU-Central,mobile_ios,success,None,53.99
TX_00005285,2025-01-16 12:20:00,Startup,debit,US-East,desktop,success,None,26.6
TX_00005286,2025-01-16 12:20:00,Startup,debit,US-West,mobile_ios,success,None,30.89
TX_00005287,2025-01-16 12:30:00,SMB,credit_card,US-East,desktop,success,None,59.12
TX_00005288,2025-01-16 12:36:00,SMB,debit,APAC,desktop,success,None,83.0
TX_00005289,2025-01-16 12:37:00,SMB,debit,US-West,desktop,success,None,70.37
TX_00005290,2025-01-16 12:39:00,Startup,credit_card,US-East,desktop,success,None,40.51
TX_00005291,2025-01-16 12:40:00,SMB,credit_card,US-West,desktop,success,None,104.05
TX_00005292,2025-01-16 12:41:00,Enterprise,debit,US-East,desktop,success,None,153.92
TX_00005293,2025-01-16 12:46:00,Startup,credit_card,APAC,mobile_ios,success,None,46.34
TX_00005294,2025-01-16 12:48:00,SMB,credit_card,US-East,mobile_ios,success,None,70.81
TX_00005295,2025-01-16 12:49:00,SMB,credit_card,US-West,desktop,success,None,89.8
TX_00005296,2025-01-16 12:52:00,Enterprise,debit,US-East,mobile_android,success,None,175.77
TX_00005297,2025-01-16 12:52:00,Enterprise,crypto,EU-Central,mobile_ios,success,None,175.94
TX_00005298,2025-01-16 12:55:00,SMB,debit,EU-Central,mobile_android,success,None,54.48
TX_00005299,2025-01-16 13:06:00,Enterprise,debit,EU-Central,mobile_ios,success,None,151.34
TX_00005300,2025-01-16 13:07:00,Startup,crypto,EU-Central,desktop,success,None,32.59
TX_00005301,2025-01-16 13:08:00,Startup,debit,US-East,mobile_android,success,None,70.74
TX_00005302,2025-01-16 13:11:00,SMB,debit,APAC,mobile_android,success,None,71.24
TX_00005303,2025-01-16 13:14:00,Startup,crypto,US-West,desktop,success,None,29.63
TX_00005304,2025-01-16 13:18:00,SMB,credit_card,EU-Central,desktop,success,None,86.76
TX_00005305,2025-01-16 13:19:00,SMB,debit,US-West,desktop,success,None,104.86
TX_00005306,2025-01-16 13:21:00,SMB,debit,US-East,mobile_android,success,None,105.36
TX_00005307,2025-01-16 13:23:00,Startup,crypto,US-West,desktop,success,None,39.95
TX_00005308,2025-01-16 13:23:00,SMB,debit,US-East,mobile_ios,success,None,82.6
TX_00005309,2025-01-16 13:32:00,Startup,debit,US-West,mobile_ios,success,None,26.22
TX_00005310,2025-01-16 13:32:00,Startup,crypto,US-West,desktop,success,None,59.99
TX_00005311,2025-01-16 13:35:00,SMB,credit_card,US-East,mobile_ios,success,None,74.66
TX_00005312,2025-01-16 13:38:00,Startup,credit_card,APAC,mobile_ios,success,None,53.85
TX_00005313,2025-01-16 13:39:00,Startup,credit_card,APAC,desktop,success,None,41.8
TX_00005314,2025-01-16 13:39:00,SMB,credit_card,EU-Central,desktop,success,None,60.99
TX_00005315,2025-01-16 13:39:00,SMB,credit_card,EU-Central,mobile_android,success,None,60.34
TX_00005316,2025-01-16 13:40:00,Startup,credit_card,US-West,mobile_ios,success,None,44.14
TX_00005317,2025-01-16 13:42:00,Startup,credit_card,US-West,mobile_ios,success,None,40.08
TX_00005318,2025-01-16 13:43:00,SMB,crypto,US-East,desktop,success,None,64.5
TX_00005319,2025-01-16 13:44:00,SMB,credit_card,APAC,desktop,success,None,97.1
TX_00005320,2025-01-16 13:51:00,SMB,debit,EU-Central,mobile_android,success,None,91.07
TX_00005321,2025-01-16 13:52:00,SMB,crypto,EU-Central,mobile_ios,success,None,67.82
TX_00005322,2025-01-16 13:52:00,SMB,credit_card,APAC,desktop,success,None,95.33
TX_00005323,2025-01-16 13:53:00,Startup,credit_card,US-West,mobile_ios,success,None,31.61
TX_00005324,2025-01-16 13:56:00,Startup,debit,US-West,mobile_ios,success,None,41.54
TX_00005325,2025-01-16 13:59:00,SMB,debit,APAC,desktop,success,None,69.83
TX_00005326,2025-01-16 14:00:00,Startup,credit_card,US-West,mobile_android,success,None,47.31
TX_00005327,2025-01-16 14:03:00,Startup,credit_card,US-West,desktop,success,None,39.26
TX_00005328,2025-01-16 14:04:00,Enterprise,credit_card,US-East,mobile_ios,success,None,132.48
TX_00005329,2025-01-16 14:07:00,SMB,credit_card,US-West,desktop,success,None,93.35
TX_00005330,2025-01-16 14:09:00,SMB,credit_card,EU-Central,desktop,success,None,83.73
TX_00005331,2025-01-16 14:09:00,Startup,credit_card,US-West,mobile_android,success,None,55.5
TX_00005332,2025-01-16 14:23:00,Enterprise,debit,US-West,mobile_ios,success,None,171.69
TX_00005333,2025-01-16 14:29:00,Startup,crypto,US-East,mobile_ios,success,None,48.61
TX_00005334,2025-01-16 14:33:00,SMB,debit,US-West,desktop,success,None,81.38
TX_00005335,2025-01-16 14:44:00,SMB,crypto,APAC,mobile_android,success,None,64.07
TX_00005336,2025-01-16 14:46:00,SMB,debit,US-East,desktop,success,None,55.69
TX_00005337,2025-01-16 14:50:00,SMB,debit,US-East,mobile_ios,success,None,94.64
TX_00005338,2025-01-16 14:55:00,Startup,credit_card,US-East,mobile_android,success,None,34.53
TX_00005339,2025-01-16 14:55:00,Startup,credit_card,APAC,desktop,success,None,45.89
TX_00005340,2025-01-16 14:59:00,SMB,debit,US-West,desktop,success,None,89.51
TX_00005341,2025-01-16 15:04:00,Startup,crypto,APAC,mobile_android,success,None,43.16
TX_00005342,2025-01-16 15:20:00,Startup,credit_card,US-West,mobile_android,success,None,15.9
TX_00005343,2025-01-16 15:23:00,SMB,credit_card,US-West,mobile_ios,success,None,78.33
TX_00005344,2025-01-16 15:34:00,Startup,debit,EU-Central,desktop,success,None,43.28
TX_00005345,2025-01-16 15:38:00,SMB,credit_card,US-East,mobile_ios,success,None,52.68
TX_00005346,2025-01-16 15:38:00,SMB,credit_card,US-East,desktop,success,None,75.21
TX_00005347,2025-01-16 15:47:00,Enterprise,debit,US-West,desktop,success,None,141.51
TX_00005348,2025-01-16 15:53:00,Startup,credit_card,US-East,desktop,success,None,41.21
TX_00005349,2025-01-16 15:53:00,Enterprise,debit,US-East,desktop,success,None,119.11
TX_00005350,2025-01-16 15:54:00,Startup,crypto,US-East,desktop,success,None,38.26
TX_00005351,2025-01-16 15:56:00,Startup,credit_card,US-East,desktop,success,None,43.46
TX_00005352,2025-01-16 15:59:00,SMB,credit_card,US-East,mobile_ios,success,None,90.14
TX_00005353,2025-01-16 16:14:00,SMB,credit_card,EU-Central,mobile_ios,success,None,49.61
TX_00005354,2025-01-16 16:20:00,SMB,credit_card,US-East,mobile_android,success,None,94.59
TX_00005355,2025-01-16 16:28:00,SMB,debit,US-East,desktop,success,None,74.11
TX_00005356,2025-01-16 16:41:00,SMB,credit_card,US-East,desktop,success,None,89.72
TX_00005357,2025-01-16 16:46:00,SMB,credit_card,US-West,mobile_ios,success,None,65.6
TX_00005358,2025-01-16 16:51:00,SMB,credit_card,US-West,desktop,success,None,91.17
TX_00005359,2025-01-16 16:52:00,Enterprise,credit_card,EU-Central,desktop,success,None,208.53
TX_00005360,2025-01-16 16:54:00,Enterprise,credit_card,EU-Central,mobile_ios,success,None,155.08
TX_00005361,2025-01-16 16:54:00,Enterprise,debit,US-East,desktop,success,None,147.68
TX_00005362,2025-01-16 16:55:00,Startup,credit_card,US-East,mobile_android,success,None,47.35
TX_00005363,2025-01-16 16:56:00,Startup,credit_card,US-East,mobile_ios,success,None,50.34
TX_00005364,2025-01-16 17:00:00,SMB,credit_card,APAC,desktop,success,None,75.67
TX_00005365,2025-01-16 17:05:00,SMB,crypto,US-West,desktop,success,None,65.36
TX_00005366,2025-01-16 17:06:00,Enterprise,credit_card,US-East,mobile_ios,success,None,111.08
TX_00005367,2025-01-16 17:14:00,SMB,debit,US-East,mobile_ios,success,None,79.94
TX_00005368,2025-01-16 17:21:00,Enterprise,credit_card,US-West,mobile_android,success,None,108.73
TX_00005369,2025-01-16 17:21:00,Startup,debit,US-East,mobile_ios,success,None,36.16
TX_00005370,2025-01-16 17:36:00,Startup,credit_card,EU-Central,desktop,success,None,57.46
TX_00005371,2025-01-16 17:42:00,SMB,crypto,US-West,desktop,success,None,79.62
TX_00005372,2025-01-16 17:43:00,Startup,debit,US-West,mobile_ios,success,None,38.39
TX_00005373,2025-01-16 17:46:00,Enterprise,debit,US-West,desktop,success,None,170.17
TX_00005374,2025-01-16 17:48:00,SMB,credit_card,US-East,mobile_ios,success,None,90.22
TX_00005375,2025-01-16 17:49:00,Enterprise,debit,US-West,mobile_ios,success,None,125.61
TX_00005376,2025-01-16 17:51:00,SMB,debit,EU-Central,mobile_ios,success,None,63.38
TX_00005377,2025-01-16 17:51:00,SMB,credit_card,US-East,desktop,success,None,68.94
TX_00005378,2025-01-16 17:53:00,SMB,credit_card,US-West,mobile_ios,success,None,81.95
TX_00005379,2025-01-16 17:57:00,SMB,debit,EU-Central,desktop,success,None,75.72
TX_00005380,2025-01-16 18:04:00,SMB,credit_card,US-East,mobile_ios,success,None,105.47
TX_00005381,2025-01-16 18:06:00,Startup,debit,US-West,mobile_ios,success,None,23.73
TX_00005382,2025-01-16 18:07:00,Startup,credit_card,US-East,mobile_ios,success,None,49.65
TX_00005383,2025-01-16 18:12:00,SMB,credit_card,EU-Central,desktop,failed,Card expired,0.0
TX_00005384,2025-01-16 18:13:00,SMB,debit,US-East,mobile_ios,success,None,88.93
TX_00005385,2025-01-16 18:14:00,SMB,credit_card,US-West,mobile_ios,success,None,80.54
TX_00005386,2025-01-16 18:20:00,Startup,crypto,US-East,desktop,success,None,34.63
TX_00005387,2025-01-16 18:20:00,SMB,debit,US-East,mobile_android,success,None,62.91
TX_00005388,2025-01-16 18:26:00,SMB,debit,EU-Central,mobile_ios,success,None,73.42
TX_00005389,2025-01-16 18:56:00,Enterprise,debit,US-West,mobile_ios,success,None,143.73
TX_00005390,2025-01-16 18:58:00,SMB,debit,EU-Central,desktop,success,None,96.26
TX_00005391,2025-01-16 19:00:00,SMB,credit_card,US-West,mobile_android,success,None,89.95
TX_00005392,2025-01-16 19:02:00,Startup,debit,US-West,mobile_ios,success,None,30.39
TX_00005393,2025-01-16 19:05:00,Startup,credit_card,EU-Central,mobile_ios,success,None,57.97
TX_00005394,2025-01-16 19:06:00,Enterprise,credit_card,US-East,mobile_ios,success,None,191.85
TX_00005395,2025-01-16 19:14:00,SMB,credit_card,US-East,desktop,success,None,78.63
TX_00005396,2025-01-16 19:20:00,SMB,debit,US-East,desktop,success,None,72.66
TX_00005397,2025-01-16 19:20:00,SMB,credit_card,US-East,desktop,success,None,79.41
TX_00005398,2025-01-16 19:23:00,Startup,credit_card,US-East,desktop,success,None,33.61
TX_00005399,2025-01-16 19:25:00,SMB,debit,APAC,mobile_ios,success,None,72.52
TX_00005400,2025-01-16 19:26:00,SMB,credit_card,EU-Central,desktop,success,None,87.79
TX_00005401,2025-01-16 19:38:00,SMB,debit,APAC,mobile_ios,success,None,93.12
TX_00005402,2025-01-16 19:44:00,Startup,debit,APAC,mobile_ios,success,None,36.43
TX_00005403,2025-01-16 19:45:00,Startup,credit_card,US-West,desktop,success,None,48.15
TX_00005404,2025-01-16 19:45:00,SMB,credit_card,US-East,desktop,success,None,110.43
TX_00005405,2025-01-16 19:54:00,SMB,debit,US-West,mobile_ios,success,None,72.11
TX_00005406,2025-01-16 20:00:00,SMB,credit_card,EU-Central,desktop,success,None,100.46
TX_00005407,2025-01-16 20:04:00,Startup,credit_card,US-West,desktop,failed,Invalid PIN,0.0
TX_00005408,2025-01-16 20:13:00,SMB,credit_card,US-West,mobile_ios,success,None,96.71
TX_00005409,2025-01-16 20:21:00,SMB,credit_card,US-East,mobile_ios,success,None,74.78
TX_00005410,2025-01-16 20:31:00,SMB,credit_card,US-West,mobile_ios,success,None,36.44
TX_00005411,2025-01-16 20:34:00,Startup,credit_card,US-East,mobile_ios,success,None,45.62
TX_00005412,2025-01-16 20:37:00,SMB,debit,US-East,mobile_android,success,None,72.31
TX_00005413,2025-01-16 20:52:00,SMB,credit_card,EU-Central,desktop,success,None,96.69
TX_00005414,2025-01-16 20:52:00,SMB,debit,US-East,mobile_android,success,None,66.88
TX_00005415,2025-01-16 21:01:00,Startup,credit_card,APAC,desktop,success,None,27.27
TX_00005416,2025-01-16 21:07:00,Startup,credit_card,US-East,mobile_ios,success,None,43.64
TX_00005417,2025-01-16 21:20:00,Startup,debit,APAC,mobile_ios,success,None,47.94
TX_00005418,2025-01-16 21:24:00,SMB,debit,US-West,mobile_ios,success,None,124.19
TX_00005419,2025-01-16 21:26:00,Enterprise,debit,EU-Central,mobile_android,success,None,201.21
TX_00005420,2025-01-16 21:30:00,Startup,debit,US-East,desktop,success,None,32.39
TX_00005421,2025-01-16 21:31:00,SMB,debit,US-West,desktop,success,None,100.92
TX_00005422,2025-01-16 21:46:00,Startup,credit_card,EU-Central,desktop,success,None,38.42
TX_00005423,2025-01-16 21:48:00,Startup,debit,US-East,desktop,success,None,48.78
TX_00005424,2025-01-16 21:48:00,SMB,debit,US-East,mobile_ios,success,None,85.47
TX_00005425,2025-01-16 21:51:00,SMB,crypto,US-East,desktop,success,None,77.37
TX_00005426,2025-01-16 21:52:00,Startup,debit,US-East,mobile_android,success,None,47.97
TX_00005427,2025-01-16 21:58:00,Startup,debit,US-East,mobile_ios,success,None,30.25
TX_00005428,2025-01-16 22:05:00,SMB,credit_card,US-West,desktop,success,None,70.03
TX_00005429,2025-01-16 22:07:00,SMB,debit,US-East,desktop,success,None,85.47
TX_00005430,2025-01-16 22:08:00,Enterprise,crypto,US-West,desktop,success,None,134.86
TX_00005431,2025-01-16 22:11:00,Enterprise,debit,EU-Central,mobile_android,success,None,170.47
TX_00005432,2025-01-16 22:16:00,SMB,debit,US-West,mobile_ios,success,None,73.37
TX_00005433,2025-01-16 22:22:00,SMB,credit_card,US-East,desktop,success,None,79.19
TX_00005434,2025-01-16 22:28:00,Startup,debit,US-West,desktop,success,None,39.19
TX_00005435,2025-01-16 22:38:00,Startup,debit,US-East,desktop,success,None,49.84
TX_00005436,2025-01-16 22:43:00,Startup,debit,US-East,desktop,success,None,44.63
TX_00005437,2025-01-16 22:47:00,SMB,credit_card,US-East,mobile_ios,success,None,75.39
TX_00005438,2025-01-16 22:53:00,SMB,debit,APAC,mobile_ios,success,None,66.59
TX_00005439,2025-01-16 23:10:00,Startup,credit_card,EU-Central,desktop,success,None,43.12
TX_00005440,2025-01-16 23:15:00,SMB,debit,US-East,mobile_android,success,None,71.37
TX_00005441,2025-01-16 23:18:00,Enterprise,credit_card,US-West,desktop,success,None,131.19
TX_00005442,2025-01-16 23:19:00,SMB,debit,US-East,desktop,success,None,78.61
TX_00005443,2025-01-16 23:24:00,Startup,credit_card,APAC,mobile_ios,success,None,62.72
TX_00005444,2025-01-16 23:24:00,Startup,credit_card,APAC,desktop,success,None,41.51
TX_00005445,2025-01-16 23:37:00,Enterprise,debit,US-East,desktop,success,None,185.07
TX_00005446,2025-01-16 23:39:00,Startup,credit_card,US-East,mobile_ios,success,None,12.44
TX_00005447,2025-01-16 23:43:00,SMB,debit,US-West,desktop,success,None,49.55
TX_00005448,2025-01-16 23:47:00,Enterprise,crypto,US-West,desktop,success,None,114.41
TX_00005449,2025-01-17 00:00:00,Startup,crypto,US-East,mobile_ios,success,None,44.24
TX_00005450,2025-01-17 00:02:00,Startup,credit_card,US-West,desktop,success,None,40.57
TX_00005451,2025-01-17 00:07:00,SMB,debit,US-East,desktop,success,None,43.98
TX_00005452,2025-01-17 00:09:00,SMB,credit_card,US-West,desktop,success,None,103.86
TX_00005453,2025-01-17 00:11:00,Startup,crypto,US-East,mobile_ios,success,None,36.34
TX_00005454,2025-01-17 00:21:00,Startup,debit,EU-Central,desktop,success,None,33.92
TX_00005455,2025-01-17 00:24:00,Startup,credit_card,US-West,mobile_android,success,None,40.97
TX_00005456,2025-01-17 00:25:00,SMB,credit_card,US-West,mobile_android,success,None,64.94
TX_00005457,2025-01-17 00:27:00,Startup,credit_card,EU-Central,desktop,success,None,39.07
TX_00005458,2025-01-17 00:31:00,Startup,debit,US-West,mobile_android,success,None,40.6
TX_00005459,2025-01-17 00:38:00,Enterprise,credit_card,US-East,mobile_ios,success,None,165.95
TX_00005460,2025-01-17 00:51:00,Startup,debit,US-East,desktop,success,None,46.48
TX_00005461,2025-01-17 00:53:00,SMB,debit,US-East,mobile_ios,success,None,75.56
TX_00005462,2025-01-17 00:57:00,SMB,crypto,US-East,mobile_ios,success,None,62.98
TX_00005463,2025-01-17 00:59:00,Startup,crypto,EU-Central,desktop,success,None,34.9
TX_00005464,2025-01-17 01:04:00,Enterprise,credit_card,US-East,desktop,success,None,157.41
TX_00005465,2025-01-17 01:10:00,SMB,debit,US-East,desktop,success,None,85.55
TX_00005466,2025-01-17 01:12:00,Startup,debit,EU-Central,desktop,success,None,43.08
TX_00005467,2025-01-17 01:16:00,SMB,debit,US-West,desktop,success,None,98.42
TX_00005468,2025-01-17 01:21:00,SMB,credit_card,US-West,mobile_ios,success,None,66.12
TX_00005469,2025-01-17 01:22:00,Startup,credit_card,US-East,desktop,success,None,33.11
TX_00005470,2025-01-17 01:28:00,SMB,credit_card,US-East,desktop,success,None,103.29
TX_00005471,2025-01-17 01:32:00,SMB,credit_card,US-West,desktop,success,None,69.88
TX_00005472,2025-01-17 01:32:00,SMB,credit_card,EU-Central,mobile_android,success,None,71.32
TX_00005473,2025-01-17 01:47:00,SMB,credit_card,US-East,desktop,success,None,83.77
TX_00005474,2025-01-17 01:50:00,Startup,debit,US-West,desktop,success,None,39.51
TX_00005475,2025-01-17 01:54:00,Startup,credit_card,APAC,desktop,success,None,39.12
TX_00005476,2025-01-17 01:55:00,SMB,debit,US-West,mobile_ios,success,None,80.14
TX_00005477,2025-01-17 02:01:00,Startup,credit_card,US-West,desktop,success,None,18.34
TX_00005478,2025-01-17 02:04:00,SMB,debit,EU-Central,desktop,success,None,114.96
TX_00005479,2025-01-17 02:05:00,SMB,crypto,EU-Central,desktop,success,None,104.16
TX_00005480,2025-01-17 02:11:00,Startup,debit,US-West,desktop,success,None,30.28
TX_00005481,2025-01-17 02:12:00,Startup,debit,EU-Central,mobile_ios,success,None,45.83
TX_00005482,2025-01-17 02:13:00,SMB,credit_card,US-West,desktop,success,None,66.41
TX_00005483,2025-01-17 02:17:00,Enterprise,debit,EU-Central,desktop,success,None,119.85
TX_00005484,2025-01-17 02:18:00,SMB,credit_card,APAC,mobile_ios,success,None,83.71
TX_00005485,2025-01-17 02:23:00,SMB,credit_card,US-West,desktop,success,None,109.27
TX_00005486,2025-01-17 02:24:00,SMB,credit_card,US-West,mobile_ios,success,None,70.15
TX_00005487,2025-01-17 02:25:00,Startup,credit_card,US-West,desktop,success,None,45.62
TX_00005488,2025-01-17 02:25:00,Enterprise,credit_card,EU-Central,mobile_android,success,None,161.33
TX_00005489,2025-01-17 02:30:00,Startup,debit,EU-Central,mobile_android,success,None,50.24
TX_00005490,2025-01-17 02:35:00,SMB,credit_card,US-East,mobile_ios,success,None,91.75
TX_00005491,2025-01-17 02:36:00,SMB,debit,EU-Central,mobile_android,success,None,88.01
TX_00005492,2025-01-17 02:37:00,SMB,debit,EU-Central,desktop,success,None,66.98
TX_00005493,2025-01-17 02:39:00,SMB,credit_card,EU-Central,mobile_ios,success,None,91.35
TX_00005494,2025-01-17 02:45:00,Startup,credit_card,EU-Central,desktop,success,None,40.82
TX_00005495,2025-01-17 03:05:00,Enterprise,debit,US-East,mobile_ios,success,None,161.02
TX_00005496,2025-01-17 03:07:00,SMB,credit_card,US-West,desktop,success,None,94.51
TX_00005497,2025-01-17 03:16:00,Startup,credit_card,EU-Central,desktop,success,None,45.6
TX_00005498,2025-01-17 03:18:00,Startup,debit,APAC,mobile_android,success,None,44.89
TX_00005499,2025-01-17 03:24:00,SMB,credit_card,US-East,desktop,success,None,86.78
TX_00005500,2025-01-17 03:27:00,SMB,credit_card,US-West,mobile_ios,success,None,67.58
TX_00005501,2025-01-17 03:28:00,Startup,credit_card,EU-Central,mobile_ios,success,None,56.69
TX_00005502,2025-01-17 03:32:00,Startup,credit_card,EU-Central,desktop,success,None,40.84
TX_00005503,2025-01-17 03:33:00,Startup,credit_card,US-West,desktop,success,None,29.51
TX_00005504,2025-01-17 03:33:00,SMB,credit_card,US-East,desktop,success,None,93.85
TX_00005505,2025-01-17 03:35:00,Startup,credit_card,EU-Central,mobile_android,success,None,38.17
TX_00005506,2025-01-17 03:45:00,Enterprise,credit_card,EU-Central,mobile_android,success,None,168.55
TX_00005507,2025-01-17 03:55:00,Enterprise,crypto,EU-Central,mobile_ios,success,None,158.43
TX_00005508,2025-01-17 03:59:00,Startup,credit_card,EU-Central,mobile_android,success,None,29.92
TX_00005509,2025-01-17 04:03:00,SMB,debit,US-West,desktop,success,None,110.78
TX_00005510,2025-01-17 04:04:00,Enterprise,credit_card,APAC,desktop,failed,Insufficient funds,0.0
TX_00005511,2025-01-17 04:06:00,SMB,credit_card,EU-Central,desktop,success,None,88.24
TX_00005512,2025-01-17 04:09:00,SMB,debit,US-West,mobile_ios,success,None,82.21
TX_00005513,2025-01-17 04:10:00,Startup,debit,APAC,desktop,success,None,29.44
TX_00005514,2025-01-17 04:11:00,Startup,credit_card,APAC,mobile_ios,success,None,47.64
TX_00005515,2025-01-17 04:16:00,SMB,credit_card,EU-Central,mobile_ios,success,None,92.57
TX_00005516,2025-01-17 04:19:00,SMB,credit_card,US-West,desktop,success,None,96.31
TX_00005517,2025-01-17 04:23:00,Startup,debit,US-West,desktop,success,None,42.94
TX_00005518,2025-01-17 04:28:00,Startup,credit_card,US-East,desktop,success,None,59.99
TX_00005519,2025-01-17 04:32:00,SMB,credit_card,US-East,mobile_ios,success,None,77.11
TX_00005520,2025-01-17 04:41:00,Startup,debit,US-West,desktop,success,None,39.63
TX_00005521,2025-01-17 04:42:00,Startup,crypto,US-West,desktop,success,None,38.98
TX_00005522,2025-01-17 04:44:00,Enterprise,debit,US-East,mobile_ios,success,None,134.82
TX_00005523,2025-01-17 04:45:00,Enterprise,credit_card,APAC,desktop,success,None,157.93
TX_00005524,2025-01-17 04:48:00,SMB,debit,US-West,desktop,success,None,54.86
TX_00005525,2025-01-17 04:51:00,Startup,debit,US-West,mobile_ios,success,None,46.39
TX_00005526,2025-01-17 04:52:00,SMB,debit,US-West,mobile_ios,success,None,93.94
TX_00005527,2025-01-17 04:53:00,SMB,debit,US-East,mobile_ios,success,None,94.71
TX_00005528,2025-01-17 05:01:00,Enterprise,crypto,EU-Central,desktop,success,None,127.02
TX_00005529,2025-01-17 05:01:00,Startup,credit_card,US-East,desktop,success,None,33.02
TX_00005530,2025-01-17 05:05:00,SMB,credit_card,US-West,mobile_ios,success,None,85.68
TX_00005531,2025-01-17 05:10:00,Startup,debit,US-West,desktop,success,None,36.4
TX_00005532,2025-01-17 05:11:00,Startup,credit_card,US-West,mobile_android,success,None,49.26
TX_00005533,2025-01-17 05:15:00,Enterprise,credit_card,US-West,desktop,success,None,147.99
TX_00005534,2025-01-17 05:20:00,SMB,credit_card,US-East,desktop,success,None,72.1
TX_00005535,2025-01-17 05:29:00,Enterprise,debit,US-East,desktop,success,None,142.61
TX_00005536,2025-01-17 05:37:00,Startup,credit_card,US-West,mobile_android,success,None,44.29
TX_00005537,2025-01-17 05:40:00,SMB,debit,EU-Central,mobile_ios,success,None,65.47
TX_00005538,2025-01-17 05:42:00,Enterprise,credit_card,US-West,desktop,success,None,201.01
TX_00005539,2025-01-17 05:43:00,Enterprise,credit_card,US-East,mobile_ios,success,None,173.16
TX_00005540,2025-01-17 05:43:00,SMB,credit_card,US-East,desktop,success,None,72.79
TX_00005541,2025-01-17 05:44:00,Startup,credit_card,US-West,desktop,success,None,33.86
TX_00005542,2025-01-17 05:45:00,Startup,debit,US-West,desktop,success,None,31.99
TX_00005543,2025-01-17 05:46:00,Startup,debit,US-East,desktop,success,None,39.48
TX_00005544,2025-01-17 05:46:00,SMB,debit,US-West,desktop,success,None,63.65
TX_00005545,2025-01-17 05:47:00,Enterprise,credit_card,US-East,desktop,success,None,148.0
TX_00005546,2025-01-17 05:53:00,Startup,credit_card,US-West,desktop,success,None,37.34
TX_00005547,2025-01-17 05:56:00,Enterprise,credit_card,US-East,desktop,success,None,118.35
TX_00005548,2025-01-17 05:58:00,Startup,credit_card,APAC,desktop,success,None,36.05
TX_00005549,2025-01-17 06:08:00,SMB,credit_card,US-East,mobile_android,success,None,70.01
TX_00005550,2025-01-17 06:11:00,Enterprise,debit,US-West,mobile_ios,success,None,152.15
TX_00005551,2025-01-17 06:19:00,Startup,credit_card,APAC,mobile_android,success,None,26.89
TX_00005552,2025-01-17 06:29:00,Startup,credit_card,US-East,desktop,success,None,26.03
TX_00005553,2025-01-17 06:56:00,Startup,crypto,US-West,desktop,success,None,36.07
TX_00005554,2025-01-17 07:04:00,SMB,credit_card,US-East,mobile_ios,success,None,80.41
TX_00005555,2025-01-17 07:10:00,SMB,crypto,US-East,mobile_ios,success,None,76.95
TX_00005556,2025-01-17 07:12:00,SMB,crypto,US-West,mobile_ios,success,None,72.52
TX_00005557,2025-01-17 07:14:00,Startup,credit_card,APAC,mobile_ios,success,None,41.57
TX_00005558,2025-01-17 07:18:00,Startup,credit_card,US-West,mobile_ios,success,None,29.52
TX_00005559,2025-01-17 07:21:00,SMB,debit,US-West,mobile_ios,success,None,60.67
TX_00005560,2025-01-17 07:23:00,Startup,credit_card,US-West,mobile_ios,success,None,25.55
TX_00005561,2025-01-17 07:26:00,Startup,credit_card,US-West,mobile_android,success,None,42.89
TX_00005562,2025-01-17 07:28:00,Startup,debit,US-West,mobile_android,success,None,59.41
TX_00005563,2025-01-17 07:35:00,SMB,credit_card,US-East,desktop,success,None,67.19
TX_00005564,2025-01-17 07:39:00,SMB,credit_card,US-East,desktop,success,None,61.76
TX_00005565,2025-01-17 07:41:00,Startup,debit,US-West,desktop,success,None,47.17
TX_00005566,2025-01-17 07:41:00,SMB,debit,EU-Central,desktop,success,None,93.84
TX_00005567,2025-01-17 07:48:00,Startup,credit_card,US-East,desktop,success,None,33.69
TX_00005568,2025-01-17 07:49:00,Startup,credit_card,US-West,desktop,success,None,37.53
TX_00005569,2025-01-17 07:50:00,Startup,credit_card,US-East,desktop,success,None,40.47
TX_00005570,2025-01-17 07:53:00,SMB,credit_card,US-East,mobile_ios,success,None,107.19
TX_00005571,2025-01-17 07:55:00,Enterprise,debit,US-West,desktop,success,None,121.08
TX_00005572,2025-01-17 07:59:00,Enterprise,debit,EU-Central,mobile_ios,success,None,127.22
TX_00005573,2025-01-17 08:04:00,SMB,debit,US-West,desktop,success,None,74.82
TX_00005574,2025-01-17 08:04:00,SMB,credit_card,US-East,mobile_android,success,None,36.12
TX_00005575,2025-01-17 08:05:00,SMB,credit_card,APAC,mobile_ios,success,None,85.28
TX_00005576,2025-01-17 08:07:00,SMB,credit_card,US-East,desktop,success,None,85.15
TX_00005577,2025-01-17 08:15:00,SMB,credit_card,EU-Central,mobile_android,success,None,65.36
TX_00005578,2025-01-17 08:24:00,SMB,credit_card,US-West,desktop,success,None,80.03
TX_00005579,2025-01-17 08:24:00,Enterprise,credit_card,US-West,mobile_android,success,None,158.44
TX_00005580,2025-01-17 08:25:00,Enterprise,credit_card,APAC,mobile_ios,success,None,146.42
TX_00005581,2025-01-17 08:28:00,Startup,debit,EU-Central,desktop,success,None,25.85
TX_00005582,2025-01-17 08:28:00,SMB,debit,US-East,desktop,success,None,95.84
TX_00005583,2025-01-17 08:31:00,SMB,credit_card,US-East,desktop,success,None,70.34
TX_00005584,2025-01-17 08:34:00,Startup,credit_card,US-East,mobile_android,success,None,45.11
TX_00005585,2025-01-17 08:39:00,Startup,debit,US-East,mobile_ios,success,None,45.65
TX_00005586,2025-01-17 08:41:00,SMB,crypto,APAC,desktop,success,None,83.76
TX_00005587,2025-01-17 08:43:00,Startup,credit_card,US-East,desktop,success,None,31.71
TX_00005588,2025-01-17 08:47:00,Startup,debit,US-West,desktop,success,None,40.04
TX_00005589,2025-01-17 08:49:00,Startup,debit,EU-Central,desktop,success,None,33.51
TX_00005590,2025-01-17 08:50:00,SMB,credit_card,EU-Central,mobile_android,success,None,102.63
TX_00005591,2025-01-17 08:54:00,Startup,credit_card,US-West,desktop,success,None,18.27
TX_00005592,2025-01-17 08:54:00,SMB,credit_card,EU-Central,desktop,success,None,76.87
TX_00005593,2025-01-17 08:56:00,SMB,credit_card,US-East,mobile_android,success,None,82.49
TX_00005594,2025-01-17 08:56:00,Startup,credit_card,EU-Central,desktop,success,None,32.63
TX_00005595,2025-01-17 09:00:00,SMB,crypto,US-East,desktop,success,None,96.31
TX_00005596,2025-01-17 09:10:00,Startup,debit,APAC,desktop,success,None,45.69
TX_00005597,2025-01-17 09:15:00,SMB,credit_card,US-East,mobile_ios,success,None,94.52
TX_00005598,2025-01-17 09:16:00,Startup,credit_card,US-East,mobile_ios,success,None,46.44
TX_00005599,2025-01-17 09:19:00,SMB,debit,US-West,desktop,success,None,66.61
TX_00005600,2025-01-17 09:20:00,Enterprise,credit_card,EU-Central,mobile_ios,success,None,122.38
TX_00005601,2025-01-17 09:30:00,SMB,credit_card,EU-Central,mobile_ios,success,None,58.29
TX_00005602,2025-01-17 09:36:00,SMB,crypto,US-East,mobile_ios,success,None,65.84
TX_00005603,2025-01-17 09:36:00,Enterprise,credit_card,US-East,mobile_android,success,None,137.85
TX_00005604,2025-01-17 09:40:00,Startup,credit_card,US-East,desktop,success,None,46.39
TX_00005605,2025-01-17 09:40:00,SMB,credit_card,US-West,desktop,success,None,67.91
TX_00005606,2025-01-17 09:44:00,Startup,credit_card,US-West,mobile_ios,success,None,42.72
TX_00005607,2025-01-17 09:44:00,SMB,credit_card,US-West,desktop,success,None,75.45
TX_00005608,2025-01-17 09:45:00,SMB,credit_card,US-West,desktop,success,None,86.99
TX_00005609,2025-01-17 10:08:00,Startup,debit,US-West,desktop,success,None,48.47
TX_00005610,2025-01-17 10:09:00,SMB,credit_card,APAC,mobile_ios,success,None,81.8
TX_00005611,2025-01-17 10:10:00,Startup,credit_card,US-East,desktop,success,None,27.36
TX_00005612,2025-01-17 10:24:00,Startup,credit_card,US-West,desktop,success,None,42.03
TX_00005613,2025-01-17 10:24:00,SMB,credit_card,US-West,desktop,success,None,99.62
TX_00005614,2025-01-17 10:26:00,Startup,debit,US-East,mobile_ios,success,None,30.23
TX_00005615,2025-01-17 10:29:00,Startup,credit_card,US-West,mobile_ios,success,None,52.18
TX_00005616,2025-01-17 10:35:00,SMB,debit,US-East,desktop,success,None,69.36
TX_00005617,2025-01-17 10:58:00,Startup,credit_card,US-East,mobile_ios,success,None,38.94
TX_00005618,2025-01-17 11:04:00,SMB,credit_card,US-West,mobile_ios,success,None,66.73
TX_00005619,2025-01-17 11:05:00,SMB,debit,US-East,mobile_ios,success,None,76.14
TX_00005620,2025-01-17 11:06:00,Startup,credit_card,US-East,desktop,success,None,54.26
TX_00005621,2025-01-17 11:10:00,Startup,debit,US-West,mobile_ios,success,None,25.6
TX_00005622,2025-01-17 11:11:00,Startup,credit_card,US-West,mobile_android,success,None,51.55
TX_00005623,2025-01-17 11:14:00,Startup,credit_card,US-East,desktop,success,None,35.4
TX_00005624,2025-01-17 11:18:00,Startup,debit,US-East,desktop,success,None,36.62
TX_00005625,2025-01-17 11:23:00,Startup,debit,US-West,desktop,success,None,25.33
TX_00005626,2025-01-17 11:36:00,SMB,debit,EU-Central,mobile_ios,success,None,65.72
TX_00005627,2025-01-17 11:41:00,SMB,debit,APAC,mobile_ios,success,None,88.12
TX_00005628,2025-01-17 11:49:00,SMB,crypto,US-East,desktop,success,None,85.15
TX_00005629,2025-01-17 11:52:00,Startup,credit_card,US-East,desktop,success,None,51.64
TX_00005630,2025-01-17 12:00:00,SMB,credit_card,US-East,mobile_android,success,None,63.94
TX_00005631,2025-01-17 12:01:00,Enterprise,credit_card,US-West,mobile_ios,success,None,158.15
TX_00005632,2025-01-17 12:02:00,SMB,credit_card,US-West,mobile_android,success,None,76.13
TX_00005633,2025-01-17 12:02:00,Startup,credit_card,US-West,mobile_android,success,None,46.85
TX_00005634,2025-01-17 12:03:00,Startup,debit,EU-Central,desktop,success,None,18.44
TX_00005635,2025-01-17 12:09:00,SMB,credit_card,US-West,desktop,success,None,77.69
TX_00005636,2025-01-17 12:16:00,SMB,debit,APAC,mobile_ios,success,None,81.13
TX_00005637,2025-01-17 12:16:00,SMB,credit_card,US-East,desktop,success,None,78.92
TX_00005638,2025-01-17 12:17:00,SMB,credit_card,US-East,desktop,success,None,67.25
TX_00005639,2025-01-17 12:21:00,Enterprise,crypto,US-East,desktop,success,None,161.61
TX_00005640,2025-01-17 12:22:00,Startup,credit_card,US-East,mobile_android,success,None,40.07
TX_00005641,2025-01-17 12:30:00,Startup,credit_card,APAC,desktop,success,None,26.33
TX_00005642,2025-01-17 12:33:00,SMB,credit_card,US-East,desktop,success,None,54.31
TX_00005643,2025-01-17 12:39:00,Enterprise,debit,US-West,mobile_ios,success,None,151.82
TX_00005644,2025-01-17 12:43:00,SMB,credit_card,US-East,mobile_android,success,None,62.28
TX_00005645,2025-01-17 12:46:00,SMB,credit_card,US-East,mobile_android,success,None,79.68
TX_00005646,2025-01-17 12:56:00,SMB,debit,US-East,mobile_ios,success,None,84.74
TX_00005647,2025-01-17 12:57:00,SMB,credit_card,US-East,desktop,success,None,48.27
TX_00005648,2025-01-17 13:01:00,SMB,debit,US-West,desktop,success,None,73.48
TX_00005649,2025-01-17 13:04:00,Startup,credit_card,APAC,mobile_android,success,None,33.42
TX_00005650,2025-01-17 13:11:00,Startup,credit_card,US-West,desktop,success,None,34.42
TX_00005651,2025-01-17 13:13:00,Startup,debit,US-West,mobile_ios,success,None,29.58
TX_00005652,2025-01-17 13:14:00,SMB,debit,US-East,desktop,success,None,91.83
TX_00005653,2025-01-17 13:20:00,Startup,debit,EU-Central,desktop,success,None,49.77
TX_00005654,2025-01-17 13:29:00,Startup,debit,US-East,mobile_ios,success,None,31.74
TX_00005655,2025-01-17 13:31:00,SMB,credit_card,APAC,mobile_android,success,None,66.56
TX_00005656,2025-01-17 13:32:00,SMB,credit_card,US-West,mobile_android,success,None,49.56
TX_00005657,2025-01-17 13:32:00,SMB,credit_card,US-East,mobile_android,success,None,65.7
TX_00005658,2025-01-17 13:33:00,Enterprise,debit,US-West,mobile_ios,success,None,138.37
TX_00005659,2025-01-17 13:34:00,SMB,debit,APAC,mobile_ios,success,None,64.27
TX_00005660,2025-01-17 13:37:00,SMB,crypto,US-East,mobile_android,success,None,57.75
TX_00005661,2025-01-17 13:42:00,SMB,credit_card,US-East,desktop,success,None,96.75
TX_00005662,2025-01-17 13:43:00,SMB,credit_card,US-East,mobile_android,success,None,80.99
TX_00005663,2025-01-17 13:44:00,SMB,debit,US-West,mobile_ios,success,None,90.7
TX_00005664,2025-01-17 13:46:00,Startup,debit,US-East,mobile_android,success,None,35.76
TX_00005665,2025-01-17 13:54:00,SMB,debit,EU-Central,mobile_ios,success,None,68.15
TX_00005666,2025-01-17 14:08:00,Startup,debit,APAC,desktop,success,None,44.78
TX_00005667,2025-01-17 14:08:00,Enterprise,credit_card,APAC,desktop,success,None,159.07
TX_00005668,2025-01-17 14:09:00,Enterprise,credit_card,US-East,desktop,success,None,121.32
TX_00005669,2025-01-17 14:15:00,SMB,credit_card,US-West,desktop,success,None,40.04
TX_00005670,2025-01-17 14:17:00,Enterprise,credit_card,US-East,desktop,success,None,159.51
TX_00005671,2025-01-17 14:26:00,Enterprise,credit_card,US-West,mobile_ios,success,None,151.43
TX_00005672,2025-01-17 14:31:00,SMB,credit_card,EU-Central,desktop,success,None,77.81
TX_00005673,2025-01-17 14:36:00,SMB,credit_card,US-West,desktop,success,None,71.52
TX_00005674,2025-01-17 14:46:00,Startup,debit,EU-Central,mobile_android,success,None,39.05
TX_00005675,2025-01-17 14:48:00,SMB,debit,EU-Central,desktop,success,None,80.5
TX_00005676,2025-01-17 14:49:00,Startup,debit,US-East,mobile_android,success,None,10.34
TX_00005677,2025-01-17 14:50:00,SMB,credit_card,US-West,desktop,success,None,85.51
TX_00005678,2025-01-17 14:52:00,Startup,credit_card,US-East,mobile_android,success,None,42.97
TX_00005679,2025-01-17 14:58:00,SMB,credit_card,US-East,desktop,success,None,78.58
TX_00005680,2025-01-17 14:59:00,Startup,crypto,US-East,mobile_ios,success,None,32.63
TX_00005681,2025-01-17 15:04:00,Startup,credit_card,APAC,mobile_ios,success,None,20.01
TX_00005682,2025-01-17 15:12:00,Startup,credit_card,US-West,mobile_android,success,None,43.73
TX_00005683,2025-01-17 15:13:00,Enterprise,debit,US-West,desktop,success,None,146.0
TX_00005684,2025-01-17 15:14:00,Startup,credit_card,EU-Central,desktop,success,None,38.12
TX_00005685,2025-01-17 15:16:00,Enterprise,debit,EU-Central,mobile_android,success,None,108.85
TX_00005686,2025-01-17 15:18:00,Startup,credit_card,EU-Central,desktop,success,None,49.07
TX_00005687,2025-01-17 15:19:00,SMB,credit_card,US-East,desktop,success,None,70.41
TX_00005688,2025-01-17 15:20:00,SMB,credit_card,US-West,desktop,success,None,85.18
TX_00005689,2025-01-17 15:23:00,Enterprise,debit,US-West,desktop,failed,Invalid PIN,0.0
TX_00005690,2025-01-17 15:30:00,Enterprise,debit,US-West,desktop,success,None,168.16
TX_00005691,2025-01-17 15:37:00,Startup,credit_card,US-East,desktop,success,None,64.02
TX_00005692,2025-01-17 15:44:00,Startup,credit_card,US-East,desktop,success,None,35.53
TX_00005693,2025-01-17 15:48:00,Startup,credit_card,APAC,desktop,success,None,48.13
TX_00005694,2025-01-17 15:49:00,Startup,crypto,US-East,desktop,success,None,30.97
TX_00005695,2025-01-17 15:49:00,Startup,debit,US-West,mobile_ios,success,None,45.9
TX_00005696,2025-01-17 15:51:00,SMB,debit,US-East,mobile_android,success,None,95.19
TX_00005697,2025-01-17 15:53:00,Enterprise,credit_card,US-East,desktop,success,None,185.48
TX_00005698,2025-01-17 16:00:00,Enterprise,credit_card,US-East,mobile_android,success,None,130.53
TX_00005699,2025-01-17 16:00:00,SMB,credit_card,US-West,mobile_android,success,None,66.28
TX_00005700,2025-01-17 16:03:00,SMB,debit,APAC,mobile_ios,success,None,74.27
TX_00005701,2025-01-17 16:14:00,Enterprise,debit,US-East,mobile_android,success,None,176.78
TX_00005702,2025-01-17 16:14:00,SMB,credit_card,US-East,desktop,success,None,91.84
TX_00005703,2025-01-17 16:22:00,Enterprise,credit_card,US-West,mobile_android,success,None,157.22
TX_00005704,2025-01-17 16:27:00,Startup,credit_card,US-East,mobile_ios,success,None,42.93
TX_00005705,2025-01-17 16:31:00,Enterprise,credit_card,APAC,desktop,success,None,166.72
TX_00005706,2025-01-17 16:34:00,SMB,crypto,US-East,mobile_ios,success,None,64.71
TX_00005707,2025-01-17 16:35:00,SMB,credit_card,US-West,mobile_ios,success,None,80.49
TX_00005708,2025-01-17 16:42:00,SMB,debit,US-West,desktop,success,None,65.98
TX_00005709,2025-01-17 16:45:00,Enterprise,debit,EU-Central,desktop,success,None,95.78
TX_00005710,2025-01-17 16:52:00,SMB,debit,US-West,mobile_ios,success,None,84.56
TX_00005711,2025-01-17 16:54:00,Enterprise,crypto,US-East,mobile_ios,success,None,127.83
TX_00005712,2025-01-17 16:58:00,SMB,debit,US-East,mobile_ios,success,None,53.3
TX_00005713,2025-01-17 17:03:00,SMB,debit,APAC,mobile_ios,success,None,93.1
TX_00005714,2025-01-17 17:10:00,SMB,credit_card,EU-Central,desktop,success,None,59.19
TX_00005715,2025-01-17 17:11:00,Startup,debit,US-East,desktop,success,None,28.91
TX_00005716,2025-01-17 17:14:00,SMB,debit,EU-Central,mobile_android,success,None,75.95
TX_00005717,2025-01-17 17:17:00,SMB,credit_card,US-West,mobile_android,success,None,50.74
TX_00005718,2025-01-17 17:18:00,SMB,debit,US-West,mobile_ios,success,None,74.29
TX_00005719,2025-01-17 17:27:00,Startup,debit,US-East,mobile_android,success,None,40.17
TX_00005720,2025-01-17 17:29:00,SMB,debit,EU-Central,mobile_android,success,None,65.44
TX_00005721,2025-01-17 17:30:00,Startup,credit_card,US-East,desktop,success,None,26.15
TX_00005722,2025-01-17 17:34:00,Startup,debit,EU-Central,desktop,success,None,48.82
TX_00005723,2025-01-17 17:39:00,SMB,credit_card,US-East,desktop,success,None,65.26
TX_00005724,2025-01-17 17:47:00,SMB,debit,EU-Central,desktop,success,None,87.17
TX_00005725,2025-01-17 17:51:00,SMB,credit_card,US-East,mobile_ios,success,None,99.02
TX_00005726,2025-01-17 17:58:00,Enterprise,credit_card,US-East,desktop,success,None,155.17
TX_00005727,2025-01-17 18:03:00,Enterprise,credit_card,US-East,mobile_android,success,None,166.01
TX_00005728,2025-01-17 18:04:00,Enterprise,credit_card,US-East,mobile_ios,success,None,134.98
TX_00005729,2025-01-17 18:07:00,SMB,credit_card,US-West,mobile_ios,success,None,81.79
TX_00005730,2025-01-17 18:22:00,SMB,credit_card,US-East,desktop,success,None,87.65
TX_00005731,2025-01-17 18:22:00,Startup,debit,APAC,desktop,success,None,42.0
TX_00005732,2025-01-17 18:23:00,SMB,debit,US-West,mobile_ios,success,None,85.39
TX_00005733,2025-01-17 18:40:00,Startup,credit_card,US-West,mobile_android,success,None,32.06
TX_00005734,2025-01-17 18:41:00,Startup,credit_card,US-East,mobile_android,success,None,31.21
TX_00005735,2025-01-17 18:42:00,Startup,credit_card,US-West,mobile_ios,success,None,46.28
TX_00005736,2025-01-17 18:50:00,Startup,debit,US-East,desktop,success,None,38.86
TX_00005737,2025-01-17 18:53:00,SMB,credit_card,EU-Central,desktop,success,None,77.22
TX_00005738,2025-01-17 19:03:00,Enterprise,credit_card,US-East,mobile_android,success,None,112.19
TX_00005739,2025-01-17 19:27:00,SMB,credit_card,EU-Central,desktop,success,None,69.49
TX_00005740,2025-01-17 19:29:00,SMB,credit_card,US-East,mobile_ios,success,None,98.44
TX_00005741,2025-01-17 19:34:00,Startup,credit_card,APAC,mobile_ios,success,None,45.44
TX_00005742,2025-01-17 19:37:00,Startup,credit_card,US-East,desktop,success,None,47.85
TX_00005743,2025-01-17 19:46:00,SMB,debit,US-East,desktop,success,None,84.59
TX_00005744,2025-01-17 19:46:00,SMB,debit,US-West,mobile_android,success,None,97.59
TX_00005745,2025-01-17 19:49:00,SMB,credit_card,APAC,mobile_android,success,None,60.01
TX_00005746,2025-01-17 19:50:00,Enterprise,debit,US-West,mobile_android,success,None,192.83
TX_00005747,2025-01-17 20:04:00,SMB,credit_card,US-East,desktop,success,None,79.51
TX_00005748,2025-01-17 20:11:00,SMB,crypto,US-West,desktop,success,None,81.16
TX_00005749,2025-01-17 20:13:00,Startup,credit_card,APAC,mobile_android,success,None,48.15
TX_00005750,2025-01-17 20:15:00,SMB,debit,US-East,desktop,success,None,58.29
TX_00005751,2025-01-17 20:16:00,Startup,debit,US-East,mobile_ios,success,None,31.61
TX_00005752,2025-01-17 20:19:00,Startup,credit_card,EU-Central,desktop,success,None,41.06
TX_00005753,2025-01-17 20:22:00,Startup,crypto,EU-Central,mobile_ios,success,None,47.23
TX_00005754,2025-01-17 20:24:00,Enterprise,credit_card,EU-Central,desktop,success,None,147.26
TX_00005755,2025-01-17 20:32:00,Startup,debit,APAC,mobile_android,success,None,20.08
TX_00005756,2025-01-17 20:36:00,Startup,credit_card,US-East,mobile_android,success,None,43.24
TX_00005757,2025-01-17 20:37:00,SMB,credit_card,US-West,desktop,success,None,75.76
TX_00005758,2025-01-17 20:42:00,SMB,credit_card,US-West,desktop,success,None,63.3
TX_00005759,2025-01-17 20:45:00,Startup,credit_card,EU-Central,mobile_ios,success,None,33.82
TX_00005760,2025-01-17 20:46:00,Enterprise,credit_card,EU-Central,desktop,success,None,216.72
TX_00005761,2025-01-17 20:50:00,SMB,credit_card,APAC,mobile_android,success,None,81.88
TX_00005762,2025-01-17 20:57:00,SMB,debit,US-East,desktop,success,None,92.61
TX_00005763,2025-01-17 20:59:00,Startup,credit_card,US-East,desktop,success,None,51.44
TX_00005764,2025-01-17 21:00:00,Startup,credit_card,US-East,mobile_ios,success,None,35.6
TX_00005765,2025-01-17 21:06:00,SMB,debit,US-West,mobile_ios,success,None,60.72
TX_00005766,2025-01-17 21:09:00,SMB,credit_card,US-East,desktop,success,None,89.57
TX_00005767,2025-01-17 21:10:00,Startup,credit_card,EU-Central,desktop,success,None,31.6
TX_00005768,2025-01-17 21:12:00,Startup,credit_card,US-East,desktop,success,None,65.62
TX_00005769,2025-01-17 21:22:00,Startup,credit_card,US-East,desktop,success,None,43.89
TX_00005770,2025-01-17 21:23:00,SMB,credit_card,US-West,desktop,success,None,78.92
TX_00005771,2025-01-17 21:23:00,SMB,crypto,EU-Central,mobile_android,success,None,96.5
TX_00005772,2025-01-17 21:26:00,SMB,credit_card,US-East,desktop,success,None,64.76
TX_00005773,2025-01-17 21:27:00,Startup,credit_card,EU-Central,desktop,success,None,47.63
TX_00005774,2025-01-17 21:35:00,Enterprise,credit_card,US-West,mobile_ios,success,None,143.04
TX_00005775,2025-01-17 21:38:00,SMB,credit_card,US-East,desktop,success,None,90.91
TX_00005776,2025-01-17 21:40:00,Enterprise,credit_card,US-East,mobile_android,success,None,115.44
TX_00005777,2025-01-17 21:45:00,SMB,credit_card,EU-Central,mobile_ios,success,None,97.51
TX_00005778,2025-01-17 21:51:00,Startup,credit_card,US-East,desktop,success,None,34.89
TX_00005779,2025-01-17 21:54:00,Enterprise,credit_card,APAC,mobile_android,success,None,163.62
TX_00005780,2025-01-17 21:54:00,Startup,debit,US-West,desktop,success,None,17.55
TX_00005781,2025-01-17 22:03:00,Startup,credit_card,US-East,mobile_ios,success,None,27.2
TX_00005782,2025-01-17 22:03:00,SMB,credit_card,US-East,mobile_android,success,None,100.32
TX_00005783,2025-01-17 22:04:00,Startup,debit,US-East,mobile_android,success,None,42.31
TX_00005784,2025-01-17 22:06:00,Startup,credit_card,US-West,desktop,success,None,33.95
TX_00005785,2025-01-17 22:08:00,Startup,debit,US-West,desktop,success,None,48.83
TX_00005786,2025-01-17 22:10:00,SMB,debit,EU-Central,desktop,success,None,83.07
TX_00005787,2025-01-17 22:16:00,Enterprise,credit_card,US-East,mobile_ios,success,None,183.81
TX_00005788,2025-01-17 22:26:00,Enterprise,credit_card,US-East,mobile_android,success,None,115.37
TX_00005789,2025-01-17 22:34:00,Startup,crypto,US-East,desktop,success,None,50.86
TX_00005790,2025-01-17 22:38:00,Startup,debit,US-East,desktop,success,None,30.13
TX_00005791,2025-01-17 22:45:00,Startup,crypto,US-West,mobile_android,success,None,25.7
TX_00005792,2025-01-17 22:46:00,SMB,credit_card,APAC,desktop,success,None,93.48
TX_00005793,2025-01-17 22:57:00,SMB,credit_card,US-West,desktop,success,None,83.68
TX_00005794,2025-01-17 23:03:00,SMB,crypto,EU-Central,desktop,success,None,66.22
TX_00005795,2025-01-17 23:06:00,SMB,credit_card,US-East,desktop,success,None,89.39
TX_00005796,2025-01-17 23:07:00,Startup,crypto,US-East,mobile_android,success,None,39.16
TX_00005797,2025-01-17 23:22:00,SMB,credit_card,US-East,mobile_android,success,None,94.14
TX_00005798,2025-01-17 23:46:00,SMB,crypto,US-East,desktop,success,None,53.58
TX_00005799,2025-01-17 23:46:00,SMB,credit_card,US-West,mobile_android,success,None,95.95
TX_00005800,2025-01-17 23:52:00,SMB,credit_card,US-East,desktop,success,None,97.08
TX_00005801,2025-01-17 23:53:00,SMB,debit,EU-Central,mobile_android,success,None,90.34
TX_00005802,2025-01-17 23:56:00,Enterprise,credit_card,APAC,desktop,success,None,131.39
TX_00005803,2025-01-18 00:04:00,SMB,credit_card,US-East,mobile_android,success,None,83.88
TX_00005804,2025-01-18 00:05:00,Enterprise,credit_card,EU-Central,desktop,success,None,123.36
TX_00005805,2025-01-18 00:06:00,SMB,debit,US-West,desktop,success,None,92.67
TX_00005806,2025-01-18 00:07:00,Startup,crypto,US-East,mobile_android,success,None,33.02
TX_00005807,2025-01-18 00:09:00,SMB,credit_card,APAC,desktop,success,None,53.81
TX_00005808,2025-01-18 00:09:00,Startup,credit_card,US-East,mobile_android,success,None,40.68
TX_00005809,2025-01-18 00:15:00,Startup,credit_card,EU-Central,desktop,success,None,31.14
TX_00005810,2025-01-18 00:22:00,SMB,debit,US-East,desktop,failed,Card expired,0.0
TX_00005811,2025-01-18 00:22:00,Startup,credit_card,US-East,mobile_android,success,None,41.36
TX_00005812,2025-01-18 00:23:00,Enterprise,credit_card,US-West,mobile_ios,success,None,122.45
TX_00005813,2025-01-18 00:24:00,Startup,credit_card,EU-Central,desktop,success,None,54.82
TX_00005814,2025-01-18 00:38:00,Startup,credit_card,US-East,desktop,success,None,53.44
TX_00005815,2025-01-18 00:39:00,Startup,debit,US-East,mobile_ios,success,None,27.82
TX_00005816,2025-01-18 00:39:00,SMB,credit_card,US-West,desktop,success,None,81.67
TX_00005817,2025-01-18 00:47:00,SMB,credit_card,US-East,desktop,success,None,75.88
TX_00005818,2025-01-18 00:50:00,SMB,credit_card,US-West,mobile_ios,success,None,75.61
TX_00005819,2025-01-18 00:52:00,Startup,debit,EU-Central,mobile_ios,success,None,38.31
TX_00005820,2025-01-18 00:55:00,Startup,credit_card,EU-Central,mobile_android,success,None,54.19
TX_00005821,2025-01-18 00:58:00,SMB,credit_card,EU-Central,mobile_ios,success,None,60.56
TX_00005822,2025-01-18 01:04:00,SMB,credit_card,APAC,desktop,success,None,75.31
TX_00005823,2025-01-18 01:08:00,Startup,debit,EU-Central,desktop,success,None,32.21
TX_00005824,2025-01-18 01:17:00,SMB,credit_card,APAC,desktop,success,None,86.87
TX_00005825,2025-01-18 01:17:00,Startup,credit_card,US-East,desktop,success,None,42.59
TX_00005826,2025-01-18 01:25:00,Startup,credit_card,US-West,desktop,success,None,34.11
TX_00005827,2025-01-18 01:26:00,Enterprise,credit_card,APAC,mobile_android,success,None,149.21
TX_00005828,2025-01-18 01:30:00,Startup,crypto,US-West,mobile_android,success,None,31.77
TX_00005829,2025-01-18 01:30:00,SMB,credit_card,EU-Central,mobile_ios,success,None,90.17
TX_00005830,2025-01-18 01:34:00,SMB,crypto,US-East,mobile_ios,success,None,83.43
TX_00005831,2025-01-18 01:38:00,Startup,credit_card,EU-Central,desktop,success,None,41.83
TX_00005832,2025-01-18 01:54:00,Startup,credit_card,US-West,mobile_ios,success,None,21.6
TX_00005833,2025-01-18 01:56:00,SMB,credit_card,US-East,mobile_android,success,None,112.5
TX_00005834,2025-01-18 01:56:00,SMB,crypto,US-East,mobile_ios,success,None,60.8
TX_00005835,2025-01-18 01:59:00,SMB,credit_card,US-East,desktop,success,None,65.41
TX_00005836,2025-01-18 02:00:00,SMB,debit,APAC,mobile_ios,success,None,108.92
TX_00005837,2025-01-18 02:04:00,Enterprise,credit_card,US-West,mobile_ios,success,None,135.2
TX_00005838,2025-01-18 02:11:00,SMB,credit_card,APAC,desktop,success,None,112.2
TX_00005839,2025-01-18 02:18:00,Enterprise,debit,US-West,desktop,success,None,160.79
TX_00005840,2025-01-18 02:24:00,SMB,crypto,APAC,mobile_ios,success,None,59.2
TX_00005841,2025-01-18 02:48:00,SMB,credit_card,US-West,mobile_ios,success,None,88.78
TX_00005842,2025-01-18 02:58:00,Startup,debit,US-East,mobile_android,success,None,30.65
TX_00005843,2025-01-18 03:00:00,Startup,credit_card,US-East,desktop,success,None,59.16
TX_00005844,2025-01-18 03:02:00,SMB,credit_card,APAC,desktop,success,None,71.89
TX_00005845,2025-01-18 03:05:00,Enterprise,credit_card,US-East,desktop,success,None,125.52
TX_00005846,2025-01-18 03:25:00,SMB,credit_card,US-East,desktop,success,None,84.58
TX_00005847,2025-01-18 03:30:00,SMB,credit_card,US-East,mobile_ios,success,None,76.25
TX_00005848,2025-01-18 03:40:00,SMB,credit_card,US-East,mobile_android,failed,Insufficient funds,0.0
TX_00005849,2025-01-18 03:43:00,Startup,crypto,EU-Central,mobile_ios,success,None,48.37
TX_00005850,2025-01-18 03:44:00,Startup,debit,US-West,mobile_android,success,None,39.92
TX_00005851,2025-01-18 03:54:00,Startup,credit_card,US-West,desktop,success,None,35.38
TX_00005852,2025-01-18 04:02:00,SMB,crypto,APAC,desktop,success,None,75.25
TX_00005853,2025-01-18 04:09:00,Startup,credit_card,US-West,desktop,success,None,41.39
TX_00005854,2025-01-18 04:09:00,Startup,credit_card,EU-Central,mobile_ios,success,None,34.36
TX_00005855,2025-01-18 04:14:00,SMB,debit,US-East,desktop,success,None,87.32
TX_00005856,2025-01-18 04:16:00,SMB,credit_card,APAC,mobile_ios,success,None,51.94
TX_00005857,2025-01-18 04:26:00,SMB,debit,US-East,desktop,success,None,96.2
TX_00005858,2025-01-18 04:27:00,SMB,credit_card,EU-Central,desktop,success,None,82.44
TX_00005859,2025-01-18 04:42:00,Startup,credit_card,US-West,desktop,success,None,35.63
TX_00005860,2025-01-18 04:45:00,SMB,credit_card,US-East,desktop,success,None,76.67
TX_00005861,2025-01-18 04:50:00,Enterprise,crypto,US-East,mobile_android,success,None,123.75
TX_00005862,2025-01-18 05:11:00,SMB,debit,US-East,mobile_android,success,None,74.22
TX_00005863,2025-01-18 05:31:00,SMB,debit,US-East,desktop,success,None,92.12
TX_00005864,2025-01-18 05:33:00,Startup,credit_card,US-West,mobile_android,success,None,46.7
TX_00005865,2025-01-18 05:35:00,SMB,credit_card,APAC,mobile_ios,success,None,50.42
TX_00005866,2025-01-18 05:36:00,Startup,debit,US-West,mobile_ios,success,None,47.99
TX_00005867,2025-01-18 05:37:00,SMB,credit_card,US-West,desktop,success,None,87.79
TX_00005868,2025-01-18 05:37:00,SMB,credit_card,US-East,mobile_ios,success,None,71.09
TX_00005869,2025-01-18 05:38:00,SMB,debit,US-East,desktop,success,None,74.47
TX_00005870,2025-01-18 05:39:00,Startup,credit_card,US-West,desktop,success,None,28.78
TX_00005871,2025-01-18 05:40:00,Enterprise,credit_card,APAC,desktop,success,None,122.83
TX_00005872,2025-01-18 05:46:00,SMB,debit,EU-Central,mobile_ios,success,None,90.76
TX_00005873,2025-01-18 05:49:00,SMB,debit,US-East,mobile_ios,success,None,61.5
TX_00005874,2025-01-18 05:51:00,SMB,debit,US-West,mobile_android,success,None,97.44
TX_00005875,2025-01-18 05:53:00,Startup,credit_card,US-West,mobile_ios,success,None,34.63
TX_00005876,2025-01-18 05:57:00,SMB,credit_card,US-West,mobile_android,success,None,83.34
TX_00005877,2025-01-18 06:02:00,SMB,debit,US-West,mobile_ios,success,None,84.99
TX_00005878,2025-01-18 06:03:00,SMB,debit,EU-Central,desktop,success,None,62.35
TX_00005879,2025-01-18 06:05:00,Startup,credit_card,US-East,mobile_ios,success,None,38.89
TX_00005880,2025-01-18 06:06:00,SMB,crypto,APAC,desktop,success,None,98.13
TX_00005881,2025-01-18 06:06:00,Startup,crypto,US-East,mobile_ios,success,None,50.76
TX_00005882,2025-01-18 06:09:00,Startup,credit_card,US-West,mobile_ios,success,None,42.33
TX_00005883,2025-01-18 06:13:00,SMB,debit,APAC,mobile_ios,success,None,66.97
TX_00005884,2025-01-18 06:18:00,SMB,credit_card,US-West,desktop,success,None,76.59
TX_00005885,2025-01-18 06:20:00,SMB,credit_card,US-East,mobile_ios,success,None,61.11
TX_00005886,2025-01-18 06:20:00,Startup,credit_card,US-East,desktop,success,None,39.91
TX_00005887,2025-01-18 06:21:00,Enterprise,credit_card,US-West,desktop,success,None,147.95
TX_00005888,2025-01-18 06:34:00,SMB,crypto,US-East,mobile_ios,success,None,60.9
TX_00005889,2025-01-18 06:41:00,Startup,debit,US-West,mobile_ios,success,None,66.34
TX_00005890,2025-01-18 06:45:00,SMB,debit,US-East,desktop,success,None,84.06
TX_00005891,2025-01-18 07:00:00,SMB,credit_card,EU-Central,mobile_ios,success,None,77.66
TX_00005892,2025-01-18 07:04:00,SMB,credit_card,US-East,mobile_ios,success,None,93.85
TX_00005893,2025-01-18 07:17:00,SMB,credit_card,US-West,desktop,success,None,68.24
TX_00005894,2025-01-18 07:17:00,SMB,credit_card,US-West,mobile_ios,success,None,67.04
TX_00005895,2025-01-18 07:18:00,SMB,credit_card,US-West,desktop,success,None,92.8
TX_00005896,2025-01-18 07:20:00,Startup,credit_card,US-East,mobile_ios,success,None,56.98
TX_00005897,2025-01-18 07:31:00,SMB,credit_card,US-West,desktop,success,None,73.0
TX_00005898,2025-01-18 07:33:00,Startup,credit_card,US-West,desktop,success,None,47.79
TX_00005899,2025-01-18 07:38:00,Startup,credit_card,US-East,mobile_android,success,None,37.99
TX_00005900,2025-01-18 07:41:00,Enterprise,credit_card,EU-Central,mobile_android,success,None,151.09
TX_00005901,2025-01-18 07:44:00,Startup,debit,EU-Central,mobile_ios,success,None,33.09
TX_00005902,2025-01-18 07:50:00,Enterprise,credit_card,US-East,desktop,success,None,176.33
TX_00005903,2025-01-18 07:51:00,Startup,credit_card,US-West,desktop,success,None,31.15
TX_00005904,2025-01-18 08:08:00,Startup,debit,US-West,mobile_ios,success,None,40.15
TX_00005905,2025-01-18 08:12:00,SMB,crypto,US-East,desktop,success,None,86.57
TX_00005906,2025-01-18 08:16:00,SMB,debit,US-East,mobile_android,success,None,72.72
TX_00005907,2025-01-18 08:21:00,SMB,credit_card,APAC,desktop,success,None,102.05
TX_00005908,2025-01-18 08:22:00,SMB,credit_card,US-West,desktop,success,None,89.83
TX_00005909,2025-01-18 08:35:00,SMB,crypto,APAC,mobile_ios,success,None,74.62
TX_00005910,2025-01-18 08:40:00,SMB,debit,US-West,mobile_ios,success,None,93.05
TX_00005911,2025-01-18 08:40:00,Startup,credit_card,US-East,desktop,success,None,41.72
TX_00005912,2025-01-18 08:43:00,SMB,credit_card,US-East,mobile_android,success,None,89.73
TX_00005913,2025-01-18 08:46:00,Startup,credit_card,EU-Central,mobile_ios,success,None,36.59
TX_00005914,2025-01-18 08:48:00,Startup,credit_card,US-West,mobile_android,success,None,34.87
TX_00005915,2025-01-18 08:49:00,SMB,debit,US-East,mobile_ios,success,None,89.31
TX_00005916,2025-01-18 08:57:00,Startup,credit_card,US-West,mobile_ios,success,None,51.46
TX_00005917,2025-01-18 09:00:00,SMB,crypto,EU-Central,desktop,success,None,94.4
TX_00005918,2025-01-18 09:02:00,Enterprise,credit_card,EU-Central,mobile_ios,success,None,125.88
TX_00005919,2025-01-18 09:05:00,Startup,debit,US-East,mobile_ios,success,None,37.53
TX_00005920,2025-01-18 09:07:00,SMB,credit_card,US-East,desktop,success,None,90.62
TX_00005921,2025-01-18 09:12:00,SMB,credit_card,APAC,desktop,success,None,90.97
TX_00005922,2025-01-18 09:12:00,Startup,credit_card,EU-Central,mobile_ios,success,None,23.66
TX_00005923,2025-01-18 09:31:00,Startup,debit,US-East,desktop,success,None,40.05
TX_00005924,2025-01-18 09:33:00,Startup,credit_card,EU-Central,desktop,success,None,48.46
TX_00005925,2025-01-18 09:44:00,Startup,credit_card,US-East,desktop,success,None,51.1
TX_00005926,2025-01-18 09:48:00,Enterprise,debit,US-East,desktop,success,None,159.89
TX_00005927,2025-01-18 09:49:00,SMB,credit_card,US-East,mobile_ios,success,None,104.77
TX_00005928,2025-01-18 09:54:00,Startup,crypto,US-East,desktop,success,None,39.16
TX_00005929,2025-01-18 10:01:00,SMB,crypto,EU-Central,desktop,success,None,83.08
TX_00005930,2025-01-18 10:12:00,SMB,crypto,US-West,desktop,success,None,66.57
TX_00005931,2025-01-18 10:15:00,SMB,credit_card,US-East,desktop,success,None,84.08
TX_00005932,2025-01-18 10:17:00,Startup,credit_card,EU-Central,mobile_ios,success,None,30.21
TX_00005933,2025-01-18 10:23:00,SMB,crypto,EU-Central,desktop,success,None,95.14
TX_00005934,2025-01-18 10:25:00,Startup,credit_card,US-East,desktop,success,None,37.37
TX_00005935,2025-01-18 10:32:00,SMB,credit_card,US-West,desktop,success,None,93.85
TX_00005936,2025-01-18 10:41:00,Enterprise,debit,EU-Central,mobile_android,success,None,141.66
TX_00005937,2025-01-18 10:42:00,SMB,credit_card,EU-Central,desktop,success,None,94.59
TX_00005938,2025-01-18 11:02:00,SMB,debit,EU-Central,mobile_android,success,None,83.73
TX_00005939,2025-01-18 11:10:00,Startup,debit,US-East,desktop,success,None,29.57
TX_00005940,2025-01-18 11:10:00,Enterprise,debit,US-East,mobile_ios,success,None,158.08
TX_00005941,2025-01-18 11:19:00,SMB,credit_card,EU-Central,desktop,success,None,81.06
TX_00005942,2025-01-18 11:21:00,SMB,credit_card,EU-Central,desktop,success,None,67.72
TX_00005943,2025-01-18 11:23:00,SMB,credit_card,US-East,mobile_ios,success,None,71.21
TX_00005944,2025-01-18 11:29:00,Enterprise,credit_card,US-East,mobile_ios,success,None,112.53
TX_00005945,2025-01-18 11:34:00,Enterprise,credit_card,EU-Central,desktop,success,None,140.51
TX_00005946,2025-01-18 11:39:00,Startup,credit_card,US-East,desktop,success,None,29.65
TX_00005947,2025-01-18 11:43:00,Startup,credit_card,US-East,desktop,success,None,37.9
TX_00005948,2025-01-18 11:44:00,SMB,credit_card,US-East,mobile_android,success,None,61.39
TX_00005949,2025-01-18 11:46:00,SMB,debit,US-West,mobile_android,success,None,83.7
TX_00005950,2025-01-18 11:48:00,SMB,credit_card,US-East,desktop,success,None,71.9
TX_00005951,2025-01-18 11:52:00,SMB,credit_card,US-West,mobile_ios,success,None,97.81
TX_00005952,2025-01-18 11:59:00,Startup,debit,US-East,desktop,success,None,29.4
TX_00005953,2025-01-18 12:12:00,Startup,debit,APAC,mobile_ios,success,None,24.87
TX_00005954,2025-01-18 12:15:00,SMB,credit_card,APAC,mobile_ios,success,None,97.6
TX_00005955,2025-01-18 12:15:00,Startup,debit,APAC,desktop,success,None,60.81
TX_00005956,2025-01-18 12:16:00,Enterprise,credit_card,EU-Central,desktop,success,None,173.66
TX_00005957,2025-01-18 12:27:00,SMB,credit_card,US-West,mobile_android,success,None,66.06
TX_00005958,2025-01-18 12:32:00,Enterprise,crypto,US-East,mobile_android,success,None,89.46
TX_00005959,2025-01-18 12:35:00,Enterprise,crypto,US-East,mobile_ios,success,None,176.92
TX_00005960,2025-01-18 12:41:00,Startup,credit_card,US-East,desktop,success,None,45.66
TX_00005961,2025-01-18 12:42:00,SMB,debit,US-East,desktop,success,None,87.64
TX_00005962,2025-01-18 12:51:00,Enterprise,debit,US-West,mobile_ios,success,None,130.68
TX_00005963,2025-01-18 12:56:00,Startup,crypto,APAC,mobile_android,success,None,35.8
TX_00005964,2025-01-18 13:14:00,Startup,credit_card,US-West,mobile_android,success,None,61.63
TX_00005965,2025-01-18 13:15:00,Startup,credit_card,US-West,desktop,success,None,37.85
TX_00005966,2025-01-18 13:19:00,Startup,credit_card,US-West,mobile_ios,success,None,34.46
TX_00005967,2025-01-18 13:19:00,SMB,credit_card,US-East,mobile_ios,success,None,82.18
TX_00005968,2025-01-18 13:20:00,Startup,credit_card,APAC,desktop,success,None,27.19
TX_00005969,2025-01-18 13:27:00,Startup,debit,US-West,desktop,success,None,38.01
TX_00005970,2025-01-18 13:29:00,Startup,debit,US-East,desktop,success,None,45.3
TX_00005971,2025-01-18 13:29:00,Startup,debit,APAC,mobile_ios,success,None,32.6
TX_00005972,2025-01-18 13:31:00,SMB,credit_card,US-West,mobile_android,success,None,89.99
TX_00005973,2025-01-18 13:47:00,Startup,credit_card,US-West,mobile_android,success,None,62.16
TX_00005974,2025-01-18 13:56:00,SMB,credit_card,US-West,mobile_ios,success,None,44.68
TX_00005975,2025-01-18 13:58:00,SMB,credit_card,EU-Central,desktop,success,None,70.3
TX_00005976,2025-01-18 14:18:00,Enterprise,crypto,US-East,mobile_ios,success,None,173.24
TX_00005977,2025-01-18 14:18:00,Startup,credit_card,EU-Central,mobile_android,success,None,57.32
TX_00005978,2025-01-18 14:22:00,SMB,debit,APAC,mobile_ios,success,None,90.97
TX_00005979,2025-01-18 14:23:00,SMB,credit_card,US-West,desktop,success,None,81.22
TX_00005980,2025-01-18 14:24:00,SMB,credit_card,US-West,mobile_android,success,None,93.07
TX_00005981,2025-01-18 14:25:00,Startup,debit,EU-Central,mobile_android,success,None,41.95
TX_00005982,2025-01-18 14:31:00,SMB,credit_card,US-East,mobile_android,success,None,63.3
TX_00005983,2025-01-18 14:31:00,Startup,credit_card,APAC,mobile_android,success,None,46.77
TX_00005984,2025-01-18 14:39:00,Startup,credit_card,US-West,desktop,success,None,43.54
TX_00005985,2025-01-18 14:42:00,SMB,debit,US-West,mobile_android,success,None,83.68
TX_00005986,2025-01-18 14:43:00,SMB,crypto,US-West,mobile_ios,success,None,77.92
TX_00005987,2025-01-18 14:44:00,Startup,debit,US-West,desktop,success,None,31.42
TX_00005988,2025-01-18 14:48:00,Startup,crypto,US-East,mobile_ios,success,None,51.96
TX_00005989,2025-01-18 14:52:00,Startup,debit,EU-Central,desktop,failed,Invalid PIN,0.0
TX_00005990,2025-01-18 14:52:00,SMB,debit,US-West,desktop,success,None,89.8
TX_00005991,2025-01-18 14:53:00,Startup,credit_card,EU-Central,mobile_android,success,None,44.94
TX_00005992,2025-01-18 15:00:00,SMB,credit_card,US-East,desktop,success,None,80.78
TX_00005993,2025-01-18 15:09:00,SMB,credit_card,US-West,mobile_android,success,None,96.55
TX_00005994,2025-01-18 15:14:00,Startup,debit,EU-Central,desktop,success,None,34.69
TX_00005995,2025-01-18 15:16:00,SMB,credit_card,APAC,desktop,success,None,83.26
TX_00005996,2025-01-18 15:18:00,Startup,credit_card,EU-Central,desktop,success,None,16.58
TX_00005997,2025-01-18 15:21:00,SMB,crypto,EU-Central,mobile_ios,success,None,84.47
TX_00005998,2025-01-18 15:36:00,Startup,credit_card,US-East,desktop,success,None,49.41
TX_00005999,2025-01-18 15:45:00,SMB,crypto,EU-Central,mobile_android,success,None,97.58
TX_00006000,2025-01-18 15:45:00,SMB,debit,US-East,mobile_ios,success,None,69.58
TX_00006001,2025-01-18 15:46:00,Startup,credit_card,US-East,mobile_ios,success,None,40.71
TX_00006002,2025-01-18 15:51:00,Enterprise,debit,US-East,desktop,success,None,165.32
TX_00006003,2025-01-18 16:06:00,Enterprise,debit,EU-Central,desktop,success,None,157.42
TX_00006004,2025-01-18 16:17:00,Startup,credit_card,US-East,mobile_android,success,None,40.11
TX_00006005,2025-01-18 16:24:00,SMB,debit,US-East,desktop,success,None,92.28
TX_00006006,2025-01-18 16:24:00,Startup,debit,US-East,desktop,success,None,38.66
TX_00006007,2025-01-18 16:30:00,SMB,credit_card,US-West,desktop,success,None,53.5
TX_00006008,2025-01-18 16:30:00,SMB,credit_card,EU-Central,mobile_android,success,None,75.78
TX_00006009,2025-01-18 16:31:00,Startup,credit_card,US-West,desktop,success,None,28.0
TX_00006010,2025-01-18 16:33:00,Startup,credit_card,US-West,desktop,success,None,35.92
TX_00006011,2025-01-18 16:36:00,SMB,credit_card,US-East,mobile_ios,success,None,43.26
TX_00006012,2025-01-18 16:39:00,SMB,debit,US-East,mobile_android,success,None,65.51
TX_00006013,2025-01-18 16:48:00,Startup,credit_card,US-East,desktop,success,None,26.46
TX_00006014,2025-01-18 16:51:00,SMB,debit,US-West,desktop,success,None,65.65
TX_00006015,2025-01-18 16:54:00,SMB,credit_card,US-West,desktop,success,None,71.02
TX_00006016,2025-01-18 16:56:00,SMB,credit_card,US-East,desktop,success,None,72.05
TX_00006017,2025-01-18 16:58:00,SMB,debit,EU-Central,desktop,success,None,78.43
TX_00006018,2025-01-18 17:00:00,SMB,debit,APAC,desktop,success,None,89.93
TX_00006019,2025-01-18 17:00:00,SMB,credit_card,US-East,mobile_ios,success,None,88.42
TX_00006020,2025-01-18 17:02:00,SMB,credit_card,US-East,desktop,success,None,51.22
TX_00006021,2025-01-18 17:10:00,Enterprise,debit,EU-Central,desktop,success,None,136.97
TX_00006022,2025-01-18 17:15:00,Enterprise,credit_card,US-East,mobile_android,success,None,174.08
TX_00006023,2025-01-18 17:17:00,Startup,credit_card,US-East,desktop,success,None,23.44
TX_00006024,2025-01-18 17:18:00,SMB,credit_card,US-East,desktop,failed,Invalid PIN,0.0
TX_00006025,2025-01-18 17:19:00,Startup,debit,APAC,desktop,success,None,36.67
TX_00006026,2025-01-18 17:20:00,Startup,credit_card,US-West,mobile_ios,success,None,47.36
TX_00006027,2025-01-18 17:21:00,Enterprise,credit_card,US-East,mobile_ios,success,None,157.29
TX_00006028,2025-01-18 17:22:00,Startup,credit_card,US-East,mobile_android,success,None,19.64
TX_00006029,2025-01-18 17:23:00,Enterprise,crypto,US-East,mobile_ios,success,None,118.32
TX_00006030,2025-01-18 17:25:00,Startup,credit_card,US-East,mobile_android,success,None,47.7
TX_00006031,2025-01-18 17:30:00,Startup,credit_card,US-West,mobile_ios,success,None,28.1
TX_00006032,2025-01-18 17:37:00,SMB,credit_card,EU-Central,desktop,success,None,77.14
TX_00006033,2025-01-18 17:38:00,Startup,credit_card,US-East,desktop,success,None,36.45
TX_00006034,2025-01-18 17:38:00,SMB,debit,US-East,mobile_ios,success,None,73.48
TX_00006035,2025-01-18 17:47:00,SMB,debit,US-East,mobile_android,success,None,85.87
TX_00006036,2025-01-18 17:52:00,Startup,debit,US-East,desktop,success,None,39.04
TX_00006037,2025-01-18 17:53:00,SMB,debit,APAC,desktop,success,None,60.54
TX_00006038,2025-01-18 17:56:00,SMB,crypto,US-East,mobile_android,success,None,65.92
TX_00006039,2025-01-18 17:57:00,SMB,credit_card,US-East,desktop,success,None,92.64
TX_00006040,2025-01-18 17:59:00,Startup,crypto,US-East,mobile_ios,success,None,41.03
TX_00006041,2025-01-18 18:03:00,SMB,credit_card,US-West,desktop,success,None,97.58
TX_00006042,2025-01-18 18:06:00,Startup,debit,APAC,desktop,success,None,31.64
TX_00006043,2025-01-18 18:10:00,Enterprise,credit_card,US-East,desktop,success,None,156.17
TX_00006044,2025-01-18 18:22:00,SMB,debit,US-West,mobile_ios,success,None,55.69
TX_00006045,2025-01-18 18:32:00,Startup,credit_card,US-East,desktop,success,None,28.02
TX_00006046,2025-01-18 18:32:00,SMB,debit,EU-Central,mobile_ios,success,None,66.92
TX_00006047,2025-01-18 18:36:00,Startup,crypto,US-West,desktop,success,None,21.01
TX_00006048,2025-01-18 18:39:00,SMB,debit,US-West,mobile_ios,success,None,74.84
TX_00006049,2025-01-18 18:41:00,Enterprise,debit,US-West,desktop,success,None,181.91
TX_00006050,2025-01-18 18:45:00,Enterprise,credit_card,APAC,mobile_ios,success,None,203.14
TX_00006051,2025-01-18 18:51:00,Startup,credit_card,US-West,mobile_android,success,None,39.29
TX_00006052,2025-01-18 18:53:00,SMB,crypto,US-West,desktop,success,None,89.69
TX_00006053,2025-01-18 18:56:00,Startup,debit,US-West,desktop,success,None,33.56
TX_00006054,2025-01-18 18:59:00,SMB,credit_card,US-West,mobile_android,success,None,99.51
TX_00006055,2025-01-18 19:05:00,SMB,credit_card,US-East,desktop,success,None,53.4
TX_00006056,2025-01-18 19:08:00,SMB,credit_card,US-East,desktop,success,None,64.69
TX_00006057,2025-01-18 19:14:00,Startup,credit_card,US-East,desktop,success,None,42.41
TX_00006058,2025-01-18 19:20:00,Startup,credit_card,US-West,mobile_android,success,None,50.18
TX_00006059,2025-01-18 19:23:00,Startup,credit_card,US-West,mobile_android,success,None,39.93
TX_00006060,2025-01-18 19:30:00,Enterprise,credit_card,US-East,desktop,success,None,128.36
TX_00006061,2025-01-18 19:31:00,SMB,credit_card,US-West,mobile_ios,success,None,65.53
TX_00006062,2025-01-18 19:38:00,SMB,credit_card,EU-Central,mobile_android,success,None,83.82
TX_00006063,2025-01-18 19:38:00,Startup,credit_card,US-East,desktop,success,None,49.32
TX_00006064,2025-01-18 19:42:00,SMB,credit_card,US-East,desktop,success,None,104.04
TX_00006065,2025-01-18 19:55:00,SMB,crypto,EU-Central,desktop,success,None,65.48
TX_00006066,2025-01-18 19:55:00,SMB,credit_card,US-West,desktop,success,None,47.34
TX_00006067,2025-01-18 20:02:00,SMB,debit,US-East,mobile_ios,success,None,69.33
TX_00006068,2025-01-18 20:03:00,Enterprise,crypto,US-West,desktop,failed,Card expired,0.0
TX_00006069,2025-01-18 20:12:00,Startup,credit_card,US-West,mobile_ios,success,None,25.21
TX_00006070,2025-01-18 20:13:00,SMB,credit_card,US-West,desktop,success,None,60.18
TX_00006071,2025-01-18 20:23:00,Startup,credit_card,US-West,mobile_ios,success,None,46.58
TX_00006072,2025-01-18 20:25:00,Startup,credit_card,US-West,mobile_ios,success,None,51.25
TX_00006073,2025-01-18 20:28:00,SMB,credit_card,EU-Central,mobile_ios,success,None,91.61
TX_00006074,2025-01-18 20:29:00,SMB,credit_card,US-East,mobile_android,success,None,82.24
TX_00006075,2025-01-18 20:31:00,Enterprise,debit,EU-Central,desktop,success,None,144.38
TX_00006076,2025-01-18 20:32:00,Startup,credit_card,APAC,mobile_ios,success,None,46.95
TX_00006077,2025-01-18 20:51:00,SMB,crypto,US-East,mobile_ios,success,None,108.23
TX_00006078,2025-01-18 20:54:00,SMB,credit_card,EU-Central,desktop,success,None,72.79
TX_00006079,2025-01-18 20:55:00,SMB,crypto,US-East,desktop,success,None,87.42
TX_00006080,2025-01-18 20:58:00,SMB,credit_card,US-East,desktop,success,None,84.39
TX_00006081,2025-01-18 20:59:00,SMB,credit_card,APAC,mobile_android,success,None,83.64
TX_00006082,2025-01-18 21:12:00,SMB,credit_card,US-East,mobile_ios,success,None,97.1
TX_00006083,2025-01-18 21:17:00,Startup,crypto,US-East,mobile_ios,success,None,29.97
TX_00006084,2025-01-18 21:21:00,Startup,credit_card,US-West,desktop,success,None,30.04
TX_00006085,2025-01-18 21:22:00,SMB,debit,US-West,mobile_android,success,None,76.99
TX_00006086,2025-01-18 21:23:00,SMB,debit,US-West,desktop,success,None,68.9
TX_00006087,2025-01-18 21:26:00,Startup,debit,US-East,mobile_ios,success,None,38.87
TX_00006088,2025-01-18 21:43:00,Enterprise,credit_card,US-East,mobile_android,success,None,139.15
TX_00006089,2025-01-18 21:45:00,Startup,crypto,US-East,desktop,success,None,40.01
TX_00006090,2025-01-18 21:51:00,SMB,debit,US-West,mobile_ios,success,None,93.5
TX_00006091,2025-01-18 21:52:00,Startup,credit_card,US-West,desktop,success,None,31.24
TX_00006092,2025-01-18 22:05:00,SMB,credit_card,US-West,desktop,success,None,65.16
TX_00006093,2025-01-18 22:17:00,SMB,crypto,US-West,mobile_ios,success,None,87.15
TX_00006094,2025-01-18 22:18:00,Startup,crypto,US-East,desktop,success,None,29.09
TX_00006095,2025-01-18 22:20:00,Enterprise,credit_card,EU-Central,desktop,success,None,188.91
TX_00006096,2025-01-18 22:21:00,SMB,debit,US-East,desktop,success,None,97.89
TX_00006097,2025-01-18 22:26:00,SMB,credit_card,US-East,desktop,success,None,56.95
TX_00006098,2025-01-18 22:32:00,Startup,credit_card,EU-Central,desktop,failed,Insufficient funds,0.0
TX_00006099,2025-01-18 22:33:00,SMB,credit_card,US-East,mobile_ios,success,None,103.77
TX_00006100,2025-01-18 22:49:00,Startup,credit_card,US-West,desktop,success,None,46.32
TX_00006101,2025-01-18 22:51:00,SMB,debit,US-East,mobile_android,success,None,84.04
TX_00006102,2025-01-18 22:51:00,SMB,credit_card,US-West,mobile_ios,success,None,85.51
TX_00006103,2025-01-18 22:55:00,Startup,credit_card,US-East,desktop,failed,Insufficient funds,0.0
TX_00006104,2025-01-18 23:00:00,Enterprise,credit_card,APAC,mobile_android,success,None,150.83
TX_00006105,2025-01-18 23:04:00,SMB,credit_card,US-East,desktop,success,None,100.96
TX_00006106,2025-01-18 23:08:00,Enterprise,crypto,US-West,desktop,failed,Insufficient funds,0.0
TX_00006107,2025-01-18 23:16:00,SMB,debit,EU-Central,desktop,success,None,40.68
TX_00006108,2025-01-18 23:19:00,Startup,credit_card,US-West,desktop,failed,Insufficient funds,0.0
TX_00006109,2025-01-18 23:21:00,SMB,crypto,US-West,mobile_android,success,None,94.16
TX_00006110,2025-01-18 23:23:00,SMB,credit_card,US-West,desktop,success,None,88.33
TX_00006111,2025-01-18 23:32:00,SMB,debit,US-West,mobile_android,success,None,100.4
TX_00006112,2025-01-18 23:32:00,SMB,crypto,EU-Central,mobile_ios,success,None,92.43
TX_00006113,2025-01-18 23:41:00,SMB,credit_card,US-East,desktop,success,None,92.52
TX_00006114,2025-01-18 23:57:00,Startup,debit,EU-Central,mobile_android,success,None,26.19
TX_00006115,2025-01-19 00:00:00,Startup,credit_card,US-West,mobile_android,success,None,49.37
TX_00006116,2025-01-19 00:03:00,Enterprise,credit_card,EU-Central,mobile_android,success,None,191.99
TX_00006117,2025-01-19 00:11:00,Enterprise,credit_card,US-East,mobile_ios,success,None,122.8
TX_00006118,2025-01-19 00:13:00,Startup,crypto,EU-Central,desktop,success,None,45.36
TX_00006119,2025-01-19 00:14:00,SMB,credit_card,US-East,desktop,success,None,72.4
TX_00006120,2025-01-19 00:14:00,SMB,crypto,EU-Central,mobile_ios,success,None,66.06
TX_00006121,2025-01-19 00:18:00,Startup,crypto,US-West,desktop,success,None,37.58
TX_00006122,2025-01-19 00:19:00,SMB,credit_card,US-West,mobile_ios,success,None,87.51
TX_00006123,2025-01-19 00:19:00,SMB,credit_card,US-West,mobile_ios,success,None,107.01
TX_00006124,2025-01-19 00:25:00,Startup,debit,US-East,desktop,success,None,38.61
TX_00006125,2025-01-19 00:34:00,Startup,credit_card,US-West,desktop,success,None,39.89
TX_00006126,2025-01-19 00:37:00,SMB,credit_card,US-East,mobile_android,success,None,77.44
TX_00006127,2025-01-19 00:38:00,Enterprise,crypto,US-West,desktop,success,None,145.24
TX_00006128,2025-01-19 00:38:00,SMB,debit,EU-Central,desktop,success,None,77.23
TX_00006129,2025-01-19 00:43:00,Startup,credit_card,US-East,desktop,success,None,42.6
TX_00006130,2025-01-19 00:43:00,SMB,debit,US-West,desktop,success,None,76.06
TX_00006131,2025-01-19 00:44:00,Enterprise,credit_card,US-West,desktop,success,None,174.73
TX_00006132,2025-01-19 00:46:00,Startup,credit_card,US-East,desktop,success,None,42.78
TX_00006133,2025-01-19 01:08:00,SMB,crypto,APAC,desktop,success,None,74.43
TX_00006134,2025-01-19 01:11:00,Enterprise,debit,US-West,mobile_ios,success,None,159.24
TX_00006135,2025-01-19 01:13:00,SMB,credit_card,US-East,desktop,success,None,99.05
TX_00006136,2025-01-19 01:13:00,SMB,credit_card,US-East,desktop,success,None,97.87
TX_00006137,2025-01-19 01:15:00,SMB,debit,US-West,mobile_android,success,None,88.44
TX_00006138,2025-01-19 01:33:00,Startup,credit_card,US-East,mobile_ios,success,None,56.57
TX_00006139,2025-01-19 01:35:00,Startup,credit_card,US-East,desktop,success,None,57.28
TX_00006140,2025-01-19 01:36:00,SMB,credit_card,US-East,mobile_android,success,None,70.29
TX_00006141,2025-01-19 01:37:00,SMB,debit,US-West,desktop,success,None,82.99
TX_00006142,2025-01-19 01:39:00,SMB,credit_card,US-West,desktop,success,None,105.34
TX_00006143,2025-01-19 01:45:00,SMB,credit_card,US-East,mobile_android,success,None,74.18
TX_00006144,2025-01-19 01:46:00,Enterprise,credit_card,US-West,desktop,success,None,165.4
TX_00006145,2025-01-19 01:47:00,Startup,credit_card,APAC,mobile_android,success,None,37.38
TX_00006146,2025-01-19 01:48:00,SMB,credit_card,APAC,mobile_android,success,None,65.54
TX_00006147,2025-01-19 01:49:00,SMB,credit_card,EU-Central,desktop,success,None,72.99
TX_00006148,2025-01-19 01:55:00,SMB,credit_card,EU-Central,desktop,success,None,73.65
TX_00006149,2025-01-19 01:59:00,SMB,debit,US-East,desktop,success,None,96.83
TX_00006150,2025-01-19 02:09:00,Enterprise,credit_card,US-East,desktop,success,None,185.2
TX_00006151,2025-01-19 02:22:00,Enterprise,credit_card,US-West,mobile_android,success,None,135.4
TX_00006152,2025-01-19 02:29:00,SMB,crypto,US-West,desktop,success,None,48.91
TX_00006153,2025-01-19 02:29:00,Startup,debit,EU-Central,desktop,success,None,54.71
TX_00006154,2025-01-19 02:41:00,SMB,debit,US-East,mobile_ios,success,None,59.33
TX_00006155,2025-01-19 02:46:00,SMB,credit_card,US-West,desktop,success,None,86.98
TX_00006156,2025-01-19 02:52:00,SMB,credit_card,US-West,desktop,success,None,107.04
TX_00006157,2025-01-19 02:56:00,Startup,debit,US-West,desktop,success,None,25.72
TX_00006158,2025-01-19 03:05:00,SMB,debit,US-West,mobile_ios,success,None,91.85
TX_00006159,2025-01-19 03:11:00,Enterprise,credit_card,US-East,desktop,success,None,145.69
TX_00006160,2025-01-19 03:13:00,SMB,credit_card,APAC,desktop,success,None,81.74
TX_00006161,2025-01-19 03:16:00,Startup,crypto,US-West,desktop,success,None,38.44
TX_00006162,2025-01-19 03:19:00,Enterprise,credit_card,US-West,mobile_ios,success,None,125.71
TX_00006163,2025-01-19 03:20:00,SMB,credit_card,US-East,desktop,success,None,92.22
TX_00006164,2025-01-19 03:22:00,Enterprise,credit_card,US-West,desktop,success,None,151.44
TX_00006165,2025-01-19 03:23:00,Enterprise,debit,US-East,desktop,success,None,124.01
TX_00006166,2025-01-19 03:23:00,SMB,debit,US-East,mobile_ios,success,None,116.1
TX_00006167,2025-01-19 03:28:00,SMB,debit,US-East,desktop,success,None,74.86
TX_00006168,2025-01-19 03:32:00,Startup,credit_card,US-East,mobile_ios,success,None,31.65
TX_00006169,2025-01-19 03:40:00,Startup,credit_card,US-West,desktop,success,None,41.97
TX_00006170,2025-01-19 03:40:00,SMB,credit_card,US-East,mobile_ios,success,None,48.44
TX_00006171,2025-01-19 03:43:00,SMB,debit,EU-Central,mobile_ios,success,None,65.28
TX_00006172,2025-01-19 03:43:00,SMB,debit,US-East,mobile_android,success,None,86.34
TX_00006173,2025-01-19 03:43:00,Enterprise,crypto,US-East,mobile_ios,success,None,143.56
TX_00006174,2025-01-19 03:44:00,Startup,credit_card,EU-Central,desktop,success,None,7.53
TX_00006175,2025-01-19 03:45:00,Startup,debit,US-East,mobile_android,success,None,33.97
TX_00006176,2025-01-19 03:47:00,SMB,credit_card,US-East,mobile_ios,success,None,73.61
TX_00006177,2025-01-19 03:49:00,Enterprise,credit_card,US-East,mobile_android,success,None,157.76
TX_00006178,2025-01-19 03:49:00,Enterprise,credit_card,EU-Central,desktop,success,None,163.69
TX_00006179,2025-01-19 03:55:00,Startup,credit_card,EU-Central,mobile_ios,success,None,43.78
TX_00006180,2025-01-19 04:00:00,Startup,crypto,US-East,desktop,success,None,48.97
TX_00006181,2025-01-19 04:07:00,Startup,credit_card,US-West,mobile_ios,success,None,40.44
TX_00006182,2025-01-19 04:10:00,Startup,crypto,US-West,mobile_android,success,None,31.24
TX_00006183,2025-01-19 04:12:00,SMB,credit_card,APAC,mobile_ios,success,None,59.65
TX_00006184,2025-01-19 04:17:00,Startup,credit_card,US-East,mobile_ios,failed,Insufficient funds,0.0
TX_00006185,2025-01-19 04:21:00,Startup,credit_card,EU-Central,desktop,success,None,45.79
TX_00006186,2025-01-19 04:23:00,SMB,credit_card,US-East,desktop,success,None,65.67
TX_00006187,2025-01-19 04:23:00,SMB,credit_card,US-East,desktop,success,None,108.67
TX_00006188,2025-01-19 04:29:00,Startup,credit_card,US-East,desktop,success,None,43.27
TX_00006189,2025-01-19 04:40:00,SMB,credit_card,EU-Central,desktop,success,None,69.45
TX_00006190,2025-01-19 04:41:00,Startup,crypto,US-West,desktop,success,None,31.76
TX_00006191,2025-01-19 04:41:00,Startup,debit,US-West,desktop,success,None,33.78
TX_00006192,2025-01-19 04:45:00,Startup,debit,US-West,desktop,success,None,31.47
TX_00006193,2025-01-19 04:46:00,Startup,credit_card,US-West,mobile_ios,success,None,55.35
TX_00006194,2025-01-19 04:51:00,SMB,credit_card,EU-Central,mobile_ios,success,None,79.07
TX_00006195,2025-01-19 04:52:00,Startup,credit_card,US-East,desktop,success,None,25.14
TX_00006196,2025-01-19 04:52:00,SMB,debit,US-West,desktop,success,None,64.37
TX_00006197,2025-01-19 04:53:00,SMB,credit_card,US-East,mobile_android,success,None,79.41
TX_00006198,2025-01-19 04:55:00,Enterprise,credit_card,US-West,desktop,success,None,164.29
TX_00006199,2025-01-19 05:00:00,SMB,credit_card,EU-Central,mobile_android,success,None,83.54
TX_00006200,2025-01-19 05:29:00,SMB,credit_card,US-West,desktop,success,None,80.18
TX_00006201,2025-01-19 05:36:00,Startup,debit,EU-Central,desktop,success,None,44.45
TX_00006202,2025-01-19 05:38:00,SMB,credit_card,US-East,desktop,success,None,108.72
TX_00006203,2025-01-19 05:50:00,SMB,credit_card,US-West,desktop,success,None,93.97
TX_00006204,2025-01-19 06:07:00,SMB,debit,US-East,desktop,success,None,82.84
TX_00006205,2025-01-19 06:09:00,Enterprise,credit_card,APAC,desktop,success,None,150.41
TX_00006206,2025-01-19 06:12:00,Startup,credit_card,US-East,mobile_ios,success,None,32.03
TX_00006207,2025-01-19 06:12:00,SMB,credit_card,US-West,desktop,success,None,58.93
TX_00006208,2025-01-19 06:13:00,Startup,debit,EU-Central,mobile_ios,success,None,47.47
TX_00006209,2025-01-19 06:19:00,Startup,crypto,APAC,mobile_android,success,None,47.28
TX_00006210,2025-01-19 06:29:00,SMB,debit,US-West,mobile_ios,success,None,70.27
TX_00006211,2025-01-19 06:32:00,Startup,debit,US-East,desktop,success,None,32.96
TX_00006212,2025-01-19 06:45:00,SMB,credit_card,US-West,desktop,success,None,104.37
TX_00006213,2025-01-19 06:47:00,SMB,credit_card,US-East,desktop,success,None,67.66
TX_00006214,2025-01-19 06:49:00,Startup,credit_card,US-West,mobile_ios,success,None,45.66
TX_00006215,2025-01-19 06:51:00,Startup,debit,APAC,mobile_ios,success,None,49.67
TX_00006216,2025-01-19 06:56:00,SMB,credit_card,US-East,desktop,success,None,78.22
TX_00006217,2025-01-19 06:57:00,Enterprise,debit,US-West,desktop,success,None,155.49
TX_00006218,2025-01-19 07:02:00,Enterprise,debit,EU-Central,desktop,success,None,142.15
TX_00006219,2025-01-19 07:05:00,SMB,crypto,US-East,mobile_android,success,None,58.4
TX_00006220,2025-01-19 07:07:00,Startup,credit_card,US-West,desktop,success,None,45.6
TX_00006221,2025-01-19 07:30:00,SMB,credit_card,EU-Central,mobile_android,success,None,48.42
TX_00006222,2025-01-19 07:30:00,SMB,credit_card,APAC,mobile_android,success,None,88.65
TX_00006223,2025-01-19 07:35:00,Startup,credit_card,US-West,mobile_android,success,None,45.82
TX_00006224,2025-01-19 07:42:00,SMB,debit,US-East,desktop,success,None,83.81
TX_00006225,2025-01-19 07:45:00,SMB,credit_card,US-East,desktop,success,None,83.61
TX_00006226,2025-01-19 07:46:00,Startup,crypto,US-West,desktop,success,None,33.49
TX_00006227,2025-01-19 07:50:00,Startup,crypto,US-East,mobile_android,success,None,32.08
TX_00006228,2025-01-19 07:53:00,Startup,credit_card,US-East,desktop,success,None,43.01
TX_00006229,2025-01-19 07:59:00,SMB,credit_card,EU-Central,mobile_ios,success,None,55.69
TX_00006230,2025-01-19 08:00:00,Startup,credit_card,EU-Central,mobile_android,success,None,39.75
TX_00006231,2025-01-19 08:17:00,SMB,credit_card,EU-Central,mobile_android,success,None,72.76
TX_00006232,2025-01-19 08:21:00,SMB,credit_card,US-East,mobile_ios,success,None,72.12
TX_00006233,2025-01-19 08:23:00,Startup,credit_card,US-East,desktop,success,None,37.71
TX_00006234,2025-01-19 08:24:00,SMB,credit_card,EU-Central,desktop,success,None,90.21
TX_00006235,2025-01-19 08:25:00,Startup,debit,EU-Central,desktop,success,None,32.31
TX_00006236,2025-01-19 08:26:00,SMB,credit_card,EU-Central,mobile_android,success,None,67.01
TX_00006237,2025-01-19 08:31:00,Enterprise,credit_card,APAC,mobile_android,success,None,142.6
TX_00006238,2025-01-19 08:32:00,Startup,credit_card,EU-Central,desktop,success,None,35.85
TX_00006239,2025-01-19 08:42:00,SMB,crypto,US-West,desktop,success,None,89.64
TX_00006240,2025-01-19 09:00:00,Startup,debit,US-East,mobile_ios,success,None,38.54
TX_00006241,2025-01-19 09:09:00,Enterprise,credit_card,US-West,desktop,success,None,146.4
TX_00006242,2025-01-19 09:09:00,Startup,debit,US-West,desktop,success,None,20.91
TX_00006243,2025-01-19 09:15:00,SMB,debit,US-East,desktop,success,None,76.0
TX_00006244,2025-01-19 09:18:00,SMB,debit,EU-Central,mobile_android,success,None,97.88
TX_00006245,2025-01-19 09:25:00,Enterprise,credit_card,US-East,mobile_android,success,None,149.5
TX_00006246,2025-01-19 09:29:00,Startup,debit,EU-Central,mobile_ios,success,None,41.27
TX_00006247,2025-01-19 09:38:00,Startup,credit_card,US-East,mobile_ios,success,None,38.42
TX_00006248,2025-01-19 09:40:00,Startup,crypto,US-West,desktop,success,None,47.18
TX_00006249,2025-01-19 09:42:00,SMB,credit_card,EU-Central,mobile_ios,success,None,106.26
TX_00006250,2025-01-19 09:45:00,SMB,crypto,US-East,desktop,success,None,50.45
TX_00006251,2025-01-19 09:52:00,Enterprise,crypto,US-West,desktop,success,None,106.49
TX_00006252,2025-01-19 09:54:00,SMB,credit_card,US-East,desktop,success,None,69.17
TX_00006253,2025-01-19 09:55:00,SMB,crypto,EU-Central,desktop,success,None,86.72
TX_00006254,2025-01-19 10:03:00,Startup,credit_card,EU-Central,mobile_android,success,None,37.09
TX_00006255,2025-01-19 10:06:00,Startup,credit_card,APAC,mobile_android,success,None,44.44
TX_00006256,2025-01-19 10:11:00,SMB,credit_card,EU-Central,mobile_ios,success,None,78.03
TX_00006257,2025-01-19 10:11:00,SMB,crypto,EU-Central,mobile_ios,success,None,79.7
TX_00006258,2025-01-19 10:12:00,Startup,credit_card,US-East,desktop,success,None,37.11
TX_00006259,2025-01-19 10:15:00,Enterprise,credit_card,US-East,mobile_ios,success,None,138.31
TX_00006260,2025-01-19 10:16:00,SMB,debit,US-West,mobile_ios,success,None,95.8
TX_00006261,2025-01-19 10:16:00,SMB,crypto,US-West,desktop,success,None,65.31
TX_00006262,2025-01-19 10:33:00,SMB,debit,EU-Central,desktop,success,None,88.56
TX_00006263,2025-01-19 10:35:00,Startup,credit_card,US-East,mobile_ios,success,None,52.23
TX_00006264,2025-01-19 10:37:00,SMB,credit_card,US-East,desktop,success,None,84.66
TX_00006265,2025-01-19 10:44:00,Enterprise,credit_card,US-West,desktop,success,None,188.74
TX_00006266,2025-01-19 10:47:00,SMB,debit,US-East,desktop,success,None,59.18
TX_00006267,2025-01-19 10:49:00,Startup,credit_card,US-West,desktop,success,None,28.88
TX_00006268,2025-01-19 10:52:00,SMB,credit_card,US-West,mobile_ios,success,None,93.96
TX_00006269,2025-01-19 10:52:00,SMB,debit,EU-Central,mobile_ios,success,None,76.97
TX_00006270,2025-01-19 10:59:00,Startup,credit_card,US-East,desktop,success,None,46.81
TX_00006271,2025-01-19 11:02:00,Startup,credit_card,APAC,mobile_android,success,None,35.88
TX_00006272,2025-01-19 11:06:00,Startup,credit_card,US-East,mobile_android,success,None,45.09
TX_00006273,2025-01-19 11:08:00,Startup,credit_card,US-East,desktop,success,None,38.36
TX_00006274,2025-01-19 11:09:00,SMB,credit_card,US-West,mobile_ios,success,None,59.51
TX_00006275,2025-01-19 11:33:00,SMB,credit_card,US-East,desktop,success,None,89.76
TX_00006276,2025-01-19 11:34:00,SMB,debit,US-East,mobile_ios,success,None,67.43
TX_00006277,2025-01-19 11:36:00,SMB,credit_card,US-East,mobile_android,success,None,56.38
TX_00006278,2025-01-19 11:36:00,Startup,credit_card,US-West,desktop,success,None,27.98
TX_00006279,2025-01-19 11:39:00,Startup,debit,EU-Central,mobile_ios,success,None,45.23
TX_00006280,2025-01-19 11:43:00,Startup,debit,US-West,mobile_android,success,None,33.95
TX_00006281,2025-01-19 11:47:00,SMB,debit,US-West,desktop,success,None,77.42
TX_00006282,2025-01-19 11:47:00,Startup,crypto,US-East,desktop,success,None,46.63
TX_00006283,2025-01-19 11:50:00,Startup,debit,US-East,desktop,success,None,55.46
TX_00006284,2025-01-19 11:56:00,SMB,credit_card,US-East,desktop,success,None,75.53
TX_00006285,2025-01-19 11:59:00,Startup,debit,EU-Central,desktop,success,None,52.08
TX_00006286,2025-01-19 12:01:00,SMB,credit_card,US-East,desktop,success,None,65.89
TX_00006287,2025-01-19 12:06:00,Enterprise,credit_card,APAC,desktop,success,None,149.59
TX_00006288,2025-01-19 12:09:00,Startup,credit_card,US-East,desktop,success,None,53.89
TX_00006289,2025-01-19 12:14:00,Startup,credit_card,US-West,mobile_ios,success,None,27.04
TX_00006290,2025-01-19 12:15:00,Enterprise,credit_card,APAC,mobile_android,success,None,163.96
TX_00006291,2025-01-19 12:17:00,SMB,credit_card,US-East,mobile_android,success,None,67.92
TX_00006292,2025-01-19 12:17:00,Startup,credit_card,EU-Central,desktop,success,None,42.48
TX_00006293,2025-01-19 12:20:00,Startup,debit,US-East,mobile_ios,failed,Card expired,0.0
TX_00006294,2025-01-19 12:20:00,Startup,crypto,US-East,mobile_android,success,None,39.02
TX_00006295,2025-01-19 12:21:00,SMB,credit_card,US-East,mobile_android,success,None,54.88
TX_00006296,2025-01-19 12:25:00,Enterprise,debit,EU-Central,mobile_android,success,None,153.08
TX_00006297,2025-01-19 12:31:00,SMB,credit_card,US-East,mobile_ios,success,None,83.39
TX_00006298,2025-01-19 12:32:00,SMB,crypto,US-East,desktop,success,None,91.12
TX_00006299,2025-01-19 12:41:00,SMB,credit_card,APAC,desktop,success,None,97.65
TX_00006300,2025-01-19 12:45:00,SMB,credit_card,US-East,desktop,success,None,73.42
TX_00006301,2025-01-19 12:51:00,SMB,credit_card,US-West,desktop,success,None,84.33
TX_00006302,2025-01-19 12:58:00,SMB,credit_card,APAC,mobile_android,success,None,101.22
TX_00006303,2025-01-19 13:05:00,Startup,credit_card,US-East,desktop,success,None,36.54
TX_00006304,2025-01-19 13:08:00,SMB,credit_card,US-East,mobile_android,success,None,67.1
TX_00006305,2025-01-19 13:08:00,SMB,credit_card,EU-Central,mobile_ios,success,None,124.07
TX_00006306,2025-01-19 13:08:00,Enterprise,credit_card,US-East,desktop,success,None,155.16
TX_00006307,2025-01-19 13:11:00,SMB,credit_card,US-East,desktop,success,None,85.14
TX_00006308,2025-01-19 13:15:00,Enterprise,crypto,US-West,desktop,success,None,148.92
TX_00006309,2025-01-19 13:23:00,Startup,credit_card,EU-Central,mobile_ios,success,None,43.25
TX_00006310,2025-01-19 13:23:00,Startup,credit_card,US-East,mobile_android,success,None,37.01
TX_00006311,2025-01-19 13:24:00,SMB,debit,US-East,mobile_android,success,None,87.79
TX_00006312,2025-01-19 13:27:00,Enterprise,debit,US-East,desktop,success,None,127.21
TX_00006313,2025-01-19 13:28:00,SMB,credit_card,US-East,desktop,success,None,75.52
TX_00006314,2025-01-19 13:32:00,Startup,debit,US-West,desktop,success,None,34.36
TX_00006315,2025-01-19 13:34:00,SMB,credit_card,US-East,desktop,success,None,74.12
TX_00006316,2025-01-19 13:36:00,SMB,credit_card,US-West,mobile_android,success,None,82.31
TX_00006317,2025-01-19 13:37:00,Startup,credit_card,US-West,desktop,success,None,34.88
TX_00006318,2025-01-19 13:39:00,Startup,debit,US-East,mobile_ios,success,None,33.89
TX_00006319,2025-01-19 13:45:00,Startup,credit_card,US-East,desktop,success,None,55.29
TX_00006320,2025-01-19 13:45:00,Startup,debit,US-East,desktop,success,None,57.93
TX_00006321,2025-01-19 13:46:00,Startup,credit_card,US-East,mobile_ios,success,None,47.92
TX_00006322,2025-01-19 13:51:00,SMB,debit,US-West,mobile_ios,success,None,93.96
TX_00006323,2025-01-19 13:54:00,SMB,credit_card,US-West,desktop,success,None,77.57
TX_00006324,2025-01-19 13:56:00,Startup,credit_card,US-East,mobile_ios,success,None,46.73
TX_00006325,2025-01-19 14:02:00,Startup,credit_card,US-West,desktop,success,None,54.33
TX_00006326,2025-01-19 14:02:00,Startup,debit,APAC,mobile_ios,success,None,39.76
TX_00006327,2025-01-19 14:24:00,Enterprise,credit_card,US-East,mobile_android,success,None,147.54
TX_00006328,2025-01-19 14:28:00,SMB,debit,US-West,mobile_ios,success,None,66.84
TX_00006329,2025-01-19 14:30:00,SMB,debit,EU-Central,desktop,success,None,46.1
TX_00006330,2025-01-19 14:46:00,SMB,credit_card,US-East,mobile_ios,success,None,85.15
TX_00006331,2025-01-19 14:51:00,SMB,crypto,EU-Central,mobile_android,success,None,90.89
TX_00006332,2025-01-19 14:59:00,Startup,debit,APAC,desktop,success,None,41.19
TX_00006333,2025-01-19 15:09:00,Enterprise,credit_card,US-East,mobile_ios,success,None,148.0
TX_00006334,2025-01-19 15:12:00,Startup,credit_card,EU-Central,desktop,success,None,23.27
TX_00006335,2025-01-19 15:18:00,Startup,credit_card,US-East,mobile_android,success,None,29.63
TX_00006336,2025-01-19 15:21:00,SMB,credit_card,US-East,desktop,success,None,93.1
TX_00006337,2025-01-19 15:29:00,SMB,credit_card,US-West,mobile_android,success,None,94.74
TX_00006338,2025-01-19 15:29:00,Startup,credit_card,US-East,mobile_ios,success,None,19.14
TX_00006339,2025-01-19 15:33:00,Startup,debit,US-West,desktop,success,None,57.97
TX_00006340,2025-01-19 15:33:00,Startup,credit_card,US-East,desktop,success,None,30.4
TX_00006341,2025-01-19 15:34:00,Startup,debit,EU-Central,desktop,success,None,46.85
TX_00006342,2025-01-19 15:47:00,Startup,credit_card,US-West,desktop,success,None,33.13
TX_00006343,2025-01-19 15:50:00,SMB,credit_card,US-West,desktop,success,None,61.78
TX_00006344,2025-01-19 15:52:00,Startup,debit,US-East,desktop,success,None,39.7
TX_00006345,2025-01-19 16:04:00,Startup,debit,US-East,desktop,success,None,25.07
TX_00006346,2025-01-19 16:19:00,Startup,credit_card,US-East,desktop,success,None,24.02
TX_00006347,2025-01-19 16:20:00,Enterprise,credit_card,EU-Central,desktop,success,None,127.45
TX_00006348,2025-01-19 16:22:00,Startup,credit_card,US-East,mobile_ios,success,None,35.39
TX_00006349,2025-01-19 16:25:00,SMB,credit_card,US-West,desktop,success,None,62.23
TX_00006350,2025-01-19 16:30:00,Startup,credit_card,US-East,desktop,success,None,30.83
TX_00006351,2025-01-19 16:30:00,Enterprise,debit,US-West,desktop,success,None,132.2
TX_00006352,2025-01-19 16:31:00,SMB,credit_card,US-West,mobile_ios,success,None,89.47
TX_00006353,2025-01-19 16:36:00,SMB,credit_card,US-West,desktop,success,None,78.49
TX_00006354,2025-01-19 16:37:00,SMB,credit_card,US-West,desktop,success,None,66.5
TX_00006355,2025-01-19 16:48:00,Enterprise,credit_card,US-West,desktop,success,None,144.36
TX_00006356,2025-01-19 16:48:00,Startup,credit_card,EU-Central,desktop,success,None,32.9
TX_00006357,2025-01-19 16:48:00,Enterprise,credit_card,EU-Central,desktop,success,None,96.28
TX_00006358,2025-01-19 16:55:00,SMB,credit_card,US-West,desktop,success,None,69.11
TX_00006359,2025-01-19 17:00:00,SMB,debit,EU-Central,mobile_android,success,None,71.26
TX_00006360,2025-01-19 17:03:00,SMB,credit_card,EU-Central,mobile_ios,success,None,103.17
TX_00006361,2025-01-19 17:06:00,SMB,crypto,US-West,mobile_android,success,None,62.21
TX_00006362,2025-01-19 17:10:00,SMB,credit_card,US-East,mobile_ios,success,None,83.5
TX_00006363,2025-01-19 17:15:00,SMB,credit_card,US-West,mobile_ios,success,None,75.26
TX_00006364,2025-01-19 17:16:00,Startup,debit,US-East,mobile_android,success,None,44.61
TX_00006365,2025-01-19 17:17:00,Enterprise,debit,US-West,desktop,success,None,152.68
TX_00006366,2025-01-19 17:17:00,SMB,credit_card,US-West,mobile_ios,success,None,80.26
TX_00006367,2025-01-19 17:18:00,SMB,debit,US-West,desktop,success,None,82.82
TX_00006368,2025-01-19 17:22:00,Startup,debit,US-West,mobile_ios,success,None,37.0
TX_00006369,2025-01-19 17:26:00,SMB,debit,US-West,desktop,success,None,90.69
TX_00006370,2025-01-19 17:33:00,SMB,credit_card,US-East,mobile_ios,success,None,67.94
TX_00006371,2025-01-19 17:44:00,SMB,debit,US-East,mobile_android,success,None,77.77
TX_00006372,2025-01-19 17:46:00,SMB,debit,US-West,desktop,failed,Insufficient funds,0.0
TX_00006373,2025-01-19 17:47:00,Enterprise,debit,US-West,mobile_android,success,None,119.95
TX_00006374,2025-01-19 17:50:00,Enterprise,debit,EU-Central,desktop,success,None,161.3
TX_00006375,2025-01-19 17:59:00,SMB,crypto,US-East,desktop,success,None,99.2
TX_00006376,2025-01-19 18:05:00,SMB,credit_card,US-East,mobile_ios,success,None,76.46
TX_00006377,2025-01-19 18:25:00,Enterprise,credit_card,US-West,desktop,success,None,166.91
TX_00006378,2025-01-19 18:27:00,Startup,credit_card,US-West,desktop,success,None,25.62
TX_00006379,2025-01-19 18:37:00,Startup,credit_card,US-East,desktop,success,None,58.71
TX_00006380,2025-01-19 18:42:00,SMB,credit_card,US-West,mobile_ios,success,None,90.28
TX_00006381,2025-01-19 18:42:00,Startup,credit_card,US-East,desktop,success,None,21.58
TX_00006382,2025-01-19 18:43:00,Startup,credit_card,US-East,mobile_android,success,None,27.71
TX_00006383,2025-01-19 18:44:00,Startup,debit,US-East,mobile_ios,success,None,44.15
TX_00006384,2025-01-19 18:45:00,SMB,debit,US-West,desktop,success,None,57.55
TX_00006385,2025-01-19 18:48:00,Startup,credit_card,EU-Central,desktop,success,None,52.49
TX_00006386,2025-01-19 18:52:00,Enterprise,crypto,US-East,mobile_android,success,None,137.55
TX_00006387,2025-01-19 18:52:00,SMB,credit_card,US-East,mobile_ios,success,None,95.34
TX_00006388,2025-01-19 18:56:00,SMB,debit,EU-Central,mobile_ios,success,None,83.21
TX_00006389,2025-01-19 19:05:00,SMB,debit,EU-Central,mobile_ios,success,None,74.11
TX_00006390,2025-01-19 19:16:00,SMB,credit_card,US-East,desktop,success,None,87.18
TX_00006391,2025-01-19 19:21:00,Enterprise,credit_card,US-East,mobile_ios,success,None,133.46
TX_00006392,2025-01-19 19:22:00,Startup,credit_card,US-East,mobile_ios,success,None,47.42
TX_00006393,2025-01-19 19:23:00,SMB,debit,US-East,desktop,success,None,87.06
TX_00006394,2025-01-19 19:34:00,SMB,debit,US-West,mobile_android,success,None,82.99
TX_00006395,2025-01-19 19:43:00,Enterprise,credit_card,APAC,desktop,success,None,148.73
TX_00006396,2025-01-19 19:45:00,Enterprise,credit_card,US-West,desktop,success,None,176.09
TX_00006397,2025-01-19 19:45:00,SMB,credit_card,APAC,desktop,success,None,93.35
TX_00006398,2025-01-19 19:57:00,Startup,credit_card,US-West,mobile_ios,success,None,48.48
TX_00006399,2025-01-19 20:02:00,Enterprise,crypto,EU-Central,desktop,success,None,181.67
TX_00006400,2025-01-19 20:05:00,SMB,credit_card,US-East,desktop,success,None,94.08
TX_00006401,2025-01-19 20:07:00,Startup,crypto,US-East,mobile_android,failed,Insufficient funds,0.0
TX_00006402,2025-01-19 20:08:00,Enterprise,debit,EU-Central,desktop,success,None,114.01
TX_00006403,2025-01-19 20:19:00,Startup,crypto,US-East,desktop,success,None,42.22
TX_00006404,2025-01-19 20:31:00,SMB,credit_card,US-East,desktop,success,None,60.3
TX_00006405,2025-01-19 20:35:00,SMB,credit_card,US-West,desktop,success,None,68.79
TX_00006406,2025-01-19 20:40:00,SMB,credit_card,US-East,desktop,failed,Insufficient funds,0.0
TX_00006407,2025-01-19 20:49:00,SMB,debit,US-West,desktop,failed,Invalid PIN,0.0
TX_00006408,2025-01-19 20:49:00,SMB,debit,US-East,desktop,success,None,99.65
TX_00006409,2025-01-19 20:52:00,Startup,credit_card,EU-Central,mobile_android,success,None,40.01
TX_00006410,2025-01-19 21:01:00,Startup,debit,US-East,desktop,success,None,33.96
TX_00006411,2025-01-19 21:12:00,Startup,credit_card,US-West,mobile_ios,success,None,41.61
TX_00006412,2025-01-19 21:17:00,Startup,credit_card,US-East,desktop,success,None,37.71
TX_00006413,2025-01-19 21:17:00,SMB,credit_card,EU-Central,desktop,success,None,89.6
TX_00006414,2025-01-19 21:20:00,Startup,credit_card,US-West,desktop,success,None,60.53
TX_00006415,2025-01-19 21:22:00,SMB,credit_card,US-East,desktop,success,None,94.68
TX_00006416,2025-01-19 21:28:00,Startup,credit_card,US-East,mobile_ios,success,None,34.55
TX_00006417,2025-01-19 21:33:00,SMB,debit,US-East,desktop,success,None,104.43
TX_00006418,2025-01-19 21:33:00,Startup,debit,US-West,mobile_android,success,None,35.95
TX_00006419,2025-01-19 21:36:00,Startup,credit_card,US-West,mobile_ios,success,None,24.12
TX_00006420,2025-01-19 21:43:00,SMB,debit,US-East,desktop,success,None,80.96
TX_00006421,2025-01-19 21:48:00,Enterprise,credit_card,US-West,desktop,success,None,139.42
TX_00006422,2025-01-19 21:48:00,SMB,credit_card,EU-Central,desktop,success,None,58.83
TX_00006423,2025-01-19 21:50:00,SMB,debit,US-East,desktop,success,None,82.16
TX_00006424,2025-01-19 21:53:00,Startup,debit,US-West,mobile_ios,success,None,35.41
TX_00006425,2025-01-19 21:56:00,Startup,debit,US-West,mobile_android,success,None,61.41
TX_00006426,2025-01-19 21:56:00,SMB,debit,US-West,desktop,success,None,71.65
TX_00006427,2025-01-19 21:56:00,SMB,debit,US-East,desktop,success,None,78.18
TX_00006428,2025-01-19 22:01:00,Startup,credit_card,US-East,desktop,success,None,47.56
TX_00006429,2025-01-19 22:10:00,Enterprise,debit,US-East,mobile_ios,success,None,126.46
TX_00006430,2025-01-19 22:11:00,SMB,credit_card,US-West,desktop,success,None,97.83
TX_00006431,2025-01-19 22:13:00,Startup,debit,US-West,mobile_android,success,None,49.36
TX_00006432,2025-01-19 22:26:00,Startup,credit_card,US-East,mobile_ios,success,None,45.79
TX_00006433,2025-01-19 22:41:00,Enterprise,credit_card,US-East,mobile_android,success,None,150.14
TX_00006434,2025-01-19 22:45:00,SMB,debit,US-East,desktop,success,None,77.32
TX_00006435,2025-01-19 22:46:00,Startup,credit_card,EU-Central,mobile_ios,success,None,49.36
TX_00006436,2025-01-19 23:01:00,Startup,debit,US-East,mobile_ios,success,None,58.65
TX_00006437,2025-01-19 23:02:00,Startup,credit_card,US-West,mobile_ios,success,None,29.37
TX_00006438,2025-01-19 23:04:00,SMB,debit,EU-Central,desktop,success,None,76.84
TX_00006439,2025-01-19 23:06:00,Startup,credit_card,EU-Central,mobile_android,success,None,49.05
TX_00006440,2025-01-19 23:07:00,SMB,credit_card,US-West,mobile_android,success,None,85.38
TX_00006441,2025-01-19 23:14:00,Startup,credit_card,US-East,desktop,success,None,38.86
TX_00006442,2025-01-19 23:23:00,SMB,debit,EU-Central,mobile_ios,success,None,72.02
TX_00006443,2025-01-19 23:28:00,Enterprise,debit,EU-Central,desktop,success,None,138.38
TX_00006444,2025-01-19 23:28:00,Startup,credit_card,EU-Central,mobile_android,success,None,40.59
TX_00006445,2025-01-19 23:31:00,Enterprise,crypto,US-East,mobile_ios,success,None,196.6
TX_00006446,2025-01-19 23:32:00,SMB,debit,US-East,desktop,success,None,68.46
TX_00006447,2025-01-19 23:40:00,Startup,crypto,US-West,desktop,success,None,33.69
TX_00006448,2025-01-19 23:45:00,Startup,credit_card,APAC,desktop,success,None,36.95
TX_00006449,2025-01-19 23:50:00,Startup,credit_card,EU-Central,desktop,success,None,55.85
TX_00006450,2025-01-19 23:55:00,SMB,credit_card,EU-Central,desktop,success,None,68.98
TX_00006451,2025-01-19 23:56:00,SMB,credit_card,US-West,mobile_ios,success,None,107.51
TX_00006452,2025-01-20 00:04:00,Startup,credit_card,US-East,mobile_ios,success,None,45.45
TX_00006453,2025-01-20 00:09:00,Enterprise,credit_card,US-West,desktop,success,None,126.24
TX_00006454,2025-01-20 00:10:00,Startup,credit_card,EU-Central,mobile_ios,success,None,39.78
TX_00006455,2025-01-20 00:14:00,SMB,debit,US-West,desktop,success,None,64.74
TX_00006456,2025-01-20 00:16:00,Startup,crypto,APAC,desktop,success,None,52.15
TX_00006457,2025-01-20 00:22:00,Enterprise,debit,US-East,mobile_ios,success,None,123.92
TX_00006458,2025-01-20 00:24:00,SMB,credit_card,US-East,desktop,success,None,66.62
TX_00006459,2025-01-20 00:26:00,Startup,credit_card,APAC,desktop,success,None,48.15
TX_00006460,2025-01-20 00:26:00,SMB,credit_card,US-East,desktop,success,None,80.3
TX_00006461,2025-01-20 00:28:00,Startup,credit_card,US-West,mobile_ios,success,None,39.88
TX_00006462,2025-01-20 00:38:00,Startup,credit_card,EU-Central,mobile_android,success,None,33.27
TX_00006463,2025-01-20 00:45:00,Startup,credit_card,US-East,desktop,success,None,38.22
TX_00006464,2025-01-20 00:52:00,Startup,credit_card,EU-Central,desktop,success,None,62.95
TX_00006465,2025-01-20 00:53:00,SMB,debit,US-East,mobile_android,success,None,84.85
TX_00006466,2025-01-20 00:53:00,SMB,debit,EU-Central,desktop,success,None,63.37
TX_00006467,2025-01-20 00:53:00,Enterprise,credit_card,US-East,desktop,success,None,185.86
TX_00006468,2025-01-20 01:00:00,SMB,credit_card,US-West,desktop,success,None,72.85
TX_00006469,2025-01-20 01:04:00,Enterprise,debit,US-West,mobile_android,success,None,188.98
TX_00006470,2025-01-20 01:05:00,SMB,credit_card,US-West,mobile_ios,success,None,81.86
TX_00006471,2025-01-20 01:13:00,SMB,credit_card,US-West,mobile_ios,success,None,69.82
TX_00006472,2025-01-20 01:25:00,Enterprise,credit_card,APAC,mobile_ios,success,None,140.14
TX_00006473,2025-01-20 01:26:00,Enterprise,credit_card,EU-Central,mobile_ios,success,None,159.74
TX_00006474,2025-01-20 01:34:00,Startup,credit_card,APAC,desktop,success,None,33.03
TX_00006475,2025-01-20 01:44:00,SMB,debit,US-West,mobile_ios,success,None,87.55
TX_00006476,2025-01-20 01:52:00,SMB,credit_card,US-West,desktop,success,None,106.82
TX_00006477,2025-01-20 01:52:00,Startup,credit_card,US-East,mobile_ios,success,None,42.12
TX_00006478,2025-01-20 02:00:00,Enterprise,credit_card,APAC,desktop,success,None,153.49
TX_00006479,2025-01-20 02:10:00,Startup,debit,US-East,desktop,success,None,21.98
TX_00006480,2025-01-20 02:11:00,Startup,credit_card,US-East,mobile_ios,success,None,42.88
TX_00006481,2025-01-20 02:19:00,SMB,credit_card,US-East,desktop,success,None,88.63
TX_00006482,2025-01-20 02:20:00,Startup,credit_card,US-East,desktop,success,None,36.64
TX_00006483,2025-01-20 02:29:00,Startup,credit_card,APAC,desktop,success,None,33.75
TX_00006484,2025-01-20 02:36:00,SMB,credit_card,US-East,mobile_ios,success,None,86.66
TX_00006485,2025-01-20 02:38:00,Startup,credit_card,APAC,desktop,failed,Invalid PIN,0.0
TX_00006486,2025-01-20 02:38:00,SMB,debit,US-West,desktop,success,None,69.09
TX_00006487,2025-01-20 02:43:00,SMB,crypto,EU-Central,mobile_ios,success,None,75.42
TX_00006488,2025-01-20 02:46:00,Enterprise,credit_card,US-West,desktop,success,None,162.8
TX_00006489,2025-01-20 02:46:00,SMB,credit_card,US-East,mobile_android,success,None,98.94
TX_00006490,2025-01-20 02:47:00,SMB,credit_card,US-West,desktop,success,None,86.66
TX_00006491,2025-01-20 02:49:00,Startup,debit,US-West,mobile_android,success,None,58.82
TX_00006492,2025-01-20 02:49:00,Enterprise,credit_card,US-East,mobile_ios,failed,Insufficient funds,0.0
TX_00006493,2025-01-20 02:52:00,SMB,debit,US-East,desktop,success,None,79.6
TX_00006494,2025-01-20 02:54:00,SMB,debit,US-East,mobile_android,success,None,90.33
TX_00006495,2025-01-20 03:00:00,Startup,crypto,US-East,mobile_ios,success,None,36.87
TX_00006496,2025-01-20 03:02:00,Startup,debit,US-West,mobile_android,success,None,45.24
TX_00006497,2025-01-20 03:03:00,Startup,debit,US-East,desktop,success,None,32.81
TX_00006498,2025-01-20 03:19:00,Startup,credit_card,EU-Central,desktop,success,None,41.44
TX_00006499,2025-01-20 03:23:00,Startup,credit_card,APAC,mobile_ios,success,None,42.2
TX_00006500,2025-01-20 03:24:00,Startup,credit_card,US-East,desktop,success,None,38.12
TX_00006501,2025-01-20 03:26:00,Startup,credit_card,US-West,mobile_android,success,None,41.76
TX_00006502,2025-01-20 03:29:00,Enterprise,debit,US-East,mobile_ios,success,None,111.22
TX_00006503,2025-01-20 03:30:00,SMB,credit_card,US-East,mobile_ios,success,None,77.37
TX_00006504,2025-01-20 03:33:00,Startup,debit,EU-Central,mobile_android,success,None,17.4
TX_00006505,2025-01-20 03:46:00,SMB,credit_card,US-East,mobile_android,success,None,64.32
TX_00006506,2025-01-20 03:46:00,SMB,debit,US-East,desktop,success,None,78.67
TX_00006507,2025-01-20 03:54:00,SMB,credit_card,US-East,mobile_ios,success,None,81.35
TX_00006508,2025-01-20 03:58:00,Startup,credit_card,EU-Central,mobile_ios,success,None,36.23
TX_00006509,2025-01-20 03:59:00,Enterprise,credit_card,US-West,desktop,success,None,122.34
TX_00006510,2025-01-20 04:05:00,Startup,debit,APAC,mobile_android,failed,Card expired,0.0
TX_00006511,2025-01-20 04:06:00,Startup,credit_card,APAC,mobile_android,success,None,32.74
TX_00006512,2025-01-20 04:08:00,Startup,credit_card,US-East,mobile_ios,success,None,27.51
TX_00006513,2025-01-20 04:10:00,Startup,credit_card,US-East,desktop,success,None,38.66
TX_00006514,2025-01-20 04:24:00,Startup,debit,US-East,mobile_ios,failed,Card expired,0.0
TX_00006515,2025-01-20 04:24:00,SMB,credit_card,US-West,mobile_ios,success,None,56.41
TX_00006516,2025-01-20 04:26:00,SMB,crypto,US-West,desktop,success,None,92.82
TX_00006517,2025-01-20 04:32:00,SMB,credit_card,US-East,desktop,success,None,91.44
TX_00006518,2025-01-20 04:32:00,Startup,credit_card,US-East,desktop,success,None,66.5
TX_00006519,2025-01-20 04:43:00,Startup,debit,US-East,mobile_ios,success,None,33.77
TX_00006520,2025-01-20 04:49:00,Startup,credit_card,EU-Central,mobile_ios,success,None,17.63
TX_00006521,2025-01-20 04:54:00,SMB,debit,APAC,desktop,success,None,82.47
TX_00006522,2025-01-20 05:03:00,SMB,credit_card,US-East,mobile_ios,success,None,69.24
TX_00006523,2025-01-20 05:12:00,SMB,crypto,US-East,desktop,success,None,88.76
TX_00006524,2025-01-20 05:15:00,Enterprise,debit,US-East,mobile_ios,success,None,149.01
TX_00006525,2025-01-20 05:24:00,SMB,debit,EU-Central,mobile_ios,success,None,100.73
TX_00006526,2025-01-20 05:29:00,Enterprise,credit_card,APAC,mobile_ios,success,None,134.97
TX_00006527,2025-01-20 05:31:00,Startup,credit_card,US-East,mobile_ios,success,None,28.29
TX_00006528,2025-01-20 05:33:00,SMB,debit,US-East,desktop,success,None,97.32
TX_00006529,2025-01-20 05:36:00,SMB,debit,US-East,desktop,success,None,105.79
TX_00006530,2025-01-20 05:41:00,Startup,credit_card,US-West,mobile_ios,success,None,22.07
TX_00006531,2025-01-20 05:50:00,SMB,credit_card,US-West,mobile_ios,success,None,110.22
TX_00006532,2025-01-20 05:52:00,Enterprise,credit_card,US-West,desktop,success,None,148.77
TX_00006533,2025-01-20 05:53:00,SMB,debit,APAC,desktop,success,None,90.96
TX_00006534,2025-01-20 05:56:00,Enterprise,credit_card,US-East,desktop,success,None,179.81
TX_00006535,2025-01-20 05:58:00,Enterprise,credit_card,EU-Central,desktop,success,None,130.82
TX_00006536,2025-01-20 06:03:00,Enterprise,credit_card,US-East,desktop,success,None,171.59
TX_00006537,2025-01-20 06:08:00,SMB,credit_card,US-East,desktop,success,None,83.91
TX_00006538,2025-01-20 06:13:00,SMB,credit_card,EU-Central,mobile_ios,success,None,86.53
TX_00006539,2025-01-20 06:14:00,SMB,crypto,APAC,desktop,success,None,76.52
TX_00006540,2025-01-20 06:27:00,Startup,credit_card,EU-Central,mobile_android,success,None,44.75
TX_00006541,2025-01-20 06:30:00,SMB,crypto,EU-Central,desktop,success,None,84.13
TX_00006542,2025-01-20 06:31:00,Startup,credit_card,EU-Central,desktop,success,None,38.3
TX_00006543,2025-01-20 06:37:00,SMB,credit_card,US-East,desktop,success,None,80.83
TX_00006544,2025-01-20 06:41:00,SMB,credit_card,EU-Central,mobile_ios,success,None,92.89
TX_00006545,2025-01-20 06:44:00,Startup,debit,EU-Central,mobile_ios,success,None,33.02
TX_00006546,2025-01-20 06:45:00,Enterprise,debit,US-West,mobile_ios,success,None,152.15
TX_00006547,2025-01-20 06:46:00,Enterprise,credit_card,US-West,mobile_android,success,None,157.83
TX_00006548,2025-01-20 06:49:00,Startup,credit_card,EU-Central,mobile_ios,success,None,34.66
TX_00006549,2025-01-20 06:52:00,SMB,crypto,EU-Central,mobile_android,success,None,90.59
TX_00006550,2025-01-20 06:53:00,Startup,crypto,US-East,desktop,success,None,39.18
TX_00006551,2025-01-20 06:55:00,Startup,credit_card,EU-Central,desktop,success,None,31.41
TX_00006552,2025-01-20 06:57:00,SMB,debit,EU-Central,desktop,success,None,77.07
TX_00006553,2025-01-20 07:05:00,SMB,credit_card,US-East,mobile_ios,success,None,81.59
TX_00006554,2025-01-20 07:05:00,SMB,credit_card,EU-Central,desktop,success,None,70.17
TX_00006555,2025-01-20 07:08:00,Startup,credit_card,US-East,mobile_ios,success,None,43.68
TX_00006556,2025-01-20 07:10:00,Startup,credit_card,US-East,desktop,success,None,27.54
TX_00006557,2025-01-20 07:14:00,Startup,debit,US-West,desktop,success,None,49.14
TX_00006558,2025-01-20 07:16:00,SMB,credit_card,APAC,desktop,success,None,56.9
TX_00006559,2025-01-20 07:18:00,Startup,credit_card,US-East,desktop,success,None,41.76
TX_00006560,2025-01-20 07:28:00,SMB,debit,EU-Central,desktop,success,None,77.9
TX_00006561,2025-01-20 07:30:00,SMB,credit_card,US-West,desktop,success,None,62.44
TX_00006562,2025-01-20 07:32:00,Startup,credit_card,EU-Central,desktop,success,None,29.56
TX_00006563,2025-01-20 07:38:00,Enterprise,debit,EU-Central,mobile_ios,success,None,142.47
TX_00006564,2025-01-20 07:49:00,Startup,credit_card,EU-Central,desktop,success,None,49.84
TX_00006565,2025-01-20 07:52:00,Enterprise,credit_card,EU-Central,desktop,success,None,161.51
TX_00006566,2025-01-20 08:00:00,Startup,credit_card,EU-Central,desktop,success,None,43.65
TX_00006567,2025-01-20 08:03:00,SMB,credit_card,US-East,mobile_android,success,None,98.74
TX_00006568,2025-01-20 08:06:00,SMB,debit,US-East,mobile_ios,success,None,81.55
TX_00006569,2025-01-20 08:08:00,SMB,debit,US-East,mobile_android,success,None,94.94
TX_00006570,2025-01-20 08:16:00,SMB,credit_card,EU-Central,mobile_ios,success,None,81.53
TX_00006571,2025-01-20 08:16:00,SMB,credit_card,US-East,mobile_android,success,None,79.67
TX_00006572,2025-01-20 08:20:00,Startup,crypto,US-East,desktop,success,None,55.89
TX_00006573,2025-01-20 08:22:00,Enterprise,credit_card,EU-Central,desktop,success,None,179.66
TX_00006574,2025-01-20 08:27:00,Enterprise,credit_card,EU-Central,mobile_ios,success,None,161.54
TX_00006575,2025-01-20 08:29:00,Enterprise,crypto,EU-Central,mobile_android,success,None,142.2
TX_00006576,2025-01-20 08:34:00,SMB,crypto,US-East,mobile_android,success,None,72.39
TX_00006577,2025-01-20 08:37:00,Startup,credit_card,US-East,mobile_ios,success,None,50.49
TX_00006578,2025-01-20 08:42:00,Startup,credit_card,US-East,desktop,success,None,47.28
TX_00006579,2025-01-20 08:45:00,SMB,credit_card,US-East,desktop,success,None,56.53
TX_00006580,2025-01-20 08:46:00,SMB,credit_card,US-East,desktop,success,None,90.45
TX_00006581,2025-01-20 08:50:00,Startup,debit,US-East,desktop,success,None,50.48
TX_00006582,2025-01-20 09:09:00,SMB,credit_card,US-East,desktop,success,None,77.57
TX_00006583,2025-01-20 09:12:00,SMB,credit_card,US-West,desktop,success,None,66.41
TX_00006584,2025-01-20 09:14:00,SMB,credit_card,US-East,mobile_android,failed,Invalid PIN,0.0
TX_00006585,2025-01-20 09:23:00,Enterprise,crypto,US-East,desktop,success,None,168.66
TX_00006586,2025-01-20 09:26:00,Enterprise,credit_card,EU-Central,desktop,success,None,133.3
TX_00006587,2025-01-20 09:28:00,SMB,credit_card,EU-Central,desktop,success,None,55.04
TX_00006588,2025-01-20 09:32:00,Startup,crypto,EU-Central,desktop,success,None,41.12
TX_00006589,2025-01-20 09:35:00,Enterprise,credit_card,US-West,desktop,success,None,168.91
TX_00006590,2025-01-20 09:35:00,SMB,credit_card,APAC,desktop,success,None,63.31
TX_00006591,2025-01-20 09:37:00,SMB,credit_card,APAC,mobile_android,success,None,72.92
TX_00006592,2025-01-20 09:38:00,Enterprise,credit_card,US-West,desktop,success,None,143.93
TX_00006593,2025-01-20 09:38:00,SMB,credit_card,US-West,desktop,success,None,82.45
TX_00006594,2025-01-20 09:40:00,Startup,credit_card,US-East,desktop,success,None,19.43
TX_00006595,2025-01-20 09:52:00,Enterprise,credit_card,EU-Central,desktop,success,None,206.97
TX_00006596,2025-01-20 09:59:00,Startup,credit_card,US-West,desktop,success,None,38.56
TX_00006597,2025-01-20 10:01:00,SMB,credit_card,APAC,desktop,success,None,106.53
TX_00006598,2025-01-20 10:02:00,Startup,credit_card,US-West,desktop,success,None,36.98
TX_00006599,2025-01-20 10:04:00,SMB,credit_card,APAC,mobile_ios,success,None,80.91
TX_00006600,2025-01-20 10:05:00,SMB,credit_card,EU-Central,mobile_ios,success,None,67.77
TX_00006601,2025-01-20 10:30:00,Startup,crypto,APAC,desktop,success,None,32.14
TX_00006602,2025-01-20 10:30:00,SMB,credit_card,US-East,mobile_ios,success,None,74.83
TX_00006603,2025-01-20 10:37:00,Startup,credit_card,US-East,desktop,success,None,47.33
TX_00006604,2025-01-20 10:41:00,SMB,debit,EU-Central,desktop,success,None,80.58
TX_00006605,2025-01-20 10:51:00,Startup,credit_card,EU-Central,desktop,success,None,45.05
TX_00006606,2025-01-20 10:56:00,Startup,debit,US-East,mobile_ios,success,None,41.36
TX_00006607,2025-01-20 10:58:00,Startup,debit,EU-Central,desktop,success,None,39.52
TX_00006608,2025-01-20 11:01:00,SMB,debit,US-West,mobile_ios,success,None,85.61
TX_00006609,2025-01-20 11:02:00,SMB,debit,US-East,mobile_ios,success,None,73.15
TX_00006610,2025-01-20 11:04:00,Startup,credit_card,US-West,mobile_android,success,None,38.86
TX_00006611,2025-01-20 11:16:00,Startup,debit,APAC,desktop,success,None,30.52
TX_00006612,2025-01-20 11:16:00,Startup,credit_card,US-West,desktop,success,None,41.54
TX_00006613,2025-01-20 11:18:00,SMB,credit_card,EU-Central,desktop,success,None,73.1
TX_00006614,2025-01-20 11:24:00,Startup,crypto,US-East,mobile_android,success,None,31.41
TX_00006615,2025-01-20 11:27:00,SMB,credit_card,EU-Central,mobile_ios,success,None,65.92
TX_00006616,2025-01-20 11:27:00,SMB,crypto,APAC,mobile_android,success,None,100.33
TX_00006617,2025-01-20 11:34:00,SMB,credit_card,US-West,mobile_ios,success,None,68.76
TX_00006618,2025-01-20 11:40:00,SMB,credit_card,US-East,mobile_ios,success,None,89.36
TX_00006619,2025-01-20 11:44:00,Startup,credit_card,US-West,desktop,success,None,43.52
TX_00006620,2025-01-20 11:47:00,Enterprise,debit,APAC,mobile_android,success,None,150.93
TX_00006621,2025-01-20 11:51:00,Startup,credit_card,US-East,mobile_android,success,None,47.42
TX_00006622,2025-01-20 11:54:00,SMB,credit_card,US-West,desktop,success,None,50.6
TX_00006623,2025-01-20 11:54:00,Enterprise,credit_card,US-East,desktop,success,None,164.07
TX_00006624,2025-01-20 12:02:00,SMB,debit,US-West,mobile_ios,success,None,88.67
TX_00006625,2025-01-20 12:07:00,SMB,credit_card,US-West,desktop,success,None,101.47
TX_00006626,2025-01-20 12:11:00,SMB,debit,APAC,mobile_android,success,None,106.76
TX_00006627,2025-01-20 12:11:00,Startup,credit_card,US-West,desktop,success,None,43.33
TX_00006628,2025-01-20 12:19:00,Startup,credit_card,US-West,desktop,success,None,35.78
TX_00006629,2025-01-20 12:32:00,SMB,credit_card,EU-Central,mobile_ios,success,None,81.69
TX_00006630,2025-01-20 12:34:00,SMB,crypto,US-East,mobile_ios,success,None,65.06
TX_00006631,2025-01-20 12:48:00,SMB,credit_card,US-West,desktop,success,None,102.8
TX_00006632,2025-01-20 12:49:00,Startup,credit_card,EU-Central,mobile_android,success,None,40.25
TX_00006633,2025-01-20 12:52:00,SMB,debit,US-East,mobile_android,success,None,117.91
TX_00006634,2025-01-20 12:58:00,Enterprise,credit_card,US-East,mobile_ios,success,None,139.14
TX_00006635,2025-01-20 13:01:00,SMB,debit,US-West,mobile_ios,success,None,61.61
TX_00006636,2025-01-20 13:01:00,Startup,credit_card,US-East,mobile_ios,success,None,50.64
TX_00006637,2025-01-20 13:04:00,SMB,credit_card,US-East,desktop,success,None,93.14
TX_00006638,2025-01-20 13:05:00,SMB,credit_card,APAC,mobile_android,success,None,90.59
TX_00006639,2025-01-20 13:11:00,Startup,credit_card,US-West,desktop,success,None,32.23
TX_00006640,2025-01-20 13:12:00,Startup,debit,EU-Central,desktop,success,None,36.2
TX_00006641,2025-01-20 13:24:00,Startup,debit,US-East,mobile_android,success,None,38.04
TX_00006642,2025-01-20 13:32:00,SMB,credit_card,APAC,desktop,success,None,77.89
TX_00006643,2025-01-20 13:33:00,Startup,crypto,EU-Central,mobile_ios,success,None,36.97
TX_00006644,2025-01-20 13:34:00,Startup,credit_card,EU-Central,desktop,failed,Invalid PIN,0.0
TX_00006645,2025-01-20 13:38:00,Startup,credit_card,US-East,mobile_android,success,None,29.84
TX_00006646,2025-01-20 13:39:00,Startup,debit,US-West,mobile_ios,success,None,43.92
TX_00006647,2025-01-20 13:39:00,Startup,debit,US-West,mobile_android,success,None,32.75
TX_00006648,2025-01-20 13:42:00,SMB,credit_card,EU-Central,mobile_android,success,None,83.32
TX_00006649,2025-01-20 13:42:00,SMB,debit,EU-Central,desktop,failed,Insufficient funds,0.0
TX_00006650,2025-01-20 13:45:00,Startup,credit_card,US-East,desktop,success,None,23.67
TX_00006651,2025-01-20 14:02:00,SMB,debit,APAC,mobile_ios,success,None,95.96
TX_00006652,2025-01-20 14:05:00,SMB,debit,APAC,mobile_android,success,None,86.58
TX_00006653,2025-01-20 14:11:00,SMB,credit_card,US-West,desktop,success,None,103.09
TX_00006654,2025-01-20 14:20:00,Startup,credit_card,US-East,mobile_android,success,None,34.78
TX_00006655,2025-01-20 14:25:00,Enterprise,debit,EU-Central,desktop,success,None,143.61
TX_00006656,2025-01-20 14:26:00,Startup,debit,US-West,mobile_android,success,None,39.36
TX_00006657,2025-01-20 14:28:00,Startup,credit_card,EU-Central,mobile_ios,success,None,39.06
TX_00006658,2025-01-20 14:29:00,SMB,credit_card,EU-Central,mobile_ios,success,None,102.56
TX_00006659,2025-01-20 14:30:00,SMB,crypto,US-East,desktop,success,None,83.21
TX_00006660,2025-01-20 14:46:00,SMB,credit_card,US-West,desktop,success,None,89.43
TX_00006661,2025-01-20 14:47:00,SMB,credit_card,US-West,desktop,success,None,47.09
TX_00006662,2025-01-20 14:51:00,SMB,credit_card,APAC,desktop,success,None,98.7
TX_00006663,2025-01-20 14:51:00,Enterprise,credit_card,US-East,desktop,success,None,178.63
TX_00006664,2025-01-20 14:53:00,Startup,crypto,US-East,mobile_ios,success,None,33.27
TX_00006665,2025-01-20 14:53:00,Enterprise,debit,EU-Central,desktop,success,None,171.13
TX_00006666,2025-01-20 14:58:00,Startup,credit_card,US-East,desktop,success,None,33.33
TX_00006667,2025-01-20 15:01:00,SMB,debit,US-West,mobile_android,success,None,90.21
TX_00006668,2025-01-20 15:04:00,Startup,debit,US-East,mobile_ios,success,None,50.01
TX_00006669,2025-01-20 15:10:00,SMB,credit_card,US-West,desktop,success,None,88.42
TX_00006670,2025-01-20 15:12:00,Startup,credit_card,US-West,mobile_android,success,None,56.02
TX_00006671,2025-01-20 15:13:00,Startup,debit,US-West,mobile_android,success,None,43.33
TX_00006672,2025-01-20 15:16:00,Startup,credit_card,APAC,mobile_android,success,None,33.06
TX_00006673,2025-01-20 15:18:00,Enterprise,credit_card,US-East,mobile_android,success,None,158.87
TX_00006674,2025-01-20 15:27:00,Startup,credit_card,US-East,mobile_ios,success,None,34.04
TX_00006675,2025-01-20 15:35:00,SMB,crypto,US-West,desktop,failed,Invalid PIN,0.0
TX_00006676,2025-01-20 15:35:00,Enterprise,credit_card,US-West,mobile_ios,success,None,160.94
TX_00006677,2025-01-20 15:42:00,SMB,crypto,US-West,mobile_ios,success,None,49.81
TX_00006678,2025-01-20 15:47:00,SMB,credit_card,US-East,desktop,success,None,85.73
TX_00006679,2025-01-20 15:48:00,SMB,debit,APAC,desktop,success,None,93.65
TX_00006680,2025-01-20 15:50:00,Startup,credit_card,US-West,desktop,success,None,31.34
TX_00006681,2025-01-20 15:51:00,SMB,credit_card,US-East,mobile_ios,success,None,71.85
TX_00006682,2025-01-20 15:52:00,SMB,credit_card,US-West,desktop,success,None,80.2
TX_00006683,2025-01-20 15:52:00,Enterprise,credit_card,US-East,mobile_ios,success,None,142.33
TX_00006684,2025-01-20 15:54:00,Startup,debit,US-East,mobile_android,success,None,44.87
TX_00006685,2025-01-20 15:55:00,SMB,debit,US-East,desktop,success,None,80.73
TX_00006686,2025-01-20 16:04:00,SMB,credit_card,US-East,mobile_android,success,None,80.83
TX_00006687,2025-01-20 16:07:00,Startup,crypto,US-East,desktop,success,None,40.82
TX_00006688,2025-01-20 16:08:00,SMB,credit_card,US-West,desktop,success,None,88.35
TX_00006689,2025-01-20 16:13:00,SMB,credit_card,US-West,desktop,success,None,107.92
TX_00006690,2025-01-20 16:21:00,SMB,credit_card,US-West,desktop,success,None,54.85
TX_00006691,2025-01-20 16:23:00,Startup,credit_card,US-East,desktop,success,None,23.63
TX_00006692,2025-01-20 16:30:00,Startup,debit,APAC,mobile_android,success,None,33.7
TX_00006693,2025-01-20 16:42:00,SMB,credit_card,EU-Central,mobile_ios,success,None,84.2
TX_00006694,2025-01-20 16:43:00,Enterprise,credit_card,APAC,mobile_android,success,None,159.47
TX_00006695,2025-01-20 16:45:00,SMB,credit_card,US-East,mobile_ios,success,None,89.2
TX_00006696,2025-01-20 16:45:00,Startup,credit_card,US-West,desktop,success,None,40.04
TX_00006697,2025-01-20 16:49:00,Startup,credit_card,US-East,desktop,success,None,39.18
TX_00006698,2025-01-20 16:49:00,SMB,credit_card,EU-Central,mobile_ios,success,None,92.25
TX_00006699,2025-01-20 16:58:00,SMB,credit_card,US-East,mobile_ios,success,None,95.7
TX_00006700,2025-01-20 16:59:00,Startup,debit,US-East,desktop,success,None,29.16
TX_00006701,2025-01-20 17:00:00,Startup,credit_card,US-West,mobile_android,success,None,51.96
TX_00006702,2025-01-20 17:00:00,Startup,credit_card,US-West,mobile_ios,success,None,31.95
TX_00006703,2025-01-20 17:06:00,Startup,credit_card,US-West,mobile_android,success,None,37.04
TX_00006704,2025-01-20 17:18:00,Startup,crypto,US-East,mobile_ios,success,None,39.49
TX_00006705,2025-01-20 17:19:00,Enterprise,credit_card,US-West,desktop,success,None,184.35
TX_00006706,2025-01-20 17:20:00,Enterprise,crypto,APAC,mobile_ios,success,None,146.27
TX_00006707,2025-01-20 17:24:00,Enterprise,crypto,EU-Central,desktop,success,None,95.55
TX_00006708,2025-01-20 17:28:00,Startup,debit,US-West,mobile_ios,success,None,15.76
TX_00006709,2025-01-20 17:31:00,Enterprise,credit_card,US-West,desktop,success,None,127.02
TX_00006710,2025-01-20 17:32:00,SMB,credit_card,US-East,desktop,success,None,66.71
TX_00006711,2025-01-20 17:32:00,SMB,credit_card,US-East,desktop,success,None,85.82
TX_00006712,2025-01-20 17:39:00,SMB,debit,US-East,desktop,success,None,60.66
TX_00006713,2025-01-20 17:50:00,Startup,debit,US-West,desktop,success,None,44.39
TX_00006714,2025-01-20 17:59:00,SMB,crypto,EU-Central,mobile_android,success,None,88.67
TX_00006715,2025-01-20 18:01:00,SMB,debit,US-West,desktop,success,None,75.66
TX_00006716,2025-01-20 18:04:00,Startup,credit_card,US-East,desktop,success,None,48.18
TX_00006717,2025-01-20 18:13:00,Enterprise,credit_card,US-West,mobile_ios,success,None,182.84
TX_00006718,2025-01-20 18:14:00,Startup,credit_card,US-East,mobile_ios,success,None,37.18
TX_00006719,2025-01-20 18:24:00,Startup,credit_card,EU-Central,desktop,success,None,39.42
TX_00006720,2025-01-20 18:26:00,Startup,debit,US-East,mobile_ios,success,None,43.31
TX_00006721,2025-01-20 18:29:00,Startup,crypto,US-West,desktop,success,None,46.78
TX_00006722,2025-01-20 18:30:00,SMB,credit_card,US-West,mobile_android,success,None,91.0
TX_00006723,2025-01-20 18:37:00,SMB,debit,US-East,mobile_ios,success,None,91.32
TX_00006724,2025-01-20 18:41:00,Enterprise,debit,US-East,desktop,success,None,146.69
TX_00006725,2025-01-20 18:42:00,SMB,credit_card,US-West,desktop,success,None,82.18
TX_00006726,2025-01-20 18:42:00,Enterprise,credit_card,US-East,mobile_ios,success,None,160.21
TX_00006727,2025-01-20 18:43:00,SMB,debit,US-West,desktop,success,None,78.57
TX_00006728,2025-01-20 18:55:00,Startup,credit_card,EU-Central,mobile_android,success,None,53.93
TX_00006729,2025-01-20 19:11:00,SMB,credit_card,US-East,desktop,success,None,83.85
TX_00006730,2025-01-20 19:13:00,SMB,credit_card,US-West,desktop,success,None,78.0
TX_00006731,2025-01-20 19:13:00,SMB,crypto,APAC,desktop,success,None,81.22
TX_00006732,2025-01-20 19:27:00,SMB,credit_card,US-West,mobile_ios,success,None,71.28
TX_00006733,2025-01-20 19:29:00,Startup,debit,APAC,desktop,success,None,25.11
TX_00006734,2025-01-20 19:35:00,SMB,debit,US-East,desktop,success,None,79.06
TX_00006735,2025-01-20 19:38:00,Startup,debit,EU-Central,mobile_android,success,None,46.01
TX_00006736,2025-01-20 19:41:00,SMB,credit_card,US-West,desktop,success,None,64.55
TX_00006737,2025-01-20 19:49:00,Enterprise,debit,EU-Central,desktop,success,None,151.4
TX_00006738,2025-01-20 19:52:00,SMB,credit_card,US-East,desktop,failed,Insufficient funds,0.0
TX_00006739,2025-01-20 19:52:00,Startup,credit_card,US-East,mobile_android,success,None,37.96
TX_00006740,2025-01-20 19:54:00,Enterprise,crypto,US-East,mobile_ios,success,None,162.92
TX_00006741,2025-01-20 19:57:00,Enterprise,credit_card,APAC,mobile_ios,success,None,155.47
TX_00006742,2025-01-20 20:01:00,SMB,debit,US-West,desktop,success,None,73.01
TX_00006743,2025-01-20 20:12:00,Startup,credit_card,APAC,mobile_ios,success,None,40.75
TX_00006744,2025-01-20 20:12:00,Startup,credit_card,US-East,mobile_ios,success,None,18.43
TX_00006745,2025-01-20 20:23:00,SMB,crypto,US-East,desktop,success,None,79.52
TX_00006746,2025-01-20 20:42:00,SMB,debit,US-East,desktop,success,None,90.1
TX_00006747,2025-01-20 20:42:00,Startup,credit_card,US-West,mobile_android,success,None,45.85
TX_00006748,2025-01-20 20:50:00,Startup,crypto,EU-Central,desktop,success,None,33.72
TX_00006749,2025-01-20 20:55:00,Startup,debit,US-East,mobile_ios,success,None,47.65
TX_00006750,2025-01-20 20:58:00,Startup,credit_card,APAC,desktop,success,None,30.05
TX_00006751,2025-01-20 21:01:00,Startup,debit,US-East,mobile_ios,success,None,54.62
TX_00006752,2025-01-20 21:05:00,SMB,credit_card,US-West,desktop,success,None,64.06
TX_00006753,2025-01-20 21:13:00,Startup,credit_card,EU-Central,desktop,success,None,51.67
TX_00006754,2025-01-20 21:15:00,Startup,credit_card,US-East,mobile_ios,success,None,51.44
TX_00006755,2025-01-20 21:23:00,Enterprise,credit_card,US-East,mobile_android,success,None,192.03
TX_00006756,2025-01-20 21:27:00,Enterprise,credit_card,US-East,mobile_android,success,None,149.28
TX_00006757,2025-01-20 21:36:00,Startup,debit,US-East,desktop,success,None,57.79
TX_00006758,2025-01-20 21:46:00,SMB,debit,APAC,desktop,success,None,102.1
TX_00006759,2025-01-20 21:49:00,Startup,credit_card,APAC,mobile_ios,success,None,41.12
TX_00006760,2025-01-20 21:51:00,SMB,debit,EU-Central,desktop,success,None,70.1
TX_00006761,2025-01-20 21:53:00,Enterprise,credit_card,EU-Central,mobile_ios,success,None,145.97
TX_00006762,2025-01-20 21:57:00,Enterprise,debit,US-East,mobile_ios,success,None,166.16
TX_00006763,2025-01-20 22:04:00,SMB,credit_card,US-East,mobile_ios,success,None,88.28
TX_00006764,2025-01-20 22:07:00,SMB,debit,EU-Central,mobile_ios,success,None,86.21
TX_00006765,2025-01-20 22:10:00,SMB,crypto,US-West,desktop,success,None,70.24
TX_00006766,2025-01-20 22:13:00,Startup,debit,US-West,mobile_ios,success,None,30.73
TX_00006767,2025-01-20 22:14:00,Startup,crypto,EU-Central,desktop,success,None,35.0
TX_00006768,2025-01-20 22:19:00,SMB,credit_card,US-West,mobile_android,success,None,60.26
TX_00006769,2025-01-20 22:26:00,SMB,debit,US-East,desktop,success,None,64.01
TX_00006770,2025-01-20 22:26:00,SMB,credit_card,EU-Central,desktop,success,None,73.6
TX_00006771,2025-01-20 22:28:00,SMB,credit_card,US-West,mobile_android,success,None,118.78
TX_00006772,2025-01-20 22:30:00,SMB,debit,EU-Central,mobile_ios,success,None,56.46
TX_00006773,2025-01-20 22:36:00,Enterprise,debit,US-West,mobile_android,success,None,99.14
TX_00006774,2025-01-20 22:38:00,Enterprise,credit_card,US-East,mobile_ios,success,None,129.62
TX_00006775,2025-01-20 22:51:00,Enterprise,credit_card,US-East,mobile_android,success,None,159.39
TX_00006776,2025-01-20 22:52:00,Enterprise,credit_card,EU-Central,desktop,success,None,164.12
TX_00006777,2025-01-20 22:54:00,Startup,credit_card,US-West,desktop,success,None,33.01
TX_00006778,2025-01-20 23:00:00,SMB,credit_card,US-West,mobile_android,success,None,89.89
TX_00006779,2025-01-20 23:02:00,Startup,credit_card,US-West,mobile_android,success,None,44.03
TX_00006780,2025-01-20 23:03:00,Startup,credit_card,US-West,mobile_ios,success,None,30.95
TX_00006781,2025-01-20 23:06:00,Startup,crypto,US-East,mobile_ios,success,None,56.94
TX_00006782,2025-01-20 23:07:00,Startup,debit,US-East,mobile_android,success,None,56.64
TX_00006783,2025-01-20 23:13:00,SMB,credit_card,US-East,desktop,success,None,92.27
TX_00006784,2025-01-20 23:14:00,SMB,crypto,US-East,mobile_ios,success,None,69.27
TX_00006785,2025-01-20 23:16:00,SMB,debit,US-West,desktop,success,None,71.43
TX_00006786,2025-01-20 23:18:00,Startup,credit_card,US-East,desktop,success,None,35.22
TX_00006787,2025-01-20 23:21:00,Startup,credit_card,US-East,desktop,success,None,50.19
TX_00006788,2025-01-20 23:23:00,Startup,credit_card,US-East,mobile_android,success,None,42.02
TX_00006789,2025-01-20 23:29:00,SMB,credit_card,US-East,mobile_ios,success,None,94.61
TX_00006790,2025-01-20 23:43:00,Startup,credit_card,APAC,mobile_android,success,None,47.78
TX_00006791,2025-01-20 23:55:00,Enterprise,credit_card,US-East,desktop,success,None,136.38
TX_00006792,2025-01-20 23:57:00,Enterprise,credit_card,US-West,desktop,success,None,136.68
TX_00006793,2025-01-20 23:57:00,Startup,debit,US-East,desktop,success,None,53.65
TX_00006794,2025-01-21 00:01:00,SMB,credit_card,EU-Central,desktop,success,None,81.66
TX_00006795,2025-01-21 00:03:00,Startup,debit,APAC,desktop,success,None,47.51
TX_00006796,2025-01-21 00:04:00,Enterprise,credit_card,US-West,desktop,success,None,175.3
TX_00006797,2025-01-21 00:05:00,Startup,crypto,EU-Central,desktop,success,None,38.28
TX_00006798,2025-01-21 00:06:00,SMB,credit_card,US-East,desktop,success,None,73.31
TX_00006799,2025-01-21 00:07:00,Startup,crypto,US-East,desktop,success,None,20.57
TX_00006800,2025-01-21 00:10:00,Startup,debit,US-East,mobile_android,success,None,26.95
TX_00006801,2025-01-21 00:10:00,Startup,debit,US-East,mobile_ios,success,None,23.45
TX_00006802,2025-01-21 00:12:00,SMB,debit,US-East,mobile_android,success,None,105.92
TX_00006803,2025-01-21 00:20:00,Startup,credit_card,US-East,mobile_android,success,None,49.26
TX_00006804,2025-01-21 00:31:00,SMB,crypto,US-West,desktop,success,None,73.73
TX_00006805,2025-01-21 00:35:00,Enterprise,credit_card,EU-Central,mobile_ios,success,None,139.2
TX_00006806,2025-01-21 00:40:00,SMB,credit_card,US-East,mobile_ios,success,None,64.62
TX_00006807,2025-01-21 00:41:00,Startup,credit_card,US-East,desktop,success,None,51.42
TX_00006808,2025-01-21 00:50:00,SMB,credit_card,US-West,mobile_android,success,None,82.87
TX_00006809,2025-01-21 00:53:00,Startup,debit,US-West,desktop,success,None,40.79
TX_00006810,2025-01-21 00:54:00,Startup,crypto,US-East,desktop,success,None,28.16
TX_00006811,2025-01-21 01:01:00,SMB,credit_card,US-East,mobile_ios,success,None,88.09
TX_00006812,2025-01-21 01:05:00,Startup,crypto,US-West,mobile_ios,success,None,54.46
TX_00006813,2025-01-21 01:16:00,Enterprise,credit_card,US-East,mobile_ios,success,None,122.67
TX_00006814,2025-01-21 01:24:00,Startup,credit_card,EU-Central,desktop,success,None,31.98
TX_00006815,2025-01-21 01:25:00,SMB,credit_card,US-East,desktop,success,None,76.39
TX_00006816,2025-01-21 01:30:00,SMB,debit,US-East,desktop,success,None,82.2
TX_00006817,2025-01-21 01:39:00,SMB,credit_card,US-West,mobile_android,success,None,101.12
TX_00006818,2025-01-21 01:41:00,SMB,credit_card,APAC,mobile_android,success,None,77.99
TX_00006819,2025-01-21 01:42:00,SMB,credit_card,US-West,mobile_ios,success,None,69.41
TX_00006820,2025-01-21 01:43:00,SMB,credit_card,US-East,desktop,success,None,88.54
TX_00006821,2025-01-21 01:46:00,SMB,debit,US-East,desktop,success,None,86.18
TX_00006822,2025-01-21 01:56:00,SMB,credit_card,US-West,desktop,success,None,87.41
TX_00006823,2025-01-21 01:59:00,SMB,credit_card,US-East,desktop,success,None,74.2
TX_00006824,2025-01-21 02:00:00,Startup,credit_card,US-West,desktop,success,None,34.08
TX_00006825,2025-01-21 02:01:00,SMB,credit_card,US-West,mobile_ios,success,None,96.74
TX_00006826,2025-01-21 02:06:00,Startup,credit_card,US-East,desktop,success,None,31.21
TX_00006827,2025-01-21 02:07:00,Startup,credit_card,US-East,mobile_ios,success,None,36.17
TX_00006828,2025-01-21 02:07:00,Startup,debit,EU-Central,desktop,success,None,48.09
TX_00006829,2025-01-21 02:10:00,Startup,credit_card,US-West,desktop,success,None,42.3
TX_00006830,2025-01-21 02:11:00,SMB,credit_card,EU-Central,mobile_ios,success,None,67.51
TX_00006831,2025-01-21 02:13:00,Startup,credit_card,US-East,mobile_ios,success,None,45.24
TX_00006832,2025-01-21 02:17:00,Enterprise,credit_card,US-West,mobile_ios,success,None,138.2
TX_00006833,2025-01-21 02:19:00,Startup,credit_card,US-East,mobile_ios,success,None,46.11
TX_00006834,2025-01-21 02:20:00,Startup,credit_card,US-East,mobile_android,success,None,31.77
TX_00006835,2025-01-21 02:22:00,SMB,credit_card,US-West,desktop,success,None,85.86
TX_00006836,2025-01-21 02:28:00,Startup,debit,EU-Central,desktop,success,None,57.32
TX_00006837,2025-01-21 02:32:00,Enterprise,credit_card,US-East,mobile_ios,success,None,171.98
TX_00006838,2025-01-21 02:35:00,SMB,debit,EU-Central,mobile_android,success,None,98.72
TX_00006839,2025-01-21 02:40:00,Enterprise,credit_card,US-West,mobile_ios,success,None,149.83
TX_00006840,2025-01-21 02:47:00,Startup,credit_card,US-East,desktop,success,None,40.65
TX_00006841,2025-01-21 03:02:00,Startup,debit,EU-Central,desktop,success,None,43.54
TX_00006842,2025-01-21 03:12:00,Startup,credit_card,US-West,desktop,success,None,25.69
TX_00006843,2025-01-21 03:17:00,Enterprise,credit_card,US-West,desktop,success,None,137.58
TX_00006844,2025-01-21 03:21:00,SMB,debit,US-West,mobile_ios,success,None,78.26
TX_00006845,2025-01-21 03:27:00,Startup,debit,US-West,desktop,success,None,29.18
TX_00006846,2025-01-21 03:29:00,SMB,crypto,EU-Central,desktop,success,None,83.52
TX_00006847,2025-01-21 03:29:00,Startup,debit,US-East,desktop,success,None,53.7
TX_00006848,2025-01-21 03:31:00,Enterprise,debit,US-East,desktop,success,None,142.46
TX_00006849,2025-01-21 03:53:00,SMB,credit_card,EU-Central,desktop,success,None,88.76
TX_00006850,2025-01-21 03:58:00,SMB,credit_card,EU-Central,desktop,success,None,69.89
TX_00006851,2025-01-21 04:07:00,Startup,credit_card,US-East,mobile_ios,success,None,49.96
TX_00006852,2025-01-21 04:12:00,Enterprise,credit_card,US-East,mobile_ios,success,None,144.67
TX_00006853,2025-01-21 04:15:00,SMB,credit_card,US-West,desktop,success,None,81.21
TX_00006854,2025-01-21 04:19:00,SMB,debit,US-East,desktop,success,None,57.47
TX_00006855,2025-01-21 04:21:00,SMB,credit_card,US-West,mobile_android,success,None,100.37
TX_00006856,2025-01-21 04:22:00,SMB,debit,US-East,desktop,failed,Invalid PIN,0.0
TX_00006857,2025-01-21 04:23:00,SMB,credit_card,US-West,mobile_ios,success,None,95.63
TX_00006858,2025-01-21 04:23:00,Startup,credit_card,US-East,desktop,success,None,42.78
TX_00006859,2025-01-21 04:35:00,SMB,credit_card,US-West,desktop,success,None,66.62
TX_00006860,2025-01-21 04:37:00,Startup,credit_card,US-West,desktop,success,None,46.93
TX_00006861,2025-01-21 04:39:00,Startup,credit_card,US-West,desktop,success,None,23.39
TX_00006862,2025-01-21 04:44:00,Enterprise,debit,US-East,desktop,success,None,153.48
TX_00006863,2025-01-21 04:46:00,Enterprise,credit_card,US-East,mobile_ios,success,None,178.95
TX_00006864,2025-01-21 04:46:00,Startup,credit_card,US-East,desktop,success,None,22.88
TX_00006865,2025-01-21 04:47:00,Enterprise,debit,US-West,mobile_android,success,None,111.06
TX_00006866,2025-01-21 04:52:00,Enterprise,credit_card,US-West,mobile_android,success,None,131.05
TX_00006867,2025-01-21 04:52:00,Enterprise,credit_card,US-East,mobile_ios,success,None,136.82
TX_00006868,2025-01-21 04:57:00,Startup,credit_card,EU-Central,mobile_ios,success,None,50.17
TX_00006869,2025-01-21 04:58:00,SMB,credit_card,EU-Central,desktop,success,None,108.12
TX_00006870,2025-01-21 05:00:00,Startup,debit,US-West,mobile_ios,success,None,53.99
TX_00006871,2025-01-21 05:13:00,Startup,debit,US-East,mobile_android,success,None,34.14
TX_00006872,2025-01-21 05:18:00,SMB,debit,EU-Central,desktop,success,None,59.08
TX_00006873,2025-01-21 05:22:00,SMB,credit_card,EU-Central,desktop,success,None,75.3
TX_00006874,2025-01-21 05:24:00,SMB,debit,APAC,desktop,success,None,89.17
TX_00006875,2025-01-21 05:24:00,SMB,credit_card,US-East,mobile_ios,success,None,52.57
TX_00006876,2025-01-21 05:25:00,Enterprise,credit_card,APAC,desktop,success,None,163.15
TX_00006877,2025-01-21 05:27:00,Enterprise,credit_card,US-East,desktop,success,None,191.65
TX_00006878,2025-01-21 05:34:00,Enterprise,debit,US-West,mobile_ios,success,None,203.78
TX_00006879,2025-01-21 05:39:00,SMB,debit,US-West,desktop,success,None,78.14
TX_00006880,2025-01-21 05:40:00,SMB,debit,US-West,mobile_ios,success,None,91.06
TX_00006881,2025-01-21 05:48:00,Startup,debit,US-West,desktop,success,None,35.3
TX_00006882,2025-01-21 05:50:00,SMB,credit_card,US-East,desktop,success,None,67.92
TX_00006883,2025-01-21 06:03:00,Startup,credit_card,EU-Central,desktop,success,None,48.68
TX_00006884,2025-01-21 06:05:00,SMB,debit,US-West,mobile_ios,success,None,69.76
TX_00006885,2025-01-21 06:05:00,SMB,debit,APAC,mobile_android,success,None,79.09
TX_00006886,2025-01-21 06:06:00,SMB,debit,US-East,desktop,success,None,54.82
TX_00006887,2025-01-21 06:08:00,SMB,credit_card,US-West,desktop,success,None,104.37
TX_00006888,2025-01-21 06:11:00,Enterprise,debit,US-West,mobile_android,success,None,147.89
TX_00006889,2025-01-21 06:19:00,Startup,credit_card,US-West,mobile_ios,success,None,61.13
TX_00006890,2025-01-21 06:27:00,Startup,debit,EU-Central,desktop,success,None,49.5
TX_00006891,2025-01-21 06:29:00,Enterprise,credit_card,US-East,mobile_ios,success,None,105.71
TX_00006892,2025-01-21 06:32:00,SMB,crypto,US-East,mobile_android,failed,Insufficient funds,0.0
TX_00006893,2025-01-21 06:35:00,SMB,credit_card,EU-Central,desktop,success,None,82.04
TX_00006894,2025-01-21 06:37:00,SMB,debit,US-West,desktop,success,None,87.54
TX_00006895,2025-01-21 06:57:00,SMB,credit_card,US-East,desktop,success,None,62.3
TX_00006896,2025-01-21 06:58:00,Enterprise,credit_card,US-West,mobile_ios,success,None,145.79
TX_00006897,2025-01-21 07:02:00,SMB,credit_card,US-West,desktop,success,None,106.35
TX_00006898,2025-01-21 07:07:00,SMB,debit,US-West,mobile_android,success,None,67.47
TX_00006899,2025-01-21 07:11:00,SMB,credit_card,US-East,mobile_ios,success,None,70.78
TX_00006900,2025-01-21 07:18:00,Enterprise,credit_card,US-West,mobile_ios,success,None,154.16
TX_00006901,2025-01-21 07:20:00,SMB,crypto,US-West,desktop,failed,Card expired,0.0
TX_00006902,2025-01-21 07:21:00,Startup,debit,EU-Central,mobile_android,success,None,41.29
TX_00006903,2025-01-21 07:25:00,SMB,credit_card,EU-Central,desktop,success,None,65.15
TX_00006904,2025-01-21 07:32:00,Startup,credit_card,US-West,desktop,success,None,61.23
TX_00006905,2025-01-21 07:36:00,Startup,credit_card,US-East,mobile_android,success,None,43.69
TX_00006906,2025-01-21 07:37:00,Startup,debit,US-East,mobile_android,success,None,18.68
TX_00006907,2025-01-21 07:39:00,Startup,debit,US-East,desktop,success,None,68.64
TX_00006908,2025-01-21 07:45:00,Startup,debit,US-East,desktop,success,None,36.05
TX_00006909,2025-01-21 07:47:00,Startup,credit_card,EU-Central,desktop,success,None,43.62
TX_00006910,2025-01-21 07:57:00,Enterprise,debit,EU-Central,mobile_android,success,None,157.27
TX_00006911,2025-01-21 08:03:00,SMB,credit_card,US-West,mobile_android,success,None,95.83
TX_00006912,2025-01-21 08:07:00,Startup,credit_card,US-East,desktop,success,None,33.44
TX_00006913,2025-01-21 08:10:00,Startup,debit,US-East,mobile_ios,success,None,35.98
TX_00006914,2025-01-21 08:10:00,Startup,credit_card,EU-Central,mobile_ios,success,None,59.5
TX_00006915,2025-01-21 08:14:00,Startup,credit_card,EU-Central,desktop,success,None,42.19
TX_00006916,2025-01-21 08:19:00,Startup,debit,US-East,mobile_ios,success,None,34.29
TX_00006917,2025-01-21 08:19:00,Startup,credit_card,US-West,desktop,success,None,37.61
TX_00006918,2025-01-21 08:19:00,Startup,credit_card,US-East,mobile_ios,success,None,44.07
TX_00006919,2025-01-21 08:19:00,SMB,debit,US-East,desktop,success,None,71.03
TX_00006920,2025-01-21 08:20:00,Startup,crypto,US-East,mobile_ios,success,None,55.41
TX_00006921,2025-01-21 08:20:00,Startup,debit,US-West,desktop,success,None,34.48
TX_00006922,2025-01-21 08:21:00,Startup,credit_card,US-East,desktop,success,None,39.43
TX_00006923,2025-01-21 08:21:00,Startup,credit_card,US-East,desktop,success,None,37.52
TX_00006924,2025-01-21 08:24:00,SMB,credit_card,US-East,mobile_ios,success,None,77.4
TX_00006925,2025-01-21 08:25:00,Enterprise,debit,US-East,desktop,success,None,131.49
TX_00006926,2025-01-21 08:29:00,Startup,credit_card,US-West,mobile_ios,success,None,44.51
TX_00006927,2025-01-21 08:29:00,SMB,debit,US-East,desktop,success,None,80.23
TX_00006928,2025-01-21 08:32:00,SMB,credit_card,EU-Central,mobile_ios,success,None,83.53
TX_00006929,2025-01-21 08:35:00,Enterprise,credit_card,US-East,desktop,success,None,193.24
TX_00006930,2025-01-21 08:38:00,Startup,debit,US-East,desktop,success,None,25.51
TX_00006931,2025-01-21 08:40:00,Startup,debit,US-East,desktop,success,None,33.84
TX_00006932,2025-01-21 08:40:00,Startup,debit,US-East,desktop,success,None,49.51
TX_00006933,2025-01-21 08:40:00,Startup,crypto,US-East,mobile_ios,success,None,38.77
TX_00006934,2025-01-21 08:47:00,SMB,crypto,US-East,mobile_ios,success,None,82.43
TX_00006935,2025-01-21 08:48:00,SMB,crypto,EU-Central,desktop,success,None,72.9
TX_00006936,2025-01-21 08:52:00,Enterprise,debit,US-West,mobile_ios,success,None,133.38
TX_00006937,2025-01-21 08:54:00,Startup,debit,EU-Central,desktop,failed,Card expired,0.0
TX_00006938,2025-01-21 08:56:00,Enterprise,debit,US-East,desktop,success,None,104.92
TX_00006939,2025-01-21 09:00:00,Startup,credit_card,US-West,mobile_ios,success,None,36.55
TX_00006940,2025-01-21 09:04:00,SMB,credit_card,US-East,desktop,success,None,63.2
TX_00006941,2025-01-21 09:05:00,SMB,credit_card,EU-Central,mobile_ios,success,None,87.17
TX_00006942,2025-01-21 09:05:00,Startup,credit_card,APAC,mobile_android,success,None,48.9
TX_00006943,2025-01-21 09:11:00,Enterprise,credit_card,EU-Central,desktop,success,None,200.78
TX_00006944,2025-01-21 09:29:00,Startup,credit_card,US-East,mobile_ios,success,None,45.91
TX_00006945,2025-01-21 09:31:00,Enterprise,crypto,US-East,mobile_android,success,None,178.99
TX_00006946,2025-01-21 09:33:00,Enterprise,debit,US-East,desktop,success,None,155.85
TX_00006947,2025-01-21 09:35:00,SMB,credit_card,US-East,desktop,success,None,88.78
TX_00006948,2025-01-21 09:37:00,Enterprise,credit_card,US-East,desktop,success,None,134.12
TX_00006949,2025-01-21 09:37:00,Startup,debit,US-East,mobile_ios,success,None,42.88
TX_00006950,2025-01-21 09:38:00,SMB,debit,US-East,mobile_ios,success,None,85.6
TX_00006951,2025-01-21 09:41:00,Enterprise,crypto,US-West,mobile_ios,success,None,187.32
TX_00006952,2025-01-21 09:48:00,Enterprise,crypto,US-West,mobile_ios,success,None,171.12
TX_00006953,2025-01-21 09:58:00,Startup,crypto,EU-Central,mobile_ios,success,None,53.21
TX_00006954,2025-01-21 10:01:00,Startup,credit_card,US-East,desktop,success,None,24.88
TX_00006955,2025-01-21 10:01:00,SMB,credit_card,US-East,mobile_android,success,None,72.52
TX_00006956,2025-01-21 10:02:00,SMB,debit,US-West,desktop,success,None,41.56
TX_00006957,2025-01-21 10:09:00,Startup,credit_card,US-West,desktop,success,None,41.01
TX_00006958,2025-01-21 10:11:00,Startup,debit,US-East,mobile_android,success,None,54.73
TX_00006959,2025-01-21 10:12:00,SMB,credit_card,EU-Central,mobile_android,success,None,64.09
TX_00006960,2025-01-21 10:16:00,Startup,debit,US-East,mobile_ios,success,None,38.24
TX_00006961,2025-01-21 10:24:00,Startup,credit_card,US-East,desktop,success,None,50.27
TX_00006962,2025-01-21 10:25:00,Startup,credit_card,US-West,mobile_android,success,None,31.26
TX_00006963,2025-01-21 10:26:00,Startup,credit_card,US-East,mobile_ios,success,None,51.27
TX_00006964,2025-01-21 10:30:00,Startup,crypto,US-West,mobile_ios,success,None,48.0
TX_00006965,2025-01-21 10:32:00,SMB,credit_card,US-East,mobile_android,success,None,73.93
TX_00006966,2025-01-21 10:32:00,Startup,crypto,US-East,desktop,success,None,31.72
TX_00006967,2025-01-21 10:37:00,SMB,debit,APAC,mobile_ios,success,None,55.0
TX_00006968,2025-01-21 10:41:00,Startup,debit,US-East,mobile_ios,success,None,48.85
TX_00006969,2025-01-21 10:43:00,Enterprise,debit,US-West,desktop,success,None,143.03
TX_00006970,2025-01-21 10:50:00,SMB,debit,US-East,desktop,success,None,60.31
TX_00006971,2025-01-21 11:07:00,Startup,credit_card,US-West,desktop,success,None,41.89
TX_00006972,2025-01-21 11:15:00,Startup,credit_card,US-East,mobile_ios,success,None,18.94
TX_00006973,2025-01-21 11:20:00,Enterprise,debit,EU-Central,desktop,success,None,150.6
TX_00006974,2025-01-21 11:22:00,SMB,debit,EU-Central,desktop,success,None,99.05
TX_00006975,2025-01-21 11:23:00,Enterprise,credit_card,US-East,desktop,success,None,111.35
TX_00006976,2025-01-21 11:26:00,Startup,debit,US-East,desktop,success,None,29.23
TX_00006977,2025-01-21 11:31:00,Startup,credit_card,APAC,desktop,success,None,43.28
TX_00006978,2025-01-21 11:32:00,Enterprise,credit_card,EU-Central,desktop,success,None,162.02
TX_00006979,2025-01-21 11:33:00,Startup,credit_card,US-West,mobile_android,success,None,41.5
TX_00006980,2025-01-21 11:44:00,Startup,credit_card,US-West,desktop,success,None,47.4
TX_00006981,2025-01-21 11:44:00,SMB,credit_card,EU-Central,mobile_ios,success,None,61.07
TX_00006982,2025-01-21 11:44:00,Startup,credit_card,US-East,mobile_ios,success,None,22.52
TX_00006983,2025-01-21 11:45:00,SMB,credit_card,US-West,mobile_ios,success,None,61.79
TX_00006984,2025-01-21 11:46:00,Startup,credit_card,US-West,desktop,success,None,42.85
TX_00006985,2025-01-21 11:48:00,SMB,credit_card,EU-Central,mobile_android,success,None,59.98
TX_00006986,2025-01-21 11:50:00,SMB,credit_card,US-East,desktop,success,None,85.43
TX_00006987,2025-01-21 11:51:00,SMB,credit_card,US-West,desktop,success,None,82.29
TX_00006988,2025-01-21 11:56:00,Enterprise,credit_card,US-West,desktop,success,None,171.77
TX_00006989,2025-01-21 12:01:00,Startup,credit_card,EU-Central,desktop,success,None,37.65
TX_00006990,2025-01-21 12:03:00,SMB,credit_card,US-West,desktop,success,None,52.31
TX_00006991,2025-01-21 12:15:00,SMB,debit,EU-Central,desktop,success,None,107.78
TX_00006992,2025-01-21 12:18:00,Startup,credit_card,EU-Central,desktop,success,None,33.85
TX_00006993,2025-01-21 12:25:00,SMB,credit_card,US-West,mobile_ios,success,None,92.16
TX_00006994,2025-01-21 12:25:00,SMB,credit_card,US-East,mobile_android,success,None,82.47
TX_00006995,2025-01-21 12:25:00,Startup,credit_card,US-West,desktop,success,None,42.81
TX_00006996,2025-01-21 12:25:00,Startup,debit,EU-Central,desktop,success,None,38.77
TX_00006997,2025-01-21 12:26:00,SMB,credit_card,US-East,mobile_ios,success,None,82.77
TX_00006998,2025-01-21 12:28:00,SMB,credit_card,US-West,mobile_ios,success,None,70.35
TX_00006999,2025-01-21 12:33:00,Startup,credit_card,US-East,desktop,success,None,38.81
TX_00007000,2025-01-21 12:45:00,SMB,credit_card,US-East,mobile_android,success,None,104.76
TX_00007001,2025-01-21 12:46:00,SMB,credit_card,US-West,mobile_android,success,None,111.04
TX_00007002,2025-01-21 12:51:00,SMB,debit,US-West,mobile_ios,success,None,96.3
TX_00007003,2025-01-21 13:03:00,Enterprise,credit_card,US-West,desktop,success,None,159.75
TX_00007004,2025-01-21 13:12:00,Startup,credit_card,EU-Central,desktop,success,None,34.04
TX_00007005,2025-01-21 13:12:00,Startup,debit,US-East,mobile_ios,success,None,48.15
TX_00007006,2025-01-21 13:39:00,Startup,debit,US-East,desktop,success,None,33.75
TX_00007007,2025-01-21 13:49:00,Startup,debit,EU-Central,desktop,success,None,40.64
TX_00007008,2025-01-21 13:51:00,SMB,credit_card,US-West,desktop,success,None,84.44
TX_00007009,2025-01-21 13:51:00,Enterprise,credit_card,US-East,desktop,success,None,128.12
TX_00007010,2025-01-21 14:08:00,Startup,credit_card,EU-Central,desktop,success,None,56.64
TX_00007011,2025-01-21 14:21:00,SMB,debit,EU-Central,mobile_android,success,None,89.46
TX_00007012,2025-01-21 14:30:00,SMB,credit_card,US-West,mobile_android,success,None,79.83
TX_00007013,2025-01-21 14:32:00,Startup,credit_card,EU-Central,mobile_ios,success,None,49.3
TX_00007014,2025-01-21 14:40:00,SMB,debit,US-East,desktop,success,None,85.92
TX_00007015,2025-01-21 14:45:00,SMB,debit,US-East,desktop,success,None,69.74
TX_00007016,2025-01-21 14:49:00,Startup,credit_card,EU-Central,mobile_ios,success,None,51.51
TX_00007017,2025-01-21 14:57:00,Startup,debit,US-West,mobile_ios,success,None,52.39
TX_00007018,2025-01-21 15:03:00,Enterprise,debit,US-East,mobile_ios,success,None,117.53
TX_00007019,2025-01-21 15:03:00,Startup,credit_card,US-West,desktop,success,None,36.03
TX_00007020,2025-01-21 15:09:00,SMB,crypto,US-West,mobile_ios,success,None,98.09
TX_00007021,2025-01-21 15:09:00,SMB,credit_card,US-East,mobile_android,success,None,86.2
TX_00007022,2025-01-21 15:11:00,Startup,debit,US-West,desktop,success,None,40.0
TX_00007023,2025-01-21 15:15:00,Startup,debit,US-East,desktop,success,None,42.91
TX_00007024,2025-01-21 15:21:00,SMB,credit_card,US-East,mobile_ios,success,None,80.28
TX_00007025,2025-01-21 15:23:00,SMB,credit_card,US-West,mobile_ios,success,None,83.12
TX_00007026,2025-01-21 15:25:00,Enterprise,crypto,US-East,desktop,success,None,133.13
TX_00007027,2025-01-21 15:34:00,SMB,credit_card,US-East,mobile_android,success,None,55.54
TX_00007028,2025-01-21 15:39:00,Enterprise,credit_card,EU-Central,desktop,success,None,150.8
TX_00007029,2025-01-21 15:49:00,SMB,credit_card,US-West,mobile_android,success,None,61.45
TX_00007030,2025-01-21 15:50:00,Enterprise,debit,US-West,desktop,success,None,182.05
TX_00007031,2025-01-21 15:57:00,SMB,crypto,US-East,desktop,success,None,72.76
TX_00007032,2025-01-21 15:59:00,Enterprise,credit_card,US-East,mobile_android,success,None,171.65
TX_00007033,2025-01-21 15:59:00,Startup,debit,US-West,mobile_android,success,None,40.54
TX_00007034,2025-01-21 16:08:00,SMB,credit_card,US-East,mobile_android,success,None,99.48
TX_00007035,2025-01-21 16:09:00,SMB,crypto,US-West,desktop,success,None,81.55
TX_00007036,2025-01-21 16:14:00,Startup,credit_card,US-West,mobile_ios,success,None,45.85
TX_00007037,2025-01-21 16:17:00,Startup,credit_card,US-West,desktop,success,None,31.17
TX_00007038,2025-01-21 16:21:00,SMB,credit_card,US-East,desktop,success,None,92.75
TX_00007039,2025-01-21 16:23:00,Enterprise,credit_card,US-East,desktop,success,None,196.21
TX_00007040,2025-01-21 16:33:00,Startup,credit_card,APAC,desktop,success,None,40.7
TX_00007041,2025-01-21 16:34:00,SMB,debit,APAC,mobile_android,success,None,68.35
TX_00007042,2025-01-21 16:36:00,Startup,credit_card,US-West,desktop,success,None,27.27
TX_00007043,2025-01-21 16:39:00,SMB,crypto,EU-Central,mobile_ios,success,None,68.89
TX_00007044,2025-01-21 16:46:00,SMB,debit,US-West,mobile_ios,success,None,56.82
TX_00007045,2025-01-21 16:48:00,SMB,debit,US-East,desktop,success,None,85.06
TX_00007046,2025-01-21 16:49:00,Startup,credit_card,US-East,mobile_android,success,None,51.16
TX_00007047,2025-01-21 16:53:00,Startup,debit,US-East,desktop,success,None,43.83
TX_00007048,2025-01-21 17:03:00,Enterprise,debit,US-West,mobile_android,success,None,111.03
TX_00007049,2025-01-21 17:05:00,SMB,debit,US-West,mobile_android,success,None,55.02
TX_00007050,2025-01-21 17:11:00,Enterprise,crypto,APAC,mobile_android,success,None,147.49
TX_00007051,2025-01-21 17:21:00,SMB,credit_card,EU-Central,mobile_ios,success,None,83.67
TX_00007052,2025-01-21 17:24:00,Startup,credit_card,EU-Central,desktop,success,None,45.95
TX_00007053,2025-01-21 17:25:00,SMB,debit,EU-Central,desktop,success,None,85.24
TX_00007054,2025-01-21 17:30:00,Startup,debit,EU-Central,mobile_ios,success,None,34.08
TX_00007055,2025-01-21 17:35:00,Startup,credit_card,US-East,desktop,success,None,37.57
TX_00007056,2025-01-21 17:36:00,Startup,credit_card,US-East,mobile_android,success,None,21.32
TX_00007057,2025-01-21 17:43:00,Startup,debit,US-West,mobile_ios,success,None,33.53
TX_00007058,2025-01-21 17:46:00,Enterprise,credit_card,US-West,desktop,success,None,179.97
TX_00007059,2025-01-21 17:46:00,SMB,credit_card,US-East,desktop,success,None,79.09
TX_00007060,2025-01-21 17:52:00,SMB,credit_card,EU-Central,desktop,success,None,81.53
TX_00007061,2025-01-21 17:57:00,SMB,credit_card,APAC,mobile_ios,success,None,80.89
TX_00007062,2025-01-21 17:58:00,SMB,credit_card,US-West,desktop,success,None,80.15
TX_00007063,2025-01-21 18:03:00,SMB,crypto,US-West,mobile_ios,success,None,78.23
TX_00007064,2025-01-21 18:14:00,Startup,debit,EU-Central,mobile_ios,success,None,38.58
TX_00007065,2025-01-21 18:16:00,SMB,crypto,US-East,desktop,success,None,80.65
TX_00007066,2025-01-21 18:19:00,Startup,debit,US-East,mobile_ios,success,None,20.69
TX_00007067,2025-01-21 18:22:00,Startup,credit_card,EU-Central,mobile_ios,success,None,53.5
TX_00007068,2025-01-21 18:41:00,Startup,debit,EU-Central,desktop,success,None,17.68
TX_00007069,2025-01-21 18:46:00,SMB,crypto,US-West,mobile_android,success,None,78.76
TX_00007070,2025-01-21 18:52:00,SMB,crypto,EU-Central,desktop,success,None,50.28
TX_00007071,2025-01-21 19:03:00,SMB,debit,US-East,desktop,success,None,102.08
TX_00007072,2025-01-21 19:16:00,SMB,credit_card,US-West,mobile_android,success,None,65.13
TX_00007073,2025-01-21 19:21:00,SMB,credit_card,US-West,desktop,success,None,71.74
TX_00007074,2025-01-21 19:23:00,Startup,credit_card,US-East,desktop,failed,Invalid PIN,0.0
TX_00007075,2025-01-21 19:24:00,SMB,crypto,US-East,mobile_ios,success,None,100.04
TX_00007076,2025-01-21 19:28:00,SMB,credit_card,APAC,mobile_ios,success,None,86.78
TX_00007077,2025-01-21 19:29:00,Startup,debit,US-East,desktop,success,None,45.79
TX_00007078,2025-01-21 19:35:00,Enterprise,credit_card,US-East,desktop,success,None,187.2
TX_00007079,2025-01-21 19:38:00,SMB,debit,US-West,desktop,success,None,94.32
TX_00007080,2025-01-21 19:44:00,Startup,credit_card,US-East,mobile_ios,success,None,51.24
TX_00007081,2025-01-21 19:50:00,SMB,credit_card,EU-Central,mobile_ios,success,None,78.1
TX_00007082,2025-01-21 19:51:00,Startup,credit_card,US-East,mobile_ios,success,None,17.46
TX_00007083,2025-01-21 19:52:00,SMB,debit,US-West,mobile_ios,success,None,81.55
TX_00007084,2025-01-21 20:05:00,Startup,credit_card,US-East,desktop,success,None,33.36
TX_00007085,2025-01-21 20:09:00,SMB,debit,EU-Central,desktop,success,None,92.42
TX_00007086,2025-01-21 20:09:00,SMB,credit_card,US-West,desktop,success,None,82.83
TX_00007087,2025-01-21 20:13:00,SMB,debit,US-East,desktop,success,None,79.57
TX_00007088,2025-01-21 20:15:00,SMB,credit_card,APAC,mobile_ios,success,None,75.01
TX_00007089,2025-01-21 20:20:00,SMB,debit,US-East,mobile_ios,success,None,90.33
TX_00007090,2025-01-21 20:22:00,SMB,credit_card,US-West,desktop,success,None,78.76
TX_00007091,2025-01-21 20:24:00,SMB,debit,APAC,mobile_android,success,None,81.64
TX_00007092,2025-01-21 20:27:00,SMB,credit_card,US-West,desktop,success,None,79.8
TX_00007093,2025-01-21 20:28:00,SMB,debit,EU-Central,desktop,success,None,78.15
TX_00007094,2025-01-21 20:31:00,SMB,crypto,US-East,desktop,success,None,51.84
TX_00007095,2025-01-21 20:49:00,Startup,credit_card,US-East,mobile_ios,success,None,38.9
TX_00007096,2025-01-21 21:02:00,SMB,credit_card,US-East,desktop,success,None,66.59
TX_00007097,2025-01-21 21:03:00,Enterprise,debit,APAC,mobile_android,success,None,148.1
TX_00007098,2025-01-21 21:03:00,Startup,debit,APAC,desktop,success,None,41.7
TX_00007099,2025-01-21 21:15:00,Startup,credit_card,US-East,mobile_android,success,None,35.5
TX_00007100,2025-01-21 21:17:00,SMB,credit_card,US-East,desktop,success,None,45.16
TX_00007101,2025-01-21 21:20:00,SMB,credit_card,US-East,mobile_ios,success,None,73.91
TX_00007102,2025-01-21 21:27:00,SMB,credit_card,US-East,mobile_android,success,None,73.0
TX_00007103,2025-01-21 21:30:00,SMB,credit_card,US-East,desktop,success,None,75.99
TX_00007104,2025-01-21 21:36:00,Startup,debit,EU-Central,desktop,success,None,26.74
TX_00007105,2025-01-21 21:39:00,Enterprise,credit_card,EU-Central,desktop,success,None,154.46
TX_00007106,2025-01-21 21:45:00,Startup,credit_card,EU-Central,mobile_android,success,None,42.69
TX_00007107,2025-01-21 21:46:00,Enterprise,debit,US-West,mobile_ios,success,None,144.29
TX_00007108,2025-01-21 21:49:00,SMB,credit_card,EU-Central,mobile_ios,success,None,93.11
TX_00007109,2025-01-21 21:51:00,Startup,debit,EU-Central,mobile_ios,success,None,39.77
TX_00007110,2025-01-21 21:51:00,SMB,debit,US-West,desktop,success,None,76.47
TX_00007111,2025-01-21 21:52:00,Enterprise,credit_card,US-East,desktop,success,None,147.75
TX_00007112,2025-01-21 21:56:00,Startup,credit_card,US-East,desktop,success,None,50.1
TX_00007113,2025-01-21 21:59:00,Startup,crypto,US-West,desktop,success,None,45.18
TX_00007114,2025-01-21 22:09:00,Startup,crypto,APAC,mobile_android,success,None,32.29
TX_00007115,2025-01-21 22:11:00,SMB,credit_card,US-West,mobile_ios,success,None,65.18
TX_00007116,2025-01-21 22:13:00,SMB,credit_card,APAC,mobile_android,success,None,76.62
TX_00007117,2025-01-21 22:14:00,Startup,credit_card,US-East,desktop,success,None,49.13
TX_00007118,2025-01-21 22:17:00,SMB,credit_card,EU-Central,desktop,success,None,91.69
TX_00007119,2025-01-21 22:20:00,Startup,credit_card,EU-Central,mobile_android,failed,Insufficient funds,0.0
TX_00007120,2025-01-21 22:23:00,SMB,debit,US-West,desktop,success,None,88.46
TX_00007121,2025-01-21 22:34:00,SMB,debit,APAC,desktop,success,None,55.31
TX_00007122,2025-01-21 22:38:00,Startup,credit_card,US-West,desktop,success,None,35.08
TX_00007123,2025-01-21 22:40:00,SMB,debit,US-East,desktop,success,None,89.6
TX_00007124,2025-01-21 22:51:00,Enterprise,credit_card,US-East,mobile_android,success,None,111.5
TX_00007125,2025-01-21 22:57:00,SMB,credit_card,US-West,desktop,success,None,99.08
TX_00007126,2025-01-21 23:26:00,SMB,credit_card,APAC,mobile_android,success,None,98.27
TX_00007127,2025-01-21 23:26:00,Enterprise,credit_card,US-East,mobile_android,success,None,149.93
TX_00007128,2025-01-21 23:29:00,SMB,credit_card,US-West,desktop,success,None,90.97
TX_00007129,2025-01-21 23:40:00,SMB,debit,EU-Central,mobile_ios,success,None,73.26
TX_00007130,2025-01-21 23:45:00,Startup,credit_card,US-East,desktop,success,None,30.36
TX_00007131,2025-01-21 23:45:00,SMB,debit,US-East,desktop,success,None,101.65
TX_00007132,2025-01-21 23:52:00,Startup,credit_card,US-East,mobile_android,success,None,50.87
TX_00007133,2025-01-22 00:11:00,SMB,credit_card,US-East,desktop,success,None,91.02
TX_00007134,2025-01-22 00:14:00,SMB,credit_card,US-East,desktop,success,None,53.35
TX_00007135,2025-01-22 00:14:00,Enterprise,debit,US-East,desktop,success,None,147.33
TX_00007136,2025-01-22 00:15:00,Startup,credit_card,US-East,desktop,success,None,57.2
TX_00007137,2025-01-22 00:17:00,Startup,debit,US-West,desktop,success,None,45.38
TX_00007138,2025-01-22 00:26:00,Startup,crypto,US-West,desktop,success,None,39.5
TX_00007139,2025-01-22 00:28:00,SMB,debit,EU-Central,desktop,success,None,78.89
TX_00007140,2025-01-22 00:30:00,SMB,credit_card,US-West,mobile_android,success,None,78.94
TX_00007141,2025-01-22 00:46:00,Startup,debit,APAC,desktop,success,None,15.96
TX_00007142,2025-01-22 00:57:00,Startup,credit_card,EU-Central,desktop,success,None,43.47
TX_00007143,2025-01-22 00:57:00,Startup,debit,APAC,desktop,success,None,19.93
TX_00007144,2025-01-22 01:03:00,SMB,credit_card,US-East,mobile_ios,success,None,87.43
TX_00007145,2025-01-22 01:06:00,Startup,credit_card,EU-Central,mobile_ios,success,None,23.71
TX_00007146,2025-01-22 01:13:00,SMB,credit_card,EU-Central,mobile_android,success,None,82.19
TX_00007147,2025-01-22 01:14:00,SMB,credit_card,US-East,mobile_ios,success,None,74.82
TX_00007148,2025-01-22 01:28:00,Enterprise,credit_card,US-East,desktop,success,None,119.75
TX_00007149,2025-01-22 01:29:00,SMB,debit,US-West,desktop,success,None,42.56
TX_00007150,2025-01-22 01:36:00,Startup,debit,US-East,mobile_ios,success,None,34.02
TX_00007151,2025-01-22 01:37:00,Startup,credit_card,US-East,mobile_ios,success,None,39.32
TX_00007152,2025-01-22 01:41:00,Startup,credit_card,US-West,desktop,success,None,44.89
TX_00007153,2025-01-22 01:48:00,Startup,credit_card,US-West,mobile_ios,success,None,47.78
TX_00007154,2025-01-22 01:54:00,SMB,credit_card,APAC,mobile_android,success,None,81.1
TX_00007155,2025-01-22 01:55:00,Startup,crypto,US-West,mobile_ios,success,None,29.2
TX_00007156,2025-01-22 02:03:00,SMB,debit,US-West,mobile_ios,success,None,100.65
TX_00007157,2025-01-22 02:13:00,Startup,credit_card,US-East,mobile_ios,success,None,40.91
TX_00007158,2025-01-22 02:13:00,Startup,credit_card,US-West,desktop,success,None,35.18
TX_00007159,2025-01-22 02:22:00,Startup,debit,US-West,desktop,success,None,39.97
TX_00007160,2025-01-22 02:26:00,SMB,debit,EU-Central,desktop,success,None,96.88
TX_00007161,2025-01-22 02:31:00,Startup,credit_card,US-East,desktop,success,None,55.04
TX_00007162,2025-01-22 02:43:00,SMB,credit_card,US-West,mobile_android,success,None,75.01
TX_00007163,2025-01-22 02:48:00,SMB,credit_card,US-West,desktop,success,None,110.6
TX_00007164,2025-01-22 02:58:00,Startup,credit_card,EU-Central,mobile_ios,success,None,50.45
TX_00007165,2025-01-22 03:05:00,SMB,credit_card,APAC,mobile_ios,success,None,69.57
TX_00007166,2025-01-22 03:09:00,Startup,credit_card,US-East,mobile_ios,success,None,44.07
TX_00007167,2025-01-22 03:11:00,SMB,debit,US-West,mobile_ios,success,None,69.29
TX_00007168,2025-01-22 03:15:00,SMB,credit_card,EU-Central,desktop,success,None,86.77
TX_00007169,2025-01-22 03:24:00,Startup,crypto,EU-Central,desktop,success,None,43.15
TX_00007170,2025-01-22 03:25:00,SMB,credit_card,US-West,mobile_android,success,None,74.96
TX_00007171,2025-01-22 03:27:00,SMB,credit_card,US-East,desktop,success,None,104.5
TX_00007172,2025-01-22 03:28:00,SMB,credit_card,US-East,desktop,success,None,80.91
TX_00007173,2025-01-22 03:29:00,SMB,credit_card,US-West,desktop,success,None,123.74
TX_00007174,2025-01-22 03:33:00,Startup,crypto,US-West,desktop,success,None,34.23
TX_00007175,2025-01-22 03:41:00,Enterprise,credit_card,US-East,desktop,success,None,161.84
TX_00007176,2025-01-22 03:42:00,Startup,credit_card,US-East,mobile_android,success,None,47.94
TX_00007177,2025-01-22 03:51:00,Startup,crypto,US-West,mobile_ios,success,None,31.04
TX_00007178,2025-01-22 04:00:00,SMB,credit_card,APAC,mobile_android,success,None,72.68
TX_00007179,2025-01-22 04:03:00,Startup,credit_card,APAC,desktop,success,None,37.2
TX_00007180,2025-01-22 04:12:00,Startup,credit_card,US-West,desktop,success,None,42.21
TX_00007181,2025-01-22 04:17:00,SMB,credit_card,EU-Central,mobile_ios,success,None,76.5
TX_00007182,2025-01-22 04:19:00,SMB,credit_card,US-East,mobile_android,success,None,93.64
TX_00007183,2025-01-22 04:19:00,SMB,credit_card,US-West,mobile_ios,success,None,66.5
TX_00007184,2025-01-22 04:22:00,Startup,debit,US-East,mobile_android,success,None,38.34
TX_00007185,2025-01-22 04:28:00,Startup,debit,EU-Central,mobile_android,success,None,40.46
TX_00007186,2025-01-22 04:39:00,SMB,credit_card,APAC,desktop,success,None,63.71
TX_00007187,2025-01-22 04:39:00,Startup,credit_card,EU-Central,desktop,success,None,45.12
TX_00007188,2025-01-22 04:42:00,Startup,credit_card,US-West,mobile_ios,success,None,44.01
TX_00007189,2025-01-22 04:43:00,Startup,credit_card,EU-Central,mobile_android,success,None,43.57
TX_00007190,2025-01-22 04:43:00,Startup,credit_card,APAC,desktop,success,None,45.89
TX_00007191,2025-01-22 04:47:00,SMB,debit,US-East,mobile_ios,success,None,80.02
TX_00007192,2025-01-22 04:55:00,Startup,debit,EU-Central,mobile_ios,success,None,46.25
TX_00007193,2025-01-22 05:04:00,Startup,credit_card,US-East,desktop,success,None,43.14
TX_00007194,2025-01-22 05:14:00,Startup,debit,EU-Central,mobile_ios,success,None,25.73
TX_00007195,2025-01-22 05:21:00,SMB,credit_card,US-East,desktop,success,None,62.69
TX_00007196,2025-01-22 05:22:00,SMB,credit_card,US-East,mobile_android,success,None,102.91
TX_00007197,2025-01-22 05:23:00,SMB,credit_card,EU-Central,mobile_ios,success,None,42.42
TX_00007198,2025-01-22 05:24:00,SMB,credit_card,US-East,mobile_android,success,None,80.61
TX_00007199,2025-01-22 05:33:00,Startup,debit,US-East,desktop,success,None,44.33
TX_00007200,2025-01-22 05:33:00,SMB,credit_card,US-West,desktop,success,None,85.47
TX_00007201,2025-01-22 05:35:00,Startup,credit_card,EU-Central,mobile_android,success,None,41.76
TX_00007202,2025-01-22 05:41:00,Startup,crypto,US-East,desktop,success,None,61.16
TX_00007203,2025-01-22 05:46:00,Startup,credit_card,EU-Central,desktop,success,None,45.78
TX_00007204,2025-01-22 05:55:00,SMB,credit_card,EU-Central,desktop,success,None,74.87
TX_00007205,2025-01-22 05:58:00,Startup,credit_card,US-West,mobile_ios,success,None,55.1
TX_00007206,2025-01-22 06:00:00,Startup,credit_card,US-West,desktop,success,None,39.75
TX_00007207,2025-01-22 06:07:00,Startup,crypto,US-East,mobile_ios,success,None,45.0
TX_00007208,2025-01-22 06:07:00,SMB,credit_card,US-East,mobile_ios,success,None,83.98
TX_00007209,2025-01-22 06:15:00,SMB,crypto,US-East,mobile_ios,success,None,102.74
TX_00007210,2025-01-22 06:20:00,Enterprise,credit_card,US-East,mobile_android,success,None,152.46
TX_00007211,2025-01-22 06:22:00,SMB,credit_card,US-East,desktop,success,None,79.04
TX_00007212,2025-01-22 06:24:00,Enterprise,credit_card,US-East,desktop,success,None,167.17
TX_00007213,2025-01-22 06:28:00,SMB,debit,EU-Central,desktop,success,None,95.17
TX_00007214,2025-01-22 06:40:00,Startup,credit_card,US-West,mobile_android,success,None,54.86
TX_00007215,2025-01-22 06:51:00,SMB,debit,APAC,mobile_android,success,None,87.9
TX_00007216,2025-01-22 06:54:00,SMB,credit_card,US-East,desktop,success,None,95.56
TX_00007217,2025-01-22 06:59:00,Startup,credit_card,US-East,desktop,success,None,51.26
TX_00007218,2025-01-22 07:03:00,Enterprise,credit_card,US-West,desktop,success,None,149.8
TX_00007219,2025-01-22 07:16:00,Startup,debit,US-East,mobile_android,success,None,39.34
TX_00007220,2025-01-22 07:17:00,SMB,credit_card,EU-Central,mobile_ios,success,None,71.37
TX_00007221,2025-01-22 07:18:00,Enterprise,credit_card,US-West,mobile_android,success,None,129.63
TX_00007222,2025-01-22 07:18:00,SMB,credit_card,US-West,desktop,success,None,67.03
TX_00007223,2025-01-22 07:22:00,Startup,debit,US-East,desktop,success,None,31.1
TX_00007224,2025-01-22 07:22:00,SMB,debit,US-East,mobile_ios,success,None,85.99
TX_00007225,2025-01-22 07:37:00,Startup,debit,US-West,mobile_android,success,None,20.4
TX_00007226,2025-01-22 07:38:00,SMB,credit_card,US-East,desktop,success,None,97.23
TX_00007227,2025-01-22 07:39:00,Enterprise,crypto,US-East,desktop,success,None,143.85
TX_00007228,2025-01-22 07:39:00,Startup,debit,US-West,mobile_android,success,None,38.47
TX_00007229,2025-01-22 07:47:00,Enterprise,credit_card,US-East,desktop,success,None,147.8
TX_00007230,2025-01-22 07:52:00,Startup,credit_card,EU-Central,desktop,success,None,46.17
TX_00007231,2025-01-22 08:00:00,SMB,credit_card,US-East,desktop,success,None,92.22
TX_00007232,2025-01-22 08:00:00,SMB,credit_card,US-East,desktop,success,None,57.68
TX_00007233,2025-01-22 08:02:00,Startup,debit,US-East,desktop,success,None,47.06
TX_00007234,2025-01-22 08:05:00,Startup,debit,US-East,mobile_ios,success,None,37.17
TX_00007235,2025-01-22 08:08:00,SMB,debit,US-East,desktop,success,None,70.72
TX_00007236,2025-01-22 08:13:00,Startup,credit_card,US-East,desktop,success,None,23.64
TX_00007237,2025-01-22 08:14:00,SMB,credit_card,US-East,mobile_ios,success,None,57.85
TX_00007238,2025-01-22 08:20:00,Startup,credit_card,US-East,mobile_android,success,None,32.25
TX_00007239,2025-01-22 08:26:00,Startup,credit_card,EU-Central,mobile_ios,success,None,38.06
TX_00007240,2025-01-22 08:26:00,SMB,debit,EU-Central,mobile_android,success,None,64.6
TX_00007241,2025-01-22 08:30:00,SMB,credit_card,US-East,mobile_android,success,None,103.2
TX_00007242,2025-01-22 08:41:00,Enterprise,debit,US-East,mobile_android,success,None,111.99
TX_00007243,2025-01-22 08:46:00,SMB,debit,US-West,mobile_android,success,None,73.05
TX_00007244,2025-01-22 08:51:00,SMB,debit,EU-Central,mobile_ios,success,None,94.41
TX_00007245,2025-01-22 09:02:00,Startup,credit_card,APAC,mobile_ios,success,None,45.96
TX_00007246,2025-01-22 09:03:00,Startup,debit,US-East,mobile_ios,success,None,27.8
TX_00007247,2025-01-22 09:04:00,Enterprise,crypto,US-West,mobile_android,success,None,178.34
TX_00007248,2025-01-22 09:08:00,SMB,debit,EU-Central,mobile_ios,success,None,92.39
TX_00007249,2025-01-22 09:11:00,SMB,debit,EU-Central,mobile_ios,success,None,76.12
TX_00007250,2025-01-22 09:14:00,Startup,debit,US-East,desktop,success,None,27.56
TX_00007251,2025-01-22 09:15:00,SMB,credit_card,US-West,mobile_android,success,None,55.74
TX_00007252,2025-01-22 09:18:00,SMB,debit,US-East,desktop,success,None,72.16
TX_00007253,2025-01-22 09:25:00,SMB,debit,US-East,desktop,success,None,68.29
TX_00007254,2025-01-22 09:27:00,SMB,debit,US-West,mobile_ios,success,None,100.82
TX_00007255,2025-01-22 09:31:00,Enterprise,debit,US-East,desktop,success,None,146.34
TX_00007256,2025-01-22 09:35:00,SMB,credit_card,EU-Central,desktop,success,None,91.85
TX_00007257,2025-01-22 09:36:00,Enterprise,credit_card,EU-Central,desktop,success,None,149.4
TX_00007258,2025-01-22 09:38:00,SMB,credit_card,EU-Central,desktop,success,None,69.01
TX_00007259,2025-01-22 09:45:00,SMB,credit_card,US-East,desktop,success,None,87.08
TX_00007260,2025-01-22 09:46:00,SMB,credit_card,US-East,mobile_ios,success,None,65.57
TX_00007261,2025-01-22 09:48:00,Enterprise,credit_card,US-East,mobile_android,success,None,189.81
TX_00007262,2025-01-22 09:51:00,Startup,credit_card,US-West,desktop,success,None,31.75
TX_00007263,2025-01-22 09:55:00,Startup,debit,US-West,mobile_ios,success,None,57.72
TX_00007264,2025-01-22 09:56:00,SMB,credit_card,US-East,mobile_android,success,None,103.54
TX_00007265,2025-01-22 10:01:00,SMB,credit_card,US-West,desktop,success,None,93.15
TX_00007266,2025-01-22 10:11:00,Startup,credit_card,US-West,mobile_ios,success,None,45.54
TX_00007267,2025-01-22 10:17:00,Enterprise,credit_card,US-East,desktop,success,None,170.15
TX_00007268,2025-01-22 10:19:00,SMB,credit_card,US-West,mobile_ios,success,None,77.01
TX_00007269,2025-01-22 10:29:00,SMB,credit_card,US-West,desktop,success,None,85.41
TX_00007270,2025-01-22 10:33:00,Startup,crypto,EU-Central,mobile_android,success,None,45.94
TX_00007271,2025-01-22 10:34:00,Startup,credit_card,US-West,desktop,success,None,38.14
TX_00007272,2025-01-22 10:41:00,SMB,debit,US-East,mobile_ios,success,None,80.3
TX_00007273,2025-01-22 10:50:00,SMB,debit,US-West,desktop,success,None,88.9
TX_00007274,2025-01-22 10:57:00,Startup,crypto,EU-Central,mobile_ios,success,None,34.88
TX_00007275,2025-01-22 11:07:00,Startup,credit_card,US-East,desktop,success,None,48.1
TX_00007276,2025-01-22 11:08:00,Startup,credit_card,EU-Central,desktop,success,None,38.22
TX_00007277,2025-01-22 11:08:00,Enterprise,credit_card,US-East,desktop,success,None,158.34
TX_00007278,2025-01-22 11:08:00,SMB,credit_card,US-West,desktop,success,None,74.85
TX_00007279,2025-01-22 11:11:00,Startup,credit_card,APAC,mobile_ios,success,None,54.69
TX_00007280,2025-01-22 11:16:00,SMB,debit,US-West,desktop,success,None,61.49
TX_00007281,2025-01-22 11:26:00,Enterprise,credit_card,US-West,mobile_ios,success,None,107.14
TX_00007282,2025-01-22 11:30:00,Enterprise,credit_card,US-East,desktop,success,None,176.0
TX_00007283,2025-01-22 11:30:00,Startup,credit_card,US-East,desktop,success,None,51.5
TX_00007284,2025-01-22 11:32:00,Startup,crypto,US-West,desktop,success,None,46.98
TX_00007285,2025-01-22 11:33:00,SMB,debit,US-West,mobile_android,success,None,78.42
TX_00007286,2025-01-22 11:35:00,Startup,credit_card,US-East,mobile_ios,success,None,37.32
TX_00007287,2025-01-22 11:36:00,SMB,credit_card,APAC,desktop,success,None,77.32
TX_00007288,2025-01-22 11:36:00,Startup,credit_card,US-East,mobile_ios,success,None,49.39
TX_00007289,2025-01-22 11:49:00,SMB,debit,US-West,mobile_android,success,None,91.14
TX_00007290,2025-01-22 11:51:00,Enterprise,debit,US-West,desktop,success,None,124.55
TX_00007291,2025-01-22 11:54:00,SMB,debit,US-West,mobile_ios,success,None,87.56
TX_00007292,2025-01-22 11:57:00,SMB,credit_card,US-West,desktop,success,None,60.6
TX_00007293,2025-01-22 11:58:00,SMB,debit,US-East,desktop,success,None,69.15
TX_00007294,2025-01-22 12:02:00,Enterprise,debit,APAC,desktop,success,None,106.48
TX_00007295,2025-01-22 12:06:00,Startup,crypto,US-West,mobile_ios,success,None,51.86
TX_00007296,2025-01-22 12:11:00,SMB,credit_card,US-West,desktop,success,None,64.79
TX_00007297,2025-01-22 12:14:00,SMB,credit_card,US-West,desktop,success,None,57.14
TX_00007298,2025-01-22 12:17:00,SMB,credit_card,US-East,desktop,success,None,68.19
TX_00007299,2025-01-22 12:19:00,SMB,credit_card,EU-Central,desktop,success,None,108.63
TX_00007300,2025-01-22 12:20:00,SMB,debit,US-West,desktop,success,None,73.07
TX_00007301,2025-01-22 12:21:00,Startup,debit,US-West,mobile_ios,success,None,34.31
TX_00007302,2025-01-22 12:24:00,SMB,credit_card,EU-Central,desktop,success,None,94.02
TX_00007303,2025-01-22 12:27:00,Startup,credit_card,EU-Central,mobile_android,success,None,40.22
TX_00007304,2025-01-22 12:28:00,Startup,credit_card,US-East,desktop,success,None,47.14
TX_00007305,2025-01-22 12:32:00,Enterprise,crypto,EU-Central,mobile_ios,success,None,129.49
TX_00007306,2025-01-22 12:47:00,SMB,credit_card,US-East,desktop,success,None,70.53
TX_00007307,2025-01-22 12:47:00,Startup,credit_card,US-West,mobile_ios,success,None,52.49
TX_00007308,2025-01-22 12:48:00,Enterprise,credit_card,US-East,mobile_android,success,None,183.97
TX_00007309,2025-01-22 12:50:00,SMB,credit_card,US-East,desktop,success,None,97.47
TX_00007310,2025-01-22 12:50:00,Startup,debit,US-East,mobile_ios,success,None,42.01
TX_00007311,2025-01-22 13:01:00,SMB,debit,US-East,desktop,success,None,81.35
TX_00007312,2025-01-22 13:04:00,SMB,credit_card,US-East,desktop,success,None,75.18
TX_00007313,2025-01-22 13:07:00,Startup,debit,US-West,mobile_android,success,None,41.62
TX_00007314,2025-01-22 13:10:00,SMB,credit_card,US-East,desktop,success,None,85.39
TX_00007315,2025-01-22 13:17:00,Enterprise,crypto,EU-Central,desktop,success,None,170.53
TX_00007316,2025-01-22 13:22:00,Startup,credit_card,US-East,desktop,success,None,41.81
TX_00007317,2025-01-22 13:27:00,Startup,credit_card,US-East,desktop,success,None,29.02
TX_00007318,2025-01-22 13:35:00,SMB,credit_card,US-West,mobile_android,success,None,75.96
TX_00007319,2025-01-22 13:45:00,SMB,credit_card,US-East,desktop,success,None,50.55
TX_00007320,2025-01-22 13:55:00,Startup,credit_card,US-East,mobile_ios,success,None,54.39
TX_00007321,2025-01-22 13:56:00,Startup,debit,APAC,desktop,success,None,17.68
TX_00007322,2025-01-22 14:05:00,SMB,debit,US-East,desktop,success,None,98.89
TX_00007323,2025-01-22 14:05:00,Enterprise,credit_card,EU-Central,mobile_ios,success,None,155.37
TX_00007324,2025-01-22 14:06:00,SMB,debit,US-East,mobile_ios,success,None,86.8
TX_00007325,2025-01-22 14:15:00,Startup,credit_card,EU-Central,desktop,success,None,44.55
TX_00007326,2025-01-22 14:17:00,Startup,debit,US-East,mobile_android,success,None,36.39
TX_00007327,2025-01-22 14:19:00,Startup,credit_card,APAC,desktop,success,None,25.28
TX_00007328,2025-01-22 14:20:00,Startup,debit,US-East,desktop,success,None,25.04
TX_00007329,2025-01-22 14:25:00,SMB,credit_card,US-East,mobile_android,failed,Insufficient funds,0.0
TX_00007330,2025-01-22 14:26:00,SMB,credit_card,US-West,mobile_ios,success,None,86.88
TX_00007331,2025-01-22 14:30:00,Startup,credit_card,US-West,mobile_android,success,None,40.75
TX_00007332,2025-01-22 14:33:00,Startup,credit_card,US-East,mobile_ios,success,None,46.86
TX_00007333,2025-01-22 14:35:00,SMB,debit,US-East,desktop,success,None,98.46
TX_00007334,2025-01-22 14:36:00,Enterprise,credit_card,EU-Central,mobile_ios,success,None,148.51
TX_00007335,2025-01-22 14:48:00,Startup,credit_card,US-East,desktop,success,None,34.59
TX_00007336,2025-01-22 14:51:00,SMB,credit_card,US-West,mobile_ios,success,None,88.05
TX_00007337,2025-01-22 14:55:00,SMB,credit_card,US-West,mobile_ios,success,None,102.13
TX_00007338,2025-01-22 15:29:00,Startup,debit,US-West,mobile_android,success,None,44.25
TX_00007339,2025-01-22 15:34:00,Startup,credit_card,US-East,mobile_ios,success,None,53.19
TX_00007340,2025-01-22 15:34:00,SMB,debit,US-West,desktop,success,None,64.65
TX_00007341,2025-01-22 15:42:00,Startup,credit_card,US-East,desktop,success,None,43.77
TX_00007342,2025-01-22 15:46:00,SMB,debit,US-East,desktop,success,None,85.89
TX_00007343,2025-01-22 15:46:00,SMB,crypto,US-West,mobile_ios,success,None,85.85
TX_00007344,2025-01-22 15:55:00,SMB,debit,APAC,mobile_ios,success,None,75.42
TX_00007345,2025-01-22 16:13:00,Startup,debit,US-East,desktop,success,None,25.84
TX_00007346,2025-01-22 16:16:00,Startup,credit_card,US-East,mobile_android,success,None,45.33
TX_00007347,2025-01-22 16:22:00,Startup,crypto,US-West,mobile_android,success,None,55.07
TX_00007348,2025-01-22 16:25:00,Startup,debit,US-East,mobile_android,success,None,55.65
TX_00007349,2025-01-22 16:26:00,Enterprise,crypto,US-West,desktop,success,None,69.81
TX_00007350,2025-01-22 16:38:00,Enterprise,debit,APAC,mobile_ios,success,None,128.39
TX_00007351,2025-01-22 16:59:00,SMB,debit,APAC,mobile_android,success,None,70.11
TX_00007352,2025-01-22 17:02:00,SMB,credit_card,US-East,mobile_ios,success,None,94.64
TX_00007353,2025-01-22 17:13:00,Startup,credit_card,US-West,desktop,success,None,33.28
TX_00007354,2025-01-22 17:19:00,Startup,credit_card,APAC,mobile_android,success,None,42.05
TX_00007355,2025-01-22 17:29:00,Startup,debit,US-East,mobile_android,success,None,14.07
TX_00007356,2025-01-22 17:30:00,SMB,credit_card,US-West,mobile_ios,success,None,70.07
TX_00007357,2025-01-22 17:41:00,SMB,credit_card,US-East,desktop,success,None,81.71
TX_00007358,2025-01-22 17:48:00,SMB,credit_card,US-East,desktop,success,None,78.2
TX_00007359,2025-01-22 17:52:00,SMB,credit_card,APAC,mobile_ios,success,None,95.89
TX_00007360,2025-01-22 17:55:00,SMB,debit,EU-Central,desktop,success,None,80.03
TX_00007361,2025-01-22 18:00:00,SMB,debit,US-East,mobile_ios,success,None,71.76
TX_00007362,2025-01-22 18:04:00,SMB,credit_card,EU-Central,desktop,success,None,78.22
TX_00007363,2025-01-22 18:11:00,SMB,credit_card,US-West,desktop,success,None,90.67
TX_00007364,2025-01-22 18:11:00,Enterprise,credit_card,EU-Central,desktop,success,None,146.54
TX_00007365,2025-01-22 18:14:00,SMB,credit_card,US-East,desktop,success,None,65.84
TX_00007366,2025-01-22 18:14:00,SMB,credit_card,US-East,mobile_ios,success,None,52.88
TX_00007367,2025-01-22 18:17:00,Enterprise,credit_card,US-East,desktop,success,None,160.37
TX_00007368,2025-01-22 18:25:00,SMB,credit_card,US-West,mobile_ios,success,None,50.96
TX_00007369,2025-01-22 18:28:00,SMB,credit_card,US-East,mobile_ios,success,None,63.57
TX_00007370,2025-01-22 18:29:00,SMB,debit,US-East,desktop,success,None,79.17
TX_00007371,2025-01-22 18:31:00,Enterprise,credit_card,APAC,mobile_android,success,None,98.11
TX_00007372,2025-01-22 18:38:00,SMB,credit_card,APAC,mobile_ios,success,None,77.63
TX_00007373,2025-01-22 18:38:00,Startup,credit_card,US-West,mobile_ios,success,None,37.5
TX_00007374,2025-01-22 18:39:00,Startup,crypto,EU-Central,mobile_android,success,None,32.2
TX_00007375,2025-01-22 18:42:00,Startup,credit_card,APAC,desktop,success,None,32.63
TX_00007376,2025-01-22 18:47:00,SMB,credit_card,US-West,desktop,success,None,91.76
TX_00007377,2025-01-22 18:51:00,SMB,credit_card,US-West,desktop,success,None,102.65
TX_00007378,2025-01-22 18:56:00,Startup,debit,EU-Central,desktop,success,None,43.41
TX_00007379,2025-01-22 18:59:00,SMB,debit,US-West,mobile_ios,success,None,78.38
TX_00007380,2025-01-22 19:05:00,Startup,debit,US-East,mobile_ios,success,None,48.77
TX_00007381,2025-01-22 19:10:00,SMB,credit_card,US-East,desktop,success,None,100.43
TX_00007382,2025-01-22 19:21:00,SMB,debit,US-West,desktop,success,None,67.77
TX_00007383,2025-01-22 19:26:00,Startup,debit,APAC,desktop,success,None,45.44
TX_00007384,2025-01-22 19:36:00,SMB,credit_card,US-West,desktop,success,None,54.76
TX_00007385,2025-01-22 19:36:00,SMB,debit,EU-Central,mobile_ios,success,None,81.07
TX_00007386,2025-01-22 19:37:00,SMB,credit_card,EU-Central,mobile_ios,success,None,83.2
TX_00007387,2025-01-22 19:39:00,SMB,credit_card,US-East,desktop,success,None,86.02
TX_00007388,2025-01-22 19:42:00,SMB,debit,EU-Central,desktop,failed,Invalid PIN,0.0
TX_00007389,2025-01-22 19:53:00,SMB,debit,US-East,desktop,success,None,58.41
TX_00007390,2025-01-22 20:15:00,Startup,credit_card,US-West,mobile_ios,success,None,41.01
TX_00007391,2025-01-22 20:23:00,Startup,credit_card,EU-Central,mobile_android,success,None,38.72
TX_00007392,2025-01-22 20:23:00,SMB,debit,US-West,desktop,success,None,98.59
TX_00007393,2025-01-22 20:27:00,Startup,credit_card,EU-Central,mobile_android,success,None,35.0
TX_00007394,2025-01-22 20:31:00,SMB,credit_card,US-East,mobile_android,success,None,94.7
TX_00007395,2025-01-22 20:32:00,SMB,credit_card,EU-Central,desktop,success,None,91.33
TX_00007396,2025-01-22 20:40:00,Startup,crypto,US-East,mobile_android,success,None,14.37
TX_00007397,2025-01-22 20:40:00,Startup,crypto,US-West,desktop,success,None,24.91
TX_00007398,2025-01-22 20:46:00,Startup,credit_card,US-West,mobile_android,success,None,29.13
TX_00007399,2025-01-22 20:57:00,SMB,credit_card,US-West,mobile_ios,success,None,95.66
TX_00007400,2025-01-22 20:58:00,SMB,credit_card,US-East,desktop,success,None,64.79
TX_00007401,2025-01-22 21:01:00,Startup,credit_card,US-East,mobile_android,success,None,45.72
TX_00007402,2025-01-22 21:08:00,SMB,debit,US-West,desktop,success,None,75.21
TX_00007403,2025-01-22 21:21:00,Startup,credit_card,US-West,mobile_android,success,None,35.49
TX_00007404,2025-01-22 21:28:00,SMB,credit_card,US-West,desktop,success,None,85.41
TX_00007405,2025-01-22 21:51:00,Startup,debit,US-West,mobile_ios,success,None,33.19
TX_00007406,2025-01-22 21:51:00,SMB,credit_card,APAC,desktop,success,None,75.98
TX_00007407,2025-01-22 21:52:00,SMB,credit_card,APAC,mobile_android,success,None,73.82
TX_00007408,2025-01-22 21:52:00,Enterprise,credit_card,US-East,desktop,success,None,202.59
TX_00007409,2025-01-22 21:55:00,Startup,debit,US-East,desktop,success,None,20.33
TX_00007410,2025-01-22 21:55:00,Startup,credit_card,US-West,mobile_ios,success,None,31.77
TX_00007411,2025-01-22 21:56:00,Enterprise,credit_card,US-East,mobile_android,success,None,177.96
TX_00007412,2025-01-22 22:06:00,Startup,credit_card,US-East,desktop,success,None,49.52
TX_00007413,2025-01-22 22:15:00,SMB,crypto,US-East,desktop,success,None,84.98
TX_00007414,2025-01-22 22:25:00,Enterprise,credit_card,US-East,desktop,success,None,122.58
TX_00007415,2025-01-22 22:38:00,SMB,crypto,US-West,desktop,success,None,108.77
TX_00007416,2025-01-22 22:40:00,SMB,debit,US-East,mobile_android,success,None,71.56
TX_00007417,2025-01-22 22:41:00,SMB,debit,US-East,desktop,success,None,81.51
TX_00007418,2025-01-22 22:41:00,SMB,credit_card,EU-Central,mobile_ios,success,None,63.65
TX_00007419,2025-01-22 22:56:00,Startup,credit_card,EU-Central,mobile_ios,success,None,31.17
TX_00007420,2025-01-22 23:04:00,Startup,credit_card,EU-Central,desktop,success,None,52.96
TX_00007421,2025-01-22 23:05:00,Startup,credit_card,US-East,desktop,success,None,64.5
TX_00007422,2025-01-22 23:09:00,Enterprise,crypto,US-East,mobile_android,success,None,90.49
TX_00007423,2025-01-22 23:09:00,Startup,credit_card,US-East,desktop,success,None,42.59
TX_00007424,2025-01-22 23:14:00,Startup,credit_card,US-East,desktop,success,None,33.43
TX_00007425,2025-01-22 23:19:00,Enterprise,credit_card,US-East,desktop,success,None,134.35
TX_00007426,2025-01-22 23:27:00,Startup,debit,EU-Central,mobile_ios,success,None,39.74
TX_00007427,2025-01-22 23:33:00,SMB,credit_card,APAC,desktop,success,None,91.8
TX_00007428,2025-01-22 23:35:00,SMB,credit_card,EU-Central,mobile_android,success,None,98.35
TX_00007429,2025-01-22 23:36:00,SMB,credit_card,EU-Central,mobile_ios,success,None,65.71
TX_00007430,2025-01-22 23:38:00,SMB,debit,US-West,desktop,success,None,87.37
TX_00007431,2025-01-22 23:43:00,Startup,credit_card,EU-Central,mobile_ios,success,None,18.44
TX_00007432,2025-01-22 23:47:00,SMB,credit_card,APAC,desktop,success,None,86.51
TX_00007433,2025-01-22 23:50:00,Enterprise,credit_card,US-West,mobile_android,success,None,130.35
TX_00007434,2025-01-22 23:53:00,Startup,crypto,US-East,desktop,success,None,36.2
TX_00007435,2025-01-23 00:12:00,Startup,credit_card,US-East,desktop,success,None,19.03
TX_00007436,2025-01-23 00:23:00,Startup,debit,US-West,mobile_ios,success,None,36.52
TX_00007437,2025-01-23 00:23:00,SMB,debit,US-East,mobile_ios,success,None,45.21
TX_00007438,2025-01-23 00:25:00,Enterprise,credit_card,APAC,mobile_ios,success,None,153.19
TX_00007439,2025-01-23 00:25:00,Startup,credit_card,US-West,mobile_android,success,None,45.91
TX_00007440,2025-01-23 00:27:00,Enterprise,credit_card,US-West,desktop,success,None,167.72
TX_00007441,2025-01-23 00:27:00,Enterprise,credit_card,US-East,desktop,success,None,128.55
TX_00007442,2025-01-23 00:29:00,SMB,credit_card,US-West,desktop,success,None,71.79
TX_00007443,2025-01-23 00:31:00,SMB,credit_card,US-West,mobile_android,success,None,55.1
TX_00007444,2025-01-23 00:41:00,Enterprise,credit_card,EU-Central,mobile_android,success,None,138.51
TX_00007445,2025-01-23 00:48:00,SMB,credit_card,US-East,mobile_android,success,None,76.47
TX_00007446,2025-01-23 00:50:00,Enterprise,debit,APAC,desktop,success,None,153.14
TX_00007447,2025-01-23 01:10:00,SMB,debit,US-West,desktop,success,None,83.36
TX_00007448,2025-01-23 01:19:00,Enterprise,credit_card,US-West,desktop,success,None,152.45
TX_00007449,2025-01-23 01:38:00,SMB,credit_card,APAC,desktop,success,None,53.88
TX_00007450,2025-01-23 01:41:00,Startup,debit,APAC,desktop,success,None,54.96
TX_00007451,2025-01-23 02:02:00,Startup,debit,US-East,desktop,success,None,38.9
TX_00007452,2025-01-23 02:16:00,SMB,crypto,EU-Central,desktop,success,None,86.71
TX_00007453,2025-01-23 02:19:00,SMB,credit_card,US-East,desktop,success,None,89.99
TX_00007454,2025-01-23 02:21:00,Enterprise,credit_card,US-West,desktop,success,None,147.32
TX_00007455,2025-01-23 02:22:00,Enterprise,credit_card,US-East,desktop,success,None,124.3
TX_00007456,2025-01-23 02:23:00,SMB,debit,US-West,mobile_ios,success,None,83.5
TX_00007457,2025-01-23 02:26:00,SMB,credit_card,US-West,desktop,success,None,61.39
TX_00007458,2025-01-23 02:31:00,Startup,credit_card,US-West,mobile_ios,success,None,36.49
TX_00007459,2025-01-23 02:31:00,Startup,credit_card,US-West,desktop,success,None,54.42
TX_00007460,2025-01-23 02:36:00,SMB,debit,US-West,mobile_android,success,None,68.58
TX_00007461,2025-01-23 02:43:00,Enterprise,credit_card,US-East,desktop,success,None,137.69
TX_00007462,2025-01-23 02:45:00,Startup,debit,EU-Central,desktop,success,None,36.93
TX_00007463,2025-01-23 02:46:00,SMB,debit,US-West,mobile_ios,success,None,90.35
TX_00007464,2025-01-23 02:52:00,Startup,debit,US-West,mobile_android,success,None,45.5
TX_00007465,2025-01-23 03:00:00,SMB,credit_card,APAC,desktop,failed,Invalid PIN,0.0
TX_00007466,2025-01-23 03:10:00,Startup,crypto,US-East,desktop,success,None,37.2
TX_00007467,2025-01-23 03:15:00,Startup,credit_card,US-West,mobile_android,success,None,60.38
TX_00007468,2025-01-23 03:20:00,Startup,credit_card,US-West,desktop,success,None,51.02
TX_00007469,2025-01-23 03:21:00,SMB,crypto,US-East,desktop,success,None,76.29
TX_00007470,2025-01-23 03:23:00,SMB,credit_card,US-East,mobile_android,success,None,91.29
TX_00007471,2025-01-23 03:29:00,SMB,credit_card,EU-Central,mobile_android,failed,Insufficient funds,0.0
TX_00007472,2025-01-23 03:30:00,Startup,credit_card,US-East,desktop,success,None,42.01
TX_00007473,2025-01-23 03:30:00,SMB,credit_card,US-West,mobile_android,success,None,92.76
TX_00007474,2025-01-23 03:31:00,Enterprise,credit_card,US-West,mobile_ios,success,None,147.04
TX_00007475,2025-01-23 03:36:00,SMB,credit_card,US-West,desktop,success,None,83.58
TX_00007476,2025-01-23 03:37:00,Enterprise,credit_card,EU-Central,mobile_ios,success,None,183.25
TX_00007477,2025-01-23 03:38:00,SMB,debit,EU-Central,mobile_ios,success,None,85.28
TX_00007478,2025-01-23 03:39:00,SMB,credit_card,US-East,mobile_ios,success,None,69.01
TX_00007479,2025-01-23 03:50:00,SMB,credit_card,EU-Central,mobile_android,success,None,74.68
TX_00007480,2025-01-23 03:50:00,Enterprise,credit_card,EU-Central,desktop,success,None,169.82
TX_00007481,2025-01-23 03:58:00,Startup,debit,US-East,mobile_ios,success,None,36.34
TX_00007482,2025-01-23 04:01:00,Startup,debit,APAC,desktop,success,None,27.1
TX_00007483,2025-01-23 04:01:00,Startup,debit,EU-Central,desktop,success,None,42.07
TX_00007484,2025-01-23 04:03:00,SMB,credit_card,US-East,mobile_ios,success,None,70.61
TX_00007485,2025-01-23 04:03:00,Startup,credit_card,US-West,mobile_ios,success,None,41.15
TX_00007486,2025-01-23 04:06:00,SMB,credit_card,EU-Central,mobile_android,success,None,74.15
TX_00007487,2025-01-23 04:12:00,SMB,credit_card,US-West,mobile_android,success,None,85.86
TX_00007488,2025-01-23 04:13:00,Enterprise,credit_card,EU-Central,mobile_ios,success,None,195.13
TX_00007489,2025-01-23 04:34:00,SMB,crypto,US-West,desktop,success,None,110.77
TX_00007490,2025-01-23 04:37:00,Enterprise,credit_card,US-West,mobile_ios,success,None,142.77
TX_00007491,2025-01-23 04:37:00,Startup,crypto,US-East,desktop,success,None,41.18
TX_00007492,2025-01-23 04:38:00,Enterprise,credit_card,US-West,desktop,success,None,156.95
TX_00007493,2025-01-23 04:46:00,SMB,crypto,US-West,mobile_ios,success,None,69.78
TX_00007494,2025-01-23 04:48:00,SMB,credit_card,EU-Central,mobile_ios,success,None,58.06
TX_00007495,2025-01-23 04:53:00,SMB,crypto,US-West,mobile_ios,success,None,100.41
TX_00007496,2025-01-23 04:56:00,SMB,credit_card,US-East,mobile_android,success,None,95.95
TX_00007497,2025-01-23 05:00:00,Enterprise,crypto,US-East,desktop,success,None,117.33
TX_00007498,2025-01-23 05:02:00,Startup,credit_card,US-West,desktop,success,None,52.66
TX_00007499,2025-01-23 05:07:00,SMB,credit_card,EU-Central,mobile_ios,success,None,82.96
TX_00007500,2025-01-23 05:16:00,SMB,credit_card,EU-Central,mobile_ios,success,None,83.96
TX_00007501,2025-01-23 05:21:00,Startup,credit_card,US-West,desktop,success,None,52.64
TX_00007502,2025-01-23 05:23:00,Startup,debit,US-East,desktop,success,None,37.9
TX_00007503,2025-01-23 05:26:00,Startup,crypto,US-East,desktop,success,None,25.94
TX_00007504,2025-01-23 05:27:00,Startup,debit,US-East,mobile_android,failed,Card expired,0.0
TX_00007505,2025-01-23 05:36:00,SMB,debit,EU-Central,mobile_android,success,None,62.37
TX_00007506,2025-01-23 05:38:00,SMB,credit_card,US-East,desktop,success,None,67.27
TX_00007507,2025-01-23 05:41:00,Startup,debit,US-West,desktop,success,None,40.48
TX_00007508,2025-01-23 05:46:00,Startup,credit_card,US-West,desktop,success,None,32.03
TX_00007509,2025-01-23 05:51:00,Enterprise,debit,APAC,desktop,success,None,178.57
TX_00007510,2025-01-23 06:03:00,SMB,credit_card,APAC,desktop,success,None,90.42
TX_00007511,2025-01-23 06:09:00,Startup,debit,APAC,desktop,success,None,33.3
TX_00007512,2025-01-23 06:20:00,SMB,credit_card,EU-Central,desktop,success,None,78.84
TX_00007513,2025-01-23 06:29:00,SMB,credit_card,EU-Central,desktop,success,None,70.82
TX_00007514,2025-01-23 06:29:00,SMB,credit_card,EU-Central,mobile_ios,success,None,64.83
TX_00007515,2025-01-23 06:42:00,Startup,credit_card,EU-Central,desktop,success,None,38.78
TX_00007516,2025-01-23 06:43:00,Startup,credit_card,APAC,mobile_android,success,None,24.23
TX_00007517,2025-01-23 06:48:00,SMB,credit_card,US-West,mobile_android,success,None,72.26
TX_00007518,2025-01-23 06:48:00,SMB,debit,US-West,desktop,success,None,89.32
TX_00007519,2025-01-23 06:48:00,SMB,credit_card,US-West,desktop,success,None,69.73
TX_00007520,2025-01-23 06:52:00,Enterprise,debit,US-West,desktop,success,None,130.22
TX_00007521,2025-01-23 06:53:00,SMB,credit_card,EU-Central,desktop,success,None,84.1
TX_00007522,2025-01-23 06:53:00,SMB,credit_card,EU-Central,desktop,success,None,73.72
TX_00007523,2025-01-23 06:57:00,SMB,credit_card,US-West,mobile_ios,success,None,93.19
TX_00007524,2025-01-23 07:01:00,Startup,credit_card,US-East,mobile_ios,success,None,37.67
TX_00007525,2025-01-23 07:12:00,Startup,credit_card,APAC,desktop,success,None,66.94
TX_00007526,2025-01-23 07:13:00,SMB,credit_card,US-East,mobile_ios,success,None,67.57
TX_00007527,2025-01-23 07:15:00,SMB,credit_card,US-East,desktop,success,None,90.68
TX_00007528,2025-01-23 07:17:00,Startup,debit,EU-Central,desktop,success,None,57.74
TX_00007529,2025-01-23 07:23:00,SMB,credit_card,US-East,mobile_ios,success,None,89.14
TX_00007530,2025-01-23 07:25:00,Startup,credit_card,US-East,desktop,success,None,39.7
TX_00007531,2025-01-23 07:25:00,SMB,debit,US-East,mobile_ios,success,None,51.99
TX_00007532,2025-01-23 07:30:00,Startup,debit,US-East,mobile_android,success,None,34.21
TX_00007533,2025-01-23 07:40:00,Startup,credit_card,US-West,mobile_android,success,None,40.16
TX_00007534,2025-01-23 07:52:00,Startup,debit,US-East,desktop,success,None,42.65
TX_00007535,2025-01-23 07:54:00,Startup,crypto,US-West,mobile_ios,success,None,17.34
TX_00007536,2025-01-23 07:57:00,Startup,credit_card,US-East,desktop,success,None,23.47
TX_00007537,2025-01-23 08:01:00,SMB,credit_card,EU-Central,mobile_android,success,None,70.65
TX_00007538,2025-01-23 08:07:00,SMB,crypto,US-East,mobile_android,success,None,84.84
TX_00007539,2025-01-23 08:12:00,SMB,credit_card,US-East,desktop,success,None,61.05
TX_00007540,2025-01-23 08:14:00,Startup,credit_card,US-East,mobile_android,success,None,34.91
TX_00007541,2025-01-23 08:22:00,Startup,credit_card,US-West,desktop,success,None,40.53
TX_00007542,2025-01-23 08:24:00,SMB,debit,US-West,desktop,success,None,86.23
TX_00007543,2025-01-23 08:36:00,Enterprise,crypto,US-West,desktop,success,None,134.25
TX_00007544,2025-01-23 08:41:00,Startup,debit,APAC,desktop,success,None,39.08
TX_00007545,2025-01-23 08:54:00,SMB,crypto,APAC,mobile_android,success,None,84.51
TX_00007546,2025-01-23 08:57:00,SMB,credit_card,US-West,desktop,success,None,91.49
TX_00007547,2025-01-23 09:00:00,Startup,credit_card,US-East,mobile_android,success,None,33.85
TX_00007548,2025-01-23 09:02:00,SMB,debit,US-West,mobile_android,success,None,73.16
TX_00007549,2025-01-23 09:10:00,Enterprise,crypto,US-East,mobile_android,success,None,179.21
TX_00007550,2025-01-23 09:12:00,SMB,credit_card,EU-Central,desktop,success,None,82.75
TX_00007551,2025-01-23 09:25:00,SMB,credit_card,US-East,mobile_ios,success,None,71.14
TX_00007552,2025-01-23 09:27:00,SMB,credit_card,EU-Central,mobile_ios,success,None,81.57
TX_00007553,2025-01-23 09:32:00,SMB,credit_card,APAC,mobile_ios,success,None,88.13
TX_00007554,2025-01-23 09:34:00,SMB,credit_card,US-West,desktop,success,None,87.94
TX_00007555,2025-01-23 09:34:00,SMB,credit_card,US-West,mobile_ios,success,None,107.05
TX_00007556,2025-01-23 09:42:00,Enterprise,crypto,US-West,mobile_ios,success,None,139.37
TX_00007557,2025-01-23 09:43:00,SMB,credit_card,US-East,mobile_ios,success,None,89.75
TX_00007558,2025-01-23 09:44:00,Startup,debit,APAC,mobile_android,success,None,44.18
TX_00007559,2025-01-23 09:45:00,SMB,credit_card,US-West,desktop,success,None,83.82
TX_00007560,2025-01-23 09:52:00,Startup,credit_card,US-East,desktop,success,None,45.78
TX_00007561,2025-01-23 09:55:00,Startup,credit_card,EU-Central,desktop,success,None,27.63
TX_00007562,2025-01-23 10:04:00,SMB,debit,US-East,desktop,success,None,108.82
TX_00007563,2025-01-23 10:04:00,Startup,credit_card,US-East,desktop,success,None,39.38
TX_00007564,2025-01-23 10:13:00,SMB,debit,US-West,desktop,success,None,99.81
TX_00007565,2025-01-23 10:18:00,Startup,debit,US-West,mobile_android,success,None,31.09
TX_00007566,2025-01-23 10:19:00,SMB,credit_card,US-West,mobile_android,success,None,67.59
TX_00007567,2025-01-23 10:25:00,Startup,credit_card,US-West,desktop,success,None,49.27
TX_00007568,2025-01-23 10:27:00,Enterprise,debit,US-East,desktop,success,None,146.86
TX_00007569,2025-01-23 10:32:00,Startup,credit_card,US-West,desktop,success,None,44.29
TX_00007570,2025-01-23 10:36:00,Enterprise,credit_card,US-East,mobile_ios,success,None,158.71
TX_00007571,2025-01-23 10:37:00,Startup,credit_card,APAC,mobile_ios,success,None,54.25
TX_00007572,2025-01-23 10:40:00,SMB,credit_card,US-East,desktop,success,None,109.47
TX_00007573,2025-01-23 10:43:00,Startup,crypto,US-East,mobile_ios,success,None,50.92
TX_00007574,2025-01-23 10:47:00,SMB,credit_card,APAC,desktop,success,None,79.06
TX_00007575,2025-01-23 10:48:00,SMB,credit_card,APAC,mobile_android,success,None,92.89
TX_00007576,2025-01-23 10:50:00,Startup,credit_card,EU-Central,mobile_android,success,None,47.88
TX_00007577,2025-01-23 10:52:00,Startup,debit,US-East,mobile_android,success,None,52.28
TX_00007578,2025-01-23 10:54:00,Enterprise,debit,US-West,desktop,success,None,146.47
TX_00007579,2025-01-23 10:55:00,Startup,crypto,US-West,desktop,success,None,40.47
TX_00007580,2025-01-23 11:05:00,Startup,debit,EU-Central,desktop,success,None,45.0
TX_00007581,2025-01-23 11:07:00,Startup,credit_card,US-East,mobile_ios,success,None,46.1
TX_00007582,2025-01-23 11:12:00,SMB,credit_card,US-East,desktop,success,None,76.06
TX_00007583,2025-01-23 11:13:00,SMB,credit_card,US-West,mobile_ios,success,None,63.43
TX_00007584,2025-01-23 11:15:00,Startup,debit,US-East,mobile_ios,success,None,41.1
TX_00007585,2025-01-23 11:23:00,SMB,debit,US-West,mobile_ios,success,None,87.39
TX_00007586,2025-01-23 11:29:00,SMB,crypto,EU-Central,mobile_android,success,None,80.99
TX_00007587,2025-01-23 11:31:00,Enterprise,debit,EU-Central,mobile_ios,success,None,98.22
TX_00007588,2025-01-23 11:33:00,SMB,credit_card,US-West,desktop,success,None,75.42
TX_00007589,2025-01-23 11:36:00,Startup,credit_card,EU-Central,mobile_ios,success,None,40.0
TX_00007590,2025-01-23 11:36:00,Startup,credit_card,US-East,mobile_android,success,None,47.73
TX_00007591,2025-01-23 11:43:00,SMB,credit_card,US-East,mobile_ios,success,None,89.55
TX_00007592,2025-01-23 11:51:00,Enterprise,credit_card,US-West,mobile_ios,success,None,151.79
TX_00007593,2025-01-23 12:02:00,SMB,credit_card,US-East,mobile_android,success,None,93.39
TX_00007594,2025-01-23 12:02:00,SMB,credit_card,US-East,mobile_ios,success,None,61.59
TX_00007595,2025-01-23 12:08:00,SMB,debit,US-East,mobile_android,success,None,69.08
TX_00007596,2025-01-23 12:09:00,Startup,credit_card,APAC,desktop,success,None,39.03
TX_00007597,2025-01-23 12:13:00,Startup,credit_card,APAC,mobile_ios,success,None,51.45
TX_00007598,2025-01-23 12:19:00,Enterprise,credit_card,US-West,desktop,success,None,71.46
TX_00007599,2025-01-23 12:27:00,Startup,credit_card,US-East,desktop,success,None,40.88
TX_00007600,2025-01-23 12:30:00,SMB,crypto,US-East,desktop,success,None,74.44
TX_00007601,2025-01-23 12:39:00,Startup,credit_card,US-East,desktop,success,None,41.49
TX_00007602,2025-01-23 12:41:00,Enterprise,crypto,US-East,desktop,success,None,150.99
TX_00007603,2025-01-23 12:43:00,Startup,credit_card,US-East,desktop,success,None,34.23
TX_00007604,2025-01-23 12:49:00,SMB,credit_card,US-West,desktop,success,None,85.59
TX_00007605,2025-01-23 12:50:00,SMB,credit_card,US-West,mobile_android,success,None,82.24
TX_00007606,2025-01-23 13:03:00,Enterprise,credit_card,US-East,desktop,success,None,207.32
TX_00007607,2025-01-23 13:03:00,SMB,credit_card,EU-Central,desktop,success,None,88.48
TX_00007608,2025-01-23 13:04:00,Enterprise,debit,EU-Central,desktop,success,None,155.7
TX_00007609,2025-01-23 13:07:00,SMB,credit_card,US-West,desktop,success,None,96.12
TX_00007610,2025-01-23 13:11:00,Enterprise,credit_card,US-East,mobile_android,success,None,122.02
TX_00007611,2025-01-23 13:19:00,Startup,credit_card,APAC,mobile_android,success,None,32.59
TX_00007612,2025-01-23 13:19:00,Enterprise,credit_card,US-West,mobile_android,success,None,149.45
TX_00007613,2025-01-23 13:22:00,Startup,crypto,US-East,desktop,success,None,52.19
TX_00007614,2025-01-23 13:36:00,Enterprise,debit,US-West,desktop,success,None,120.73
TX_00007615,2025-01-23 13:50:00,Startup,credit_card,US-West,desktop,success,None,43.04
TX_00007616,2025-01-23 14:08:00,Startup,credit_card,US-West,mobile_ios,success,None,39.1
TX_00007617,2025-01-23 14:15:00,SMB,credit_card,US-West,mobile_android,success,None,74.84
TX_00007618,2025-01-23 14:15:00,Startup,crypto,US-West,mobile_android,success,None,55.02
TX_00007619,2025-01-23 14:16:00,Enterprise,credit_card,EU-Central,desktop,success,None,132.47
TX_00007620,2025-01-23 14:22:00,Startup,debit,US-West,desktop,success,None,50.44
TX_00007621,2025-01-23 14:24:00,SMB,credit_card,US-East,desktop,success,None,88.92
TX_00007622,2025-01-23 14:31:00,Enterprise,crypto,US-East,mobile_ios,success,None,157.51
TX_00007623,2025-01-23 14:36:00,SMB,credit_card,US-East,desktop,success,None,60.08
TX_00007624,2025-01-23 14:39:00,Enterprise,credit_card,US-West,desktop,success,None,106.12
TX_00007625,2025-01-23 14:42:00,SMB,debit,US-East,mobile_android,success,None,84.34
TX_00007626,2025-01-23 14:43:00,Startup,crypto,US-West,mobile_ios,success,None,52.57
TX_00007627,2025-01-23 14:47:00,SMB,crypto,US-East,desktop,success,None,72.21
TX_00007628,2025-01-23 14:54:00,SMB,debit,EU-Central,desktop,success,None,77.64
TX_00007629,2025-01-23 15:00:00,Enterprise,debit,EU-Central,mobile_ios,success,None,149.18
TX_00007630,2025-01-23 15:01:00,SMB,credit_card,US-East,mobile_ios,success,None,81.61
TX_00007631,2025-01-23 15:03:00,Enterprise,debit,US-West,mobile_ios,success,None,168.32
TX_00007632,2025-01-23 15:04:00,Startup,debit,APAC,desktop,success,None,61.35
TX_00007633,2025-01-23 15:11:00,Enterprise,credit_card,US-East,mobile_android,success,None,197.42
TX_00007634,2025-01-23 15:16:00,SMB,debit,APAC,mobile_ios,success,None,74.15
TX_00007635,2025-01-23 15:18:00,SMB,credit_card,US-West,mobile_android,success,None,68.86
TX_00007636,2025-01-23 15:22:00,SMB,credit_card,US-West,desktop,success,None,48.31
TX_00007637,2025-01-23 15:26:00,Startup,debit,US-East,desktop,success,None,40.72
TX_00007638,2025-01-23 15:26:00,SMB,credit_card,EU-Central,desktop,success,None,81.84
TX_00007639,2025-01-23 15:44:00,SMB,credit_card,US-West,mobile_android,success,None,48.8
TX_00007640,2025-01-23 15:44:00,SMB,credit_card,EU-Central,desktop,success,None,62.79
TX_00007641,2025-01-23 15:46:00,SMB,credit_card,EU-Central,desktop,success,None,82.58
TX_00007642,2025-01-23 15:54:00,SMB,credit_card,US-West,desktop,success,None,57.46
TX_00007643,2025-01-23 15:55:00,SMB,crypto,US-East,mobile_ios,success,None,88.45
TX_00007644,2025-01-23 16:09:00,Startup,debit,US-East,mobile_android,success,None,35.25
TX_00007645,2025-01-23 16:11:00,Enterprise,debit,US-East,mobile_android,success,None,171.26
TX_00007646,2025-01-23 16:18:00,SMB,credit_card,EU-Central,mobile_ios,success,None,88.29
TX_00007647,2025-01-23 16:54:00,Enterprise,crypto,US-East,mobile_android,success,None,144.98
TX_00007648,2025-01-23 16:56:00,SMB,debit,US-East,desktop,success,None,86.86
TX_00007649,2025-01-23 16:58:00,SMB,credit_card,US-East,mobile_android,success,None,56.54
TX_00007650,2025-01-23 16:58:00,Startup,debit,EU-Central,desktop,success,None,37.94
TX_00007651,2025-01-23 17:03:00,Startup,crypto,US-West,desktop,success,None,31.0
TX_00007652,2025-01-23 17:11:00,Enterprise,credit_card,APAC,desktop,success,None,134.19
TX_00007653,2025-01-23 17:20:00,SMB,credit_card,EU-Central,desktop,success,None,83.87
TX_00007654,2025-01-23 17:26:00,SMB,crypto,EU-Central,desktop,success,None,80.91
TX_00007655,2025-01-23 17:28:00,Enterprise,credit_card,US-East,desktop,success,None,138.62
TX_00007656,2025-01-23 17:33:00,Startup,debit,US-East,desktop,success,None,49.4
TX_00007657,2025-01-23 17:37:00,Startup,credit_card,US-East,desktop,success,None,48.05
TX_00007658,2025-01-23 17:45:00,Startup,credit_card,US-West,desktop,success,None,36.01
TX_00007659,2025-01-23 17:46:00,Enterprise,debit,EU-Central,mobile_android,success,None,182.49
TX_00007660,2025-01-23 18:02:00,SMB,credit_card,US-East,mobile_android,success,None,93.99
TX_00007661,2025-01-23 18:04:00,Startup,debit,US-East,mobile_android,success,None,39.88
TX_00007662,2025-01-23 18:06:00,Startup,credit_card,US-West,mobile_ios,success,None,32.16
TX_00007663,2025-01-23 18:09:00,Startup,credit_card,US-East,mobile_ios,success,None,18.91
TX_00007664,2025-01-23 18:19:00,Enterprise,credit_card,US-West,mobile_android,success,None,166.89
TX_00007665,2025-01-23 18:21:00,SMB,credit_card,US-East,mobile_ios,success,None,84.68
TX_00007666,2025-01-23 18:24:00,SMB,credit_card,US-West,desktop,success,None,53.78
TX_00007667,2025-01-23 18:26:00,Enterprise,debit,US-West,desktop,success,None,139.38
TX_00007668,2025-01-23 18:32:00,SMB,crypto,US-West,desktop,success,None,78.28
TX_00007669,2025-01-23 18:33:00,Startup,debit,US-East,mobile_android,success,None,50.56
TX_00007670,2025-01-23 18:40:00,SMB,credit_card,US-East,mobile_ios,success,None,85.34
TX_00007671,2025-01-23 18:48:00,SMB,debit,EU-Central,desktop,success,None,86.08
TX_00007672,2025-01-23 18:53:00,Startup,crypto,EU-Central,desktop,success,None,41.52
TX_00007673,2025-01-23 19:01:00,SMB,credit_card,US-West,desktop,success,None,92.82
TX_00007674,2025-01-23 19:06:00,Startup,credit_card,US-West,mobile_ios,success,None,37.01
TX_00007675,2025-01-23 19:08:00,SMB,credit_card,US-East,mobile_ios,success,None,68.45
TX_00007676,2025-01-23 19:15:00,SMB,credit_card,EU-Central,desktop,success,None,69.35
TX_00007677,2025-01-23 19:34:00,Startup,crypto,EU-Central,desktop,success,None,36.85
TX_00007678,2025-01-23 19:37:00,Startup,credit_card,US-West,mobile_ios,success,None,30.6
TX_00007679,2025-01-23 19:52:00,Enterprise,debit,APAC,mobile_android,success,None,161.47
TX_00007680,2025-01-23 19:52:00,Startup,credit_card,US-East,mobile_android,success,None,44.06
TX_00007681,2025-01-23 19:53:00,Enterprise,credit_card,US-West,desktop,success,None,134.52
TX_00007682,2025-01-23 19:56:00,Enterprise,credit_card,APAC,desktop,success,None,153.17
TX_00007683,2025-01-23 20:05:00,SMB,crypto,US-East,desktop,success,None,99.27
TX_00007684,2025-01-23 20:06:00,SMB,credit_card,US-East,mobile_ios,success,None,73.07
TX_00007685,2025-01-23 20:08:00,Startup,debit,EU-Central,mobile_ios,success,None,54.71
TX_00007686,2025-01-23 20:10:00,Startup,credit_card,US-East,desktop,success,None,26.49
TX_00007687,2025-01-23 20:14:00,Startup,debit,EU-Central,mobile_ios,success,None,41.34
TX_00007688,2025-01-23 20:33:00,Startup,debit,US-East,desktop,success,None,67.79
TX_00007689,2025-01-23 20:36:00,SMB,debit,US-West,mobile_android,success,None,96.16
TX_00007690,2025-01-23 20:39:00,Startup,credit_card,US-East,desktop,success,None,48.8
TX_00007691,2025-01-23 20:40:00,Startup,credit_card,US-East,desktop,success,None,42.15
TX_00007692,2025-01-23 20:41:00,Startup,credit_card,EU-Central,mobile_ios,success,None,49.51
TX_00007693,2025-01-23 20:42:00,Startup,crypto,EU-Central,mobile_ios,success,None,37.8
TX_00007694,2025-01-23 20:44:00,Startup,credit_card,US-East,mobile_ios,success,None,39.96
TX_00007695,2025-01-23 20:50:00,Enterprise,credit_card,US-East,mobile_android,success,None,162.14
TX_00007696,2025-01-23 20:53:00,Startup,credit_card,EU-Central,desktop,success,None,44.9
TX_00007697,2025-01-23 20:54:00,Startup,credit_card,EU-Central,desktop,success,None,34.48
TX_00007698,2025-01-23 21:00:00,Startup,debit,EU-Central,mobile_android,success,None,52.13
TX_00007699,2025-01-23 21:14:00,SMB,crypto,US-West,mobile_ios,success,None,99.58
TX_00007700,2025-01-23 21:15:00,SMB,credit_card,US-East,desktop,success,None,68.7
TX_00007701,2025-01-23 21:19:00,Startup,crypto,EU-Central,mobile_ios,success,None,29.94
TX_00007702,2025-01-23 21:23:00,SMB,debit,EU-Central,mobile_ios,success,None,105.16
TX_00007703,2025-01-23 21:26:00,Startup,credit_card,US-West,desktop,success,None,40.22
TX_00007704,2025-01-23 21:29:00,SMB,crypto,US-West,desktop,success,None,57.94
TX_00007705,2025-01-23 21:30:00,SMB,debit,US-West,desktop,success,None,75.68
TX_00007706,2025-01-23 21:32:00,SMB,credit_card,EU-Central,desktop,success,None,72.89
TX_00007707,2025-01-23 21:32:00,SMB,debit,EU-Central,mobile_android,success,None,106.12
TX_00007708,2025-01-23 21:35:00,SMB,credit_card,EU-Central,desktop,success,None,49.71
TX_00007709,2025-01-23 21:40:00,SMB,credit_card,US-West,desktop,success,None,79.44
TX_00007710,2025-01-23 21:41:00,SMB,debit,US-West,mobile_ios,success,None,95.05
TX_00007711,2025-01-23 21:43:00,SMB,debit,EU-Central,mobile_ios,success,None,76.86
TX_00007712,2025-01-23 21:51:00,Enterprise,debit,US-East,mobile_ios,success,None,230.73
TX_00007713,2025-01-23 21:54:00,SMB,credit_card,US-West,desktop,success,None,74.59
TX_00007714,2025-01-23 21:54:00,SMB,crypto,US-West,mobile_android,success,None,73.72
TX_00007715,2025-01-23 22:01:00,Startup,credit_card,APAC,mobile_ios,success,None,40.71
TX_00007716,2025-01-23 22:02:00,SMB,credit_card,US-East,desktop,success,None,58.21
TX_00007717,2025-01-23 22:02:00,Enterprise,credit_card,US-East,mobile_android,success,None,139.39
TX_00007718,2025-01-23 22:04:00,Startup,credit_card,US-East,desktop,success,None,46.72
TX_00007719,2025-01-23 22:05:00,SMB,credit_card,US-East,mobile_android,success,None,83.1
TX_00007720,2025-01-23 22:12:00,Startup,debit,US-East,mobile_ios,success,None,45.79
TX_00007721,2025-01-23 22:24:00,Startup,debit,US-West,mobile_android,success,None,37.93
TX_00007722,2025-01-23 22:30:00,SMB,crypto,EU-Central,desktop,success,None,52.26
TX_00007723,2025-01-23 22:37:00,SMB,debit,US-West,mobile_android,success,None,77.44
TX_00007724,2025-01-23 22:39:00,SMB,credit_card,US-East,mobile_ios,success,None,105.0
TX_00007725,2025-01-23 22:39:00,Enterprise,debit,EU-Central,mobile_ios,success,None,131.42
TX_00007726,2025-01-23 22:40:00,Enterprise,debit,US-West,desktop,success,None,207.1
TX_00007727,2025-01-23 22:45:00,SMB,credit_card,US-East,mobile_android,success,None,80.26
TX_00007728,2025-01-23 23:02:00,Startup,debit,US-East,desktop,success,None,17.2
TX_00007729,2025-01-23 23:05:00,SMB,credit_card,EU-Central,desktop,success,None,80.13
TX_00007730,2025-01-23 23:06:00,Enterprise,credit_card,EU-Central,mobile_ios,success,None,126.15
TX_00007731,2025-01-23 23:09:00,Startup,credit_card,US-West,desktop,success,None,54.73
TX_00007732,2025-01-23 23:13:00,SMB,debit,US-East,desktop,success,None,113.21
TX_00007733,2025-01-23 23:18:00,SMB,debit,EU-Central,mobile_ios,success,None,96.5
TX_00007734,2025-01-23 23:22:00,SMB,credit_card,US-East,desktop,success,None,87.83
TX_00007735,2025-01-23 23:25:00,SMB,credit_card,EU-Central,mobile_android,success,None,70.68
TX_00007736,2025-01-23 23:32:00,Startup,crypto,US-West,mobile_ios,success,None,35.48
TX_00007737,2025-01-23 23:48:00,Enterprise,crypto,US-East,mobile_ios,success,None,189.2
TX_00007738,2025-01-23 23:50:00,SMB,credit_card,US-East,desktop,success,None,103.73
TX_00007739,2025-01-24 00:00:00,SMB,credit_card,US-East,mobile_ios,success,None,77.39
TX_00007740,2025-01-24 00:02:00,SMB,debit,US-East,mobile_android,success,None,94.35
TX_00007741,2025-01-24 00:03:00,SMB,credit_card,US-East,desktop,success,None,67.98
TX_00007742,2025-01-24 00:10:00,Startup,credit_card,US-West,desktop,success,None,34.12
TX_00007743,2025-01-24 00:12:00,Startup,credit_card,US-West,desktop,success,None,54.43
TX_00007744,2025-01-24 00:12:00,SMB,debit,US-West,mobile_ios,success,None,85.15
TX_00007745,2025-01-24 00:19:00,SMB,debit,US-West,mobile_ios,success,None,101.55
TX_00007746,2025-01-24 00:22:00,Startup,credit_card,EU-Central,desktop,success,None,37.51
TX_00007747,2025-01-24 00:26:00,SMB,credit_card,APAC,mobile_ios,success,None,92.26
TX_00007748,2025-01-24 00:34:00,SMB,credit_card,US-East,mobile_android,success,None,68.04
TX_00007749,2025-01-24 00:39:00,SMB,credit_card,US-West,desktop,success,None,90.7
TX_00007750,2025-01-24 00:39:00,SMB,credit_card,US-East,mobile_ios,success,None,73.46
TX_00007751,2025-01-24 00:40:00,SMB,credit_card,US-East,mobile_android,success,None,76.95
TX_00007752,2025-01-24 00:40:00,Startup,credit_card,US-West,mobile_android,success,None,41.67
TX_00007753,2025-01-24 00:41:00,Startup,credit_card,US-West,desktop,success,None,34.5
TX_00007754,2025-01-24 00:51:00,Enterprise,debit,EU-Central,desktop,success,None,132.91
TX_00007755,2025-01-24 00:52:00,Enterprise,debit,US-West,mobile_android,success,None,132.23
TX_00007756,2025-01-24 00:54:00,Startup,credit_card,US-East,desktop,success,None,37.24
TX_00007757,2025-01-24 01:07:00,SMB,credit_card,EU-Central,mobile_ios,success,None,101.05
TX_00007758,2025-01-24 01:07:00,Startup,credit_card,US-East,mobile_ios,success,None,39.8
TX_00007759,2025-01-24 01:09:00,Enterprise,debit,US-East,mobile_ios,success,None,181.98
TX_00007760,2025-01-24 01:24:00,SMB,credit_card,US-East,desktop,success,None,61.77
TX_00007761,2025-01-24 01:29:00,SMB,credit_card,APAC,mobile_android,success,None,80.46
TX_00007762,2025-01-24 01:30:00,Startup,debit,US-West,desktop,success,None,42.75
TX_00007763,2025-01-24 01:34:00,Enterprise,debit,US-West,mobile_ios,success,None,115.81
TX_00007764,2025-01-24 01:34:00,SMB,credit_card,EU-Central,desktop,success,None,71.59
TX_00007765,2025-01-24 01:46:00,SMB,credit_card,US-West,desktop,success,None,71.2
TX_00007766,2025-01-24 02:03:00,Startup,crypto,EU-Central,desktop,success,None,21.02
TX_00007767,2025-01-24 02:17:00,Startup,crypto,US-West,mobile_android,success,None,33.72
TX_00007768,2025-01-24 02:26:00,Startup,credit_card,APAC,mobile_ios,success,None,27.49
TX_00007769,2025-01-24 02:30:00,Startup,debit,EU-Central,mobile_ios,success,None,45.95
TX_00007770,2025-01-24 02:32:00,Enterprise,credit_card,US-West,mobile_ios,success,None,194.42
TX_00007771,2025-01-24 02:36:00,Enterprise,crypto,US-East,desktop,success,None,157.81
TX_00007772,2025-01-24 02:42:00,Enterprise,credit_card,APAC,mobile_ios,success,None,166.84
TX_00007773,2025-01-24 02:50:00,SMB,debit,US-West,desktop,success,None,96.6
TX_00007774,2025-01-24 02:51:00,Startup,debit,US-West,mobile_ios,success,None,26.9
TX_00007775,2025-01-24 02:57:00,Startup,credit_card,EU-Central,desktop,failed,Card expired,0.0
TX_00007776,2025-01-24 03:02:00,SMB,debit,US-West,mobile_android,success,None,68.05
TX_00007777,2025-01-24 03:07:00,Startup,credit_card,US-East,mobile_ios,success,None,29.05
TX_00007778,2025-01-24 03:07:00,Startup,credit_card,US-East,desktop,success,None,37.69
TX_00007779,2025-01-24 03:13:00,SMB,credit_card,US-West,desktop,success,None,84.59
TX_00007780,2025-01-24 03:14:00,Enterprise,crypto,US-East,desktop,success,None,146.32
TX_00007781,2025-01-24 03:20:00,SMB,credit_card,US-West,mobile_android,success,None,55.47
TX_00007782,2025-01-24 03:24:00,SMB,debit,EU-Central,desktop,success,None,98.9
TX_00007783,2025-01-24 03:28:00,SMB,debit,US-East,desktop,success,None,65.67
TX_00007784,2025-01-24 03:29:00,SMB,credit_card,US-East,desktop,success,None,61.75
TX_00007785,2025-01-24 03:32:00,Enterprise,credit_card,EU-Central,mobile_android,success,None,143.25
TX_00007786,2025-01-24 03:32:00,Startup,debit,US-West,mobile_ios,success,None,45.67
TX_00007787,2025-01-24 03:39:00,SMB,crypto,US-East,desktop,success,None,87.93
TX_00007788,2025-01-24 03:40:00,SMB,credit_card,EU-Central,mobile_ios,success,None,79.94
TX_00007789,2025-01-24 03:40:00,Startup,credit_card,US-West,mobile_android,success,None,41.13
TX_00007790,2025-01-24 03:42:00,SMB,credit_card,US-East,mobile_ios,success,None,84.24
TX_00007791,2025-01-24 03:49:00,SMB,credit_card,US-East,desktop,success,None,63.53
TX_00007792,2025-01-24 03:51:00,Startup,credit_card,US-East,desktop,success,None,45.8
TX_00007793,2025-01-24 04:01:00,SMB,credit_card,EU-Central,desktop,success,None,70.8
TX_00007794,2025-01-24 04:05:00,Startup,credit_card,US-West,desktop,success,None,44.47
TX_00007795,2025-01-24 04:05:00,SMB,credit_card,US-West,mobile_ios,failed,Card expired,0.0
TX_00007796,2025-01-24 04:07:00,Enterprise,debit,EU-Central,mobile_ios,success,None,114.47
TX_00007797,2025-01-24 04:11:00,SMB,crypto,US-East,mobile_android,success,None,61.57
TX_00007798,2025-01-24 04:17:00,SMB,credit_card,US-East,mobile_ios,success,None,82.69
TX_00007799,2025-01-24 04:20:00,Startup,debit,US-East,desktop,success,None,44.7
TX_00007800,2025-01-24 04:22:00,Startup,credit_card,US-East,mobile_ios,success,None,31.79
TX_00007801,2025-01-24 04:23:00,Startup,crypto,US-West,mobile_ios,success,None,46.5
TX_00007802,2025-01-24 04:36:00,Startup,debit,US-West,desktop,success,None,38.48
TX_00007803,2025-01-24 04:37:00,SMB,debit,US-East,mobile_ios,success,None,57.71
TX_00007804,2025-01-24 04:38:00,Startup,credit_card,US-East,desktop,success,None,40.84
TX_00007805,2025-01-24 04:40:00,Startup,credit_card,US-East,desktop,success,None,13.84
TX_00007806,2025-01-24 04:42:00,Startup,credit_card,APAC,mobile_ios,failed,Card expired,0.0
TX_00007807,2025-01-24 04:47:00,Startup,credit_card,US-West,desktop,success,None,29.29
TX_00007808,2025-01-24 04:58:00,SMB,credit_card,US-West,mobile_ios,success,None,64.09
TX_00007809,2025-01-24 05:02:00,SMB,credit_card,US-East,desktop,success,None,87.73
TX_00007810,2025-01-24 05:14:00,Startup,debit,US-West,mobile_android,success,None,44.01
TX_00007811,2025-01-24 05:14:00,SMB,credit_card,US-East,mobile_android,success,None,83.41
TX_00007812,2025-01-24 05:15:00,SMB,credit_card,APAC,mobile_android,success,None,88.63
TX_00007813,2025-01-24 05:19:00,Startup,credit_card,EU-Central,mobile_android,success,None,49.3
TX_00007814,2025-01-24 05:33:00,SMB,credit_card,US-West,mobile_android,success,None,78.91
TX_00007815,2025-01-24 05:35:00,Enterprise,debit,US-West,mobile_ios,success,None,183.0
TX_00007816,2025-01-24 05:35:00,Enterprise,credit_card,US-West,mobile_android,success,None,100.71
TX_00007817,2025-01-24 05:37:00,Startup,credit_card,US-East,mobile_ios,success,None,34.35
TX_00007818,2025-01-24 05:38:00,SMB,credit_card,US-East,mobile_android,success,None,92.14
TX_00007819,2025-01-24 05:41:00,Startup,debit,US-West,desktop,success,None,50.54
TX_00007820,2025-01-24 05:47:00,SMB,credit_card,US-East,mobile_ios,success,None,97.16
TX_00007821,2025-01-24 05:57:00,SMB,crypto,US-East,mobile_android,success,None,82.16
TX_00007822,2025-01-24 06:00:00,SMB,credit_card,US-West,mobile_ios,success,None,98.98
TX_00007823,2025-01-24 06:07:00,Startup,debit,APAC,desktop,success,None,45.24
TX_00007824,2025-01-24 06:07:00,SMB,credit_card,APAC,mobile_ios,success,None,84.12
TX_00007825,2025-01-24 06:09:00,Startup,credit_card,US-East,mobile_ios,success,None,42.54
TX_00007826,2025-01-24 06:16:00,Startup,credit_card,US-East,mobile_ios,success,None,35.09
TX_00007827,2025-01-24 06:25:00,Startup,credit_card,US-West,mobile_ios,success,None,42.58
TX_00007828,2025-01-24 06:33:00,Startup,credit_card,EU-Central,desktop,success,None,38.67
TX_00007829,2025-01-24 06:55:00,SMB,credit_card,APAC,mobile_android,success,None,86.7
TX_00007830,2025-01-24 06:56:00,SMB,credit_card,EU-Central,mobile_ios,success,None,77.41
TX_00007831,2025-01-24 06:57:00,Startup,credit_card,US-West,desktop,success,None,52.37
TX_00007832,2025-01-24 06:59:00,Startup,debit,US-East,mobile_android,success,None,71.42
TX_00007833,2025-01-24 07:01:00,Startup,debit,US-East,desktop,success,None,31.1
TX_00007834,2025-01-24 07:07:00,Startup,credit_card,US-East,desktop,success,None,33.49
TX_00007835,2025-01-24 07:08:00,Startup,credit_card,US-West,mobile_android,success,None,36.61
TX_00007836,2025-01-24 07:11:00,SMB,credit_card,US-East,mobile_android,success,None,96.57
TX_00007837,2025-01-24 07:20:00,Startup,credit_card,EU-Central,desktop,success,None,58.91
TX_00007838,2025-01-24 07:21:00,Startup,debit,EU-Central,desktop,success,None,43.69
TX_00007839,2025-01-24 07:32:00,Startup,debit,US-East,desktop,success,None,35.95
TX_00007840,2025-01-24 07:32:00,SMB,credit_card,APAC,mobile_android,success,None,89.18
TX_00007841,2025-01-24 07:35:00,Startup,credit_card,US-West,mobile_android,success,None,37.88
TX_00007842,2025-01-24 07:36:00,Startup,debit,APAC,desktop,success,None,44.61
TX_00007843,2025-01-24 07:44:00,SMB,credit_card,APAC,desktop,success,None,65.86
TX_00007844,2025-01-24 07:46:00,Startup,credit_card,US-East,desktop,success,None,39.66
TX_00007845,2025-01-24 07:51:00,SMB,debit,US-East,mobile_android,success,None,77.78
TX_00007846,2025-01-24 07:55:00,Startup,credit_card,US-East,desktop,success,None,25.93
TX_00007847,2025-01-24 07:58:00,SMB,credit_card,EU-Central,mobile_ios,success,None,69.55
TX_00007848,2025-01-24 08:13:00,SMB,debit,US-West,mobile_ios,success,None,66.31
TX_00007849,2025-01-24 08:21:00,SMB,credit_card,APAC,desktop,success,None,65.31
TX_00007850,2025-01-24 08:23:00,Startup,debit,US-East,desktop,success,None,32.06
TX_00007851,2025-01-24 08:25:00,Enterprise,credit_card,US-West,desktop,success,None,131.69
TX_00007852,2025-01-24 08:29:00,Startup,debit,APAC,mobile_ios,success,None,45.39
TX_00007853,2025-01-24 08:35:00,Startup,debit,US-West,mobile_android,success,None,41.86
TX_00007854,2025-01-24 08:38:00,Startup,credit_card,US-East,mobile_ios,success,None,30.46
TX_00007855,2025-01-24 08:50:00,Enterprise,debit,US-West,desktop,success,None,139.71
TX_00007856,2025-01-24 08:53:00,Startup,debit,US-East,desktop,success,None,37.41
TX_00007857,2025-01-24 08:54:00,Startup,credit_card,US-East,desktop,success,None,30.69
TX_00007858,2025-01-24 09:00:00,SMB,debit,US-East,desktop,success,None,86.71
TX_00007859,2025-01-24 09:02:00,Enterprise,crypto,US-East,mobile_ios,success,None,141.53
TX_00007860,2025-01-24 09:05:00,SMB,credit_card,EU-Central,mobile_android,failed,Insufficient funds,0.0
TX_00007861,2025-01-24 09:12:00,Startup,credit_card,US-East,mobile_android,success,None,64.86
TX_00007862,2025-01-24 09:18:00,Enterprise,credit_card,EU-Central,mobile_ios,success,None,144.5
TX_00007863,2025-01-24 09:26:00,SMB,credit_card,US-East,mobile_ios,success,None,78.95
TX_00007864,2025-01-24 09:27:00,Startup,credit_card,US-East,mobile_android,success,None,39.95
TX_00007865,2025-01-24 09:28:00,SMB,credit_card,US-East,mobile_ios,success,None,82.45
TX_00007866,2025-01-24 09:30:00,Startup,credit_card,US-East,mobile_ios,success,None,42.52
TX_00007867,2025-01-24 09:31:00,Startup,credit_card,US-East,desktop,success,None,37.3
TX_00007868,2025-01-24 09:31:00,Enterprise,credit_card,US-West,desktop,success,None,199.02
TX_00007869,2025-01-24 09:43:00,Startup,credit_card,APAC,desktop,success,None,39.78
TX_00007870,2025-01-24 09:48:00,SMB,credit_card,US-East,mobile_android,success,None,69.52
TX_00007871,2025-01-24 09:49:00,SMB,debit,US-East,mobile_ios,success,None,78.51
TX_00007872,2025-01-24 09:50:00,Startup,credit_card,US-East,desktop,failed,Card expired,0.0
TX_00007873,2025-01-24 09:54:00,SMB,credit_card,EU-Central,mobile_ios,success,None,80.68
TX_00007874,2025-01-24 09:55:00,Startup,credit_card,US-West,desktop,success,None,41.03
TX_00007875,2025-01-24 09:59:00,SMB,credit_card,EU-Central,mobile_android,success,None,79.07
TX_00007876,2025-01-24 10:02:00,Enterprise,credit_card,US-East,desktop,success,None,107.77
TX_00007877,2025-01-24 10:03:00,Startup,debit,US-East,mobile_ios,success,None,34.44
TX_00007878,2025-01-24 10:04:00,SMB,credit_card,US-East,mobile_ios,success,None,98.7
TX_00007879,2025-01-24 10:05:00,Startup,crypto,EU-Central,mobile_android,success,None,41.11
TX_00007880,2025-01-24 10:14:00,SMB,credit_card,US-East,mobile_ios,success,None,81.83
TX_00007881,2025-01-24 10:14:00,Startup,credit_card,US-West,mobile_android,success,None,34.24
TX_00007882,2025-01-24 10:17:00,Enterprise,debit,US-West,desktop,success,None,177.1
TX_00007883,2025-01-24 10:17:00,SMB,debit,US-West,desktop,success,None,110.6
TX_00007884,2025-01-24 10:22:00,SMB,debit,US-East,desktop,success,None,103.36
TX_00007885,2025-01-24 10:23:00,Enterprise,crypto,US-West,mobile_ios,success,None,206.65
TX_00007886,2025-01-24 10:31:00,Startup,credit_card,US-East,desktop,success,None,46.54
TX_00007887,2025-01-24 10:34:00,SMB,debit,APAC,desktop,failed,Insufficient funds,0.0
TX_00007888,2025-01-24 10:35:00,SMB,credit_card,US-East,mobile_ios,success,None,85.06
TX_00007889,2025-01-24 10:35:00,Enterprise,debit,US-East,mobile_ios,success,None,186.13
TX_00007890,2025-01-24 10:36:00,Startup,credit_card,US-East,mobile_ios,success,None,44.7
TX_00007891,2025-01-24 10:36:00,Startup,credit_card,EU-Central,desktop,success,None,39.52
TX_00007892,2025-01-24 10:37:00,SMB,debit,US-East,mobile_android,success,None,69.15
TX_00007893,2025-01-24 10:40:00,SMB,credit_card,US-West,mobile_ios,failed,Insufficient funds,0.0
TX_00007894,2025-01-24 10:43:00,SMB,credit_card,US-East,desktop,success,None,76.78
TX_00007895,2025-01-24 10:45:00,Startup,credit_card,US-East,mobile_ios,success,None,22.76
TX_00007896,2025-01-24 10:47:00,Enterprise,debit,US-West,desktop,success,None,168.64
TX_00007897,2025-01-24 10:48:00,SMB,debit,US-East,mobile_ios,success,None,74.33
TX_00007898,2025-01-24 10:49:00,Startup,debit,US-West,desktop,success,None,20.85
TX_00007899,2025-01-24 10:56:00,Startup,debit,EU-Central,mobile_android,success,None,35.94
TX_00007900,2025-01-24 11:02:00,SMB,credit_card,EU-Central,mobile_android,success,None,87.96
TX_00007901,2025-01-24 11:03:00,Startup,credit_card,US-East,desktop,success,None,31.94
TX_00007902,2025-01-24 11:03:00,SMB,credit_card,US-West,desktop,success,None,68.58
TX_00007903,2025-01-24 11:05:00,Startup,credit_card,APAC,desktop,success,None,39.71
TX_00007904,2025-01-24 11:07:00,SMB,credit_card,EU-Central,mobile_ios,success,None,94.27
TX_00007905,2025-01-24 11:07:00,SMB,credit_card,US-East,desktop,success,None,54.86
TX_00007906,2025-01-24 11:18:00,Startup,credit_card,US-West,mobile_android,success,None,48.5
TX_00007907,2025-01-24 11:18:00,Enterprise,debit,APAC,desktop,success,None,144.44
TX_00007908,2025-01-24 11:24:00,Enterprise,credit_card,US-West,mobile_ios,success,None,156.37
TX_00007909,2025-01-24 11:36:00,Enterprise,debit,EU-Central,desktop,success,None,162.32
TX_00007910,2025-01-24 11:47:00,Startup,debit,US-West,mobile_android,success,None,28.18
TX_00007911,2025-01-24 11:48:00,Enterprise,debit,US-East,desktop,success,None,167.99
TX_00007912,2025-01-24 11:57:00,Startup,crypto,US-East,mobile_ios,success,None,59.39
TX_00007913,2025-01-24 12:00:00,SMB,credit_card,US-East,mobile_ios,success,None,77.12
TX_00007914,2025-01-24 12:08:00,Enterprise,debit,US-East,mobile_ios,success,None,158.29
TX_00007915,2025-01-24 12:21:00,SMB,debit,EU-Central,desktop,success,None,85.93
TX_00007916,2025-01-24 12:26:00,SMB,credit_card,US-West,desktop,success,None,59.92
TX_00007917,2025-01-24 12:30:00,Startup,debit,EU-Central,mobile_ios,success,None,51.35
TX_00007918,2025-01-24 12:32:00,Startup,credit_card,US-West,mobile_android,failed,Invalid PIN,0.0
TX_00007919,2025-01-24 12:45:00,SMB,credit_card,US-East,desktop,success,None,42.41
TX_00007920,2025-01-24 12:52:00,Enterprise,credit_card,US-East,desktop,success,None,144.57
TX_00007921,2025-01-24 12:53:00,Startup,crypto,APAC,desktop,success,None,54.51
TX_00007922,2025-01-24 12:56:00,Startup,debit,US-West,mobile_ios,success,None,39.24
TX_00007923,2025-01-24 13:05:00,Startup,debit,US-West,mobile_ios,success,None,42.36
TX_00007924,2025-01-24 13:19:00,Startup,debit,APAC,mobile_ios,success,None,41.55
TX_00007925,2025-01-24 13:32:00,SMB,credit_card,US-East,desktop,success,None,53.91
TX_00007926,2025-01-24 13:32:00,Startup,credit_card,EU-Central,desktop,success,None,34.88
TX_00007927,2025-01-24 13:33:00,SMB,debit,EU-Central,mobile_ios,success,None,72.0
TX_00007928,2025-01-24 13:37:00,Enterprise,credit_card,US-East,desktop,success,None,144.81
TX_00007929,2025-01-24 13:41:00,Startup,credit_card,US-East,desktop,success,None,50.67
TX_00007930,2025-01-24 13:49:00,Startup,credit_card,APAC,mobile_ios,success,None,47.39
TX_00007931,2025-01-24 14:12:00,Startup,credit_card,US-West,desktop,success,None,19.08
TX_00007932,2025-01-24 14:19:00,SMB,debit,US-East,mobile_android,success,None,73.73
TX_00007933,2025-01-24 14:20:00,SMB,credit_card,US-West,desktop,success,None,62.02
TX_00007934,2025-01-24 14:22:00,SMB,debit,US-West,desktop,success,None,54.14
TX_00007935,2025-01-24 14:26:00,Startup,debit,EU-Central,desktop,success,None,39.27
TX_00007936,2025-01-24 14:28:00,Enterprise,credit_card,APAC,mobile_ios,success,None,131.77
TX_00007937,2025-01-24 14:29:00,Startup,credit_card,APAC,mobile_ios,success,None,49.21
TX_00007938,2025-01-24 14:36:00,SMB,credit_card,APAC,mobile_ios,success,None,91.14
TX_00007939,2025-01-24 14:37:00,Startup,crypto,US-East,desktop,success,None,40.64
TX_00007940,2025-01-24 14:38:00,Startup,credit_card,EU-Central,desktop,success,None,43.31
TX_00007941,2025-01-24 14:38:00,SMB,credit_card,US-East,desktop,success,None,103.0
TX_00007942,2025-01-24 14:48:00,SMB,debit,US-East,mobile_android,success,None,81.74
TX_00007943,2025-01-24 14:52:00,Startup,credit_card,EU-Central,desktop,success,None,42.73
TX_00007944,2025-01-24 14:56:00,SMB,crypto,US-West,mobile_ios,success,None,80.27
TX_00007945,2025-01-24 14:59:00,Startup,debit,APAC,mobile_android,success,None,41.34
TX_00007946,2025-01-24 15:00:00,Startup,credit_card,US-East,desktop,success,None,28.68
TX_00007947,2025-01-24 15:08:00,SMB,debit,EU-Central,mobile_ios,success,None,87.47
TX_00007948,2025-01-24 15:08:00,Startup,credit_card,US-East,desktop,success,None,36.32
TX_00007949,2025-01-24 15:16:00,SMB,debit,US-East,desktop,success,None,96.35
TX_00007950,2025-01-24 15:19:00,Startup,debit,US-West,desktop,success,None,29.72
TX_00007951,2025-01-24 15:31:00,SMB,credit_card,US-East,mobile_android,success,None,75.08
TX_00007952,2025-01-24 15:34:00,Startup,credit_card,US-West,desktop,success,None,30.19
TX_00007953,2025-01-24 15:37:00,SMB,crypto,APAC,desktop,success,None,60.57
TX_00007954,2025-01-24 15:44:00,SMB,credit_card,US-West,desktop,success,None,84.48
TX_00007955,2025-01-24 15:48:00,SMB,debit,US-East,desktop,success,None,92.22
TX_00007956,2025-01-24 15:49:00,Startup,credit_card,US-East,mobile_android,success,None,44.7
TX_00007957,2025-01-24 15:52:00,SMB,credit_card,US-West,desktop,success,None,75.99
TX_00007958,2025-01-24 15:56:00,Startup,debit,US-West,mobile_android,success,None,35.36
TX_00007959,2025-01-24 15:57:00,SMB,credit_card,US-West,mobile_android,success,None,55.46
TX_00007960,2025-01-24 16:00:00,Startup,debit,US-East,mobile_android,success,None,28.45
TX_00007961,2025-01-24 16:04:00,Startup,credit_card,EU-Central,desktop,success,None,41.55
TX_00007962,2025-01-24 16:05:00,SMB,credit_card,US-East,desktop,success,None,102.92
TX_00007963,2025-01-24 16:07:00,SMB,crypto,US-West,mobile_ios,failed,Insufficient funds,0.0
TX_00007964,2025-01-24 16:32:00,SMB,credit_card,US-West,desktop,success,None,80.15
TX_00007965,2025-01-24 16:41:00,SMB,crypto,US-East,mobile_ios,success,None,100.34
TX_00007966,2025-01-24 16:51:00,SMB,crypto,EU-Central,desktop,success,None,73.32
TX_00007967,2025-01-24 17:08:00,Startup,crypto,US-West,mobile_android,success,None,39.11
TX_00007968,2025-01-24 17:12:00,SMB,debit,US-West,desktop,success,None,96.59
TX_00007969,2025-01-24 17:17:00,Startup,credit_card,US-West,desktop,success,None,36.66
TX_00007970,2025-01-24 17:18:00,Startup,crypto,APAC,mobile_ios,success,None,42.58
TX_00007971,2025-01-24 17:19:00,SMB,credit_card,US-West,desktop,success,None,71.02
TX_00007972,2025-01-24 17:20:00,Startup,credit_card,US-East,desktop,success,None,40.58
TX_00007973,2025-01-24 17:31:00,Enterprise,credit_card,US-East,desktop,success,None,119.4
TX_00007974,2025-01-24 17:32:00,Startup,credit_card,US-East,desktop,success,None,30.73
TX_00007975,2025-01-24 17:37:00,SMB,debit,US-East,desktop,success,None,77.85
TX_00007976,2025-01-24 17:37:00,Startup,credit_card,APAC,desktop,success,None,38.49
TX_00007977,2025-01-24 17:38:00,Startup,credit_card,US-West,desktop,success,None,49.62
TX_00007978,2025-01-24 17:56:00,SMB,credit_card,EU-Central,desktop,success,None,107.47
TX_00007979,2025-01-24 18:06:00,Startup,credit_card,US-East,desktop,success,None,26.88
TX_00007980,2025-01-24 18:07:00,SMB,debit,US-West,mobile_ios,success,None,72.04
TX_00007981,2025-01-24 18:15:00,Enterprise,credit_card,APAC,desktop,success,None,136.07
TX_00007982,2025-01-24 18:17:00,Startup,credit_card,US-East,desktop,success,None,38.02
TX_00007983,2025-01-24 18:28:00,Enterprise,credit_card,US-West,mobile_android,success,None,96.1
TX_00007984,2025-01-24 18:28:00,Startup,credit_card,APAC,mobile_ios,success,None,31.89
TX_00007985,2025-01-24 18:35:00,Enterprise,credit_card,APAC,desktop,success,None,107.09
TX_00007986,2025-01-24 18:46:00,Startup,credit_card,EU-Central,mobile_android,success,None,42.27
TX_00007987,2025-01-24 18:49:00,SMB,credit_card,EU-Central,mobile_ios,success,None,83.56
TX_00007988,2025-01-24 18:58:00,SMB,credit_card,US-West,desktop,success,None,89.42
TX_00007989,2025-01-24 19:08:00,SMB,credit_card,US-East,mobile_android,success,None,103.07
TX_00007990,2025-01-24 19:08:00,SMB,crypto,EU-Central,desktop,success,None,83.55
TX_00007991,2025-01-24 19:13:00,SMB,credit_card,APAC,mobile_android,success,None,90.81
TX_00007992,2025-01-24 19:15:00,SMB,debit,US-West,desktop,success,None,105.82
TX_00007993,2025-01-24 19:25:00,SMB,debit,US-East,desktop,success,None,71.64
TX_00007994,2025-01-24 19:39:00,SMB,credit_card,US-West,mobile_ios,success,None,71.76
TX_00007995,2025-01-24 19:45:00,SMB,crypto,US-West,desktop,success,None,73.03
TX_00007996,2025-01-24 19:51:00,SMB,debit,US-East,desktop,success,None,93.67
TX_00007997,2025-01-24 19:54:00,SMB,debit,EU-Central,mobile_ios,success,None,112.82
TX_00007998,2025-01-24 19:57:00,Startup,credit_card,US-West,desktop,success,None,36.32
TX_00007999,2025-01-24 19:58:00,SMB,credit_card,US-West,mobile_android,success,None,79.02
TX_00008000,2025-01-24 20:04:00,SMB,credit_card,US-East,desktop,success,None,77.81
TX_00008001,2025-01-24 20:06:00,SMB,credit_card,US-East,mobile_android,success,None,86.95
TX_00008002,2025-01-24 20:08:00,Startup,debit,US-West,desktop,success,None,52.57
TX_00008003,2025-01-24 20:12:00,Enterprise,debit,US-West,mobile_ios,success,None,192.64
TX_00008004,2025-01-24 20:15:00,Startup,credit_card,US-East,desktop,success,None,37.57
TX_00008005,2025-01-24 20:29:00,SMB,debit,US-East,mobile_ios,success,None,67.97
TX_00008006,2025-01-24 20:55:00,SMB,debit,US-East,desktop,success,None,82.04
TX_00008007,2025-01-24 21:01:00,Startup,credit_card,US-West,desktop,success,None,38.21
TX_00008008,2025-01-24 21:07:00,SMB,credit_card,APAC,desktop,success,None,90.35
TX_00008009,2025-01-24 21:13:00,SMB,credit_card,EU-Central,desktop,success,None,69.98
TX_00008010,2025-01-24 21:13:00,Startup,debit,EU-Central,desktop,success,None,31.52
TX_00008011,2025-01-24 21:15:00,Startup,debit,US-West,mobile_ios,success,None,41.51
TX_00008012,2025-01-24 21:16:00,Startup,credit_card,US-West,desktop,failed,Invalid PIN,0.0
TX_00008013,2025-01-24 21:17:00,Startup,credit_card,US-East,desktop,success,None,27.43
TX_00008014,2025-01-24 21:26:00,Startup,debit,EU-Central,mobile_android,success,None,23.03
TX_00008015,2025-01-24 21:29:00,Startup,debit,US-West,mobile_ios,success,None,26.81
TX_00008016,2025-01-24 21:33:00,Enterprise,credit_card,EU-Central,mobile_android,success,None,160.49
TX_00008017,2025-01-24 21:34:00,Startup,credit_card,US-West,mobile_android,success,None,43.19
TX_00008018,2025-01-24 21:34:00,Startup,debit,US-East,desktop,success,None,38.77
TX_00008019,2025-01-24 21:36:00,Enterprise,credit_card,US-East,mobile_android,success,None,141.31
TX_00008020,2025-01-24 21:40:00,SMB,credit_card,EU-Central,desktop,success,None,73.11
TX_00008021,2025-01-24 22:00:00,Enterprise,debit,US-East,mobile_android,success,None,110.55
TX_00008022,2025-01-24 22:01:00,Startup,credit_card,US-East,mobile_ios,success,None,28.12
TX_00008023,2025-01-24 22:01:00,SMB,debit,APAC,mobile_ios,success,None,96.83
TX_00008024,2025-01-24 22:07:00,Startup,credit_card,US-West,mobile_ios,success,None,43.59
TX_00008025,2025-01-24 22:10:00,SMB,credit_card,US-East,mobile_android,success,None,82.56
TX_00008026,2025-01-24 22:17:00,Startup,credit_card,US-East,mobile_ios,success,None,38.91
TX_00008027,2025-01-24 22:17:00,SMB,credit_card,US-East,desktop,success,None,88.08
TX_00008028,2025-01-24 22:24:00,Startup,credit_card,US-West,desktop,success,None,49.64
TX_00008029,2025-01-24 22:27:00,Startup,debit,EU-Central,mobile_ios,success,None,27.19
TX_00008030,2025-01-24 22:30:00,Startup,credit_card,US-East,desktop,success,None,31.54
TX_00008031,2025-01-24 22:34:00,Startup,crypto,EU-Central,mobile_ios,success,None,44.13
TX_00008032,2025-01-24 22:44:00,Startup,credit_card,US-East,mobile_ios,success,None,51.79
TX_00008033,2025-01-24 22:45:00,Enterprise,credit_card,US-East,desktop,success,None,227.79
TX_00008034,2025-01-24 22:49:00,SMB,credit_card,APAC,mobile_ios,success,None,88.71
TX_00008035,2025-01-24 22:52:00,Startup,debit,US-East,mobile_ios,failed,Card expired,0.0
TX_00008036,2025-01-24 22:53:00,SMB,credit_card,EU-Central,mobile_android,success,None,84.85
TX_00008037,2025-01-24 22:53:00,SMB,credit_card,EU-Central,desktop,success,None,78.22
TX_00008038,2025-01-24 23:01:00,SMB,debit,US-East,mobile_android,success,None,61.98
TX_00008039,2025-01-24 23:02:00,SMB,credit_card,US-West,mobile_android,success,None,79.25
TX_00008040,2025-01-24 23:03:00,SMB,credit_card,US-West,mobile_android,success,None,54.7
TX_00008041,2025-01-24 23:10:00,Startup,credit_card,APAC,mobile_android,success,None,48.6
TX_00008042,2025-01-24 23:18:00,SMB,debit,US-West,mobile_ios,success,None,87.55
TX_00008043,2025-01-24 23:21:00,Enterprise,credit_card,US-West,desktop,success,None,172.9
TX_00008044,2025-01-24 23:23:00,Enterprise,debit,US-East,mobile_ios,success,None,214.31
TX_00008045,2025-01-24 23:24:00,Startup,debit,US-West,mobile_ios,success,None,29.47
TX_00008046,2025-01-24 23:29:00,Startup,debit,US-East,mobile_android,success,None,43.57
TX_00008047,2025-01-24 23:31:00,Startup,credit_card,US-East,mobile_ios,success,None,35.36
TX_00008048,2025-01-24 23:40:00,SMB,crypto,APAC,mobile_ios,success,None,88.17
TX_00008049,2025-01-24 23:42:00,Startup,credit_card,US-East,mobile_ios,success,None,44.75
TX_00008050,2025-01-24 23:46:00,Startup,credit_card,US-East,desktop,success,None,52.44
TX_00008051,2025-01-24 23:50:00,Startup,credit_card,US-West,desktop,success,None,44.73
TX_00008052,2025-01-24 23:52:00,Startup,debit,EU-Central,mobile_ios,success,None,35.99
TX_00008053,2025-01-25 00:00:00,SMB,credit_card,US-East,desktop,success,None,77.15
TX_00008054,2025-01-25 00:05:00,SMB,credit_card,US-East,desktop,success,None,109.61
TX_00008055,2025-01-25 00:06:00,SMB,debit,US-East,mobile_ios,success,None,96.0
TX_00008056,2025-01-25 00:08:00,SMB,credit_card,US-East,mobile_ios,success,None,95.13
TX_00008057,2025-01-25 00:14:00,Startup,credit_card,US-West,mobile_ios,success,None,38.21
TX_00008058,2025-01-25 00:18:00,Startup,debit,US-West,mobile_android,success,None,53.8
TX_00008059,2025-01-25 00:18:00,Startup,debit,US-West,desktop,success,None,55.07
TX_00008060,2025-01-25 00:21:00,SMB,credit_card,US-West,desktop,success,None,45.58
TX_00008061,2025-01-25 00:24:00,Enterprise,credit_card,EU-Central,mobile_ios,success,None,147.6
TX_00008062,2025-01-25 00:27:00,Enterprise,crypto,US-West,mobile_android,success,None,126.17
TX_00008063,2025-01-25 00:31:00,SMB,credit_card,APAC,mobile_ios,success,None,60.34
TX_00008064,2025-01-25 00:32:00,SMB,credit_card,US-West,desktop,success,None,77.71
TX_00008065,2025-01-25 00:34:00,Startup,debit,EU-Central,mobile_ios,success,None,42.61
TX_00008066,2025-01-25 00:40:00,Enterprise,credit_card,US-West,mobile_android,success,None,154.79
TX_00008067,2025-01-25 00:50:00,Startup,credit_card,US-West,desktop,success,None,51.44
TX_00008068,2025-01-25 00:58:00,SMB,credit_card,EU-Central,desktop,success,None,108.93
TX_00008069,2025-01-25 01:00:00,Startup,credit_card,US-East,mobile_ios,success,None,48.39
TX_00008070,2025-01-25 01:02:00,SMB,debit,US-West,desktop,success,None,114.37
TX_00008071,2025-01-25 01:02:00,Enterprise,credit_card,EU-Central,desktop,success,None,164.67
TX_00008072,2025-01-25 01:04:00,Startup,credit_card,EU-Central,desktop,success,None,49.58
TX_00008073,2025-01-25 01:05:00,Startup,debit,US-West,desktop,success,None,41.14
TX_00008074,2025-01-25 01:09:00,SMB,credit_card,US-West,desktop,success,None,68.22
TX_00008075,2025-01-25 01:09:00,SMB,debit,US-East,desktop,success,None,109.71
TX_00008076,2025-01-25 01:11:00,Enterprise,credit_card,APAC,desktop,success,None,121.18
TX_00008077,2025-01-25 01:15:00,Startup,debit,US-East,mobile_android,success,None,45.1
TX_00008078,2025-01-25 01:16:00,Startup,credit_card,EU-Central,desktop,success,None,31.99
TX_00008079,2025-01-25 01:22:00,Enterprise,credit_card,US-East,mobile_ios,success,None,160.43
TX_00008080,2025-01-25 01:30:00,SMB,credit_card,US-East,mobile_android,success,None,102.08
TX_00008081,2025-01-25 01:40:00,Startup,debit,US-East,desktop,success,None,23.08
TX_00008082,2025-01-25 01:43:00,SMB,debit,US-West,desktop,success,None,75.45
TX_00008083,2025-01-25 01:54:00,Startup,debit,US-East,mobile_ios,success,None,38.38
TX_00008084,2025-01-25 01:55:00,SMB,credit_card,US-East,desktop,success,None,97.54
TX_00008085,2025-01-25 01:55:00,SMB,credit_card,US-East,desktop,success,None,83.44
TX_00008086,2025-01-25 01:55:00,SMB,debit,US-East,mobile_android,success,None,75.58
TX_00008087,2025-01-25 01:58:00,SMB,debit,US-East,desktop,success,None,94.68
TX_00008088,2025-01-25 02:01:00,Enterprise,debit,US-East,mobile_ios,success,None,153.95
TX_00008089,2025-01-25 02:13:00,Startup,credit_card,EU-Central,mobile_android,success,None,33.02
TX_00008090,2025-01-25 02:15:00,Startup,credit_card,US-West,desktop,success,None,27.42
TX_00008091,2025-01-25 02:18:00,Startup,credit_card,US-West,desktop,success,None,32.86
TX_00008092,2025-01-25 02:19:00,Startup,credit_card,APAC,mobile_ios,success,None,29.04
TX_00008093,2025-01-25 02:20:00,SMB,crypto,US-West,mobile_android,success,None,82.81
TX_00008094,2025-01-25 02:21:00,Enterprise,debit,APAC,desktop,success,None,163.53
TX_00008095,2025-01-25 02:24:00,Startup,credit_card,US-East,desktop,success,None,43.38
TX_00008096,2025-01-25 02:27:00,SMB,credit_card,US-West,desktop,success,None,53.29
TX_00008097,2025-01-25 02:30:00,SMB,credit_card,US-East,desktop,success,None,108.81
TX_00008098,2025-01-25 02:34:00,Enterprise,debit,US-West,desktop,success,None,170.87
TX_00008099,2025-01-25 02:36:00,Enterprise,debit,US-West,desktop,success,None,149.19
TX_00008100,2025-01-25 02:36:00,SMB,credit_card,US-East,mobile_ios,success,None,82.11
TX_00008101,2025-01-25 02:44:00,Startup,debit,EU-Central,mobile_android,success,None,54.89
TX_00008102,2025-01-25 02:51:00,Startup,credit_card,US-West,mobile_android,success,None,38.39
TX_00008103,2025-01-25 03:02:00,Startup,credit_card,US-East,mobile_android,success,None,34.33
TX_00008104,2025-01-25 03:03:00,Startup,debit,US-West,desktop,success,None,40.77
TX_00008105,2025-01-25 03:13:00,Startup,debit,EU-Central,desktop,success,None,43.42
TX_00008106,2025-01-25 03:14:00,SMB,debit,US-East,mobile_ios,success,None,84.28
TX_00008107,2025-01-25 03:14:00,SMB,credit_card,US-East,mobile_ios,success,None,83.17
TX_00008108,2025-01-25 03:18:00,Startup,credit_card,EU-Central,mobile_ios,success,None,36.0
TX_00008109,2025-01-25 03:21:00,SMB,credit_card,APAC,desktop,success,None,88.34
TX_00008110,2025-01-25 03:24:00,SMB,credit_card,US-East,desktop,success,None,81.77
TX_00008111,2025-01-25 03:25:00,SMB,credit_card,APAC,desktop,success,None,75.78
TX_00008112,2025-01-25 03:26:00,SMB,credit_card,US-East,desktop,success,None,107.04
TX_00008113,2025-01-25 03:28:00,SMB,credit_card,APAC,desktop,success,None,63.31
TX_00008114,2025-01-25 03:33:00,SMB,credit_card,US-West,mobile_android,success,None,64.14
TX_00008115,2025-01-25 03:35:00,SMB,debit,EU-Central,desktop,success,None,91.51
TX_00008116,2025-01-25 03:35:00,Startup,debit,EU-Central,mobile_android,success,None,30.8
TX_00008117,2025-01-25 03:39:00,SMB,debit,US-East,mobile_android,success,None,87.86
TX_00008118,2025-01-25 03:42:00,Startup,credit_card,US-East,mobile_ios,success,None,54.37
TX_00008119,2025-01-25 03:42:00,SMB,credit_card,US-West,mobile_android,success,None,103.56
TX_00008120,2025-01-25 03:42:00,SMB,credit_card,US-East,desktop,success,None,75.87
TX_00008121,2025-01-25 03:45:00,SMB,credit_card,US-West,mobile_ios,success,None,76.07
TX_00008122,2025-01-25 04:00:00,SMB,credit_card,APAC,mobile_android,success,None,80.49
TX_00008123,2025-01-25 04:00:00,Startup,credit_card,US-East,desktop,failed,Card expired,0.0
TX_00008124,2025-01-25 04:01:00,Startup,debit,US-West,mobile_ios,success,None,20.85
TX_00008125,2025-01-25 04:06:00,Startup,crypto,US-East,desktop,success,None,46.19
TX_00008126,2025-01-25 04:08:00,Startup,credit_card,US-West,desktop,success,None,43.17
TX_00008127,2025-01-25 04:12:00,SMB,debit,US-East,mobile_android,success,None,65.81
TX_00008128,2025-01-25 04:12:00,SMB,credit_card,US-East,mobile_ios,success,None,58.15
TX_00008129,2025-01-25 04:15:00,SMB,debit,EU-Central,desktop,success,None,107.61
TX_00008130,2025-01-25 04:16:00,Enterprise,debit,EU-Central,mobile_android,success,None,126.06
TX_00008131,2025-01-25 04:20:00,SMB,crypto,EU-Central,desktop,success,None,70.7
TX_00008132,2025-01-25 04:31:00,SMB,credit_card,EU-Central,mobile_android,success,None,96.53
TX_00008133,2025-01-25 04:32:00,SMB,credit_card,US-West,mobile_android,success,None,84.49
TX_00008134,2025-01-25 04:32:00,Enterprise,credit_card,EU-Central,mobile_android,success,None,145.78
TX_00008135,2025-01-25 04:36:00,Enterprise,credit_card,US-East,mobile_ios,success,None,131.3
TX_00008136,2025-01-25 04:39:00,Startup,crypto,US-East,mobile_ios,success,None,27.16
TX_00008137,2025-01-25 04:40:00,Startup,debit,US-East,mobile_ios,success,None,58.89
TX_00008138,2025-01-25 04:41:00,Startup,debit,US-East,desktop,success,None,60.43
TX_00008139,2025-01-25 04:44:00,Startup,credit_card,US-East,desktop,success,None,29.43
TX_00008140,2025-01-25 04:50:00,Enterprise,debit,US-East,desktop,success,None,163.81
TX_00008141,2025-01-25 05:04:00,SMB,credit_card,US-West,mobile_ios,success,None,94.44
TX_00008142,2025-01-25 05:05:00,Enterprise,credit_card,US-East,mobile_ios,success,None,124.01
TX_00008143,2025-01-25 05:12:00,Startup,debit,EU-Central,mobile_ios,success,None,57.4
TX_00008144,2025-01-25 05:18:00,Startup,credit_card,US-West,mobile_ios,success,None,42.28
TX_00008145,2025-01-25 05:21:00,SMB,credit_card,APAC,mobile_ios,success,None,78.04
TX_00008146,2025-01-25 05:21:00,SMB,credit_card,US-East,mobile_ios,success,None,97.02
TX_00008147,2025-01-25 05:24:00,Startup,debit,US-West,desktop,success,None,42.19
TX_00008148,2025-01-25 05:26:00,SMB,debit,US-West,desktop,success,None,102.72
TX_00008149,2025-01-25 05:28:00,Startup,credit_card,APAC,desktop,success,None,58.89
TX_00008150,2025-01-25 05:28:00,SMB,debit,US-East,mobile_ios,success,None,67.84
TX_00008151,2025-01-25 05:38:00,SMB,debit,US-East,desktop,success,None,95.23
TX_00008152,2025-01-25 05:39:00,Startup,crypto,US-East,mobile_ios,success,None,36.44
TX_00008153,2025-01-25 05:45:00,Startup,credit_card,US-East,desktop,success,None,37.0
TX_00008154,2025-01-25 05:51:00,Startup,debit,US-West,desktop,success,None,45.82
TX_00008155,2025-01-25 05:51:00,SMB,debit,EU-Central,mobile_ios,success,None,85.55
TX_00008156,2025-01-25 05:57:00,SMB,credit_card,US-East,desktop,success,None,71.55
TX_00008157,2025-01-25 05:59:00,Startup,credit_card,US-East,mobile_ios,success,None,45.24
TX_00008158,2025-01-25 06:04:00,SMB,credit_card,US-East,mobile_android,success,None,88.65
TX_00008159,2025-01-25 06:06:00,SMB,credit_card,US-East,mobile_ios,success,None,81.19
TX_00008160,2025-01-25 06:09:00,Startup,credit_card,APAC,mobile_ios,success,None,30.02
TX_00008161,2025-01-25 06:12:00,SMB,credit_card,EU-Central,mobile_ios,success,None,66.48
TX_00008162,2025-01-25 06:18:00,SMB,credit_card,US-East,desktop,success,None,82.13
TX_00008163,2025-01-25 06:27:00,Startup,credit_card,US-East,mobile_ios,success,None,38.43
TX_00008164,2025-01-25 06:29:00,Startup,credit_card,APAC,desktop,success,None,41.71
TX_00008165,2025-01-25 06:38:00,SMB,debit,US-East,desktop,success,None,81.98
TX_00008166,2025-01-25 06:39:00,SMB,debit,US-West,desktop,success,None,76.2
TX_00008167,2025-01-25 06:41:00,Startup,credit_card,APAC,mobile_ios,success,None,37.05
TX_00008168,2025-01-25 06:44:00,Startup,credit_card,US-West,mobile_ios,success,None,38.07
TX_00008169,2025-01-25 06:44:00,Startup,credit_card,US-East,mobile_android,success,None,51.41
TX_00008170,2025-01-25 07:00:00,SMB,credit_card,US-East,desktop,success,None,79.05
TX_00008171,2025-01-25 07:18:00,SMB,credit_card,APAC,desktop,success,None,83.88
TX_00008172,2025-01-25 07:21:00,Startup,debit,US-East,mobile_ios,success,None,33.53
TX_00008173,2025-01-25 07:30:00,Startup,credit_card,US-East,mobile_ios,success,None,28.34
TX_00008174,2025-01-25 07:30:00,Startup,debit,EU-Central,desktop,success,None,37.79
TX_00008175,2025-01-25 07:36:00,Enterprise,debit,EU-Central,desktop,success,None,154.9
TX_00008176,2025-01-25 07:49:00,SMB,credit_card,US-West,mobile_ios,success,None,76.46
TX_00008177,2025-01-25 07:50:00,SMB,credit_card,US-East,desktop,success,None,99.07
TX_00008178,2025-01-25 07:51:00,Startup,credit_card,US-West,mobile_ios,success,None,48.95
TX_00008179,2025-01-25 07:56:00,Startup,credit_card,US-East,mobile_ios,success,None,31.79
TX_00008180,2025-01-25 08:06:00,SMB,credit_card,US-East,desktop,success,None,88.14
TX_00008181,2025-01-25 08:17:00,Enterprise,crypto,EU-Central,desktop,success,None,116.28
TX_00008182,2025-01-25 08:20:00,SMB,debit,US-East,mobile_android,success,None,76.11
TX_00008183,2025-01-25 08:22:00,Enterprise,crypto,US-East,desktop,success,None,89.23
TX_00008184,2025-01-25 08:23:00,Startup,credit_card,US-East,desktop,success,None,58.42
TX_00008185,2025-01-25 08:41:00,Startup,credit_card,US-West,mobile_ios,success,None,40.02
TX_00008186,2025-01-25 08:49:00,SMB,credit_card,EU-Central,mobile_ios,success,None,72.01
TX_00008187,2025-01-25 08:58:00,SMB,credit_card,EU-Central,mobile_ios,success,None,87.11
TX_00008188,2025-01-25 09:03:00,Startup,credit_card,US-West,mobile_ios,success,None,37.99
TX_00008189,2025-01-25 09:11:00,SMB,debit,US-West,mobile_android,success,None,76.09
TX_00008190,2025-01-25 09:13:00,SMB,credit_card,US-West,desktop,success,None,86.53
TX_00008191,2025-01-25 09:31:00,Startup,crypto,US-East,mobile_ios,success,None,45.98
TX_00008192,2025-01-25 09:33:00,Startup,crypto,US-East,mobile_ios,success,None,39.11
TX_00008193,2025-01-25 09:35:00,Startup,credit_card,US-West,desktop,success,None,36.02
TX_00008194,2025-01-25 09:39:00,SMB,debit,US-East,desktop,success,None,65.68
TX_00008195,2025-01-25 09:44:00,Enterprise,credit_card,US-East,mobile_ios,success,None,199.41
TX_00008196,2025-01-25 09:44:00,Enterprise,credit_card,US-West,desktop,success,None,132.99
TX_00008197,2025-01-25 09:50:00,SMB,debit,US-West,mobile_android,success,None,98.05
TX_00008198,2025-01-25 09:53:00,Startup,credit_card,US-West,mobile_ios,success,None,52.81
TX_00008199,2025-01-25 09:53:00,SMB,debit,EU-Central,mobile_ios,success,None,55.54
TX_00008200,2025-01-25 10:03:00,Startup,debit,US-West,mobile_android,success,None,52.22
TX_00008201,2025-01-25 10:07:00,SMB,debit,APAC,mobile_ios,success,None,70.91
TX_00008202,2025-01-25 10:09:00,SMB,crypto,US-East,mobile_ios,success,None,77.64
TX_00008203,2025-01-25 10:10:00,Startup,credit_card,US-West,mobile_ios,success,None,32.96
TX_00008204,2025-01-25 10:19:00,SMB,credit_card,US-East,mobile_ios,success,None,69.53
TX_00008205,2025-01-25 10:23:00,SMB,credit_card,US-East,mobile_ios,success,None,91.56
TX_00008206,2025-01-25 10:26:00,SMB,credit_card,EU-Central,desktop,success,None,36.19
TX_00008207,2025-01-25 10:27:00,Enterprise,credit_card,US-East,mobile_android,success,None,186.83
TX_00008208,2025-01-25 10:32:00,SMB,debit,US-East,desktop,success,None,77.24
TX_00008209,2025-01-25 10:35:00,SMB,credit_card,US-West,mobile_ios,success,None,70.48
TX_00008210,2025-01-25 10:36:00,Startup,crypto,US-East,desktop,success,None,24.24
TX_00008211,2025-01-25 10:36:00,Startup,debit,US-West,mobile_ios,success,None,49.21
TX_00008212,2025-01-25 10:38:00,SMB,credit_card,US-East,mobile_android,success,None,64.01
TX_00008213,2025-01-25 10:39:00,Enterprise,credit_card,US-East,mobile_android,success,None,103.39
TX_00008214,2025-01-25 10:41:00,Startup,credit_card,EU-Central,mobile_ios,success,None,37.5
TX_00008215,2025-01-25 10:41:00,Enterprise,credit_card,US-West,mobile_ios,success,None,173.3
TX_00008216,2025-01-25 10:45:00,Startup,credit_card,US-West,desktop,success,None,29.78
TX_00008217,2025-01-25 10:48:00,Startup,credit_card,US-West,desktop,success,None,41.62
TX_00008218,2025-01-25 10:48:00,SMB,debit,EU-Central,desktop,success,None,87.05
TX_00008219,2025-01-25 10:59:00,Startup,credit_card,EU-Central,desktop,success,None,44.82
TX_00008220,2025-01-25 11:02:00,Startup,debit,US-East,mobile_android,success,None,29.92
TX_00008221,2025-01-25 11:08:00,Startup,debit,US-East,desktop,failed,Insufficient funds,0.0
TX_00008222,2025-01-25 11:10:00,SMB,credit_card,US-East,mobile_ios,success,None,84.01
TX_00008223,2025-01-25 11:13:00,SMB,credit_card,US-East,mobile_android,success,None,66.67
TX_00008224,2025-01-25 11:16:00,Startup,debit,US-East,mobile_ios,success,None,44.08
TX_00008225,2025-01-25 11:20:00,SMB,crypto,US-East,desktop,success,None,66.75
TX_00008226,2025-01-25 11:20:00,Startup,credit_card,EU-Central,desktop,success,None,42.4
TX_00008227,2025-01-25 11:27:00,Enterprise,credit_card,US-West,desktop,success,None,199.02
TX_00008228,2025-01-25 11:36:00,Enterprise,credit_card,US-East,mobile_ios,success,None,179.3
TX_00008229,2025-01-25 11:37:00,Startup,credit_card,US-West,desktop,success,None,49.26
TX_00008230,2025-01-25 11:42:00,Startup,credit_card,EU-Central,mobile_ios,failed,Card expired,0.0
TX_00008231,2025-01-25 11:48:00,Startup,credit_card,US-East,mobile_android,success,None,46.73
TX_00008232,2025-01-25 11:50:00,Startup,debit,US-West,desktop,success,None,48.71
TX_00008233,2025-01-25 11:58:00,Enterprise,credit_card,US-East,desktop,success,None,157.53
TX_00008234,2025-01-25 12:01:00,SMB,credit_card,US-West,mobile_ios,success,None,85.39
TX_00008235,2025-01-25 12:02:00,Startup,credit_card,US-East,desktop,success,None,54.03
TX_00008236,2025-01-25 12:09:00,SMB,debit,US-West,mobile_ios,success,None,68.83
TX_00008237,2025-01-25 12:12:00,Startup,credit_card,US-West,mobile_ios,success,None,39.67
TX_00008238,2025-01-25 12:14:00,SMB,crypto,US-West,desktop,success,None,113.95
TX_00008239,2025-01-25 12:18:00,Enterprise,credit_card,US-West,mobile_android,success,None,125.95
TX_00008240,2025-01-25 12:23:00,SMB,credit_card,US-West,desktop,success,None,68.08
TX_00008241,2025-01-25 12:27:00,SMB,credit_card,US-East,desktop,success,None,76.43
TX_00008242,2025-01-25 12:30:00,Startup,debit,US-West,mobile_android,success,None,48.61
TX_00008243,2025-01-25 12:32:00,Startup,credit_card,EU-Central,desktop,success,None,56.14
TX_00008244,2025-01-25 12:35:00,Startup,debit,EU-Central,desktop,success,None,18.55
TX_00008245,2025-01-25 12:41:00,SMB,debit,APAC,mobile_android,success,None,77.56
TX_00008246,2025-01-25 12:43:00,SMB,debit,US-East,desktop,success,None,60.2
TX_00008247,2025-01-25 12:48:00,Enterprise,credit_card,US-East,desktop,success,None,182.07
TX_00008248,2025-01-25 12:53:00,SMB,debit,US-West,mobile_ios,success,None,78.45
TX_00008249,2025-01-25 13:00:00,Enterprise,credit_card,US-East,desktop,success,None,147.37
TX_00008250,2025-01-25 13:09:00,SMB,credit_card,US-East,mobile_ios,success,None,64.53
TX_00008251,2025-01-25 13:18:00,SMB,credit_card,US-West,desktop,success,None,88.57
TX_00008252,2025-01-25 13:22:00,SMB,debit,US-East,mobile_ios,success,None,89.65
TX_00008253,2025-01-25 13:25:00,Enterprise,credit_card,US-East,desktop,success,None,134.77
TX_00008254,2025-01-25 13:27:00,SMB,credit_card,APAC,mobile_android,success,None,87.07
TX_00008255,2025-01-25 13:29:00,SMB,credit_card,US-East,desktop,success,None,68.28
TX_00008256,2025-01-25 13:31:00,Enterprise,credit_card,US-East,mobile_ios,success,None,125.91
TX_00008257,2025-01-25 13:46:00,Startup,credit_card,US-East,mobile_android,success,None,50.52
TX_00008258,2025-01-25 13:53:00,Enterprise,credit_card,EU-Central,desktop,success,None,141.4
TX_00008259,2025-01-25 13:58:00,Startup,credit_card,EU-Central,desktop,success,None,32.19
TX_00008260,2025-01-25 14:00:00,Enterprise,credit_card,US-East,desktop,success,None,175.87
TX_00008261,2025-01-25 14:14:00,Startup,debit,US-East,mobile_android,success,None,32.36
TX_00008262,2025-01-25 14:18:00,Enterprise,credit_card,EU-Central,mobile_ios,success,None,183.86
TX_00008263,2025-01-25 14:22:00,Startup,credit_card,US-East,mobile_android,success,None,39.0
TX_00008264,2025-01-25 14:26:00,SMB,credit_card,APAC,mobile_ios,success,None,64.54
TX_00008265,2025-01-25 14:26:00,Startup,debit,US-West,desktop,success,None,61.78
TX_00008266,2025-01-25 14:27:00,SMB,credit_card,US-East,desktop,success,None,58.98
TX_00008267,2025-01-25 14:28:00,Enterprise,credit_card,EU-Central,mobile_android,success,None,160.95
TX_00008268,2025-01-25 14:33:00,Startup,credit_card,US-East,desktop,success,None,15.88
TX_00008269,2025-01-25 14:35:00,Enterprise,crypto,US-East,desktop,success,None,193.9
TX_00008270,2025-01-25 14:36:00,Startup,credit_card,US-East,mobile_ios,success,None,36.56
TX_00008271,2025-01-25 14:40:00,Enterprise,credit_card,EU-Central,desktop,success,None,144.42
TX_00008272,2025-01-25 14:42:00,SMB,credit_card,US-East,desktop,success,None,57.96
TX_00008273,2025-01-25 14:50:00,Startup,credit_card,US-East,mobile_ios,success,None,40.45
TX_00008274,2025-01-25 14:54:00,SMB,credit_card,US-East,desktop,success,None,93.77
TX_00008275,2025-01-25 14:57:00,SMB,debit,EU-Central,desktop,success,None,73.56
TX_00008276,2025-01-25 14:59:00,Startup,credit_card,US-East,mobile_ios,success,None,34.53
TX_00008277,2025-01-25 15:01:00,Startup,debit,US-East,mobile_ios,success,None,35.27
TX_00008278,2025-01-25 15:04:00,Startup,credit_card,US-West,desktop,success,None,41.6
TX_00008279,2025-01-25 15:08:00,SMB,credit_card,EU-Central,desktop,success,None,78.72
TX_00008280,2025-01-25 15:14:00,SMB,credit_card,EU-Central,mobile_android,success,None,49.52
TX_00008281,2025-01-25 15:19:00,SMB,credit_card,US-East,desktop,success,None,97.95
TX_00008282,2025-01-25 15:28:00,SMB,debit,EU-Central,desktop,success,None,67.75
TX_00008283,2025-01-25 15:29:00,Startup,credit_card,US-West,desktop,success,None,41.55
TX_00008284,2025-01-25 15:30:00,SMB,debit,US-East,desktop,success,None,100.23
TX_00008285,2025-01-25 15:30:00,SMB,debit,EU-Central,mobile_ios,success,None,46.23
TX_00008286,2025-01-25 15:43:00,SMB,credit_card,US-West,mobile_android,success,None,43.64
TX_00008287,2025-01-25 15:43:00,Startup,debit,US-West,desktop,success,None,43.35
TX_00008288,2025-01-25 15:46:00,Startup,credit_card,APAC,mobile_ios,success,None,35.39
TX_00008289,2025-01-25 15:47:00,Startup,credit_card,US-West,mobile_android,success,None,35.52
TX_00008290,2025-01-25 15:49:00,SMB,debit,US-East,desktop,success,None,85.53
TX_00008291,2025-01-25 15:57:00,Startup,credit_card,EU-Central,desktop,success,None,47.95
TX_00008292,2025-01-25 16:04:00,Startup,credit_card,US-East,mobile_ios,success,None,41.22
TX_00008293,2025-01-25 16:05:00,Enterprise,debit,US-West,desktop,success,None,123.37
TX_00008294,2025-01-25 16:05:00,Enterprise,crypto,US-East,mobile_ios,success,None,133.87
TX_00008295,2025-01-25 16:09:00,Enterprise,credit_card,US-East,mobile_ios,success,None,149.12
TX_00008296,2025-01-25 16:11:00,SMB,debit,US-West,desktop,success,None,77.57
TX_00008297,2025-01-25 16:27:00,Startup,credit_card,US-West,desktop,success,None,38.05
TX_00008298,2025-01-25 16:28:00,SMB,crypto,US-West,desktop,success,None,86.13
TX_00008299,2025-01-25 16:34:00,SMB,credit_card,EU-Central,desktop,success,None,95.73
TX_00008300,2025-01-25 17:05:00,Startup,debit,US-East,desktop,success,None,21.15
TX_00008301,2025-01-25 17:05:00,Startup,credit_card,US-West,mobile_ios,success,None,51.04
TX_00008302,2025-01-25 17:05:00,Startup,debit,EU-Central,desktop,success,None,43.98
TX_00008303,2025-01-25 17:12:00,SMB,debit,EU-Central,mobile_ios,success,None,105.72
TX_00008304,2025-01-25 17:15:00,Enterprise,credit_card,US-West,desktop,success,None,158.1
TX_00008305,2025-01-25 17:16:00,Enterprise,credit_card,US-East,mobile_ios,success,None,128.56
TX_00008306,2025-01-25 17:16:00,Enterprise,debit,US-West,mobile_android,success,None,160.96
TX_00008307,2025-01-25 17:32:00,SMB,debit,US-West,mobile_android,success,None,80.39
TX_00008308,2025-01-25 17:38:00,SMB,credit_card,US-East,desktop,success,None,66.96
TX_00008309,2025-01-25 17:38:00,Enterprise,credit_card,US-West,desktop,success,None,141.07
TX_00008310,2025-01-25 17:42:00,Enterprise,debit,US-East,desktop,success,None,145.76
TX_00008311,2025-01-25 17:48:00,SMB,credit_card,APAC,desktop,success,None,108.69
TX_00008312,2025-01-25 17:51:00,Startup,credit_card,EU-Central,mobile_android,success,None,45.22
TX_00008313,2025-01-25 17:54:00,Startup,crypto,US-East,mobile_ios,success,None,29.64
TX_00008314,2025-01-25 18:03:00,SMB,credit_card,US-East,mobile_ios,success,None,92.74
TX_00008315,2025-01-25 18:05:00,SMB,credit_card,EU-Central,mobile_ios,success,None,67.69
TX_00008316,2025-01-25 18:11:00,SMB,credit_card,EU-Central,mobile_ios,success,None,72.62
TX_00008317,2025-01-25 18:14:00,Enterprise,debit,APAC,mobile_ios,success,None,145.72
TX_00008318,2025-01-25 18:19:00,SMB,credit_card,US-East,desktop,success,None,80.44
TX_00008319,2025-01-25 18:20:00,Startup,debit,US-East,desktop,success,None,32.77
TX_00008320,2025-01-25 18:30:00,Startup,debit,APAC,mobile_ios,success,None,55.44
TX_00008321,2025-01-25 18:36:00,Startup,credit_card,US-East,mobile_android,success,None,46.02
TX_00008322,2025-01-25 18:45:00,Startup,debit,EU-Central,desktop,success,None,56.32
TX_00008323,2025-01-25 18:50:00,Startup,credit_card,US-East,mobile_ios,success,None,38.26
TX_00008324,2025-01-25 18:53:00,Enterprise,debit,EU-Central,desktop,success,None,123.76
TX_00008325,2025-01-25 18:54:00,Startup,credit_card,US-East,desktop,success,None,32.79
TX_00008326,2025-01-25 18:59:00,Enterprise,debit,US-West,desktop,success,None,116.63
TX_00008327,2025-01-25 19:09:00,Startup,credit_card,US-West,mobile_ios,success,None,29.37
TX_00008328,2025-01-25 19:10:00,SMB,credit_card,APAC,desktop,success,None,71.69
TX_00008329,2025-01-25 19:12:00,SMB,crypto,US-East,mobile_ios,success,None,92.31
TX_00008330,2025-01-25 19:24:00,Startup,credit_card,US-East,desktop,success,None,47.37
TX_00008331,2025-01-25 19:32:00,SMB,debit,US-East,mobile_ios,success,None,79.61
TX_00008332,2025-01-25 19:33:00,SMB,credit_card,EU-Central,desktop,success,None,69.07
TX_00008333,2025-01-25 19:35:00,SMB,credit_card,US-West,desktop,success,None,91.13
TX_00008334,2025-01-25 19:37:00,SMB,debit,US-West,desktop,success,None,85.34
TX_00008335,2025-01-25 19:39:00,Startup,credit_card,US-East,desktop,success,None,49.03
TX_00008336,2025-01-25 19:39:00,Startup,debit,US-West,desktop,success,None,27.74
TX_00008337,2025-01-25 19:40:00,SMB,credit_card,US-East,mobile_android,success,None,82.05
TX_00008338,2025-01-25 19:43:00,SMB,credit_card,US-East,desktop,success,None,91.58
TX_00008339,2025-01-25 19:54:00,Startup,debit,EU-Central,mobile_ios,success,None,56.9
TX_00008340,2025-01-25 19:55:00,SMB,credit_card,US-East,mobile_ios,success,None,98.33
TX_00008341,2025-01-25 19:55:00,SMB,credit_card,US-West,mobile_ios,success,None,61.44
TX_00008342,2025-01-25 19:57:00,SMB,debit,EU-Central,mobile_ios,success,None,96.93
TX_00008343,2025-01-25 19:57:00,Startup,credit_card,APAC,mobile_android,success,None,43.87
TX_00008344,2025-01-25 19:58:00,Enterprise,credit_card,EU-Central,mobile_android,success,None,177.19
TX_00008345,2025-01-25 20:11:00,Enterprise,debit,US-East,desktop,success,None,84.86
TX_00008346,2025-01-25 20:11:00,SMB,debit,US-West,mobile_ios,success,None,90.72
TX_00008347,2025-01-25 20:12:00,SMB,credit_card,US-East,desktop,success,None,63.38
TX_00008348,2025-01-25 20:13:00,SMB,credit_card,US-East,desktop,success,None,84.27
TX_00008349,2025-01-25 20:14:00,SMB,debit,US-West,desktop,success,None,87.4
TX_00008350,2025-01-25 20:15:00,SMB,credit_card,EU-Central,mobile_android,success,None,88.94
TX_00008351,2025-01-25 20:17:00,Enterprise,credit_card,US-East,mobile_ios,success,None,168.59
TX_00008352,2025-01-25 20:30:00,Enterprise,crypto,US-East,mobile_ios,success,None,151.17
TX_00008353,2025-01-25 20:36:00,Startup,credit_card,US-West,desktop,success,None,53.84
TX_00008354,2025-01-25 21:00:00,Startup,credit_card,US-East,desktop,success,None,32.92
TX_00008355,2025-01-25 21:02:00,SMB,debit,US-West,desktop,success,None,99.96
TX_00008356,2025-01-25 21:05:00,Enterprise,debit,US-East,mobile_ios,success,None,134.76
TX_00008357,2025-01-25 21:15:00,Enterprise,debit,US-East,desktop,success,None,179.97
TX_00008358,2025-01-25 21:20:00,Startup,credit_card,US-West,mobile_ios,success,None,44.69
TX_00008359,2025-01-25 21:20:00,Startup,credit_card,EU-Central,mobile_android,success,None,16.83
TX_00008360,2025-01-25 21:22:00,SMB,debit,US-West,mobile_android,success,None,90.14
TX_00008361,2025-01-25 21:31:00,Startup,credit_card,EU-Central,mobile_android,success,None,37.05
TX_00008362,2025-01-25 21:31:00,Startup,debit,US-East,desktop,success,None,52.22
TX_00008363,2025-01-25 21:31:00,Startup,credit_card,EU-Central,mobile_android,success,None,41.51
TX_00008364,2025-01-25 21:33:00,Enterprise,debit,US-East,mobile_android,success,None,122.88
TX_00008365,2025-01-25 21:34:00,SMB,credit_card,EU-Central,mobile_android,success,None,88.64
TX_00008366,2025-01-25 21:43:00,Enterprise,credit_card,US-West,mobile_android,success,None,167.64
TX_00008367,2025-01-25 21:51:00,Startup,credit_card,US-East,mobile_android,success,None,50.02
TX_00008368,2025-01-25 22:11:00,Startup,debit,US-East,desktop,success,None,29.59
TX_00008369,2025-01-25 22:12:00,SMB,credit_card,US-West,desktop,success,None,61.12
TX_00008370,2025-01-25 22:17:00,Enterprise,debit,US-East,mobile_ios,success,None,157.09
TX_00008371,2025-01-25 22:17:00,SMB,credit_card,APAC,mobile_ios,success,None,92.55
TX_00008372,2025-01-25 22:17:00,SMB,credit_card,US-East,desktop,success,None,113.72
TX_00008373,2025-01-25 22:21:00,SMB,debit,US-East,mobile_ios,success,None,81.53
TX_00008374,2025-01-25 22:23:00,SMB,credit_card,US-East,desktop,success,None,78.5
TX_00008375,2025-01-25 22:28:00,Enterprise,credit_card,US-East,desktop,success,None,151.36
TX_00008376,2025-01-25 22:29:00,Startup,credit_card,US-West,desktop,success,None,45.62
TX_00008377,2025-01-25 22:32:00,SMB,debit,US-West,desktop,success,None,95.59
TX_00008378,2025-01-25 22:32:00,SMB,crypto,EU-Central,mobile_ios,success,None,90.47
TX_00008379,2025-01-25 22:38:00,Enterprise,credit_card,US-East,mobile_android,success,None,185.14
TX_00008380,2025-01-25 22:39:00,Startup,credit_card,APAC,mobile_ios,success,None,53.71
TX_00008381,2025-01-25 22:40:00,SMB,credit_card,US-East,mobile_ios,success,None,65.85
TX_00008382,2025-01-25 22:43:00,Startup,debit,APAC,desktop,success,None,26.31
TX_00008383,2025-01-25 22:49:00,SMB,credit_card,US-East,mobile_ios,success,None,69.64
TX_00008384,2025-01-25 22:49:00,Startup,debit,EU-Central,mobile_android,success,None,28.41
TX_00008385,2025-01-25 22:51:00,Startup,credit_card,US-West,mobile_ios,success,None,36.27
TX_00008386,2025-01-25 22:52:00,SMB,debit,US-East,desktop,success,None,90.47
TX_00008387,2025-01-25 23:01:00,Startup,credit_card,US-East,mobile_android,success,None,48.01
TX_00008388,2025-01-25 23:04:00,SMB,crypto,US-West,mobile_android,success,None,94.91
TX_00008389,2025-01-25 23:06:00,SMB,credit_card,US-East,desktop,success,None,89.47
TX_00008390,2025-01-25 23:08:00,Enterprise,credit_card,US-West,desktop,success,None,121.97
TX_00008391,2025-01-25 23:10:00,SMB,debit,US-West,desktop,success,None,71.19
TX_00008392,2025-01-25 23:13:00,Startup,debit,EU-Central,desktop,success,None,36.86
TX_00008393,2025-01-25 23:14:00,Startup,credit_card,APAC,mobile_android,success,None,43.76
TX_00008394,2025-01-25 23:19:00,Enterprise,crypto,US-East,mobile_android,failed,Insufficient funds,0.0
TX_00008395,2025-01-25 23:27:00,SMB,credit_card,US-East,mobile_ios,success,None,71.32
TX_00008396,2025-01-25 23:29:00,SMB,credit_card,US-East,mobile_ios,success,None,71.44
TX_00008397,2025-01-25 23:29:00,Startup,credit_card,EU-Central,mobile_ios,success,None,57.06
TX_00008398,2025-01-25 23:29:00,SMB,credit_card,APAC,desktop,success,None,77.92
TX_00008399,2025-01-25 23:43:00,Startup,debit,APAC,mobile_ios,success,None,29.62
TX_00008400,2025-01-25 23:44:00,SMB,credit_card,APAC,mobile_android,success,None,49.66
TX_00008401,2025-01-25 23:53:00,SMB,credit_card,EU-Central,mobile_android,success,None,88.48
TX_00008402,2025-01-25 23:55:00,Startup,credit_card,APAC,desktop,success,None,46.94
TX_00008403,2025-01-25 23:56:00,SMB,credit_card,US-East,desktop,success,None,66.04
TX_00008404,2025-01-26 00:09:00,Enterprise,crypto,APAC,desktop,success,None,148.54
TX_00008405,2025-01-26 00:11:00,SMB,debit,EU-Central,mobile_ios,success,None,98.86
TX_00008406,2025-01-26 00:15:00,Enterprise,credit_card,US-East,mobile_ios,success,None,154.09
TX_00008407,2025-01-26 00:18:00,Startup,credit_card,US-East,desktop,success,None,41.63
TX_00008408,2025-01-26 00:20:00,SMB,crypto,US-East,mobile_ios,success,None,71.16
TX_00008409,2025-01-26 00:21:00,SMB,credit_card,EU-Central,desktop,success,None,87.4
TX_00008410,2025-01-26 00:21:00,SMB,credit_card,US-West,desktop,success,None,88.53
TX_00008411,2025-01-26 00:27:00,Enterprise,credit_card,US-East,mobile_android,success,None,134.14
TX_00008412,2025-01-26 00:34:00,Startup,credit_card,EU-Central,desktop,success,None,36.61
TX_00008413,2025-01-26 00:35:00,Startup,debit,US-East,desktop,success,None,47.2
TX_00008414,2025-01-26 00:41:00,Startup,credit_card,EU-Central,desktop,success,None,41.31
TX_00008415,2025-01-26 00:46:00,SMB,crypto,EU-Central,desktop,failed,Invalid PIN,0.0
TX_00008416,2025-01-26 00:59:00,SMB,credit_card,APAC,mobile_ios,success,None,82.59
TX_00008417,2025-01-26 01:00:00,Enterprise,credit_card,US-East,mobile_ios,success,None,146.4
TX_00008418,2025-01-26 01:02:00,Startup,crypto,APAC,desktop,success,None,40.72
TX_00008419,2025-01-26 01:08:00,SMB,debit,US-East,desktop,success,None,83.33
TX_00008420,2025-01-26 01:09:00,SMB,debit,US-West,desktop,success,None,54.95
TX_00008421,2025-01-26 01:11:00,Startup,credit_card,US-West,desktop,success,None,35.85
TX_00008422,2025-01-26 01:14:00,SMB,debit,US-West,mobile_ios,failed,Card expired,0.0
TX_00008423,2025-01-26 01:17:00,Enterprise,credit_card,APAC,desktop,success,None,171.16
TX_00008424,2025-01-26 01:21:00,Enterprise,credit_card,US-West,desktop,success,None,144.24
TX_00008425,2025-01-26 01:50:00,SMB,debit,APAC,desktop,success,None,86.89
TX_00008426,2025-01-26 01:53:00,Enterprise,debit,US-East,desktop,success,None,169.52
TX_00008427,2025-01-26 01:56:00,SMB,debit,US-East,desktop,success,None,84.44
TX_00008428,2025-01-26 02:04:00,SMB,debit,US-West,mobile_ios,success,None,84.74
TX_00008429,2025-01-26 02:09:00,SMB,credit_card,US-East,desktop,success,None,103.52
TX_00008430,2025-01-26 02:12:00,Startup,credit_card,APAC,desktop,success,None,36.96
TX_00008431,2025-01-26 02:13:00,SMB,debit,EU-Central,mobile_ios,success,None,71.15
TX_00008432,2025-01-26 02:22:00,Startup,credit_card,US-West,mobile_ios,success,None,38.85
TX_00008433,2025-01-26 02:22:00,SMB,credit_card,EU-Central,desktop,success,None,70.77
TX_00008434,2025-01-26 02:25:00,SMB,credit_card,US-West,desktop,success,None,83.63
TX_00008435,2025-01-26 02:39:00,Startup,credit_card,US-East,mobile_ios,success,None,43.99
TX_00008436,2025-01-26 02:39:00,Enterprise,crypto,US-West,mobile_ios,success,None,156.82
TX_00008437,2025-01-26 02:40:00,SMB,credit_card,US-West,desktop,success,None,104.1
TX_00008438,2025-01-26 02:49:00,Startup,credit_card,APAC,desktop,success,None,34.68
TX_00008439,2025-01-26 02:54:00,SMB,debit,US-East,desktop,success,None,117.59
TX_00008440,2025-01-26 02:55:00,SMB,credit_card,US-West,mobile_ios,success,None,84.38
TX_00008441,2025-01-26 02:56:00,SMB,crypto,US-East,mobile_ios,success,None,58.53
TX_00008442,2025-01-26 03:02:00,Startup,credit_card,US-East,desktop,success,None,32.01
TX_00008443,2025-01-26 03:05:00,Startup,debit,US-West,desktop,success,None,46.6
TX_00008444,2025-01-26 03:07:00,Enterprise,credit_card,US-East,mobile_android,success,None,180.39
TX_00008445,2025-01-26 03:08:00,Enterprise,credit_card,EU-Central,desktop,success,None,157.72
TX_00008446,2025-01-26 03:11:00,SMB,credit_card,US-West,desktop,success,None,65.0
TX_00008447,2025-01-26 03:19:00,SMB,credit_card,US-East,mobile_ios,success,None,64.51
TX_00008448,2025-01-26 03:23:00,SMB,debit,US-West,desktop,success,None,86.78
TX_00008449,2025-01-26 03:28:00,SMB,credit_card,US-East,mobile_ios,success,None,69.09
TX_00008450,2025-01-26 03:32:00,SMB,debit,EU-Central,mobile_ios,success,None,59.12
TX_00008451,2025-01-26 03:38:00,Enterprise,credit_card,US-East,mobile_android,success,None,164.6
TX_00008452,2025-01-26 03:40:00,Startup,debit,US-East,mobile_ios,success,None,35.58
TX_00008453,2025-01-26 03:41:00,Enterprise,debit,US-West,desktop,success,None,150.2
TX_00008454,2025-01-26 03:44:00,SMB,credit_card,APAC,mobile_ios,success,None,72.31
TX_00008455,2025-01-26 04:04:00,SMB,credit_card,EU-Central,mobile_android,success,None,103.83
TX_00008456,2025-01-26 04:18:00,Startup,debit,US-East,desktop,success,None,29.92
TX_00008457,2025-01-26 04:18:00,Startup,credit_card,US-East,desktop,success,None,29.47
TX_00008458,2025-01-26 04:28:00,Startup,credit_card,US-West,mobile_android,success,None,50.06
TX_00008459,2025-01-26 04:44:00,Enterprise,debit,EU-Central,desktop,success,None,94.47
TX_00008460,2025-01-26 04:49:00,Startup,crypto,US-East,desktop,success,None,60.51
TX_00008461,2025-01-26 04:51:00,SMB,debit,US-West,desktop,success,None,86.3
TX_00008462,2025-01-26 04:58:00,SMB,credit_card,US-East,desktop,success,None,93.38
TX_00008463,2025-01-26 05:02:00,SMB,credit_card,US-East,mobile_ios,success,None,81.4
TX_00008464,2025-01-26 05:03:00,Startup,crypto,US-West,desktop,success,None,29.23
TX_00008465,2025-01-26 05:04:00,Startup,credit_card,US-East,desktop,success,None,45.25
TX_00008466,2025-01-26 05:07:00,Startup,credit_card,US-East,mobile_ios,success,None,53.2
TX_00008467,2025-01-26 05:20:00,Startup,crypto,US-East,mobile_ios,success,None,31.22
TX_00008468,2025-01-26 05:21:00,SMB,credit_card,US-West,mobile_android,success,None,78.13
TX_00008469,2025-01-26 05:22:00,SMB,credit_card,US-East,desktop,success,None,69.01
TX_00008470,2025-01-26 05:23:00,Enterprise,debit,US-West,desktop,success,None,166.19
TX_00008471,2025-01-26 05:32:00,Startup,credit_card,APAC,mobile_ios,success,None,44.79
TX_00008472,2025-01-26 05:36:00,SMB,credit_card,US-East,desktop,success,None,108.04
TX_00008473,2025-01-26 05:43:00,Startup,credit_card,US-West,desktop,success,None,33.57
TX_00008474,2025-01-26 05:58:00,SMB,credit_card,EU-Central,mobile_ios,success,None,91.92
TX_00008475,2025-01-26 06:08:00,SMB,crypto,US-East,desktop,success,None,86.02
TX_00008476,2025-01-26 06:10:00,Enterprise,credit_card,US-East,mobile_ios,success,None,171.27
TX_00008477,2025-01-26 06:18:00,SMB,credit_card,US-East,mobile_ios,success,None,70.32
TX_00008478,2025-01-26 06:18:00,Startup,credit_card,US-West,desktop,success,None,23.28
TX_00008479,2025-01-26 06:22:00,Enterprise,debit,US-West,desktop,success,None,147.39
TX_00008480,2025-01-26 06:26:00,SMB,debit,US-East,desktop,success,None,80.16
TX_00008481,2025-01-26 06:29:00,Enterprise,credit_card,EU-Central,desktop,success,None,194.54
TX_00008482,2025-01-26 06:30:00,SMB,credit_card,EU-Central,mobile_android,success,None,68.94
TX_00008483,2025-01-26 06:35:00,SMB,debit,US-East,mobile_ios,success,None,88.88
TX_00008484,2025-01-26 06:37:00,SMB,credit_card,EU-Central,desktop,success,None,59.72
TX_00008485,2025-01-26 06:44:00,Startup,credit_card,US-East,desktop,success,None,30.21
TX_00008486,2025-01-26 06:45:00,SMB,credit_card,US-West,desktop,failed,Invalid PIN,0.0
TX_00008487,2025-01-26 06:48:00,SMB,credit_card,US-East,mobile_android,success,None,83.25
TX_00008488,2025-01-26 06:52:00,SMB,crypto,US-West,mobile_android,success,None,69.42
TX_00008489,2025-01-26 06:52:00,Enterprise,debit,US-East,desktop,success,None,190.43
TX_00008490,2025-01-26 06:53:00,SMB,debit,US-West,mobile_android,success,None,83.18
TX_00008491,2025-01-26 07:12:00,SMB,debit,US-East,desktop,success,None,83.55
TX_00008492,2025-01-26 07:15:00,SMB,debit,EU-Central,desktop,failed,Card expired,0.0
TX_00008493,2025-01-26 07:19:00,Startup,crypto,US-East,desktop,success,None,35.33
TX_00008494,2025-01-26 07:24:00,SMB,credit_card,US-East,mobile_ios,success,None,93.19
TX_00008495,2025-01-26 07:24:00,Startup,credit_card,US-East,desktop,success,None,33.83
TX_00008496,2025-01-26 07:25:00,Startup,debit,US-East,mobile_android,success,None,49.65
TX_00008497,2025-01-26 07:31:00,Enterprise,credit_card,EU-Central,desktop,success,None,118.71
TX_00008498,2025-01-26 07:35:00,SMB,credit_card,APAC,mobile_ios,success,None,72.16
TX_00008499,2025-01-26 07:35:00,SMB,credit_card,EU-Central,desktop,success,None,74.15
TX_00008500,2025-01-26 07:48:00,SMB,credit_card,EU-Central,desktop,success,None,66.68
TX_00008501,2025-01-26 07:49:00,Startup,credit_card,US-East,desktop,success,None,26.26
TX_00008502,2025-01-26 08:03:00,Startup,credit_card,US-East,mobile_android,success,None,52.39
TX_00008503,2025-01-26 08:04:00,SMB,credit_card,US-West,mobile_ios,success,None,88.22
TX_00008504,2025-01-26 08:06:00,SMB,debit,APAC,desktop,success,None,78.26
TX_00008505,2025-01-26 08:07:00,Enterprise,debit,US-West,desktop,success,None,132.65
TX_00008506,2025-01-26 08:07:00,SMB,debit,US-East,mobile_ios,success,None,59.85
TX_00008507,2025-01-26 08:07:00,Startup,debit,US-East,desktop,success,None,33.73
TX_00008508,2025-01-26 08:10:00,SMB,credit_card,US-East,mobile_android,success,None,93.55
TX_00008509,2025-01-26 08:15:00,SMB,credit_card,US-East,mobile_android,success,None,102.23
TX_00008510,2025-01-26 08:15:00,Startup,credit_card,EU-Central,mobile_ios,success,None,52.84
TX_00008511,2025-01-26 08:29:00,SMB,crypto,US-East,mobile_ios,success,None,70.51
TX_00008512,2025-01-26 08:46:00,SMB,credit_card,EU-Central,mobile_ios,success,None,62.65
TX_00008513,2025-01-26 08:56:00,SMB,debit,APAC,desktop,success,None,75.32
TX_00008514,2025-01-26 08:56:00,SMB,credit_card,EU-Central,desktop,success,None,80.5
TX_00008515,2025-01-26 08:58:00,Startup,crypto,APAC,desktop,success,None,41.93
TX_00008516,2025-01-26 09:05:00,Startup,credit_card,US-East,mobile_android,success,None,36.39
TX_00008517,2025-01-26 09:07:00,Enterprise,debit,APAC,mobile_ios,success,None,128.63
TX_00008518,2025-01-26 09:18:00,Startup,credit_card,US-East,desktop,success,None,52.16
TX_00008519,2025-01-26 09:21:00,SMB,credit_card,EU-Central,mobile_ios,success,None,86.54
TX_00008520,2025-01-26 09:21:00,Startup,credit_card,US-East,desktop,success,None,38.41
TX_00008521,2025-01-26 09:35:00,Startup,crypto,US-West,mobile_android,success,None,34.38
TX_00008522,2025-01-26 09:36:00,SMB,credit_card,US-East,desktop,success,None,69.29
TX_00008523,2025-01-26 09:44:00,Startup,crypto,US-East,mobile_ios,success,None,56.12
TX_00008524,2025-01-26 09:46:00,SMB,debit,APAC,desktop,success,None,49.47
TX_00008525,2025-01-26 09:51:00,SMB,debit,EU-Central,mobile_ios,success,None,78.75
TX_00008526,2025-01-26 09:53:00,Startup,credit_card,US-West,desktop,success,None,53.09
TX_00008527,2025-01-26 09:58:00,Startup,credit_card,US-West,desktop,success,None,42.11
TX_00008528,2025-01-26 10:07:00,Startup,credit_card,EU-Central,mobile_ios,success,None,49.1
TX_00008529,2025-01-26 10:09:00,Startup,crypto,US-East,mobile_ios,success,None,48.1
TX_00008530,2025-01-26 10:13:00,SMB,crypto,EU-Central,mobile_android,success,None,94.83
TX_00008531,2025-01-26 10:17:00,SMB,debit,US-West,mobile_ios,success,None,120.89
TX_00008532,2025-01-26 10:18:00,Startup,credit_card,US-West,mobile_ios,success,None,48.39
TX_00008533,2025-01-26 10:30:00,SMB,credit_card,APAC,mobile_android,success,None,56.92
TX_00008534,2025-01-26 10:31:00,Startup,crypto,US-West,mobile_android,success,None,58.93
TX_00008535,2025-01-26 10:32:00,SMB,credit_card,US-West,mobile_ios,success,None,89.76
TX_00008536,2025-01-26 10:34:00,Startup,debit,APAC,mobile_ios,success,None,48.46
TX_00008537,2025-01-26 10:35:00,SMB,credit_card,APAC,mobile_android,success,None,63.25
TX_00008538,2025-01-26 10:36:00,Startup,credit_card,APAC,mobile_ios,success,None,38.77
TX_00008539,2025-01-26 10:39:00,SMB,debit,US-West,mobile_ios,success,None,101.62
TX_00008540,2025-01-26 10:43:00,Startup,credit_card,US-East,desktop,success,None,40.63
TX_00008541,2025-01-26 11:01:00,Enterprise,credit_card,US-East,mobile_ios,success,None,152.62
TX_00008542,2025-01-26 11:04:00,SMB,crypto,US-East,desktop,success,None,98.76
TX_00008543,2025-01-26 11:08:00,Startup,debit,EU-Central,desktop,success,None,25.47
TX_00008544,2025-01-26 11:14:00,Startup,debit,US-East,mobile_android,failed,Insufficient funds,0.0
TX_00008545,2025-01-26 11:14:00,Startup,debit,US-West,mobile_ios,success,None,24.92
TX_00008546,2025-01-26 11:19:00,Enterprise,credit_card,APAC,desktop,success,None,161.8
TX_00008547,2025-01-26 11:23:00,Enterprise,credit_card,APAC,desktop,success,None,175.34
TX_00008548,2025-01-26 11:26:00,SMB,credit_card,US-East,desktop,success,None,104.27
TX_00008549,2025-01-26 11:41:00,Enterprise,credit_card,US-East,desktop,success,None,136.83
TX_00008550,2025-01-26 11:43:00,Startup,credit_card,EU-Central,desktop,success,None,45.9
TX_00008551,2025-01-26 11:44:00,SMB,debit,US-West,desktop,success,None,70.69
TX_00008552,2025-01-26 11:53:00,SMB,credit_card,EU-Central,desktop,success,None,102.0
TX_00008553,2025-01-26 12:07:00,Enterprise,debit,EU-Central,mobile_android,success,None,139.3
TX_00008554,2025-01-26 12:07:00,SMB,credit_card,US-West,desktop,success,None,93.59
TX_00008555,2025-01-26 12:10:00,SMB,credit_card,US-East,desktop,success,None,87.33
TX_00008556,2025-01-26 12:15:00,Enterprise,credit_card,US-West,mobile_android,success,None,183.6
TX_00008557,2025-01-26 12:16:00,SMB,debit,US-West,mobile_ios,success,None,82.17
TX_00008558,2025-01-26 12:17:00,SMB,credit_card,US-East,desktop,success,None,93.39
TX_00008559,2025-01-26 12:18:00,Startup,credit_card,EU-Central,desktop,success,None,32.96
TX_00008560,2025-01-26 12:31:00,SMB,debit,APAC,mobile_ios,success,None,81.84
TX_00008561,2025-01-26 12:46:00,SMB,credit_card,US-East,desktop,success,None,64.51
TX_00008562,2025-01-26 12:46:00,Startup,credit_card,APAC,mobile_ios,success,None,35.77
TX_00008563,2025-01-26 12:48:00,Startup,crypto,US-West,desktop,success,None,66.49
TX_00008564,2025-01-26 12:50:00,Startup,credit_card,EU-Central,mobile_android,success,None,37.28
TX_00008565,2025-01-26 12:57:00,Startup,credit_card,US-East,mobile_ios,success,None,27.23
TX_00008566,2025-01-26 13:04:00,SMB,debit,US-East,desktop,success,None,47.15
TX_00008567,2025-01-26 13:08:00,Startup,credit_card,US-East,desktop,success,None,29.79
TX_00008568,2025-01-26 13:10:00,Enterprise,credit_card,US-East,mobile_ios,success,None,141.76
TX_00008569,2025-01-26 13:21:00,SMB,credit_card,US-East,desktop,success,None,110.72
TX_00008570,2025-01-26 13:41:00,Startup,credit_card,EU-Central,desktop,success,None,31.16
TX_00008571,2025-01-26 13:44:00,SMB,credit_card,US-West,desktop,success,None,91.04
TX_00008572,2025-01-26 13:48:00,Startup,credit_card,APAC,mobile_ios,success,None,40.32
TX_00008573,2025-01-26 13:53:00,Startup,credit_card,US-West,mobile_ios,success,None,29.01
TX_00008574,2025-01-26 13:59:00,SMB,credit_card,US-East,desktop,success,None,84.59
TX_00008575,2025-01-26 14:10:00,Startup,debit,US-West,mobile_ios,success,None,42.03
TX_00008576,2025-01-26 14:14:00,SMB,debit,APAC,mobile_ios,success,None,65.11
TX_00008577,2025-01-26 14:14:00,SMB,debit,US-West,mobile_android,success,None,89.96
TX_00008578,2025-01-26 14:23:00,Startup,credit_card,US-East,mobile_android,success,None,31.56
TX_00008579,2025-01-26 14:35:00,SMB,credit_card,APAC,mobile_android,success,None,94.57
TX_00008580,2025-01-26 14:36:00,Startup,credit_card,US-East,mobile_android,success,None,32.97
TX_00008581,2025-01-26 14:37:00,SMB,debit,US-West,desktop,success,None,88.32
TX_00008582,2025-01-26 14:37:00,SMB,credit_card,US-West,desktop,success,None,89.14
TX_00008583,2025-01-26 14:45:00,Startup,credit_card,US-East,desktop,success,None,29.9
TX_00008584,2025-01-26 15:01:00,SMB,credit_card,US-East,mobile_ios,success,None,82.86
TX_00008585,2025-01-26 15:01:00,SMB,credit_card,APAC,desktop,success,None,65.62
TX_00008586,2025-01-26 15:02:00,Enterprise,credit_card,APAC,mobile_ios,success,None,129.56
TX_00008587,2025-01-26 15:12:00,Startup,credit_card,US-West,desktop,success,None,49.0
TX_00008588,2025-01-26 15:14:00,Enterprise,credit_card,US-East,desktop,success,None,141.97
TX_00008589,2025-01-26 15:19:00,Startup,debit,US-East,desktop,success,None,37.79
TX_00008590,2025-01-26 15:19:00,SMB,credit_card,US-East,mobile_android,success,None,73.06
TX_00008591,2025-01-26 15:29:00,Startup,debit,US-West,desktop,success,None,31.06
TX_00008592,2025-01-26 15:31:00,Startup,credit_card,US-East,mobile_android,success,None,32.55
TX_00008593,2025-01-26 15:32:00,SMB,credit_card,US-East,desktop,success,None,99.25
TX_00008594,2025-01-26 15:32:00,SMB,credit_card,US-West,mobile_ios,success,None,75.36
TX_00008595,2025-01-26 15:35:00,Startup,credit_card,EU-Central,desktop,success,None,29.75
TX_00008596,2025-01-26 15:39:00,Startup,credit_card,EU-Central,desktop,success,None,38.81
TX_00008597,2025-01-26 15:40:00,SMB,credit_card,US-West,mobile_android,success,None,85.76
TX_00008598,2025-01-26 15:42:00,Startup,credit_card,EU-Central,desktop,success,None,39.63
TX_00008599,2025-01-26 15:45:00,Startup,credit_card,US-East,desktop,success,None,39.78
TX_00008600,2025-01-26 15:48:00,Startup,credit_card,US-West,mobile_ios,success,None,39.18
TX_00008601,2025-01-26 15:51:00,Startup,credit_card,EU-Central,mobile_ios,success,None,25.1
TX_00008602,2025-01-26 15:53:00,SMB,credit_card,EU-Central,mobile_android,success,None,58.62
TX_00008603,2025-01-26 16:03:00,Startup,credit_card,US-West,mobile_ios,success,None,34.16
TX_00008604,2025-01-26 16:03:00,SMB,crypto,US-West,mobile_ios,success,None,69.76
TX_00008605,2025-01-26 16:04:00,Enterprise,credit_card,APAC,desktop,success,None,161.2
TX_00008606,2025-01-26 16:06:00,SMB,credit_card,US-West,mobile_ios,success,None,72.09
TX_00008607,2025-01-26 16:15:00,Enterprise,debit,US-West,mobile_ios,success,None,179.72
TX_00008608,2025-01-26 16:16:00,Enterprise,debit,EU-Central,desktop,success,None,160.75
TX_00008609,2025-01-26 16:16:00,SMB,crypto,US-East,mobile_ios,success,None,107.39
TX_00008610,2025-01-26 16:20:00,Enterprise,debit,US-West,desktop,success,None,130.03
TX_00008611,2025-01-26 16:21:00,Startup,debit,APAC,desktop,success,None,43.52
TX_00008612,2025-01-26 16:22:00,Enterprise,crypto,US-East,desktop,success,None,133.57
TX_00008613,2025-01-26 16:33:00,SMB,credit_card,US-East,desktop,success,None,72.0
TX_00008614,2025-01-26 16:44:00,Enterprise,debit,US-West,mobile_ios,success,None,140.44
TX_00008615,2025-01-26 16:48:00,Enterprise,debit,US-East,desktop,success,None,126.62
TX_00008616,2025-01-26 16:51:00,SMB,debit,US-West,desktop,success,None,62.15
TX_00008617,2025-01-26 16:51:00,SMB,crypto,US-East,desktop,success,None,50.92
TX_00008618,2025-01-26 16:51:00,Startup,credit_card,US-West,desktop,success,None,35.76
TX_00008619,2025-01-26 16:56:00,Startup,credit_card,US-West,desktop,success,None,14.37
TX_00008620,2025-01-26 16:59:00,Startup,crypto,US-West,mobile_ios,success,None,32.72
TX_00008621,2025-01-26 17:12:00,SMB,credit_card,US-East,desktop,success,None,114.6
TX_00008622,2025-01-26 17:14:00,SMB,debit,US-East,desktop,success,None,68.16
TX_00008623,2025-01-26 17:18:00,Enterprise,credit_card,US-East,mobile_ios,success,None,168.55
TX_00008624,2025-01-26 17:20:00,Startup,debit,US-West,mobile_ios,success,None,42.06
TX_00008625,2025-01-26 17:24:00,Enterprise,crypto,US-East,desktop,success,None,151.14
TX_00008626,2025-01-26 17:25:00,SMB,credit_card,EU-Central,mobile_android,success,None,76.0
TX_00008627,2025-01-26 17:31:00,SMB,credit_card,EU-Central,mobile_android,success,None,70.28
TX_00008628,2025-01-26 17:32:00,SMB,credit_card,US-East,desktop,success,None,59.34
TX_00008629,2025-01-26 17:35:00,Startup,debit,US-East,mobile_ios,success,None,28.46
TX_00008630,2025-01-26 17:35:00,Startup,debit,US-East,desktop,success,None,41.22
TX_00008631,2025-01-26 17:45:00,Startup,credit_card,US-West,desktop,success,None,42.53
TX_00008632,2025-01-26 17:46:00,SMB,credit_card,US-East,desktop,success,None,71.71
TX_00008633,2025-01-26 17:47:00,Startup,debit,US-East,mobile_android,success,None,39.71
TX_00008634,2025-01-26 18:00:00,Startup,debit,US-East,mobile_ios,success,None,59.57
TX_00008635,2025-01-26 18:05:00,Startup,credit_card,APAC,desktop,success,None,62.65
TX_00008636,2025-01-26 18:09:00,SMB,credit_card,US-West,desktop,success,None,81.69
TX_00008637,2025-01-26 18:14:00,SMB,debit,EU-Central,desktop,success,None,94.6
TX_00008638,2025-01-26 18:18:00,Startup,credit_card,US-East,desktop,success,None,44.79
TX_00008639,2025-01-26 18:19:00,SMB,crypto,US-East,mobile_android,success,None,44.06
TX_00008640,2025-01-26 18:22:00,Startup,credit_card,US-East,mobile_ios,success,None,54.51
TX_00008641,2025-01-26 18:34:00,Startup,debit,APAC,desktop,success,None,42.87
TX_00008642,2025-01-26 18:42:00,SMB,credit_card,US-East,desktop,success,None,88.76
TX_00008643,2025-01-26 18:45:00,SMB,crypto,US-West,mobile_android,success,None,46.76
TX_00008644,2025-01-26 18:49:00,SMB,credit_card,US-East,mobile_ios,success,None,72.14
TX_00008645,2025-01-26 18:51:00,Startup,credit_card,EU-Central,desktop,success,None,60.07
TX_00008646,2025-01-26 18:54:00,Startup,credit_card,US-East,desktop,success,None,32.82
TX_00008647,2025-01-26 19:06:00,Enterprise,debit,US-West,desktop,success,None,126.75
TX_00008648,2025-01-26 19:06:00,SMB,credit_card,APAC,mobile_android,success,None,110.12
TX_00008649,2025-01-26 19:08:00,Enterprise,credit_card,US-West,desktop,success,None,186.13
TX_00008650,2025-01-26 19:17:00,Startup,credit_card,US-West,desktop,success,None,54.53
TX_00008651,2025-01-26 19:18:00,SMB,credit_card,US-West,desktop,success,None,73.45
TX_00008652,2025-01-26 19:24:00,SMB,credit_card,EU-Central,desktop,success,None,87.8
TX_00008653,2025-01-26 19:27:00,Startup,credit_card,US-East,mobile_ios,success,None,34.75
TX_00008654,2025-01-26 19:34:00,Enterprise,debit,US-East,desktop,success,None,142.21
TX_00008655,2025-01-26 19:54:00,SMB,debit,EU-Central,desktop,success,None,84.52
TX_00008656,2025-01-26 19:56:00,SMB,debit,US-West,desktop,success,None,72.09
TX_00008657,2025-01-26 19:58:00,SMB,crypto,APAC,desktop,success,None,102.53
TX_00008658,2025-01-26 20:01:00,SMB,credit_card,US-West,desktop,success,None,79.36
TX_00008659,2025-01-26 20:03:00,Startup,debit,US-West,mobile_android,success,None,47.0
TX_00008660,2025-01-26 20:07:00,Startup,credit_card,US-East,desktop,success,None,38.82
TX_00008661,2025-01-26 20:08:00,Startup,credit_card,EU-Central,desktop,success,None,43.01
TX_00008662,2025-01-26 20:11:00,Startup,credit_card,US-West,mobile_ios,success,None,43.93
TX_00008663,2025-01-26 20:12:00,SMB,credit_card,US-West,mobile_android,success,None,81.32
TX_00008664,2025-01-26 20:19:00,SMB,credit_card,US-East,desktop,success,None,67.3
TX_00008665,2025-01-26 20:20:00,SMB,credit_card,APAC,desktop,success,None,82.39
TX_00008666,2025-01-26 20:26:00,Startup,debit,US-East,mobile_ios,success,None,25.75
TX_00008667,2025-01-26 20:28:00,Startup,credit_card,US-East,desktop,success,None,29.96
TX_00008668,2025-01-26 20:33:00,SMB,credit_card,APAC,mobile_android,success,None,82.51
TX_00008669,2025-01-26 20:44:00,SMB,credit_card,EU-Central,mobile_android,success,None,66.07
TX_00008670,2025-01-26 20:45:00,SMB,credit_card,US-West,mobile_ios,success,None,66.53
TX_00008671,2025-01-26 20:53:00,SMB,credit_card,APAC,desktop,success,None,51.85
TX_00008672,2025-01-26 20:59:00,Startup,credit_card,US-East,desktop,success,None,28.42
TX_00008673,2025-01-26 20:59:00,SMB,credit_card,US-East,mobile_android,success,None,86.65
TX_00008674,2025-01-26 20:59:00,Startup,debit,US-West,mobile_ios,success,None,41.24
TX_00008675,2025-01-26 21:00:00,SMB,debit,US-East,desktop,success,None,80.86
TX_00008676,2025-01-26 21:01:00,Startup,credit_card,APAC,desktop,success,None,57.69
TX_00008677,2025-01-26 21:05:00,Startup,credit_card,EU-Central,mobile_ios,success,None,46.38
TX_00008678,2025-01-26 21:05:00,Startup,debit,US-East,mobile_android,success,None,40.12
TX_00008679,2025-01-26 21:06:00,Enterprise,credit_card,EU-Central,mobile_ios,success,None,187.44
TX_00008680,2025-01-26 21:08:00,SMB,credit_card,US-East,desktop,success,None,101.91
TX_00008681,2025-01-26 21:15:00,SMB,credit_card,US-West,desktop,success,None,93.04
TX_00008682,2025-01-26 21:15:00,SMB,debit,APAC,desktop,success,None,62.8
TX_00008683,2025-01-26 21:16:00,Startup,credit_card,EU-Central,mobile_android,success,None,39.4
TX_00008684,2025-01-26 21:25:00,Startup,debit,US-East,desktop,success,None,53.05
TX_00008685,2025-01-26 21:29:00,Enterprise,credit_card,US-East,mobile_ios,success,None,166.41
TX_00008686,2025-01-26 21:31:00,SMB,credit_card,US-East,desktop,success,None,57.71
TX_00008687,2025-01-26 21:32:00,SMB,credit_card,US-West,desktop,success,None,66.16
TX_00008688,2025-01-26 21:32:00,Startup,debit,US-West,mobile_ios,success,None,28.46
TX_00008689,2025-01-26 21:32:00,Startup,debit,US-East,mobile_android,success,None,34.21
TX_00008690,2025-01-26 21:37:00,SMB,credit_card,US-West,desktop,success,None,57.93
TX_00008691,2025-01-26 21:38:00,Enterprise,credit_card,EU-Central,desktop,success,None,156.16
TX_00008692,2025-01-26 21:45:00,Startup,credit_card,US-West,mobile_ios,success,None,26.55
TX_00008693,2025-01-26 21:46:00,Startup,credit_card,US-East,mobile_ios,success,None,28.5
TX_00008694,2025-01-26 21:46:00,SMB,credit_card,APAC,mobile_ios,success,None,71.3
TX_00008695,2025-01-26 21:50:00,Startup,credit_card,US-East,desktop,success,None,33.34
TX_00008696,2025-01-26 21:51:00,Startup,crypto,EU-Central,mobile_ios,success,None,26.92
TX_00008697,2025-01-26 22:07:00,SMB,credit_card,US-East,mobile_android,success,None,92.49
TX_00008698,2025-01-26 22:13:00,SMB,credit_card,US-West,mobile_android,success,None,99.95
TX_00008699,2025-01-26 22:14:00,SMB,credit_card,US-West,mobile_ios,success,None,85.42
TX_00008700,2025-01-26 22:15:00,SMB,credit_card,US-West,mobile_android,success,None,95.84
TX_00008701,2025-01-26 22:21:00,SMB,credit_card,US-West,desktop,success,None,81.65
TX_00008702,2025-01-26 22:24:00,SMB,debit,US-East,desktop,success,None,95.2
TX_00008703,2025-01-26 22:26:00,Enterprise,credit_card,US-West,mobile_ios,success,None,128.41
TX_00008704,2025-01-26 22:36:00,SMB,crypto,US-West,desktop,success,None,52.58
TX_00008705,2025-01-26 22:41:00,SMB,credit_card,US-East,mobile_android,success,None,90.61
TX_00008706,2025-01-26 22:51:00,SMB,credit_card,APAC,desktop,success,None,79.2
TX_00008707,2025-01-26 22:55:00,Startup,credit_card,EU-Central,desktop,success,None,53.44
TX_00008708,2025-01-26 23:00:00,Startup,debit,EU-Central,desktop,success,None,35.91
TX_00008709,2025-01-26 23:00:00,SMB,credit_card,US-West,desktop,success,None,77.81
TX_00008710,2025-01-26 23:01:00,SMB,credit_card,US-East,mobile_ios,success,None,88.0
TX_00008711,2025-01-26 23:03:00,Startup,credit_card,US-West,desktop,success,None,40.4
TX_00008712,2025-01-26 23:03:00,SMB,crypto,EU-Central,desktop,success,None,69.97
TX_00008713,2025-01-26 23:04:00,Startup,credit_card,US-East,mobile_android,success,None,53.55
TX_00008714,2025-01-26 23:07:00,SMB,credit_card,US-West,desktop,success,None,93.82
TX_00008715,2025-01-26 23:08:00,Startup,credit_card,US-East,mobile_android,success,None,57.62
TX_00008716,2025-01-26 23:12:00,Enterprise,credit_card,US-East,desktop,success,None,98.65
TX_00008717,2025-01-26 23:14:00,Startup,credit_card,US-East,desktop,success,None,34.74
TX_00008718,2025-01-26 23:16:00,Startup,credit_card,APAC,desktop,success,None,15.42
TX_00008719,2025-01-26 23:25:00,Startup,debit,EU-Central,mobile_ios,success,None,42.54
TX_00008720,2025-01-26 23:28:00,Startup,credit_card,US-East,mobile_ios,success,None,43.37
TX_00008721,2025-01-26 23:30:00,SMB,debit,US-West,mobile_android,success,None,79.26
TX_00008722,2025-01-26 23:32:00,SMB,debit,US-East,desktop,success,None,94.47
TX_00008723,2025-01-26 23:32:00,SMB,credit_card,US-West,mobile_ios,success,None,73.89
TX_00008724,2025-01-26 23:35:00,SMB,credit_card,EU-Central,desktop,success,None,103.23
TX_00008725,2025-01-26 23:38:00,SMB,debit,US-West,mobile_android,success,None,85.38
TX_00008726,2025-01-26 23:39:00,Startup,debit,EU-Central,mobile_android,success,None,32.46
TX_00008727,2025-01-26 23:40:00,Startup,debit,US-West,desktop,success,None,35.88
TX_00008728,2025-01-26 23:42:00,SMB,debit,US-West,desktop,success,None,94.87
TX_00008729,2025-01-26 23:45:00,SMB,credit_card,US-West,desktop,success,None,65.39
TX_00008730,2025-01-26 23:50:00,Enterprise,debit,EU-Central,mobile_ios,success,None,126.23
TX_00008731,2025-01-26 23:57:00,Startup,credit_card,US-West,mobile_android,success,None,43.61
TX_00008732,2025-01-26 23:58:00,SMB,credit_card,APAC,mobile_android,success,None,59.17
TX_00008733,2025-01-27 00:01:00,Startup,credit_card,EU-Central,mobile_ios,success,None,32.97
TX_00008734,2025-01-27 00:03:00,Startup,debit,EU-Central,mobile_ios,success,None,46.22
TX_00008735,2025-01-27 00:18:00,Startup,credit_card,EU-Central,desktop,success,None,23.0
TX_00008736,2025-01-27 00:25:00,SMB,debit,US-East,mobile_ios,success,None,77.82
TX_00008737,2025-01-27 00:26:00,Enterprise,debit,US-West,desktop,success,None,143.74
TX_00008738,2025-01-27 00:37:00,Startup,debit,US-West,mobile_ios,failed,Insufficient funds,0.0
TX_00008739,2025-01-27 00:40:00,Startup,debit,US-West,desktop,success,None,37.74
TX_00008740,2025-01-27 00:41:00,Startup,credit_card,EU-Central,desktop,success,None,35.0
TX_00008741,2025-01-27 00:47:00,SMB,debit,US-East,mobile_ios,success,None,93.37
TX_00008742,2025-01-27 00:53:00,Startup,debit,US-East,mobile_android,success,None,51.68
TX_00008743,2025-01-27 00:54:00,Enterprise,debit,EU-Central,mobile_ios,success,None,144.95
TX_00008744,2025-01-27 00:56:00,Startup,crypto,US-East,mobile_ios,success,None,43.84
TX_00008745,2025-01-27 00:57:00,Startup,credit_card,US-East,mobile_android,success,None,31.89
TX_00008746,2025-01-27 01:00:00,Startup,credit_card,US-East,desktop,success,None,51.61
TX_00008747,2025-01-27 01:04:00,Startup,credit_card,EU-Central,desktop,success,None,50.85
TX_00008748,2025-01-27 01:05:00,SMB,debit,US-West,mobile_android,success,None,90.02
TX_00008749,2025-01-27 01:21:00,Startup,credit_card,APAC,mobile_android,success,None,50.31
TX_00008750,2025-01-27 01:25:00,Startup,debit,US-East,desktop,success,None,50.76
TX_00008751,2025-01-27 01:28:00,Enterprise,credit_card,EU-Central,desktop,success,None,146.78
TX_00008752,2025-01-27 01:29:00,Startup,debit,US-East,mobile_android,success,None,23.74
TX_00008753,2025-01-27 01:31:00,SMB,debit,US-East,mobile_ios,success,None,44.5
TX_00008754,2025-01-27 01:34:00,Startup,credit_card,US-West,desktop,success,None,30.79
TX_00008755,2025-01-27 01:44:00,SMB,debit,US-East,desktop,success,None,87.16
TX_00008756,2025-01-27 01:45:00,Startup,debit,US-East,mobile_android,success,None,42.37
TX_00008757,2025-01-27 01:45:00,Enterprise,credit_card,US-East,desktop,success,None,186.95
TX_00008758,2025-01-27 01:48:00,SMB,credit_card,US-East,desktop,success,None,91.17
TX_00008759,2025-01-27 02:03:00,SMB,credit_card,EU-Central,mobile_ios,success,None,79.76
TX_00008760,2025-01-27 02:04:00,SMB,debit,US-East,desktop,success,None,95.82
TX_00008761,2025-01-27 02:07:00,Startup,credit_card,APAC,desktop,success,None,56.45
TX_00008762,2025-01-27 02:11:00,Enterprise,credit_card,EU-Central,desktop,success,None,120.2
TX_00008763,2025-01-27 02:13:00,Startup,credit_card,US-East,desktop,success,None,40.77
TX_00008764,2025-01-27 02:14:00,Startup,credit_card,US-West,mobile_android,success,None,42.03
TX_00008765,2025-01-27 02:19:00,Startup,debit,US-West,mobile_ios,success,None,42.17
TX_00008766,2025-01-27 02:23:00,Startup,debit,EU-Central,desktop,success,None,60.71
TX_00008767,2025-01-27 02:28:00,SMB,credit_card,EU-Central,desktop,success,None,106.15
TX_00008768,2025-01-27 02:38:00,SMB,debit,US-West,desktop,success,None,110.78
TX_00008769,2025-01-27 02:39:00,SMB,debit,US-East,desktop,success,None,62.87
TX_00008770,2025-01-27 02:45:00,Enterprise,credit_card,US-West,mobile_ios,success,None,143.09
TX_00008771,2025-01-27 02:46:00,Startup,credit_card,EU-Central,desktop,success,None,36.2
TX_00008772,2025-01-27 02:49:00,Enterprise,debit,EU-Central,desktop,success,None,186.82
TX_00008773,2025-01-27 02:54:00,Startup,debit,EU-Central,mobile_android,success,None,47.39
TX_00008774,2025-01-27 03:03:00,Enterprise,debit,US-West,desktop,success,None,179.82
TX_00008775,2025-01-27 03:06:00,Startup,credit_card,US-East,desktop,success,None,37.54
TX_00008776,2025-01-27 03:17:00,SMB,debit,APAC,mobile_android,success,None,70.18
TX_00008777,2025-01-27 03:21:00,Enterprise,credit_card,APAC,mobile_android,success,None,127.3
TX_00008778,2025-01-27 03:21:00,Startup,debit,US-East,mobile_android,success,None,50.99
TX_00008779,2025-01-27 03:23:00,SMB,crypto,US-East,mobile_ios,success,None,73.23
TX_00008780,2025-01-27 03:30:00,Startup,crypto,US-West,mobile_android,success,None,22.27
TX_00008781,2025-01-27 03:40:00,SMB,debit,EU-Central,mobile_android,success,None,69.81
TX_00008782,2025-01-27 03:41:00,Enterprise,credit_card,US-East,desktop,success,None,157.58
TX_00008783,2025-01-27 03:43:00,Startup,debit,US-East,mobile_ios,success,None,59.34
TX_00008784,2025-01-27 03:58:00,SMB,credit_card,US-West,desktop,success,None,87.7
TX_00008785,2025-01-27 03:59:00,Startup,debit,US-East,mobile_ios,success,None,33.5
TX_00008786,2025-01-27 03:59:00,SMB,credit_card,US-East,desktop,success,None,72.19
TX_00008787,2025-01-27 04:04:00,Startup,debit,US-West,desktop,success,None,40.02
TX_00008788,2025-01-27 04:05:00,SMB,credit_card,EU-Central,desktop,success,None,104.29
TX_00008789,2025-01-27 04:08:00,SMB,debit,US-West,desktop,success,None,95.77
TX_00008790,2025-01-27 04:21:00,SMB,credit_card,US-West,desktop,success,None,94.94
TX_00008791,2025-01-27 04:25:00,SMB,credit_card,US-West,mobile_ios,success,None,61.57
TX_00008792,2025-01-27 04:26:00,SMB,debit,US-West,desktop,success,None,57.23
TX_00008793,2025-01-27 04:27:00,Startup,debit,US-East,mobile_ios,success,None,39.85
TX_00008794,2025-01-27 04:30:00,Startup,credit_card,US-East,mobile_ios,success,None,51.35
TX_00008795,2025-01-27 04:31:00,Enterprise,credit_card,US-East,mobile_ios,success,None,183.57
TX_00008796,2025-01-27 04:31:00,SMB,credit_card,APAC,desktop,success,None,57.44
TX_00008797,2025-01-27 04:33:00,SMB,debit,EU-Central,mobile_android,success,None,53.77
TX_00008798,2025-01-27 04:46:00,Enterprise,crypto,US-West,mobile_ios,success,None,132.82
TX_00008799,2025-01-27 04:46:00,SMB,debit,APAC,mobile_android,success,None,90.15
TX_00008800,2025-01-27 04:49:00,Enterprise,credit_card,EU-Central,desktop,success,None,163.14
TX_00008801,2025-01-27 04:52:00,Startup,credit_card,APAC,desktop,success,None,31.39
TX_00008802,2025-01-27 05:04:00,Startup,crypto,US-East,desktop,success,None,33.08
TX_00008803,2025-01-27 05:15:00,Enterprise,credit_card,EU-Central,desktop,success,None,105.01
TX_00008804,2025-01-27 05:15:00,Enterprise,credit_card,US-West,desktop,success,None,139.43
TX_00008805,2025-01-27 05:26:00,Startup,credit_card,EU-Central,mobile_android,success,None,36.23
TX_00008806,2025-01-27 05:30:00,SMB,debit,US-East,mobile_ios,success,None,65.03
TX_00008807,2025-01-27 05:32:00,Startup,debit,US-West,desktop,success,None,42.22
TX_00008808,2025-01-27 05:37:00,Startup,credit_card,US-West,mobile_ios,success,None,46.2
TX_00008809,2025-01-27 05:38:00,SMB,debit,EU-Central,desktop,success,None,109.87
TX_00008810,2025-01-27 05:42:00,SMB,credit_card,EU-Central,desktop,success,None,83.21
TX_00008811,2025-01-27 05:44:00,Startup,credit_card,US-East,mobile_ios,success,None,44.52
TX_00008812,2025-01-27 05:49:00,Startup,credit_card,US-East,mobile_ios,success,None,34.38
TX_00008813,2025-01-27 05:52:00,SMB,credit_card,EU-Central,mobile_ios,success,None,70.78
TX_00008814,2025-01-27 05:57:00,Startup,credit_card,US-West,desktop,success,None,36.31
TX_00008815,2025-01-27 06:04:00,SMB,debit,US-West,desktop,success,None,77.83
TX_00008816,2025-01-27 06:19:00,SMB,credit_card,EU-Central,mobile_android,success,None,80.12
TX_00008817,2025-01-27 06:22:00,Startup,credit_card,EU-Central,mobile_android,success,None,50.58
TX_00008818,2025-01-27 06:23:00,Startup,credit_card,US-East,desktop,success,None,33.31
TX_00008819,2025-01-27 06:25:00,Startup,credit_card,US-West,mobile_ios,success,None,35.75
TX_00008820,2025-01-27 06:25:00,Startup,credit_card,EU-Central,desktop,success,None,44.67
TX_00008821,2025-01-27 06:40:00,SMB,credit_card,EU-Central,desktop,success,None,65.76
TX_00008822,2025-01-27 06:41:00,SMB,debit,US-East,mobile_ios,success,None,86.1
TX_00008823,2025-01-27 06:41:00,SMB,crypto,US-East,mobile_ios,success,None,89.07
TX_00008824,2025-01-27 06:42:00,SMB,debit,US-East,mobile_android,success,None,62.95
TX_00008825,2025-01-27 06:45:00,Startup,credit_card,APAC,mobile_ios,success,None,24.91
TX_00008826,2025-01-27 06:46:00,SMB,crypto,US-West,mobile_ios,success,None,62.79
TX_00008827,2025-01-27 06:53:00,Startup,credit_card,US-West,desktop,success,None,47.21
TX_00008828,2025-01-27 06:55:00,Startup,credit_card,US-East,mobile_ios,success,None,40.38
TX_00008829,2025-01-27 07:00:00,SMB,credit_card,US-East,mobile_android,success,None,80.78
TX_00008830,2025-01-27 07:01:00,SMB,credit_card,US-West,desktop,success,None,93.55
TX_00008831,2025-01-27 07:03:00,Startup,debit,US-West,desktop,success,None,43.82
TX_00008832,2025-01-27 07:05:00,Startup,credit_card,US-West,mobile_android,success,None,47.58
TX_00008833,2025-01-27 07:13:00,Startup,credit_card,US-East,desktop,success,None,26.69
TX_00008834,2025-01-27 07:16:00,Enterprise,credit_card,US-East,desktop,success,None,176.43
TX_00008835,2025-01-27 07:19:00,Enterprise,debit,EU-Central,desktop,success,None,138.74
TX_00008836,2025-01-27 07:27:00,SMB,debit,US-East,desktop,success,None,100.14
TX_00008837,2025-01-27 07:32:00,SMB,credit_card,EU-Central,desktop,success,None,63.15
TX_00008838,2025-01-27 07:39:00,Startup,debit,US-East,mobile_ios,success,None,33.83
TX_00008839,2025-01-27 07:40:00,Startup,debit,US-East,mobile_ios,success,None,53.45
TX_00008840,2025-01-27 07:44:00,SMB,credit_card,US-West,mobile_ios,success,None,96.1
TX_00008841,2025-01-27 07:49:00,SMB,debit,APAC,mobile_ios,success,None,88.11
TX_00008842,2025-01-27 08:01:00,SMB,credit_card,US-East,desktop,success,None,95.11
TX_00008843,2025-01-27 08:07:00,Startup,credit_card,US-West,mobile_android,success,None,23.13
TX_00008844,2025-01-27 08:10:00,SMB,debit,US-West,mobile_android,success,None,72.16
TX_00008845,2025-01-27 08:19:00,Startup,credit_card,US-East,desktop,success,None,43.96
TX_00008846,2025-01-27 08:21:00,SMB,credit_card,US-East,desktop,success,None,96.54
TX_00008847,2025-01-27 08:25:00,Startup,debit,APAC,desktop,success,None,42.42
TX_00008848,2025-01-27 08:26:00,SMB,credit_card,US-East,desktop,success,None,88.85
TX_00008849,2025-01-27 08:27:00,SMB,credit_card,US-West,mobile_android,success,None,71.03
TX_00008850,2025-01-27 08:32:00,Startup,credit_card,APAC,desktop,success,None,54.36
TX_00008851,2025-01-27 08:33:00,SMB,credit_card,US-East,mobile_ios,success,None,98.11
TX_00008852,2025-01-27 08:37:00,SMB,credit_card,US-East,desktop,success,None,68.03
TX_00008853,2025-01-27 08:40:00,Enterprise,crypto,US-East,mobile_ios,success,None,196.32
TX_00008854,2025-01-27 09:11:00,SMB,credit_card,US-East,desktop,success,None,84.39
TX_00008855,2025-01-27 09:17:00,SMB,debit,US-East,mobile_ios,success,None,75.79
TX_00008856,2025-01-27 09:19:00,Startup,credit_card,US-West,mobile_android,success,None,29.86
TX_00008857,2025-01-27 09:20:00,Startup,debit,EU-Central,desktop,success,None,15.9
TX_00008858,2025-01-27 09:21:00,Enterprise,crypto,US-West,desktop,success,None,163.89
TX_00008859,2025-01-27 09:21:00,SMB,credit_card,APAC,desktop,success,None,85.96
TX_00008860,2025-01-27 09:26:00,SMB,debit,US-East,mobile_ios,success,None,82.11
TX_00008861,2025-01-27 09:30:00,SMB,crypto,US-East,desktop,success,None,97.54
TX_00008862,2025-01-27 09:31:00,SMB,credit_card,US-East,mobile_android,success,None,111.64
TX_00008863,2025-01-27 09:34:00,Startup,credit_card,US-East,desktop,success,None,8.16
TX_00008864,2025-01-27 09:35:00,SMB,debit,US-East,desktop,success,None,79.98
TX_00008865,2025-01-27 09:39:00,SMB,debit,US-West,mobile_ios,success,None,93.44
TX_00008866,2025-01-27 09:52:00,Startup,credit_card,EU-Central,desktop,success,None,47.18
TX_00008867,2025-01-27 10:03:00,Startup,credit_card,APAC,mobile_ios,success,None,25.41
TX_00008868,2025-01-27 10:04:00,Startup,credit_card,US-East,desktop,success,None,18.79
TX_00008869,2025-01-27 10:15:00,Startup,credit_card,EU-Central,mobile_android,success,None,39.91
TX_00008870,2025-01-27 10:26:00,Startup,debit,EU-Central,desktop,success,None,40.78
TX_00008871,2025-01-27 10:27:00,SMB,credit_card,US-East,mobile_ios,success,None,68.76
TX_00008872,2025-01-27 10:29:00,SMB,credit_card,US-East,desktop,success,None,91.78
TX_00008873,2025-01-27 10:38:00,Enterprise,debit,APAC,desktop,success,None,148.87
TX_00008874,2025-01-27 10:43:00,Startup,credit_card,US-West,mobile_ios,success,None,48.89
TX_00008875,2025-01-27 10:44:00,Startup,credit_card,APAC,desktop,success,None,37.39
TX_00008876,2025-01-27 10:48:00,SMB,credit_card,US-West,desktop,success,None,71.03
TX_00008877,2025-01-27 10:50:00,Startup,credit_card,US-East,desktop,success,None,36.67
TX_00008878,2025-01-27 10:51:00,Startup,credit_card,US-East,desktop,success,None,38.7
TX_00008879,2025-01-27 10:57:00,Startup,credit_card,APAC,mobile_ios,success,None,50.69
TX_00008880,2025-01-27 10:58:00,Startup,credit_card,US-East,mobile_android,success,None,43.11
TX_00008881,2025-01-27 10:58:00,Startup,debit,US-East,desktop,success,None,26.58
TX_00008882,2025-01-27 11:02:00,SMB,debit,US-West,mobile_android,success,None,82.8
TX_00008883,2025-01-27 11:04:00,SMB,credit_card,US-East,mobile_android,success,None,100.7
TX_00008884,2025-01-27 11:06:00,SMB,credit_card,US-East,desktop,success,None,81.1
TX_00008885,2025-01-27 11:10:00,SMB,debit,US-West,desktop,success,None,63.02
TX_00008886,2025-01-27 11:15:00,Enterprise,credit_card,US-East,desktop,success,None,145.23
TX_00008887,2025-01-27 11:34:00,Startup,crypto,US-West,mobile_ios,success,None,41.94
TX_00008888,2025-01-27 11:38:00,Startup,crypto,US-East,desktop,success,None,29.11
TX_00008889,2025-01-27 11:40:00,Startup,credit_card,US-West,desktop,success,None,36.76
TX_00008890,2025-01-27 11:41:00,SMB,credit_card,US-East,desktop,success,None,87.48
TX_00008891,2025-01-27 11:42:00,SMB,credit_card,US-East,mobile_ios,success,None,59.78
TX_00008892,2025-01-27 11:55:00,SMB,credit_card,EU-Central,desktop,success,None,80.81
TX_00008893,2025-01-27 11:57:00,Enterprise,crypto,US-East,mobile_ios,success,None,154.39
TX_00008894,2025-01-27 11:58:00,SMB,crypto,US-East,mobile_android,success,None,89.33
TX_00008895,2025-01-27 11:58:00,Enterprise,credit_card,US-West,mobile_ios,success,None,149.24
TX_00008896,2025-01-27 12:03:00,Enterprise,credit_card,US-East,desktop,success,None,127.3
TX_00008897,2025-01-27 12:09:00,Startup,credit_card,US-East,desktop,success,None,49.02
TX_00008898,2025-01-27 12:10:00,Enterprise,credit_card,US-West,desktop,success,None,172.56
TX_00008899,2025-01-27 12:10:00,Startup,debit,EU-Central,mobile_android,success,None,45.11
TX_00008900,2025-01-27 12:14:00,SMB,crypto,EU-Central,mobile_android,success,None,85.44
TX_00008901,2025-01-27 12:16:00,Startup,credit_card,US-West,mobile_ios,success,None,39.06
TX_00008902,2025-01-27 12:19:00,Enterprise,credit_card,US-West,desktop,success,None,110.82
TX_00008903,2025-01-27 12:25:00,SMB,credit_card,EU-Central,mobile_ios,success,None,80.22
TX_00008904,2025-01-27 12:31:00,SMB,credit_card,US-East,mobile_android,success,None,106.21
TX_00008905,2025-01-27 12:32:00,Startup,credit_card,US-East,mobile_android,success,None,7.75
TX_00008906,2025-01-27 12:36:00,SMB,credit_card,US-West,mobile_ios,success,None,92.51
TX_00008907,2025-01-27 12:37:00,SMB,credit_card,US-West,mobile_ios,success,None,78.33
TX_00008908,2025-01-27 12:50:00,Startup,debit,EU-Central,mobile_ios,success,None,49.79
TX_00008909,2025-01-27 12:51:00,SMB,credit_card,US-East,mobile_android,success,None,60.96
TX_00008910,2025-01-27 12:53:00,Enterprise,credit_card,US-East,mobile_ios,success,None,173.45
TX_00008911,2025-01-27 12:55:00,SMB,debit,EU-Central,desktop,success,None,95.36
TX_00008912,2025-01-27 12:56:00,Startup,debit,US-West,mobile_ios,success,None,45.18
TX_00008913,2025-01-27 12:58:00,SMB,credit_card,US-West,mobile_android,success,None,74.64
TX_00008914,2025-01-27 12:58:00,SMB,credit_card,US-East,mobile_ios,success,None,80.01
TX_00008915,2025-01-27 13:00:00,Enterprise,debit,US-East,mobile_ios,success,None,189.1
TX_00008916,2025-01-27 13:05:00,SMB,credit_card,US-East,mobile_ios,success,None,77.38
TX_00008917,2025-01-27 13:10:00,Startup,credit_card,US-West,mobile_ios,success,None,36.34
TX_00008918,2025-01-27 13:11:00,SMB,credit_card,APAC,desktop,success,None,80.78
TX_00008919,2025-01-27 13:19:00,SMB,credit_card,EU-Central,mobile_ios,success,None,61.97
TX_00008920,2025-01-27 13:23:00,Enterprise,credit_card,US-West,desktop,success,None,138.28
TX_00008921,2025-01-27 13:24:00,SMB,credit_card,EU-Central,mobile_android,success,None,52.47
TX_00008922,2025-01-27 13:24:00,SMB,debit,US-West,mobile_android,success,None,87.3
TX_00008923,2025-01-27 13:28:00,SMB,debit,US-East,desktop,success,None,93.98
TX_00008924,2025-01-27 13:36:00,SMB,crypto,US-East,mobile_android,success,None,67.17
TX_00008925,2025-01-27 13:38:00,Startup,credit_card,US-West,desktop,success,None,35.73
TX_00008926,2025-01-27 13:38:00,Enterprise,credit_card,US-East,mobile_ios,success,None,190.89
TX_00008927,2025-01-27 13:39:00,SMB,debit,US-West,desktop,success,None,73.73
TX_00008928,2025-01-27 13:42:00,SMB,credit_card,EU-Central,desktop,success,None,100.79
TX_00008929,2025-01-27 13:45:00,SMB,credit_card,US-East,mobile_android,success,None,62.59
TX_00008930,2025-01-27 13:58:00,Startup,credit_card,US-East,mobile_android,success,None,43.34
TX_00008931,2025-01-27 14:05:00,SMB,credit_card,US-East,mobile_ios,success,None,84.38
TX_00008932,2025-01-27 14:10:00,Enterprise,credit_card,US-West,desktop,success,None,156.29
TX_00008933,2025-01-27 14:24:00,Startup,credit_card,US-East,desktop,success,None,39.18
TX_00008934,2025-01-27 14:28:00,SMB,crypto,US-West,mobile_android,success,None,63.64
TX_00008935,2025-01-27 14:34:00,Enterprise,credit_card,US-East,desktop,success,None,134.64
TX_00008936,2025-01-27 14:47:00,SMB,crypto,US-West,desktop,success,None,78.86
TX_00008937,2025-01-27 14:48:00,SMB,debit,US-East,mobile_ios,success,None,81.32
TX_00008938,2025-01-27 14:48:00,Startup,credit_card,APAC,mobile_android,success,None,41.19
TX_00008939,2025-01-27 14:48:00,SMB,debit,US-West,desktop,success,None,88.05
TX_00008940,2025-01-27 14:48:00,SMB,debit,EU-Central,mobile_android,success,None,74.4
TX_00008941,2025-01-27 14:53:00,SMB,credit_card,EU-Central,mobile_ios,success,None,69.54
TX_00008942,2025-01-27 14:53:00,SMB,credit_card,US-West,desktop,success,None,65.03
TX_00008943,2025-01-27 15:02:00,Startup,credit_card,US-East,mobile_ios,success,None,58.12
TX_00008944,2025-01-27 15:06:00,Enterprise,debit,US-West,mobile_ios,success,None,166.67
TX_00008945,2025-01-27 15:06:00,Startup,credit_card,US-West,desktop,success,None,40.33
TX_00008946,2025-01-27 15:07:00,SMB,credit_card,US-West,mobile_ios,success,None,66.03
TX_00008947,2025-01-27 15:13:00,Startup,credit_card,US-East,mobile_ios,success,None,25.39
TX_00008948,2025-01-27 15:16:00,SMB,credit_card,US-East,desktop,success,None,74.64
TX_00008949,2025-01-27 15:16:00,SMB,credit_card,US-East,desktop,success,None,79.23
TX_00008950,2025-01-27 15:20:00,Startup,credit_card,US-East,desktop,success,None,24.53
TX_00008951,2025-01-27 15:20:00,Startup,debit,APAC,desktop,success,None,49.03
TX_00008952,2025-01-27 15:27:00,SMB,debit,US-East,desktop,success,None,73.92
TX_00008953,2025-01-27 15:27:00,SMB,debit,US-East,mobile_ios,success,None,113.49
TX_00008954,2025-01-27 15:27:00,SMB,credit_card,EU-Central,desktop,success,None,91.19
TX_00008955,2025-01-27 15:27:00,Startup,debit,EU-Central,desktop,success,None,20.41
TX_00008956,2025-01-27 15:34:00,SMB,credit_card,US-West,desktop,success,None,53.79
TX_00008957,2025-01-27 15:39:00,Startup,credit_card,US-East,mobile_ios,success,None,31.04
TX_00008958,2025-01-27 15:43:00,Startup,crypto,US-East,mobile_ios,success,None,50.99
TX_00008959,2025-01-27 15:44:00,Startup,credit_card,US-West,desktop,success,None,36.61
TX_00008960,2025-01-27 15:52:00,SMB,credit_card,US-East,mobile_android,success,None,99.66
TX_00008961,2025-01-27 15:56:00,SMB,credit_card,US-East,mobile_ios,success,None,71.61
TX_00008962,2025-01-27 16:01:00,Startup,credit_card,US-East,mobile_ios,success,None,38.86
TX_00008963,2025-01-27 16:02:00,Startup,debit,APAC,desktop,success,None,31.87
TX_00008964,2025-01-27 16:05:00,Startup,credit_card,US-East,desktop,success,None,46.72
TX_00008965,2025-01-27 16:09:00,SMB,debit,US-West,mobile_android,success,None,66.76
TX_00008966,2025-01-27 16:11:00,Startup,credit_card,APAC,desktop,success,None,49.45
TX_00008967,2025-01-27 16:13:00,SMB,credit_card,US-West,mobile_ios,success,None,84.63
TX_00008968,2025-01-27 16:17:00,SMB,credit_card,US-East,mobile_ios,success,None,84.58
TX_00008969,2025-01-27 16:29:00,Startup,debit,US-East,mobile_android,success,None,57.78
TX_00008970,2025-01-27 16:37:00,SMB,debit,APAC,desktop,success,None,63.86
TX_00008971,2025-01-27 16:45:00,Startup,credit_card,US-East,mobile_ios,success,None,34.43
TX_00008972,2025-01-27 16:50:00,SMB,credit_card,US-West,mobile_ios,success,None,74.63
TX_00008973,2025-01-27 16:52:00,SMB,crypto,EU-Central,desktop,success,None,59.71
TX_00008974,2025-01-27 16:54:00,SMB,credit_card,US-East,desktop,success,None,62.83
TX_00008975,2025-01-27 16:58:00,SMB,credit_card,EU-Central,desktop,success,None,62.83
TX_00008976,2025-01-27 17:00:00,SMB,credit_card,APAC,desktop,success,None,72.65
TX_00008977,2025-01-27 17:02:00,Startup,credit_card,US-West,desktop,success,None,33.19
TX_00008978,2025-01-27 17:07:00,Startup,credit_card,US-West,mobile_ios,success,None,43.55
TX_00008979,2025-01-27 17:07:00,SMB,credit_card,EU-Central,mobile_ios,success,None,59.0
TX_00008980,2025-01-27 17:34:00,SMB,debit,US-West,mobile_android,success,None,59.0
TX_00008981,2025-01-27 17:38:00,Startup,debit,EU-Central,desktop,success,None,26.34
TX_00008982,2025-01-27 17:45:00,Startup,debit,US-West,desktop,success,None,47.23
TX_00008983,2025-01-27 17:46:00,Startup,credit_card,US-East,mobile_android,success,None,38.37
TX_00008984,2025-01-27 17:46:00,Startup,credit_card,US-East,mobile_android,success,None,46.95
TX_00008985,2025-01-27 17:47:00,SMB,debit,US-East,mobile_ios,success,None,62.32
TX_00008986,2025-01-27 17:53:00,SMB,crypto,US-East,desktop,success,None,90.78
TX_00008987,2025-01-27 17:58:00,SMB,credit_card,US-East,mobile_android,success,None,121.24
TX_00008988,2025-01-27 18:00:00,SMB,credit_card,US-West,desktop,success,None,102.44
TX_00008989,2025-01-27 18:03:00,Startup,debit,US-East,desktop,success,None,57.18
TX_00008990,2025-01-27 18:04:00,Enterprise,crypto,EU-Central,mobile_ios,success,None,154.51
TX_00008991,2025-01-27 18:05:00,Startup,crypto,EU-Central,mobile_ios,success,None,26.92
TX_00008992,2025-01-27 18:27:00,Startup,debit,US-West,desktop,success,None,22.05
TX_00008993,2025-01-27 18:29:00,Startup,credit_card,US-West,mobile_ios,success,None,48.26
TX_00008994,2025-01-27 18:33:00,Startup,credit_card,US-East,mobile_ios,success,None,42.83
TX_00008995,2025-01-27 18:36:00,SMB,crypto,US-West,mobile_android,success,None,94.68
TX_00008996,2025-01-27 18:39:00,Startup,credit_card,US-West,desktop,success,None,34.06
TX_00008997,2025-01-27 18:39:00,SMB,credit_card,EU-Central,desktop,success,None,95.59
TX_00008998,2025-01-27 18:43:00,Enterprise,crypto,US-East,mobile_ios,success,None,140.18
TX_00008999,2025-01-27 18:45:00,Startup,credit_card,EU-Central,mobile_android,success,None,45.89
TX_00009000,2025-01-27 18:45:00,Enterprise,debit,EU-Central,desktop,success,None,185.41
TX_00009001,2025-01-27 18:58:00,Startup,debit,US-West,desktop,success,None,36.29
TX_00009002,2025-01-27 19:10:00,Startup,credit_card,US-East,desktop,success,None,40.96
TX_00009003,2025-01-27 19:11:00,Startup,credit_card,US-West,desktop,success,None,36.45
TX_00009004,2025-01-27 19:15:00,SMB,credit_card,US-West,mobile_android,success,None,88.53
TX_00009005,2025-01-27 19:18:00,Startup,debit,US-West,desktop,success,None,44.98
TX_00009006,2025-01-27 19:19:00,Enterprise,credit_card,US-West,mobile_ios,success,None,115.62
TX_00009007,2025-01-27 19:19:00,Startup,credit_card,US-East,desktop,success,None,52.41
TX_00009008,2025-01-27 19:27:00,SMB,crypto,US-East,desktop,success,None,57.99
TX_00009009,2025-01-27 19:43:00,Startup,credit_card,US-East,mobile_android,success,None,54.72
TX_00009010,2025-01-27 19:55:00,SMB,credit_card,US-East,mobile_ios,success,None,90.07
TX_00009011,2025-01-27 19:56:00,Enterprise,credit_card,US-East,mobile_ios,success,None,135.61
TX_00009012,2025-01-27 19:58:00,SMB,credit_card,US-East,mobile_ios,success,None,75.06
TX_00009013,2025-01-27 20:00:00,SMB,crypto,US-East,desktop,success,None,94.8
TX_00009014,2025-01-27 20:06:00,Startup,credit_card,EU-Central,mobile_ios,success,None,37.17
TX_00009015,2025-01-27 20:09:00,SMB,credit_card,EU-Central,desktop,success,None,91.19
TX_00009016,2025-01-27 20:10:00,SMB,debit,US-East,mobile_android,success,None,102.1
TX_00009017,2025-01-27 20:10:00,SMB,debit,US-East,mobile_ios,success,None,100.83
TX_00009018,2025-01-27 20:12:00,SMB,credit_card,EU-Central,desktop,success,None,77.31
TX_00009019,2025-01-27 20:19:00,SMB,debit,US-West,mobile_android,success,None,87.47
TX_00009020,2025-01-27 20:20:00,Startup,debit,US-East,mobile_ios,success,None,37.27
TX_00009021,2025-01-27 20:23:00,SMB,credit_card,EU-Central,desktop,success,None,97.18
TX_00009022,2025-01-27 20:32:00,Enterprise,debit,US-East,desktop,success,None,117.03
TX_00009023,2025-01-27 20:34:00,SMB,crypto,US-West,mobile_android,success,None,54.3
TX_00009024,2025-01-27 20:35:00,SMB,credit_card,APAC,mobile_android,success,None,93.44
TX_00009025,2025-01-27 20:37:00,SMB,debit,US-East,mobile_ios,success,None,54.25
TX_00009026,2025-01-27 20:39:00,SMB,crypto,APAC,desktop,success,None,68.02
TX_00009027,2025-01-27 20:47:00,Startup,debit,US-East,desktop,success,None,34.59
TX_00009028,2025-01-27 20:48:00,Enterprise,credit_card,US-West,desktop,success,None,166.79
TX_00009029,2025-01-27 20:58:00,SMB,credit_card,US-West,mobile_ios,success,None,81.45
TX_00009030,2025-01-27 20:59:00,SMB,credit_card,EU-Central,desktop,success,None,68.44
TX_00009031,2025-01-27 21:09:00,Startup,credit_card,US-East,mobile_android,success,None,13.69
TX_00009032,2025-01-27 21:09:00,Startup,crypto,US-West,desktop,success,None,35.74
TX_00009033,2025-01-27 21:12:00,SMB,credit_card,EU-Central,mobile_ios,success,None,77.83
TX_00009034,2025-01-27 21:14:00,Startup,credit_card,US-West,desktop,success,None,59.61
TX_00009035,2025-01-27 21:24:00,SMB,debit,US-East,desktop,success,None,47.1
TX_00009036,2025-01-27 21:27:00,Enterprise,credit_card,US-East,mobile_ios,success,None,160.78
TX_00009037,2025-01-27 21:27:00,SMB,credit_card,US-West,mobile_ios,success,None,81.49
TX_00009038,2025-01-27 21:29:00,SMB,credit_card,EU-Central,mobile_ios,success,None,82.53
TX_00009039,2025-01-27 21:36:00,SMB,credit_card,US-West,desktop,success,None,52.22
TX_00009040,2025-01-27 21:37:00,Enterprise,debit,US-West,desktop,success,None,171.03
TX_00009041,2025-01-27 21:44:00,SMB,debit,US-East,mobile_android,success,None,85.17
TX_00009042,2025-01-27 21:51:00,SMB,credit_card,US-West,mobile_ios,success,None,63.63
TX_00009043,2025-01-27 21:54:00,Enterprise,credit_card,US-East,mobile_ios,success,None,87.78
TX_00009044,2025-01-27 21:56:00,SMB,debit,US-West,desktop,success,None,89.49
TX_00009045,2025-01-27 21:56:00,Startup,crypto,APAC,mobile_ios,success,None,33.95
TX_00009046,2025-01-27 21:57:00,SMB,credit_card,EU-Central,desktop,success,None,85.7
TX_00009047,2025-01-27 21:59:00,Startup,debit,US-East,desktop,success,None,50.2
TX_00009048,2025-01-27 22:02:00,Startup,credit_card,US-West,desktop,success,None,60.25
TX_00009049,2025-01-27 22:05:00,SMB,credit_card,US-East,desktop,success,None,106.75
TX_00009050,2025-01-27 22:05:00,SMB,debit,US-East,desktop,success,None,113.07
TX_00009051,2025-01-27 22:24:00,SMB,credit_card,US-East,desktop,success,None,99.75
TX_00009052,2025-01-27 22:27:00,SMB,credit_card,US-East,desktop,success,None,53.72
TX_00009053,2025-01-27 22:39:00,SMB,credit_card,US-West,mobile_ios,failed,Card expired,0.0
TX_00009054,2025-01-27 22:50:00,SMB,credit_card,US-West,mobile_android,success,None,65.53
TX_00009055,2025-01-27 22:51:00,Enterprise,debit,APAC,desktop,success,None,154.84
TX_00009056,2025-01-27 22:54:00,Startup,credit_card,US-East,desktop,success,None,47.28
TX_00009057,2025-01-27 23:06:00,SMB,credit_card,US-East,desktop,success,None,77.97
TX_00009058,2025-01-27 23:07:00,Startup,credit_card,US-East,desktop,success,None,42.47
TX_00009059,2025-01-27 23:27:00,SMB,debit,US-East,desktop,success,None,45.16
TX_00009060,2025-01-27 23:30:00,Startup,credit_card,APAC,desktop,success,None,53.97
TX_00009061,2025-01-27 23:41:00,SMB,debit,US-East,mobile_ios,success,None,74.11
TX_00009062,2025-01-27 23:42:00,SMB,debit,APAC,mobile_android,success,None,81.68
TX_00009063,2025-01-27 23:47:00,Startup,crypto,US-East,mobile_android,success,None,33.91
TX_00009064,2025-01-27 23:50:00,Startup,crypto,US-East,mobile_ios,success,None,34.6
TX_00009065,2025-01-27 23:51:00,Enterprise,credit_card,US-East,desktop,success,None,130.03
TX_00009066,2025-01-27 23:51:00,SMB,credit_card,EU-Central,mobile_ios,success,None,85.06
TX_00009067,2025-01-28 00:05:00,Startup,debit,US-East,mobile_ios,success,None,50.72
TX_00009068,2025-01-28 00:09:00,Startup,debit,APAC,desktop,success,None,37.25
TX_00009069,2025-01-28 00:09:00,SMB,credit_card,US-West,mobile_android,success,None,88.43
TX_00009070,2025-01-28 00:10:00,SMB,credit_card,US-East,mobile_ios,failed,Insufficient funds,0.0
TX_00009071,2025-01-28 00:12:00,Startup,credit_card,US-West,mobile_ios,success,None,48.45
TX_00009072,2025-01-28 00:17:00,SMB,crypto,US-East,desktop,success,None,77.23
TX_00009073,2025-01-28 00:28:00,Startup,crypto,US-East,mobile_android,success,None,39.06
TX_00009074,2025-01-28 00:34:00,Enterprise,credit_card,EU-Central,mobile_ios,success,None,176.2
TX_00009075,2025-01-28 00:51:00,Startup,credit_card,US-West,desktop,success,None,45.95
TX_00009076,2025-01-28 00:54:00,Startup,credit_card,US-West,desktop,success,None,42.03
TX_00009077,2025-01-28 01:12:00,Startup,credit_card,US-East,desktop,failed,Card expired,0.0
TX_00009078,2025-01-28 01:25:00,SMB,debit,US-East,desktop,success,None,104.85
TX_00009079,2025-01-28 01:27:00,SMB,debit,US-East,mobile_ios,success,None,70.05
TX_00009080,2025-01-28 01:28:00,SMB,credit_card,US-West,desktop,success,None,69.66
TX_00009081,2025-01-28 01:28:00,Startup,credit_card,EU-Central,mobile_android,success,None,17.97
TX_00009082,2025-01-28 01:28:00,Startup,credit_card,US-West,mobile_android,success,None,54.24
TX_00009083,2025-01-28 01:35:00,SMB,crypto,EU-Central,desktop,success,None,94.98
TX_00009084,2025-01-28 01:47:00,Startup,credit_card,US-East,desktop,success,None,41.86
TX_00009085,2025-01-28 01:50:00,Startup,credit_card,US-East,desktop,success,None,41.59
TX_00009086,2025-01-28 02:01:00,Enterprise,debit,US-East,desktop,success,None,178.16
TX_00009087,2025-01-28 02:04:00,SMB,debit,EU-Central,desktop,success,None,66.93
TX_00009088,2025-01-28 02:08:00,Startup,crypto,EU-Central,desktop,success,None,45.33
TX_00009089,2025-01-28 02:19:00,SMB,credit_card,US-East,mobile_android,success,None,67.03
TX_00009090,2025-01-28 02:19:00,Startup,credit_card,US-East,mobile_android,success,None,44.49
TX_00009091,2025-01-28 02:29:00,SMB,credit_card,US-West,mobile_android,success,None,83.88
TX_00009092,2025-01-28 02:29:00,Startup,crypto,EU-Central,mobile_ios,success,None,44.93
TX_00009093,2025-01-28 02:30:00,Enterprise,debit,EU-Central,mobile_android,success,None,161.85
TX_00009094,2025-01-28 02:37:00,SMB,debit,US-East,mobile_ios,success,None,74.69
TX_00009095,2025-01-28 02:40:00,Enterprise,credit_card,US-West,desktop,success,None,148.1
TX_00009096,2025-01-28 02:41:00,SMB,debit,EU-Central,mobile_ios,success,None,70.2
TX_00009097,2025-01-28 02:44:00,SMB,credit_card,US-East,mobile_android,success,None,84.38
TX_00009098,2025-01-28 02:51:00,SMB,credit_card,US-West,desktop,success,None,68.14
TX_00009099,2025-01-28 02:56:00,Startup,credit_card,US-East,desktop,success,None,51.44
TX_00009100,2025-01-28 03:02:00,Startup,debit,US-East,desktop,success,None,40.25
TX_00009101,2025-01-28 03:03:00,SMB,credit_card,APAC,desktop,success,None,106.63
TX_00009102,2025-01-28 03:05:00,Startup,debit,APAC,desktop,success,None,40.81
TX_00009103,2025-01-28 03:05:00,SMB,debit,US-West,desktop,success,None,57.64
TX_00009104,2025-01-28 03:11:00,Startup,credit_card,US-East,mobile_android,success,None,51.82
TX_00009105,2025-01-28 03:21:00,Startup,debit,EU-Central,mobile_android,success,None,51.93
TX_00009106,2025-01-28 03:22:00,Enterprise,credit_card,US-East,mobile_android,success,None,141.62
TX_00009107,2025-01-28 03:34:00,Startup,credit_card,US-East,desktop,success,None,40.1
TX_00009108,2025-01-28 03:38:00,Startup,debit,US-East,desktop,success,None,33.07
TX_00009109,2025-01-28 03:39:00,SMB,debit,US-West,desktop,success,None,100.82
TX_00009110,2025-01-28 03:39:00,Startup,credit_card,US-East,mobile_android,success,None,45.52
TX_00009111,2025-01-28 03:44:00,Startup,debit,US-West,desktop,success,None,32.99
TX_00009112,2025-01-28 03:45:00,SMB,debit,US-East,mobile_ios,success,None,61.17
TX_00009113,2025-01-28 03:50:00,Startup,credit_card,EU-Central,desktop,success,None,41.95
TX_00009114,2025-01-28 03:50:00,Startup,credit_card,APAC,desktop,success,None,35.81
TX_00009115,2025-01-28 03:51:00,SMB,debit,EU-Central,desktop,success,None,51.0
TX_00009116,2025-01-28 03:52:00,SMB,credit_card,US-West,mobile_ios,success,None,62.25
TX_00009117,2025-01-28 04:01:00,SMB,debit,US-East,desktop,success,None,89.54
TX_00009118,2025-01-28 04:01:00,Startup,debit,EU-Central,desktop,success,None,26.94
TX_00009119,2025-01-28 04:09:00,Startup,credit_card,APAC,desktop,success,None,56.35
TX_00009120,2025-01-28 04:11:00,Enterprise,crypto,US-East,mobile_ios,success,None,131.95
TX_00009121,2025-01-28 04:12:00,Startup,credit_card,US-West,desktop,success,None,39.06
TX_00009122,2025-01-28 04:13:00,Startup,crypto,US-East,mobile_android,success,None,36.97
TX_00009123,2025-01-28 04:16:00,Startup,credit_card,US-East,desktop,success,None,42.49
TX_00009124,2025-01-28 04:19:00,Enterprise,debit,US-West,desktop,success,None,157.22
TX_00009125,2025-01-28 04:24:00,SMB,credit_card,APAC,mobile_ios,success,None,67.44
TX_00009126,2025-01-28 04:28:00,Startup,debit,US-East,desktop,success,None,43.9
TX_00009127,2025-01-28 04:44:00,SMB,credit_card,US-West,mobile_ios,success,None,75.84
TX_00009128,2025-01-28 04:49:00,Startup,credit_card,APAC,mobile_android,success,None,33.39
TX_00009129,2025-01-28 04:58:00,Startup,credit_card,US-West,mobile_android,success,None,46.59
TX_00009130,2025-01-28 05:02:00,SMB,debit,EU-Central,desktop,success,None,78.58
TX_00009131,2025-01-28 05:08:00,Startup,credit_card,US-East,desktop,failed,Insufficient funds,0.0
TX_00009132,2025-01-28 05:08:00,SMB,debit,APAC,mobile_android,success,None,77.21
TX_00009133,2025-01-28 05:14:00,SMB,debit,US-East,desktop,success,None,99.74
TX_00009134,2025-01-28 05:18:00,Enterprise,crypto,APAC,mobile_ios,failed,Invalid PIN,0.0
TX_00009135,2025-01-28 05:20:00,SMB,credit_card,US-East,mobile_android,success,None,80.54
TX_00009136,2025-01-28 05:33:00,SMB,debit,US-West,mobile_ios,success,None,89.58
TX_00009137,2025-01-28 05:34:00,Startup,credit_card,US-East,desktop,success,None,30.08
TX_00009138,2025-01-28 05:40:00,Startup,debit,US-West,mobile_ios,success,None,49.44
TX_00009139,2025-01-28 05:44:00,SMB,debit,US-East,desktop,success,None,98.33
TX_00009140,2025-01-28 05:53:00,Startup,credit_card,APAC,desktop,success,None,50.06
TX_00009141,2025-01-28 05:56:00,Enterprise,credit_card,US-East,desktop,success,None,224.56
TX_00009142,2025-01-28 06:03:00,SMB,credit_card,US-West,desktop,success,None,66.24
TX_00009143,2025-01-28 06:15:00,Startup,credit_card,US-East,mobile_ios,success,None,25.48
TX_00009144,2025-01-28 06:16:00,Startup,crypto,EU-Central,mobile_ios,success,None,30.89
TX_00009145,2025-01-28 06:21:00,Startup,credit_card,US-West,mobile_ios,success,None,29.29
TX_00009146,2025-01-28 06:23:00,SMB,crypto,APAC,mobile_android,success,None,77.06
TX_00009147,2025-01-28 06:27:00,Startup,credit_card,US-West,desktop,success,None,38.75
TX_00009148,2025-01-28 06:39:00,Startup,crypto,US-East,mobile_ios,success,None,50.91
TX_00009149,2025-01-28 06:41:00,Startup,debit,US-East,desktop,success,None,38.53
TX_00009150,2025-01-28 06:42:00,SMB,debit,EU-Central,mobile_ios,success,None,64.24
TX_00009151,2025-01-28 06:47:00,SMB,credit_card,US-West,mobile_android,success,None,89.83
TX_00009152,2025-01-28 06:48:00,Startup,credit_card,EU-Central,desktop,success,None,42.21
TX_00009153,2025-01-28 06:51:00,Startup,credit_card,US-East,mobile_ios,success,None,40.04
TX_00009154,2025-01-28 06:58:00,SMB,credit_card,US-West,desktop,success,None,77.88
TX_00009155,2025-01-28 07:07:00,SMB,debit,APAC,mobile_ios,success,None,96.87
TX_00009156,2025-01-28 07:10:00,SMB,debit,US-East,mobile_ios,success,None,83.61
TX_00009157,2025-01-28 07:21:00,SMB,credit_card,US-East,mobile_ios,success,None,112.2
TX_00009158,2025-01-28 07:23:00,SMB,credit_card,EU-Central,desktop,success,None,86.65
TX_00009159,2025-01-28 07:32:00,Enterprise,credit_card,US-East,mobile_ios,success,None,126.21
TX_00009160,2025-01-28 07:35:00,SMB,credit_card,US-West,mobile_ios,success,None,83.14
TX_00009161,2025-01-28 07:38:00,SMB,credit_card,US-West,desktop,success,None,78.31
TX_00009162,2025-01-28 07:39:00,SMB,debit,APAC,desktop,success,None,70.38
TX_00009163,2025-01-28 07:41:00,SMB,credit_card,EU-Central,desktop,success,None,64.75
TX_00009164,2025-01-28 07:43:00,Enterprise,debit,US-West,desktop,success,None,151.34
TX_00009165,2025-01-28 07:46:00,Startup,credit_card,US-East,desktop,success,None,44.67
TX_00009166,2025-01-28 07:49:00,SMB,debit,US-East,desktop,success,None,95.72
TX_00009167,2025-01-28 07:50:00,Startup,credit_card,EU-Central,mobile_android,success,None,39.59
TX_00009168,2025-01-28 07:53:00,SMB,debit,US-West,mobile_android,success,None,67.29
TX_00009169,2025-01-28 08:05:00,Startup,credit_card,EU-Central,mobile_android,success,None,63.76
TX_00009170,2025-01-28 08:13:00,SMB,credit_card,US-West,mobile_android,success,None,79.88
TX_00009171,2025-01-28 08:22:00,SMB,credit_card,US-East,desktop,success,None,76.99
TX_00009172,2025-01-28 08:24:00,SMB,debit,US-East,desktop,success,None,60.82
TX_00009173,2025-01-28 08:25:00,Startup,debit,US-East,mobile_android,success,None,45.41
TX_00009174,2025-01-28 08:25:00,SMB,credit_card,EU-Central,mobile_ios,success,None,94.25
TX_00009175,2025-01-28 08:30:00,SMB,credit_card,EU-Central,desktop,success,None,39.88
TX_00009176,2025-01-28 08:30:00,Enterprise,credit_card,US-East,desktop,success,None,194.46
TX_00009177,2025-01-28 08:31:00,Startup,credit_card,US-West,desktop,success,None,52.4
TX_00009178,2025-01-28 08:44:00,SMB,debit,EU-Central,desktop,success,None,75.32
TX_00009179,2025-01-28 08:45:00,Enterprise,debit,US-West,desktop,success,None,119.07
TX_00009180,2025-01-28 08:50:00,SMB,crypto,US-West,mobile_android,success,None,63.69
TX_00009181,2025-01-28 08:59:00,SMB,crypto,US-East,mobile_ios,success,None,70.67
TX_00009182,2025-01-28 09:00:00,Startup,debit,EU-Central,desktop,success,None,33.69
TX_00009183,2025-01-28 09:00:00,Enterprise,credit_card,US-West,desktop,success,None,172.31
TX_00009184,2025-01-28 09:02:00,SMB,credit_card,EU-Central,mobile_android,success,None,84.53
TX_00009185,2025-01-28 09:14:00,Startup,credit_card,EU-Central,desktop,success,None,34.73
TX_00009186,2025-01-28 09:19:00,Startup,credit_card,EU-Central,mobile_ios,success,None,45.89
TX_00009187,2025-01-28 09:23:00,SMB,debit,APAC,desktop,success,None,99.95
TX_00009188,2025-01-28 09:29:00,Startup,crypto,EU-Central,desktop,success,None,41.78
TX_00009189,2025-01-28 09:31:00,SMB,debit,US-East,desktop,success,None,105.04
TX_00009190,2025-01-28 09:34:00,SMB,credit_card,US-East,mobile_android,success,None,98.6
TX_00009191,2025-01-28 09:42:00,Startup,credit_card,US-East,desktop,success,None,41.43
TX_00009192,2025-01-28 09:42:00,Startup,debit,US-East,desktop,success,None,40.97
TX_00009193,2025-01-28 09:44:00,SMB,debit,US-East,desktop,success,None,66.81
TX_00009194,2025-01-28 09:45:00,Enterprise,credit_card,US-West,mobile_ios,success,None,99.78
TX_00009195,2025-01-28 09:49:00,SMB,debit,US-East,mobile_ios,success,None,61.29
TX_00009196,2025-01-28 09:52:00,Enterprise,debit,US-West,desktop,success,None,149.86
TX_00009197,2025-01-28 10:06:00,Enterprise,credit_card,EU-Central,desktop,success,None,94.14
TX_00009198,2025-01-28 10:19:00,SMB,credit_card,EU-Central,mobile_ios,success,None,65.72
TX_00009199,2025-01-28 10:20:00,Startup,debit,APAC,mobile_ios,success,None,36.65
TX_00009200,2025-01-28 10:24:00,Startup,debit,US-East,mobile_android,failed,Invalid PIN,0.0
TX_00009201,2025-01-28 10:36:00,SMB,credit_card,US-West,mobile_ios,success,None,84.28
TX_00009202,2025-01-28 10:39:00,SMB,debit,US-East,mobile_ios,success,None,75.43
TX_00009203,2025-01-28 10:40:00,Enterprise,debit,US-West,desktop,success,None,94.71
TX_00009204,2025-01-28 10:42:00,SMB,debit,US-West,mobile_ios,success,None,85.14
TX_00009205,2025-01-28 10:51:00,Enterprise,credit_card,US-East,mobile_android,success,None,142.12
TX_00009206,2025-01-28 10:52:00,Startup,crypto,US-East,desktop,success,None,46.29
TX_00009207,2025-01-28 10:54:00,Enterprise,credit_card,EU-Central,desktop,success,None,160.67
TX_00009208,2025-01-28 10:56:00,Startup,debit,EU-Central,mobile_ios,success,None,32.28
TX_00009209,2025-01-28 11:02:00,Startup,debit,US-West,mobile_ios,success,None,30.59
TX_00009210,2025-01-28 11:13:00,SMB,credit_card,US-East,mobile_ios,success,None,70.5
TX_00009211,2025-01-28 11:20:00,SMB,credit_card,US-West,desktop,success,None,86.3
TX_00009212,2025-01-28 11:23:00,Startup,debit,US-East,desktop,success,None,65.65
TX_00009213,2025-01-28 11:27:00,Startup,debit,APAC,desktop,success,None,38.37
TX_00009214,2025-01-28 11:27:00,Startup,credit_card,EU-Central,mobile_android,success,None,37.54
TX_00009215,2025-01-28 11:35:00,SMB,credit_card,US-East,mobile_android,success,None,93.91
TX_00009216,2025-01-28 11:37:00,SMB,credit_card,US-East,desktop,success,None,75.07
TX_00009217,2025-01-28 11:39:00,SMB,credit_card,US-West,desktop,success,None,72.83
TX_00009218,2025-01-28 12:01:00,Startup,crypto,US-East,desktop,failed,Invalid PIN,0.0
TX_00009219,2025-01-28 12:05:00,Startup,debit,APAC,desktop,success,None,34.64
TX_00009220,2025-01-28 12:13:00,Startup,crypto,EU-Central,desktop,success,None,48.33
TX_00009221,2025-01-28 12:19:00,SMB,credit_card,US-East,desktop,success,None,98.73
TX_00009222,2025-01-28 12:20:00,Startup,debit,US-East,mobile_ios,success,None,46.12
TX_00009223,2025-01-28 12:43:00,SMB,credit_card,EU-Central,mobile_ios,success,None,96.45
TX_00009224,2025-01-28 12:49:00,Enterprise,debit,US-West,desktop,success,None,147.88
TX_00009225,2025-01-28 12:49:00,SMB,credit_card,US-West,mobile_ios,failed,Insufficient funds,0.0
TX_00009226,2025-01-28 12:50:00,Startup,credit_card,US-East,mobile_ios,success,None,41.09
TX_00009227,2025-01-28 12:57:00,Startup,credit_card,US-East,desktop,success,None,48.41
TX_00009228,2025-01-28 13:01:00,Enterprise,credit_card,US-West,mobile_ios,success,None,140.84
TX_00009229,2025-01-28 13:06:00,Startup,debit,US-West,desktop,success,None,43.87
TX_00009230,2025-01-28 13:13:00,SMB,debit,US-East,desktop,success,None,39.9
TX_00009231,2025-01-28 13:23:00,SMB,debit,US-East,desktop,success,None,69.53
TX_00009232,2025-01-28 13:25:00,SMB,crypto,US-West,mobile_android,success,None,90.08
TX_00009233,2025-01-28 13:31:00,SMB,credit_card,EU-Central,mobile_ios,success,None,113.61
TX_00009234,2025-01-28 13:32:00,SMB,credit_card,US-East,desktop,success,None,71.48
TX_00009235,2025-01-28 13:36:00,SMB,debit,EU-Central,mobile_android,success,None,109.98
TX_00009236,2025-01-28 13:49:00,Startup,credit_card,US-East,desktop,success,None,57.03
TX_00009237,2025-01-28 13:50:00,SMB,credit_card,US-East,mobile_android,success,None,92.57
TX_00009238,2025-01-28 13:51:00,Startup,debit,EU-Central,mobile_ios,success,None,33.61
TX_00009239,2025-01-28 14:05:00,SMB,credit_card,US-West,mobile_ios,success,None,80.08
TX_00009240,2025-01-28 14:14:00,Startup,credit_card,US-East,mobile_ios,success,None,33.71
TX_00009241,2025-01-28 14:20:00,Startup,credit_card,US-East,mobile_ios,success,None,37.45
TX_00009242,2025-01-28 14:28:00,Startup,credit_card,US-East,mobile_android,success,None,25.18
TX_00009243,2025-01-28 14:28:00,SMB,credit_card,EU-Central,mobile_android,success,None,53.42
TX_00009244,2025-01-28 14:29:00,Startup,credit_card,US-East,desktop,success,None,47.49
TX_00009245,2025-01-28 14:29:00,Enterprise,credit_card,US-East,desktop,success,None,170.88
TX_00009246,2025-01-28 14:32:00,Startup,credit_card,US-East,desktop,success,None,33.72
TX_00009247,2025-01-28 14:33:00,Enterprise,credit_card,US-West,desktop,success,None,115.04
TX_00009248,2025-01-28 14:34:00,Enterprise,debit,EU-Central,desktop,success,None,116.71
TX_00009249,2025-01-28 14:36:00,SMB,credit_card,US-East,desktop,success,None,77.33
TX_00009250,2025-01-28 14:38:00,Startup,credit_card,US-West,desktop,success,None,36.84
TX_00009251,2025-01-28 14:40:00,Enterprise,credit_card,US-East,mobile_ios,success,None,193.24
TX_00009252,2025-01-28 14:43:00,Startup,credit_card,US-West,mobile_android,success,None,40.83
TX_00009253,2025-01-28 14:44:00,Startup,credit_card,US-East,desktop,success,None,21.71
TX_00009254,2025-01-28 14:50:00,Startup,credit_card,US-East,desktop,success,None,55.76
TX_00009255,2025-01-28 14:58:00,SMB,debit,US-East,desktop,success,None,68.84
TX_00009256,2025-01-28 14:59:00,Startup,debit,EU-Central,mobile_android,success,None,18.56
TX_00009257,2025-01-28 14:59:00,SMB,crypto,EU-Central,desktop,success,None,94.13
TX_00009258,2025-01-28 14:59:00,SMB,credit_card,US-West,mobile_android,success,None,73.83
TX_00009259,2025-01-28 15:10:00,Startup,credit_card,US-East,mobile_android,success,None,63.89
TX_00009260,2025-01-28 15:11:00,Startup,credit_card,US-East,mobile_android,success,None,33.88
TX_00009261,2025-01-28 15:15:00,Startup,debit,US-West,desktop,success,None,45.95
TX_00009262,2025-01-28 15:29:00,SMB,credit_card,EU-Central,desktop,success,None,94.54
TX_00009263,2025-01-28 15:31:00,SMB,credit_card,APAC,mobile_android,success,None,65.03
TX_00009264,2025-01-28 15:45:00,SMB,credit_card,US-West,desktop,success,None,70.21
TX_00009265,2025-01-28 15:48:00,SMB,debit,US-East,mobile_ios,success,None,66.82
TX_00009266,2025-01-28 15:48:00,SMB,crypto,US-West,desktop,success,None,80.02
TX_00009267,2025-01-28 15:50:00,SMB,crypto,US-East,desktop,success,None,90.5
TX_00009268,2025-01-28 15:52:00,Startup,credit_card,US-West,mobile_android,success,None,33.25
TX_00009269,2025-01-28 15:52:00,Startup,credit_card,US-East,mobile_ios,success,None,25.8
TX_00009270,2025-01-28 15:57:00,Startup,debit,US-East,mobile_ios,success,None,40.91
TX_00009271,2025-01-28 16:10:00,Startup,credit_card,US-East,mobile_ios,success,None,42.66
TX_00009272,2025-01-28 16:10:00,Enterprise,credit_card,US-West,mobile_ios,success,None,154.27
TX_00009273,2025-01-28 16:11:00,Enterprise,debit,US-West,mobile_ios,success,None,135.32
TX_00009274,2025-01-28 16:11:00,Startup,debit,EU-Central,mobile_android,success,None,62.65
TX_00009275,2025-01-28 16:12:00,SMB,crypto,EU-Central,mobile_android,success,None,89.12
TX_00009276,2025-01-28 16:24:00,SMB,credit_card,APAC,mobile_ios,success,None,66.14
TX_00009277,2025-01-28 16:27:00,Enterprise,credit_card,US-East,desktop,success,None,164.54
TX_00009278,2025-01-28 16:33:00,SMB,credit_card,US-West,desktop,success,None,58.41
TX_00009279,2025-01-28 16:34:00,Startup,debit,US-West,desktop,success,None,40.28
TX_00009280,2025-01-28 16:36:00,Startup,debit,EU-Central,desktop,success,None,48.04
TX_00009281,2025-01-28 16:42:00,Startup,debit,US-East,desktop,success,None,33.91
TX_00009282,2025-01-28 16:44:00,SMB,crypto,US-East,desktop,failed,Card expired,0.0
TX_00009283,2025-01-28 16:46:00,SMB,debit,US-East,desktop,success,None,82.19
TX_00009284,2025-01-28 16:47:00,Startup,credit_card,APAC,desktop,success,None,39.46
TX_00009285,2025-01-28 16:47:00,SMB,debit,EU-Central,mobile_ios,success,None,82.42
TX_00009286,2025-01-28 16:50:00,SMB,debit,US-East,desktop,success,None,81.35
TX_00009287,2025-01-28 16:51:00,Startup,credit_card,EU-Central,mobile_ios,success,None,35.76
TX_00009288,2025-01-28 16:52:00,Startup,credit_card,US-East,desktop,success,None,34.7
TX_00009289,2025-01-28 16:55:00,Startup,debit,US-East,mobile_ios,success,None,51.02
TX_00009290,2025-01-28 16:56:00,SMB,credit_card,EU-Central,mobile_android,success,None,78.94
TX_00009291,2025-01-28 16:57:00,SMB,debit,US-East,desktop,success,None,95.34
TX_00009292,2025-01-28 17:01:00,Startup,credit_card,US-East,mobile_android,success,None,42.71
TX_00009293,2025-01-28 17:05:00,Enterprise,crypto,EU-Central,mobile_ios,success,None,113.7
TX_00009294,2025-01-28 17:15:00,Startup,credit_card,US-West,desktop,success,None,31.09
TX_00009295,2025-01-28 17:19:00,SMB,credit_card,APAC,desktop,success,None,81.39
TX_00009296,2025-01-28 17:22:00,Startup,credit_card,US-East,mobile_android,success,None,49.27
TX_00009297,2025-01-28 17:30:00,Startup,credit_card,US-East,mobile_ios,success,None,47.71
TX_00009298,2025-01-28 17:30:00,SMB,credit_card,US-East,desktop,success,None,82.49
TX_00009299,2025-01-28 17:32:00,SMB,credit_card,EU-Central,mobile_android,success,None,74.37
TX_00009300,2025-01-28 17:33:00,Startup,debit,US-East,mobile_ios,success,None,37.84
TX_00009301,2025-01-28 17:37:00,Startup,credit_card,US-East,mobile_ios,success,None,30.68
TX_00009302,2025-01-28 17:39:00,SMB,debit,US-East,mobile_android,success,None,78.17
TX_00009303,2025-01-28 17:51:00,Startup,debit,EU-Central,mobile_ios,success,None,24.79
TX_00009304,2025-01-28 17:52:00,SMB,debit,US-East,desktop,success,None,74.76
TX_00009305,2025-01-28 17:54:00,SMB,credit_card,US-East,mobile_ios,success,None,113.15
TX_00009306,2025-01-28 17:54:00,Enterprise,credit_card,US-West,mobile_android,success,None,130.69
TX_00009307,2025-01-28 18:01:00,Startup,credit_card,US-East,desktop,success,None,28.28
TX_00009308,2025-01-28 18:03:00,SMB,debit,US-East,desktop,success,None,58.23
TX_00009309,2025-01-28 18:04:00,SMB,debit,US-East,desktop,success,None,70.41
TX_00009310,2025-01-28 18:14:00,Startup,credit_card,EU-Central,desktop,success,None,30.83
TX_00009311,2025-01-28 18:14:00,SMB,credit_card,US-East,desktop,failed,Insufficient funds,0.0
TX_00009312,2025-01-28 18:16:00,SMB,credit_card,US-East,mobile_android,success,None,79.44
TX_00009313,2025-01-28 18:18:00,SMB,credit_card,US-East,mobile_android,success,None,82.34
TX_00009314,2025-01-28 18:26:00,Startup,credit_card,APAC,desktop,success,None,36.61
TX_00009315,2025-01-28 18:33:00,SMB,debit,US-East,mobile_ios,success,None,94.74
TX_00009316,2025-01-28 18:34:00,Startup,credit_card,EU-Central,mobile_ios,success,None,44.36
TX_00009317,2025-01-28 18:45:00,Startup,debit,EU-Central,desktop,success,None,37.53
TX_00009318,2025-01-28 19:05:00,Startup,crypto,US-East,desktop,success,None,26.39
TX_00009319,2025-01-28 19:10:00,Startup,debit,US-East,desktop,success,None,44.45
TX_00009320,2025-01-28 19:11:00,SMB,credit_card,US-West,mobile_ios,success,None,60.41
TX_00009321,2025-01-28 19:14:00,SMB,credit_card,EU-Central,desktop,success,None,89.36
TX_00009322,2025-01-28 19:17:00,Startup,credit_card,EU-Central,desktop,success,None,44.51
TX_00009323,2025-01-28 19:19:00,Startup,debit,EU-Central,desktop,success,None,45.84
TX_00009324,2025-01-28 19:22:00,SMB,credit_card,US-East,mobile_android,success,None,70.93
TX_00009325,2025-01-28 19:27:00,SMB,credit_card,US-West,mobile_ios,success,None,44.79
TX_00009326,2025-01-28 19:28:00,SMB,credit_card,US-East,desktop,success,None,91.34
TX_00009327,2025-01-28 19:29:00,SMB,credit_card,US-West,mobile_android,success,None,73.63
TX_00009328,2025-01-28 19:30:00,Enterprise,debit,US-West,desktop,success,None,121.07
TX_00009329,2025-01-28 19:36:00,SMB,credit_card,US-East,mobile_ios,success,None,89.77
TX_00009330,2025-01-28 19:39:00,SMB,credit_card,US-East,desktop,success,None,78.87
TX_00009331,2025-01-28 19:40:00,SMB,credit_card,US-East,desktop,success,None,94.42
TX_00009332,2025-01-28 19:47:00,SMB,credit_card,US-West,mobile_android,success,None,83.89
TX_00009333,2025-01-28 20:00:00,Startup,debit,EU-Central,mobile_ios,success,None,45.71
TX_00009334,2025-01-28 20:01:00,Startup,credit_card,US-West,desktop,success,None,37.5
TX_00009335,2025-01-28 20:08:00,Startup,credit_card,EU-Central,desktop,success,None,41.52
TX_00009336,2025-01-28 20:11:00,SMB,debit,US-East,desktop,success,None,93.47
TX_00009337,2025-01-28 20:16:00,Enterprise,debit,US-East,mobile_ios,success,None,105.12
TX_00009338,2025-01-28 20:17:00,Startup,credit_card,US-East,desktop,success,None,56.95
TX_00009339,2025-01-28 20:20:00,Startup,credit_card,US-East,mobile_ios,success,None,35.18
TX_00009340,2025-01-28 20:28:00,SMB,credit_card,US-West,mobile_android,success,None,82.2
TX_00009341,2025-01-28 20:31:00,Enterprise,credit_card,EU-Central,desktop,success,None,130.96
TX_00009342,2025-01-28 20:33:00,Enterprise,credit_card,US-West,mobile_android,success,None,156.4
TX_00009343,2025-01-28 20:35:00,SMB,credit_card,US-West,desktop,success,None,102.63
TX_00009344,2025-01-28 20:38:00,Enterprise,crypto,US-East,mobile_ios,success,None,167.77
TX_00009345,2025-01-28 20:43:00,Startup,credit_card,US-East,mobile_ios,success,None,33.57
TX_00009346,2025-01-28 20:50:00,SMB,debit,US-East,desktop,success,None,69.79
TX_00009347,2025-01-28 21:02:00,Startup,debit,US-West,desktop,success,None,27.9
TX_00009348,2025-01-28 21:09:00,Startup,crypto,US-West,mobile_android,success,None,31.85
TX_00009349,2025-01-28 21:10:00,Startup,credit_card,US-East,desktop,success,None,24.9
TX_00009350,2025-01-28 21:10:00,Startup,debit,US-West,mobile_ios,success,None,32.77
TX_00009351,2025-01-28 21:17:00,Startup,crypto,US-West,desktop,success,None,52.1
TX_00009352,2025-01-28 21:18:00,SMB,credit_card,US-East,desktop,success,None,95.42
TX_00009353,2025-01-28 21:22:00,Startup,credit_card,US-West,mobile_ios,success,None,28.4
TX_00009354,2025-01-28 21:24:00,Startup,credit_card,EU-Central,mobile_ios,success,None,25.54
TX_00009355,2025-01-28 21:26:00,Enterprise,debit,US-East,desktop,success,None,157.9
TX_00009356,2025-01-28 21:27:00,Startup,credit_card,US-West,mobile_ios,success,None,54.81
TX_00009357,2025-01-28 21:32:00,Startup,credit_card,US-East,desktop,success,None,47.77
TX_00009358,2025-01-28 21:47:00,Startup,debit,EU-Central,desktop,success,None,41.88
TX_00009359,2025-01-28 21:54:00,SMB,credit_card,APAC,desktop,success,None,97.24
TX_00009360,2025-01-28 21:57:00,SMB,debit,US-West,mobile_ios,success,None,73.68
TX_00009361,2025-01-28 22:00:00,Enterprise,credit_card,US-East,desktop,success,None,147.89
TX_00009362,2025-01-28 22:01:00,SMB,debit,US-East,mobile_ios,success,None,82.58
TX_00009363,2025-01-28 22:05:00,Enterprise,credit_card,US-East,mobile_ios,success,None,151.18
TX_00009364,2025-01-28 22:14:00,SMB,credit_card,US-East,desktop,success,None,73.33
TX_00009365,2025-01-28 22:16:00,Startup,debit,US-West,mobile_ios,success,None,30.62
TX_00009366,2025-01-28 22:18:00,SMB,credit_card,US-East,mobile_android,success,None,87.81
TX_00009367,2025-01-28 22:22:00,SMB,credit_card,US-East,desktop,success,None,87.3
TX_00009368,2025-01-28 22:28:00,SMB,crypto,EU-Central,mobile_ios,success,None,65.69
TX_00009369,2025-01-28 22:32:00,Enterprise,credit_card,US-West,desktop,success,None,190.78
TX_00009370,2025-01-28 22:51:00,SMB,debit,US-East,mobile_ios,success,None,119.37
TX_00009371,2025-01-28 23:00:00,Enterprise,credit_card,US-West,mobile_ios,success,None,142.55
TX_00009372,2025-01-28 23:02:00,SMB,credit_card,APAC,mobile_ios,success,None,89.84
TX_00009373,2025-01-28 23:17:00,Enterprise,credit_card,US-East,mobile_android,success,None,162.98
TX_00009374,2025-01-28 23:27:00,Enterprise,crypto,US-West,desktop,success,None,131.85
TX_00009375,2025-01-28 23:28:00,SMB,credit_card,EU-Central,desktop,success,None,82.93
TX_00009376,2025-01-28 23:34:00,SMB,debit,US-West,desktop,success,None,82.62
TX_00009377,2025-01-28 23:37:00,Enterprise,crypto,US-East,mobile_ios,success,None,178.7
TX_00009378,2025-01-28 23:39:00,SMB,credit_card,US-East,mobile_android,success,None,58.22
TX_00009379,2025-01-28 23:52:00,Startup,debit,EU-Central,desktop,success,None,50.17
TX_00009380,2025-01-28 23:57:00,Startup,debit,APAC,desktop,success,None,40.35
TX_00009381,2025-01-29 00:05:00,Enterprise,credit_card,EU-Central,mobile_ios,success,None,224.97
TX_00009382,2025-01-29 00:08:00,SMB,credit_card,APAC,desktop,success,None,86.38
TX_00009383,2025-01-29 00:09:00,Startup,credit_card,US-West,desktop,success,None,42.19
TX_00009384,2025-01-29 00:22:00,Enterprise,debit,APAC,desktop,success,None,152.34
TX_00009385,2025-01-29 00:25:00,Startup,debit,US-West,mobile_ios,success,None,32.37
TX_00009386,2025-01-29 00:35:00,Startup,credit_card,APAC,desktop,success,None,37.28
TX_00009387,2025-01-29 00:43:00,Startup,credit_card,US-East,desktop,success,None,35.67
TX_00009388,2025-01-29 00:46:00,Startup,crypto,EU-Central,mobile_ios,success,None,51.11
TX_00009389,2025-01-29 00:52:00,Startup,credit_card,US-East,mobile_android,success,None,36.31
TX_00009390,2025-01-29 00:53:00,Startup,debit,US-East,desktop,success,None,31.65
TX_00009391,2025-01-29 00:59:00,Startup,credit_card,US-West,mobile_ios,success,None,52.02
TX_00009392,2025-01-29 01:05:00,Startup,debit,US-East,mobile_ios,success,None,33.57
TX_00009393,2025-01-29 01:06:00,Startup,crypto,US-East,mobile_android,success,None,36.89
TX_00009394,2025-01-29 01:07:00,SMB,credit_card,APAC,mobile_ios,success,None,65.8
TX_00009395,2025-01-29 01:07:00,SMB,credit_card,US-West,mobile_ios,success,None,94.2
TX_00009396,2025-01-29 01:08:00,Startup,credit_card,APAC,mobile_ios,success,None,57.89
TX_00009397,2025-01-29 01:10:00,Enterprise,credit_card,APAC,desktop,success,None,163.54
TX_00009398,2025-01-29 01:17:00,Startup,credit_card,US-East,mobile_ios,success,None,30.11
TX_00009399,2025-01-29 01:19:00,Startup,debit,US-East,mobile_ios,success,None,36.09
TX_00009400,2025-01-29 01:31:00,Startup,credit_card,US-East,desktop,success,None,49.93
TX_00009401,2025-01-29 01:39:00,Startup,credit_card,US-West,desktop,success,None,39.98
TX_00009402,2025-01-29 01:57:00,Startup,debit,US-West,desktop,success,None,29.44
TX_00009403,2025-01-29 02:01:00,Enterprise,debit,US-West,desktop,success,None,173.37
TX_00009404,2025-01-29 02:06:00,Startup,credit_card,US-East,mobile_ios,success,None,39.49
TX_00009405,2025-01-29 02:07:00,SMB,debit,US-East,mobile_android,failed,Invalid PIN,0.0
TX_00009406,2025-01-29 02:16:00,SMB,debit,US-West,desktop,success,None,87.04
TX_00009407,2025-01-29 02:20:00,SMB,credit_card,US-East,desktop,success,None,83.15
TX_00009408,2025-01-29 02:21:00,SMB,credit_card,EU-Central,mobile_android,success,None,101.0
TX_00009409,2025-01-29 02:21:00,SMB,credit_card,US-East,mobile_ios,success,None,82.67
TX_00009410,2025-01-29 02:29:00,SMB,debit,US-East,mobile_android,success,None,85.38
TX_00009411,2025-01-29 02:29:00,Startup,debit,US-East,desktop,success,None,58.18
TX_00009412,2025-01-29 02:33:00,Startup,debit,EU-Central,mobile_android,success,None,51.07
TX_00009413,2025-01-29 02:35:00,SMB,credit_card,US-East,mobile_android,success,None,51.26
TX_00009414,2025-01-29 02:37:00,SMB,credit_card,US-East,desktop,success,None,86.76
TX_00009415,2025-01-29 02:43:00,Startup,debit,US-West,desktop,success,None,35.96
TX_00009416,2025-01-29 02:46:00,Startup,credit_card,APAC,desktop,success,None,52.51
TX_00009417,2025-01-29 02:55:00,Startup,credit_card,APAC,desktop,success,None,40.52
TX_00009418,2025-01-29 03:02:00,Enterprise,credit_card,US-East,mobile_android,success,None,148.87
TX_00009419,2025-01-29 03:05:00,Startup,debit,EU-Central,desktop,success,None,35.25
TX_00009420,2025-01-29 03:10:00,SMB,credit_card,US-East,mobile_ios,success,None,74.57
TX_00009421,2025-01-29 03:22:00,Startup,credit_card,US-East,mobile_android,success,None,42.69
TX_00009422,2025-01-29 03:24:00,Enterprise,debit,US-West,desktop,success,None,134.54
TX_00009423,2025-01-29 03:37:00,SMB,debit,US-East,mobile_ios,success,None,72.37
TX_00009424,2025-01-29 03:42:00,SMB,debit,EU-Central,desktop,success,None,53.6
TX_00009425,2025-01-29 03:44:00,SMB,debit,APAC,desktop,success,None,64.86
TX_00009426,2025-01-29 03:44:00,SMB,credit_card,US-East,mobile_android,success,None,91.17
TX_00009427,2025-01-29 03:45:00,Startup,credit_card,US-East,desktop,success,None,47.91
TX_00009428,2025-01-29 03:46:00,Startup,debit,US-West,desktop,success,None,17.69
TX_00009429,2025-01-29 03:55:00,SMB,credit_card,US-West,mobile_ios,success,None,67.4
TX_00009430,2025-01-29 04:03:00,SMB,debit,APAC,mobile_ios,success,None,89.74
TX_00009431,2025-01-29 04:06:00,SMB,debit,EU-Central,mobile_ios,success,None,54.99
TX_00009432,2025-01-29 04:12:00,Startup,credit_card,US-West,mobile_android,success,None,33.29
TX_00009433,2025-01-29 04:21:00,SMB,credit_card,US-East,desktop,success,None,93.0
TX_00009434,2025-01-29 04:23:00,SMB,credit_card,EU-Central,mobile_ios,success,None,56.72
TX_00009435,2025-01-29 04:25:00,SMB,credit_card,US-East,mobile_android,success,None,85.58
TX_00009436,2025-01-29 04:26:00,Startup,credit_card,APAC,desktop,success,None,29.72
TX_00009437,2025-01-29 04:31:00,SMB,crypto,US-East,mobile_ios,success,None,83.82
TX_00009438,2025-01-29 04:37:00,Enterprise,credit_card,US-West,desktop,success,None,159.67
TX_00009439,2025-01-29 04:40:00,Startup,debit,US-East,desktop,success,None,47.04
TX_00009440,2025-01-29 04:43:00,Startup,credit_card,US-West,desktop,success,None,24.69
TX_00009441,2025-01-29 04:52:00,Startup,credit_card,US-West,mobile_ios,success,None,40.42
TX_00009442,2025-01-29 04:57:00,Enterprise,credit_card,US-West,mobile_android,success,None,168.04
TX_00009443,2025-01-29 05:11:00,SMB,debit,EU-Central,mobile_ios,success,None,94.34
TX_00009444,2025-01-29 05:13:00,Startup,credit_card,US-West,mobile_android,success,None,26.23
TX_00009445,2025-01-29 05:14:00,Startup,credit_card,US-East,desktop,success,None,35.02
TX_00009446,2025-01-29 05:15:00,SMB,debit,EU-Central,desktop,success,None,87.23
TX_00009447,2025-01-29 05:23:00,SMB,credit_card,EU-Central,mobile_android,success,None,103.61
TX_00009448,2025-01-29 05:24:00,SMB,credit_card,US-East,mobile_android,success,None,81.63
TX_00009449,2025-01-29 05:40:00,SMB,credit_card,EU-Central,desktop,success,None,65.12
TX_00009450,2025-01-29 05:53:00,Startup,credit_card,APAC,mobile_ios,success,None,30.02
TX_00009451,2025-01-29 06:15:00,Startup,credit_card,US-West,desktop,success,None,30.48
TX_00009452,2025-01-29 06:16:00,SMB,credit_card,US-East,desktop,success,None,71.26
TX_00009453,2025-01-29 06:17:00,Enterprise,credit_card,US-West,mobile_android,success,None,150.97
TX_00009454,2025-01-29 06:21:00,Startup,debit,US-East,mobile_ios,success,None,49.47
TX_00009455,2025-01-29 06:23:00,Enterprise,debit,US-West,desktop,success,None,201.74
TX_00009456,2025-01-29 06:28:00,Startup,debit,US-West,desktop,success,None,42.45
TX_00009457,2025-01-29 06:38:00,Startup,debit,APAC,desktop,failed,Invalid PIN,0.0
TX_00009458,2025-01-29 06:38:00,Startup,credit_card,US-West,mobile_ios,success,None,38.71
TX_00009459,2025-01-29 06:39:00,SMB,debit,US-East,desktop,success,None,54.89
TX_00009460,2025-01-29 06:42:00,Enterprise,credit_card,EU-Central,mobile_android,failed,Card expired,0.0
TX_00009461,2025-01-29 06:47:00,SMB,debit,US-East,mobile_android,success,None,78.77
TX_00009462,2025-01-29 06:53:00,SMB,credit_card,US-East,desktop,success,None,78.82
TX_00009463,2025-01-29 06:54:00,SMB,credit_card,US-East,mobile_ios,success,None,84.16
TX_00009464,2025-01-29 06:56:00,Startup,debit,US-East,mobile_ios,success,None,60.7
TX_00009465,2025-01-29 06:58:00,Startup,debit,APAC,desktop,success,None,47.87
TX_00009466,2025-01-29 07:05:00,Startup,debit,US-West,desktop,success,None,38.91
TX_00009467,2025-01-29 07:07:00,SMB,credit_card,EU-Central,mobile_android,success,None,49.24
TX_00009468,2025-01-29 07:12:00,Startup,credit_card,US-East,desktop,success,None,47.48
TX_00009469,2025-01-29 07:17:00,Startup,credit_card,EU-Central,mobile_ios,success,None,43.69
TX_00009470,2025-01-29 07:20:00,SMB,credit_card,US-West,desktop,success,None,77.78
TX_00009471,2025-01-29 07:21:00,Startup,credit_card,US-West,desktop,success,None,16.38
TX_00009472,2025-01-29 07:24:00,SMB,credit_card,APAC,mobile_ios,success,None,91.26
TX_00009473,2025-01-29 07:24:00,SMB,credit_card,US-West,mobile_android,success,None,97.64
TX_00009474,2025-01-29 07:29:00,Enterprise,credit_card,US-West,desktop,success,None,105.98
TX_00009475,2025-01-29 07:30:00,Startup,debit,US-East,desktop,success,None,45.23
TX_00009476,2025-01-29 07:32:00,Startup,debit,US-East,mobile_ios,success,None,55.2
TX_00009477,2025-01-29 07:34:00,SMB,credit_card,EU-Central,desktop,success,None,66.85
TX_00009478,2025-01-29 07:35:00,SMB,credit_card,EU-Central,mobile_ios,success,None,79.74
TX_00009479,2025-01-29 07:45:00,Enterprise,credit_card,US-West,desktop,success,None,123.0
TX_00009480,2025-01-29 07:55:00,SMB,credit_card,APAC,mobile_ios,failed,Invalid PIN,0.0
TX_00009481,2025-01-29 08:01:00,SMB,debit,US-West,mobile_ios,success,None,81.32
TX_00009482,2025-01-29 08:06:00,SMB,debit,US-West,desktop,success,None,94.55
TX_00009483,2025-01-29 08:09:00,SMB,debit,US-East,desktop,success,None,56.38
TX_00009484,2025-01-29 08:18:00,Startup,credit_card,US-West,desktop,success,None,36.12
TX_00009485,2025-01-29 08:21:00,SMB,debit,US-East,desktop,success,None,76.88
TX_00009486,2025-01-29 08:28:00,Startup,credit_card,US-East,mobile_ios,success,None,21.89
TX_00009487,2025-01-29 08:43:00,Enterprise,credit_card,APAC,desktop,success,None,146.36
TX_00009488,2025-01-29 08:46:00,SMB,credit_card,US-East,mobile_ios,success,None,100.37
TX_00009489,2025-01-29 08:57:00,SMB,debit,US-East,mobile_ios,success,None,83.11
TX_00009490,2025-01-29 09:00:00,SMB,credit_card,US-East,desktop,success,None,75.14
TX_00009491,2025-01-29 09:03:00,Enterprise,credit_card,US-East,desktop,success,None,172.81
TX_00009492,2025-01-29 09:04:00,Startup,debit,US-East,mobile_ios,success,None,35.45
TX_00009493,2025-01-29 09:06:00,Startup,credit_card,US-East,desktop,success,None,41.14
TX_00009494,2025-01-29 09:10:00,Enterprise,credit_card,US-West,mobile_ios,success,None,152.55
TX_00009495,2025-01-29 09:14:00,SMB,credit_card,US-West,desktop,success,None,73.61
TX_00009496,2025-01-29 09:14:00,Startup,credit_card,EU-Central,desktop,success,None,42.41
TX_00009497,2025-01-29 09:15:00,Enterprise,debit,APAC,desktop,success,None,132.28
TX_00009498,2025-01-29 09:19:00,Startup,credit_card,US-West,desktop,success,None,35.33
TX_00009499,2025-01-29 09:20:00,Startup,credit_card,US-East,mobile_ios,success,None,40.26
TX_00009500,2025-01-29 09:33:00,Startup,credit_card,US-East,desktop,success,None,35.39
TX_00009501,2025-01-29 09:41:00,SMB,debit,EU-Central,desktop,success,None,93.93
TX_00009502,2025-01-29 09:42:00,SMB,credit_card,US-West,mobile_ios,success,None,89.7
TX_00009503,2025-01-29 10:07:00,SMB,debit,US-East,desktop,success,None,67.44
TX_00009504,2025-01-29 10:08:00,Startup,credit_card,US-East,desktop,failed,Insufficient funds,0.0
TX_00009505,2025-01-29 10:11:00,Startup,credit_card,EU-Central,mobile_android,success,None,35.41
TX_00009506,2025-01-29 10:15:00,Startup,crypto,US-West,desktop,success,None,57.42
TX_00009507,2025-01-29 10:15:00,Startup,credit_card,US-West,mobile_android,success,None,33.92
TX_00009508,2025-01-29 10:20:00,Startup,credit_card,US-East,desktop,success,None,23.13
TX_00009509,2025-01-29 10:21:00,Startup,credit_card,US-West,desktop,success,None,37.19
TX_00009510,2025-01-29 10:23:00,Startup,credit_card,EU-Central,mobile_android,success,None,44.45
TX_00009511,2025-01-29 10:33:00,Startup,credit_card,EU-Central,mobile_ios,success,None,66.02
TX_00009512,2025-01-29 10:37:00,SMB,crypto,EU-Central,desktop,success,None,76.26
TX_00009513,2025-01-29 10:38:00,SMB,debit,US-West,mobile_ios,success,None,105.15
TX_00009514,2025-01-29 10:49:00,Startup,credit_card,US-West,desktop,success,None,47.67
TX_00009515,2025-01-29 10:50:00,SMB,credit_card,US-West,mobile_ios,success,None,73.6
TX_00009516,2025-01-29 10:55:00,SMB,debit,US-East,mobile_ios,success,None,65.99
TX_00009517,2025-01-29 10:58:00,Startup,credit_card,EU-Central,desktop,success,None,42.2
TX_00009518,2025-01-29 11:12:00,Startup,credit_card,US-West,desktop,success,None,46.53
TX_00009519,2025-01-29 11:14:00,Startup,debit,US-West,mobile_ios,success,None,47.27
TX_00009520,2025-01-29 11:16:00,SMB,debit,APAC,desktop,success,None,99.54
TX_00009521,2025-01-29 11:18:00,Startup,debit,APAC,desktop,success,None,53.01
TX_00009522,2025-01-29 11:22:00,SMB,debit,US-West,desktop,success,None,66.54
TX_00009523,2025-01-29 11:22:00,Startup,crypto,US-East,mobile_ios,success,None,36.29
TX_00009524,2025-01-29 11:23:00,Enterprise,credit_card,US-East,mobile_ios,success,None,162.97
TX_00009525,2025-01-29 11:24:00,Startup,debit,APAC,desktop,success,None,16.15
TX_00009526,2025-01-29 11:37:00,Startup,credit_card,US-East,mobile_android,success,None,20.01
TX_00009527,2025-01-29 11:45:00,SMB,credit_card,APAC,mobile_ios,success,None,75.98
TX_00009528,2025-01-29 11:54:00,Startup,credit_card,US-East,desktop,success,None,34.18
TX_00009529,2025-01-29 12:05:00,Startup,debit,US-West,mobile_android,success,None,24.68
TX_00009530,2025-01-29 12:25:00,SMB,credit_card,US-West,mobile_android,success,None,65.85
TX_00009531,2025-01-29 12:33:00,Enterprise,debit,US-East,desktop,success,None,142.46
TX_00009532,2025-01-29 12:35:00,SMB,debit,APAC,mobile_ios,success,None,70.79
TX_00009533,2025-01-29 12:40:00,SMB,credit_card,US-West,mobile_ios,success,None,84.79
TX_00009534,2025-01-29 12:41:00,Startup,debit,US-East,desktop,success,None,20.09
TX_00009535,2025-01-29 12:49:00,Startup,debit,US-East,desktop,success,None,55.46
TX_00009536,2025-01-29 12:50:00,Enterprise,debit,EU-Central,mobile_ios,success,None,149.56
TX_00009537,2025-01-29 12:53:00,SMB,credit_card,US-East,desktop,success,None,96.38
TX_00009538,2025-01-29 12:54:00,SMB,debit,EU-Central,mobile_android,success,None,51.52
TX_00009539,2025-01-29 13:01:00,Enterprise,debit,US-East,desktop,success,None,120.31
TX_00009540,2025-01-29 13:06:00,SMB,credit_card,US-East,mobile_android,success,None,69.86
TX_00009541,2025-01-29 13:07:00,SMB,credit_card,US-East,mobile_android,success,None,67.72
TX_00009542,2025-01-29 13:11:00,SMB,credit_card,US-East,mobile_ios,success,None,104.35
TX_00009543,2025-01-29 13:15:00,Startup,debit,US-East,desktop,success,None,34.54
TX_00009544,2025-01-29 13:15:00,Startup,credit_card,APAC,mobile_ios,success,None,43.16
TX_00009545,2025-01-29 13:24:00,Enterprise,credit_card,US-East,desktop,success,None,190.77
TX_00009546,2025-01-29 13:25:00,Startup,debit,US-East,mobile_ios,success,None,27.71
TX_00009547,2025-01-29 13:31:00,Startup,credit_card,US-East,desktop,success,None,18.88
TX_00009548,2025-01-29 13:36:00,Startup,crypto,US-West,mobile_android,success,None,56.27
TX_00009549,2025-01-29 13:39:00,SMB,credit_card,EU-Central,desktop,success,None,85.8
TX_00009550,2025-01-29 13:52:00,Startup,credit_card,EU-Central,mobile_ios,failed,Card expired,0.0
TX_00009551,2025-01-29 13:53:00,Startup,credit_card,US-East,mobile_android,success,None,25.57
TX_00009552,2025-01-29 13:57:00,SMB,crypto,US-West,mobile_ios,success,None,69.7
TX_00009553,2025-01-29 13:57:00,SMB,debit,US-West,desktop,success,None,69.43
TX_00009554,2025-01-29 14:00:00,Startup,crypto,US-West,desktop,success,None,43.53
TX_00009555,2025-01-29 14:07:00,Startup,debit,US-East,mobile_ios,success,None,25.77
TX_00009556,2025-01-29 14:08:00,Startup,credit_card,EU-Central,desktop,success,None,21.96
TX_00009557,2025-01-29 14:09:00,Startup,credit_card,US-East,desktop,success,None,30.23
TX_00009558,2025-01-29 14:22:00,Startup,credit_card,US-East,desktop,success,None,31.9
TX_00009559,2025-01-29 14:23:00,Enterprise,debit,US-East,mobile_ios,success,None,147.72
TX_00009560,2025-01-29 14:25:00,SMB,crypto,US-West,desktop,success,None,75.48
TX_00009561,2025-01-29 14:36:00,Startup,credit_card,US-East,mobile_android,success,None,17.55
TX_00009562,2025-01-29 14:36:00,SMB,debit,US-West,desktop,success,None,80.92
TX_00009563,2025-01-29 14:38:00,Enterprise,crypto,EU-Central,mobile_ios,success,None,111.03
TX_00009564,2025-01-29 14:43:00,Startup,credit_card,US-West,desktop,success,None,42.73
TX_00009565,2025-01-29 14:52:00,Startup,debit,US-West,mobile_android,success,None,24.07
TX_00009566,2025-01-29 14:52:00,SMB,credit_card,EU-Central,desktop,failed,Insufficient funds,0.0
TX_00009567,2025-01-29 14:53:00,SMB,debit,EU-Central,desktop,success,None,78.16
TX_00009568,2025-01-29 14:54:00,SMB,credit_card,US-East,desktop,success,None,75.86
TX_00009569,2025-01-29 14:56:00,Enterprise,credit_card,US-West,desktop,success,None,194.67
TX_00009570,2025-01-29 15:15:00,Startup,credit_card,EU-Central,desktop,success,None,44.41
TX_00009571,2025-01-29 15:15:00,SMB,crypto,US-East,mobile_ios,success,None,66.55
TX_00009572,2025-01-29 15:20:00,Startup,debit,US-East,desktop,success,None,37.58
TX_00009573,2025-01-29 15:23:00,Startup,credit_card,US-East,mobile_ios,success,None,23.56
TX_00009574,2025-01-29 15:27:00,Startup,crypto,APAC,mobile_ios,success,None,32.13
TX_00009575,2025-01-29 15:36:00,SMB,debit,US-East,mobile_android,success,None,84.45
TX_00009576,2025-01-29 15:38:00,SMB,debit,US-East,desktop,success,None,95.71
TX_00009577,2025-01-29 15:46:00,SMB,credit_card,US-West,desktop,success,None,74.97
TX_00009578,2025-01-29 15:49:00,SMB,credit_card,EU-Central,desktop,success,None,70.58
TX_00009579,2025-01-29 16:02:00,Startup,debit,US-East,desktop,success,None,34.79
TX_00009580,2025-01-29 16:14:00,SMB,credit_card,EU-Central,desktop,success,None,74.18
TX_00009581,2025-01-29 16:17:00,Startup,credit_card,US-West,desktop,success,None,44.42
TX_00009582,2025-01-29 16:22:00,Enterprise,credit_card,US-West,desktop,success,None,195.87
TX_00009583,2025-01-29 16:27:00,Enterprise,credit_card,EU-Central,mobile_ios,success,None,108.32
TX_00009584,2025-01-29 16:31:00,Startup,credit_card,US-East,desktop,success,None,33.78
TX_00009585,2025-01-29 16:36:00,SMB,crypto,APAC,desktop,success,None,55.53
TX_00009586,2025-01-29 16:41:00,SMB,credit_card,EU-Central,desktop,success,None,68.33
TX_00009587,2025-01-29 16:43:00,SMB,credit_card,APAC,mobile_ios,success,None,80.3
TX_00009588,2025-01-29 16:48:00,SMB,credit_card,EU-Central,mobile_ios,success,None,60.51
TX_00009589,2025-01-29 16:54:00,Startup,debit,EU-Central,mobile_ios,success,None,48.0
TX_00009590,2025-01-29 16:57:00,Enterprise,debit,US-East,mobile_android,success,None,126.37
TX_00009591,2025-01-29 17:06:00,SMB,debit,US-East,mobile_ios,success,None,90.86
TX_00009592,2025-01-29 17:07:00,SMB,credit_card,US-East,desktop,success,None,72.43
TX_00009593,2025-01-29 17:08:00,Startup,credit_card,US-East,desktop,success,None,38.5
TX_00009594,2025-01-29 17:20:00,SMB,debit,EU-Central,mobile_android,success,None,88.64
TX_00009595,2025-01-29 17:41:00,Enterprise,crypto,US-East,mobile_ios,success,None,205.83
TX_00009596,2025-01-29 17:41:00,SMB,debit,US-East,mobile_ios,success,None,72.49
TX_00009597,2025-01-29 17:55:00,Enterprise,credit_card,EU-Central,mobile_ios,success,None,109.01
TX_00009598,2025-01-29 18:01:00,SMB,credit_card,APAC,desktop,success,None,108.99
TX_00009599,2025-01-29 18:01:00,Enterprise,credit_card,EU-Central,mobile_android,success,None,168.86
TX_00009600,2025-01-29 18:20:00,SMB,debit,EU-Central,desktop,success,None,70.02
TX_00009601,2025-01-29 18:20:00,Enterprise,credit_card,US-West,desktop,success,None,152.68
TX_00009602,2025-01-29 18:24:00,SMB,credit_card,EU-Central,desktop,success,None,83.65
TX_00009603,2025-01-29 18:27:00,Startup,credit_card,US-West,mobile_ios,success,None,35.55
TX_00009604,2025-01-29 18:30:00,Startup,credit_card,APAC,desktop,success,None,28.29
TX_00009605,2025-01-29 18:30:00,Enterprise,credit_card,US-East,desktop,success,None,144.85
TX_00009606,2025-01-29 18:30:00,SMB,credit_card,EU-Central,mobile_ios,success,None,61.26
TX_00009607,2025-01-29 18:34:00,Startup,debit,US-West,desktop,success,None,62.0
TX_00009608,2025-01-29 18:39:00,Startup,credit_card,US-West,desktop,success,None,53.49
TX_00009609,2025-01-29 18:45:00,Enterprise,credit_card,EU-Central,mobile_ios,success,None,184.05
TX_00009610,2025-01-29 18:48:00,Startup,credit_card,EU-Central,mobile_ios,success,None,22.6
TX_00009611,2025-01-29 18:49:00,SMB,credit_card,EU-Central,desktop,success,None,74.01
TX_00009612,2025-01-29 18:58:00,SMB,debit,US-East,mobile_ios,success,None,61.62
TX_00009613,2025-01-29 18:59:00,Startup,credit_card,US-East,mobile_ios,success,None,42.94
TX_00009614,2025-01-29 19:13:00,Startup,debit,US-East,desktop,success,None,18.97
TX_00009615,2025-01-29 19:15:00,Startup,credit_card,US-East,desktop,success,None,53.86
TX_00009616,2025-01-29 19:26:00,SMB,debit,US-East,desktop,success,None,76.65
TX_00009617,2025-01-29 19:45:00,SMB,credit_card,EU-Central,mobile_ios,success,None,77.12
TX_00009618,2025-01-29 19:45:00,Startup,credit_card,US-West,mobile_ios,success,None,39.28
TX_00009619,2025-01-29 19:48:00,SMB,debit,EU-Central,desktop,success,None,64.3
TX_00009620,2025-01-29 19:53:00,SMB,credit_card,US-West,mobile_ios,success,None,90.1
TX_00009621,2025-01-29 19:55:00,SMB,credit_card,US-West,mobile_android,success,None,75.75
TX_00009622,2025-01-29 20:00:00,Enterprise,debit,US-East,desktop,success,None,158.68
TX_00009623,2025-01-29 20:03:00,SMB,credit_card,EU-Central,mobile_android,success,None,37.74
TX_00009624,2025-01-29 20:28:00,Startup,credit_card,EU-Central,mobile_android,success,None,48.94
TX_00009625,2025-01-29 20:35:00,Startup,credit_card,US-East,mobile_ios,success,None,26.84
TX_00009626,2025-01-29 20:36:00,SMB,crypto,US-East,mobile_android,success,None,59.78
TX_00009627,2025-01-29 20:40:00,Startup,debit,US-East,desktop,success,None,39.91
TX_00009628,2025-01-29 20:43:00,Enterprise,credit_card,EU-Central,desktop,success,None,154.33
TX_00009629,2025-01-29 20:43:00,Startup,credit_card,EU-Central,mobile_android,success,None,53.66
TX_00009630,2025-01-29 20:48:00,SMB,credit_card,US-West,desktop,success,None,83.21
TX_00009631,2025-01-29 20:50:00,Startup,credit_card,US-East,desktop,success,None,47.28
TX_00009632,2025-01-29 20:54:00,Startup,debit,US-East,desktop,success,None,44.57
TX_00009633,2025-01-29 20:56:00,SMB,credit_card,US-East,mobile_ios,success,None,94.84
TX_00009634,2025-01-29 20:56:00,SMB,credit_card,US-East,desktop,success,None,114.1
TX_00009635,2025-01-29 20:57:00,Startup,crypto,US-East,desktop,success,None,36.35
TX_00009636,2025-01-29 21:00:00,Enterprise,debit,US-East,mobile_android,success,None,133.38
TX_00009637,2025-01-29 21:25:00,Startup,debit,US-West,desktop,success,None,37.15
TX_00009638,2025-01-29 21:25:00,Startup,debit,US-East,mobile_ios,success,None,56.15
TX_00009639,2025-01-29 21:26:00,SMB,debit,US-West,desktop,success,None,69.38
TX_00009640,2025-01-29 21:29:00,Startup,credit_card,US-West,desktop,success,None,39.64
TX_00009641,2025-01-29 21:32:00,Startup,credit_card,US-West,desktop,success,None,30.24
TX_00009642,2025-01-29 21:35:00,Startup,credit_card,US-West,mobile_ios,success,None,35.62
TX_00009643,2025-01-29 21:41:00,SMB,credit_card,US-East,mobile_ios,success,None,67.5
TX_00009644,2025-01-29 21:41:00,SMB,debit,EU-Central,mobile_ios,success,None,75.91
TX_00009645,2025-01-29 21:47:00,Enterprise,credit_card,APAC,desktop,success,None,158.48
TX_00009646,2025-01-29 21:57:00,Startup,credit_card,US-East,mobile_android,success,None,43.54
TX_00009647,2025-01-29 22:12:00,Startup,credit_card,US-East,desktop,success,None,33.31
TX_00009648,2025-01-29 22:21:00,Startup,credit_card,EU-Central,desktop,success,None,23.46
TX_00009649,2025-01-29 22:22:00,SMB,debit,APAC,mobile_android,success,None,102.24
TX_00009650,2025-01-29 22:29:00,Enterprise,debit,US-East,desktop,success,None,173.78
TX_00009651,2025-01-29 22:34:00,Startup,credit_card,US-East,mobile_ios,success,None,63.03
TX_00009652,2025-01-29 22:39:00,Startup,credit_card,EU-Central,desktop,success,None,36.25
TX_00009653,2025-01-29 22:40:00,Startup,debit,US-East,desktop,success,None,15.34
TX_00009654,2025-01-29 22:48:00,Startup,debit,APAC,mobile_ios,success,None,54.9
TX_00009655,2025-01-29 22:49:00,Startup,credit_card,US-East,desktop,success,None,38.21
TX_00009656,2025-01-29 22:51:00,Startup,crypto,EU-Central,desktop,success,None,30.7
TX_00009657,2025-01-29 22:52:00,Startup,crypto,US-East,desktop,success,None,40.65
TX_00009658,2025-01-29 23:01:00,SMB,crypto,US-East,desktop,success,None,72.49
TX_00009659,2025-01-29 23:08:00,Startup,debit,APAC,mobile_android,success,None,40.44
TX_00009660,2025-01-29 23:32:00,Startup,crypto,US-East,mobile_android,success,None,35.0
TX_00009661,2025-01-29 23:43:00,SMB,credit_card,US-East,mobile_ios,success,None,60.38
TX_00009662,2025-01-29 23:50:00,Enterprise,debit,EU-Central,desktop,success,None,165.33
TX_00009663,2025-01-29 23:52:00,SMB,crypto,US-East,desktop,success,None,77.64
TX_00009664,2025-01-29 23:55:00,SMB,crypto,US-East,mobile_ios,success,None,97.65
TX_00009665,2025-01-29 23:57:00,SMB,debit,US-East,desktop,success,None,54.85
TX_00009666,2025-01-29 23:58:00,SMB,credit_card,US-West,desktop,success,None,88.0
TX_00009667,2025-01-30 00:13:00,SMB,credit_card,EU-Central,mobile_android,success,None,82.77
TX_00009668,2025-01-30 00:17:00,SMB,credit_card,EU-Central,desktop,success,None,100.46
TX_00009669,2025-01-30 00:19:00,Startup,debit,US-West,mobile_ios,success,None,39.81
TX_00009670,2025-01-30 00:19:00,SMB,credit_card,US-East,desktop,success,None,84.42
TX_00009671,2025-01-30 00:21:00,SMB,credit_card,US-East,mobile_ios,success,None,58.26
TX_00009672,2025-01-30 00:25:00,Enterprise,credit_card,EU-Central,desktop,success,None,86.42
TX_00009673,2025-01-30 00:26:00,SMB,debit,EU-Central,mobile_android,success,None,94.16
TX_00009674,2025-01-30 00:27:00,SMB,crypto,APAC,desktop,success,None,95.92
TX_00009675,2025-01-30 00:29:00,Startup,debit,APAC,mobile_android,success,None,23.89
TX_00009676,2025-01-30 00:36:00,Startup,debit,US-East,desktop,success,None,29.11
TX_00009677,2025-01-30 00:38:00,SMB,credit_card,US-West,mobile_ios,success,None,87.05
TX_00009678,2025-01-30 00:40:00,Startup,debit,US-West,mobile_android,success,None,54.95
TX_00009679,2025-01-30 00:42:00,SMB,credit_card,US-East,desktop,success,None,74.27
TX_00009680,2025-01-30 00:43:00,Startup,credit_card,US-East,desktop,success,None,40.98
TX_00009681,2025-01-30 00:44:00,Startup,crypto,EU-Central,mobile_android,success,None,40.97
TX_00009682,2025-01-30 00:54:00,SMB,debit,US-West,desktop,success,None,79.64
TX_00009683,2025-01-30 01:01:00,Startup,debit,US-West,mobile_ios,success,None,31.25
TX_00009684,2025-01-30 01:10:00,Startup,credit_card,US-West,desktop,success,None,42.07
TX_00009685,2025-01-30 01:11:00,Startup,credit_card,EU-Central,mobile_ios,success,None,39.67
TX_00009686,2025-01-30 01:12:00,Startup,credit_card,US-East,desktop,success,None,33.62
TX_00009687,2025-01-30 01:13:00,Startup,credit_card,US-West,mobile_ios,success,None,59.64
TX_00009688,2025-01-30 01:13:00,SMB,credit_card,US-West,desktop,success,None,58.73
TX_00009689,2025-01-30 01:24:00,Startup,credit_card,EU-Central,desktop,success,None,58.44
TX_00009690,2025-01-30 01:26:00,Startup,credit_card,US-West,desktop,success,None,44.55
TX_00009691,2025-01-30 01:26:00,Startup,debit,APAC,mobile_ios,success,None,48.59
TX_00009692,2025-01-30 01:30:00,Startup,crypto,US-East,desktop,success,None,29.42
TX_00009693,2025-01-30 01:35:00,SMB,debit,APAC,desktop,success,None,109.67
TX_00009694,2025-01-30 01:36:00,SMB,debit,EU-Central,mobile_ios,success,None,76.45
TX_00009695,2025-01-30 01:42:00,Enterprise,credit_card,US-West,desktop,success,None,177.8
TX_00009696,2025-01-30 01:43:00,SMB,debit,US-East,mobile_android,success,None,81.84
TX_00009697,2025-01-30 01:49:00,SMB,credit_card,US-East,mobile_ios,success,None,59.64
TX_00009698,2025-01-30 01:53:00,Startup,credit_card,EU-Central,mobile_ios,success,None,24.65
TX_00009699,2025-01-30 01:54:00,Startup,credit_card,US-West,desktop,success,None,54.59
TX_00009700,2025-01-30 01:55:00,Startup,credit_card,US-West,mobile_ios,success,None,19.63
TX_00009701,2025-01-30 01:56:00,SMB,debit,US-West,desktop,success,None,78.47
TX_00009702,2025-01-30 02:06:00,Startup,credit_card,EU-Central,mobile_android,success,None,47.71
TX_00009703,2025-01-30 02:14:00,Startup,debit,US-East,desktop,success,None,46.87
TX_00009704,2025-01-30 02:18:00,Startup,crypto,US-East,desktop,success,None,34.31
TX_00009705,2025-01-30 02:19:00,SMB,credit_card,US-East,desktop,success,None,75.23
TX_00009706,2025-01-30 02:21:00,SMB,credit_card,US-East,mobile_android,success,None,103.94
TX_00009707,2025-01-30 02:23:00,Startup,debit,US-West,mobile_ios,success,None,36.59
TX_00009708,2025-01-30 02:25:00,SMB,credit_card,EU-Central,desktop,success,None,78.08
TX_00009709,2025-01-30 02:27:00,Startup,credit_card,US-East,mobile_android,success,None,31.35
TX_00009710,2025-01-30 02:29:00,Startup,debit,US-East,desktop,success,None,44.61
TX_00009711,2025-01-30 02:30:00,Startup,crypto,US-West,mobile_ios,success,None,60.49
TX_00009712,2025-01-30 02:33:00,Startup,debit,APAC,mobile_ios,success,None,37.88
TX_00009713,2025-01-30 02:34:00,Startup,credit_card,US-East,mobile_android,success,None,25.53
TX_00009714,2025-01-30 02:34:00,Startup,credit_card,APAC,desktop,success,None,28.61
TX_00009715,2025-01-30 02:36:00,SMB,credit_card,US-East,desktop,success,None,83.69
TX_00009716,2025-01-30 02:39:00,SMB,credit_card,US-East,mobile_ios,success,None,69.6
TX_00009717,2025-01-30 02:52:00,SMB,credit_card,EU-Central,desktop,success,None,94.78
TX_00009718,2025-01-30 02:58:00,Enterprise,credit_card,US-West,desktop,success,None,144.36
TX_00009719,2025-01-30 03:01:00,SMB,crypto,EU-Central,mobile_ios,success,None,91.92
TX_00009720,2025-01-30 03:05:00,Enterprise,debit,EU-Central,mobile_ios,success,None,155.34
TX_00009721,2025-01-30 03:09:00,Startup,debit,US-East,desktop,failed,Insufficient funds,0.0
TX_00009722,2025-01-30 03:10:00,SMB,crypto,US-West,desktop,success,None,78.99
TX_00009723,2025-01-30 03:14:00,SMB,credit_card,US-West,desktop,success,None,92.31
TX_00009724,2025-01-30 03:24:00,Startup,credit_card,EU-Central,mobile_ios,success,None,52.32
TX_00009725,2025-01-30 03:31:00,Startup,debit,US-West,mobile_ios,success,None,32.22
TX_00009726,2025-01-30 03:31:00,Startup,crypto,US-East,mobile_android,success,None,53.04
TX_00009727,2025-01-30 03:33:00,Startup,credit_card,US-West,mobile_ios,success,None,69.84
TX_00009728,2025-01-30 03:34:00,SMB,credit_card,APAC,mobile_ios,success,None,67.67
TX_00009729,2025-01-30 03:34:00,SMB,debit,US-East,desktop,success,None,60.19
TX_00009730,2025-01-30 03:35:00,SMB,credit_card,US-East,desktop,success,None,106.92
TX_00009731,2025-01-30 03:36:00,SMB,credit_card,US-East,mobile_ios,success,None,91.88
TX_00009732,2025-01-30 03:39:00,SMB,credit_card,EU-Central,desktop,success,None,79.45
TX_00009733,2025-01-30 03:44:00,Startup,crypto,US-East,mobile_android,success,None,30.83
TX_00009734,2025-01-30 03:46:00,Enterprise,credit_card,US-East,mobile_android,success,None,120.05
TX_00009735,2025-01-30 03:48:00,SMB,debit,US-West,mobile_ios,success,None,77.68
TX_00009736,2025-01-30 03:49:00,SMB,credit_card,US-East,desktop,success,None,87.38
TX_00009737,2025-01-30 03:51:00,Startup,credit_card,US-East,mobile_ios,success,None,31.89
TX_00009738,2025-01-30 03:53:00,SMB,crypto,US-West,mobile_ios,success,None,72.0
TX_00009739,2025-01-30 03:56:00,SMB,credit_card,US-East,mobile_ios,success,None,108.27
TX_00009740,2025-01-30 04:03:00,Enterprise,credit_card,US-East,desktop,success,None,74.63
TX_00009741,2025-01-30 04:12:00,SMB,credit_card,US-East,mobile_android,success,None,87.13
TX_00009742,2025-01-30 04:25:00,Enterprise,debit,US-East,mobile_ios,success,None,147.31
TX_00009743,2025-01-30 04:25:00,SMB,credit_card,EU-Central,desktop,success,None,101.93
TX_00009744,2025-01-30 04:26:00,Enterprise,credit_card,US-West,desktop,success,None,123.37
TX_00009745,2025-01-30 04:29:00,Startup,debit,US-West,mobile_ios,success,None,25.34
TX_00009746,2025-01-30 04:37:00,SMB,credit_card,US-East,desktop,success,None,63.8
TX_00009747,2025-01-30 04:43:00,Startup,credit_card,US-East,desktop,success,None,37.42
TX_00009748,2025-01-30 04:48:00,SMB,debit,EU-Central,desktop,success,None,49.74
TX_00009749,2025-01-30 04:49:00,SMB,credit_card,US-East,mobile_android,success,None,80.8
TX_00009750,2025-01-30 04:49:00,Enterprise,credit_card,US-East,desktop,success,None,180.05
TX_00009751,2025-01-30 04:51:00,SMB,debit,EU-Central,desktop,success,None,78.19
TX_00009752,2025-01-30 04:56:00,SMB,crypto,EU-Central,desktop,success,None,67.08
TX_00009753,2025-01-30 04:58:00,SMB,credit_card,EU-Central,mobile_ios,success,None,78.55
TX_00009754,2025-01-30 05:05:00,Startup,credit_card,US-West,mobile_ios,success,None,29.53
TX_00009755,2025-01-30 05:10:00,Startup,debit,US-East,mobile_android,success,None,47.02
TX_00009756,2025-01-30 05:15:00,Startup,credit_card,APAC,mobile_ios,success,None,37.19
TX_00009757,2025-01-30 05:18:00,Enterprise,credit_card,APAC,mobile_ios,success,None,168.31
TX_00009758,2025-01-30 05:19:00,Startup,credit_card,US-East,desktop,success,None,42.68
TX_00009759,2025-01-30 05:20:00,Enterprise,debit,EU-Central,mobile_ios,success,None,198.19
TX_00009760,2025-01-30 05:24:00,Startup,credit_card,US-West,desktop,success,None,47.87
TX_00009761,2025-01-30 05:29:00,SMB,debit,US-West,mobile_ios,success,None,63.2
TX_00009762,2025-01-30 05:32:00,Enterprise,debit,US-East,desktop,success,None,139.75
TX_00009763,2025-01-30 05:32:00,Startup,credit_card,US-West,mobile_android,success,None,30.17
TX_00009764,2025-01-30 05:38:00,Startup,credit_card,US-East,mobile_ios,success,None,19.8
TX_00009765,2025-01-30 05:41:00,SMB,crypto,US-West,mobile_ios,success,None,75.0
TX_00009766,2025-01-30 05:47:00,Enterprise,credit_card,US-East,mobile_ios,success,None,146.93
TX_00009767,2025-01-30 05:52:00,SMB,credit_card,US-West,mobile_ios,success,None,56.85
TX_00009768,2025-01-30 06:02:00,Startup,debit,US-West,desktop,success,None,46.49
TX_00009769,2025-01-30 06:13:00,SMB,credit_card,EU-Central,desktop,success,None,102.78
TX_00009770,2025-01-30 06:17:00,Startup,credit_card,US-East,desktop,success,None,42.63
TX_00009771,2025-01-30 06:17:00,Enterprise,credit_card,EU-Central,desktop,success,None,182.82
TX_00009772,2025-01-30 06:18:00,SMB,credit_card,US-East,desktop,success,None,68.18
TX_00009773,2025-01-30 06:36:00,Startup,credit_card,EU-Central,desktop,success,None,40.68
TX_00009774,2025-01-30 07:08:00,SMB,debit,US-West,mobile_android,success,None,84.63
TX_00009775,2025-01-30 07:27:00,Enterprise,crypto,EU-Central,mobile_ios,success,None,151.49
TX_00009776,2025-01-30 07:35:00,SMB,credit_card,US-West,desktop,success,None,44.9
TX_00009777,2025-01-30 07:42:00,Startup,credit_card,US-West,desktop,success,None,31.55
TX_00009778,2025-01-30 07:44:00,Startup,credit_card,US-East,desktop,success,None,27.32
TX_00009779,2025-01-30 07:49:00,Startup,credit_card,APAC,desktop,success,None,38.26
TX_00009780,2025-01-30 07:49:00,Startup,credit_card,EU-Central,mobile_ios,success,None,24.91
TX_00009781,2025-01-30 07:50:00,Startup,credit_card,US-East,desktop,success,None,40.49
TX_00009782,2025-01-30 07:59:00,SMB,crypto,US-East,mobile_android,success,None,71.44
TX_00009783,2025-01-30 08:00:00,SMB,credit_card,EU-Central,desktop,success,None,76.91
TX_00009784,2025-01-30 08:03:00,Startup,credit_card,APAC,desktop,success,None,38.18
TX_00009785,2025-01-30 08:09:00,Startup,credit_card,US-East,mobile_android,success,None,29.77
TX_00009786,2025-01-30 08:15:00,Enterprise,credit_card,APAC,desktop,success,None,157.05
TX_00009787,2025-01-30 08:16:00,SMB,debit,US-East,desktop,success,None,101.69
TX_00009788,2025-01-30 08:21:00,SMB,credit_card,APAC,desktop,success,None,82.34
TX_00009789,2025-01-30 08:22:00,SMB,crypto,EU-Central,mobile_ios,success,None,60.46
TX_00009790,2025-01-30 08:24:00,SMB,credit_card,US-East,desktop,success,None,87.64
TX_00009791,2025-01-30 08:27:00,Startup,debit,US-East,mobile_android,success,None,31.72
TX_00009792,2025-01-30 08:27:00,Enterprise,crypto,US-West,mobile_android,success,None,175.29
TX_00009793,2025-01-30 08:34:00,Startup,credit_card,US-West,mobile_android,success,None,44.31
TX_00009794,2025-01-30 08:38:00,Startup,credit_card,APAC,desktop,success,None,38.65
TX_00009795,2025-01-30 08:41:00,Startup,debit,EU-Central,mobile_android,success,None,38.01
TX_00009796,2025-01-30 08:47:00,SMB,credit_card,US-West,mobile_ios,success,None,81.48
TX_00009797,2025-01-30 08:49:00,SMB,debit,APAC,desktop,success,None,57.94
TX_00009798,2025-01-30 08:51:00,SMB,credit_card,US-West,desktop,success,None,64.6
TX_00009799,2025-01-30 08:52:00,SMB,credit_card,EU-Central,mobile_ios,success,None,75.17
TX_00009800,2025-01-30 08:56:00,SMB,credit_card,EU-Central,mobile_ios,success,None,83.04
TX_00009801,2025-01-30 09:14:00,Startup,crypto,APAC,desktop,success,None,51.2
TX_00009802,2025-01-30 09:16:00,Enterprise,credit_card,US-East,mobile_ios,success,None,161.12
TX_00009803,2025-01-30 09:17:00,Startup,credit_card,US-West,mobile_android,success,None,39.84
TX_00009804,2025-01-30 09:17:00,Startup,credit_card,US-West,desktop,success,None,19.59
TX_00009805,2025-01-30 09:18:00,Startup,credit_card,US-West,desktop,success,None,51.69
TX_00009806,2025-01-30 09:20:00,Startup,credit_card,US-West,mobile_android,success,None,33.65
TX_00009807,2025-01-30 09:24:00,SMB,credit_card,EU-Central,desktop,success,None,91.79
TX_00009808,2025-01-30 09:30:00,Startup,debit,US-East,mobile_android,success,None,51.12
TX_00009809,2025-01-30 09:44:00,SMB,debit,US-West,mobile_ios,success,None,87.25
TX_00009810,2025-01-30 09:48:00,Startup,credit_card,US-East,desktop,success,None,50.86
TX_00009811,2025-01-30 09:51:00,SMB,credit_card,US-East,desktop,success,None,80.82
TX_00009812,2025-01-30 09:56:00,SMB,credit_card,US-West,desktop,success,None,57.12
TX_00009813,2025-01-30 09:58:00,SMB,debit,US-East,desktop,success,None,75.64
TX_00009814,2025-01-30 09:59:00,SMB,credit_card,US-East,mobile_ios,success,None,73.77
TX_00009815,2025-01-30 10:07:00,SMB,credit_card,US-West,desktop,success,None,101.68
TX_00009816,2025-01-30 10:08:00,SMB,credit_card,US-East,mobile_ios,success,None,104.37
TX_00009817,2025-01-30 10:12:00,Startup,debit,US-East,mobile_ios,success,None,41.68
TX_00009818,2025-01-30 10:39:00,SMB,crypto,EU-Central,mobile_ios,success,None,75.19
TX_00009819,2025-01-30 10:45:00,SMB,credit_card,EU-Central,mobile_android,success,None,77.8
TX_00009820,2025-01-30 10:46:00,SMB,credit_card,US-East,mobile_ios,success,None,88.14
TX_00009821,2025-01-30 10:49:00,SMB,credit_card,US-East,mobile_android,failed,Invalid PIN,0.0
TX_00009822,2025-01-30 10:57:00,SMB,credit_card,APAC,desktop,success,None,73.05
TX_00009823,2025-01-30 11:02:00,Startup,credit_card,US-East,mobile_ios,success,None,28.15
TX_00009824,2025-01-30 11:02:00,Enterprise,crypto,US-West,mobile_ios,success,None,141.69
TX_00009825,2025-01-30 11:09:00,SMB,credit_card,US-West,mobile_android,success,None,99.47
TX_00009826,2025-01-30 11:11:00,SMB,debit,EU-Central,mobile_ios,success,None,98.49
TX_00009827,2025-01-30 11:11:00,SMB,credit_card,APAC,desktop,success,None,71.19
TX_00009828,2025-01-30 11:15:00,SMB,debit,US-East,desktop,success,None,88.54
TX_00009829,2025-01-30 11:18:00,Startup,credit_card,US-West,desktop,success,None,41.12
TX_00009830,2025-01-30 11:40:00,SMB,credit_card,US-West,desktop,success,None,87.63
TX_00009831,2025-01-30 11:42:00,SMB,crypto,APAC,desktop,success,None,82.63
TX_00009832,2025-01-30 11:48:00,Startup,credit_card,EU-Central,mobile_android,success,None,40.98
TX_00009833,2025-01-30 11:50:00,SMB,credit_card,US-West,desktop,success,None,85.77
TX_00009834,2025-01-30 12:01:00,Startup,debit,EU-Central,desktop,failed,Card expired,0.0
TX_00009835,2025-01-30 12:07:00,SMB,credit_card,US-East,mobile_android,success,None,91.91
TX_00009836,2025-01-30 12:15:00,SMB,credit_card,US-East,desktop,success,None,68.68
TX_00009837,2025-01-30 12:18:00,Startup,debit,US-East,mobile_android,success,None,29.57
TX_00009838,2025-01-30 12:20:00,SMB,crypto,US-East,desktop,success,None,85.08
TX_00009839,2025-01-30 12:23:00,Startup,debit,US-West,desktop,success,None,50.57
TX_00009840,2025-01-30 12:26:00,SMB,credit_card,EU-Central,desktop,success,None,75.36
TX_00009841,2025-01-30 12:31:00,Startup,debit,US-West,mobile_android,success,None,54.1
TX_00009842,2025-01-30 12:32:00,Startup,debit,US-West,mobile_android,success,None,44.04
TX_00009843,2025-01-30 12:40:00,Startup,debit,US-East,mobile_android,success,None,13.87
TX_00009844,2025-01-30 12:50:00,Startup,debit,US-West,desktop,success,None,39.23
TX_00009845,2025-01-30 12:51:00,Startup,credit_card,US-West,mobile_android,success,None,43.55
TX_00009846,2025-01-30 12:53:00,SMB,credit_card,US-West,mobile_android,failed,Insufficient funds,0.0
TX_00009847,2025-01-30 12:53:00,SMB,debit,US-East,desktop,success,None,97.31
TX_00009848,2025-01-30 12:53:00,Enterprise,crypto,US-West,mobile_ios,success,None,133.36
TX_00009849,2025-01-30 12:54:00,Enterprise,credit_card,US-West,mobile_android,success,None,164.73
TX_00009850,2025-01-30 12:57:00,Startup,crypto,US-West,desktop,success,None,41.48
TX_00009851,2025-01-30 13:03:00,Enterprise,crypto,US-East,desktop,success,None,164.94
TX_00009852,2025-01-30 13:12:00,SMB,crypto,US-East,mobile_android,success,None,70.27
TX_00009853,2025-01-30 13:17:00,Startup,crypto,US-East,desktop,success,None,37.18
TX_00009854,2025-01-30 13:23:00,Enterprise,debit,EU-Central,mobile_android,success,None,128.17
TX_00009855,2025-01-30 13:25:00,SMB,debit,EU-Central,mobile_ios,success,None,102.1
TX_00009856,2025-01-30 13:27:00,SMB,debit,APAC,desktop,success,None,104.97
TX_00009857,2025-01-30 13:30:00,SMB,credit_card,US-West,desktop,success,None,79.27
TX_00009858,2025-01-30 13:31:00,Startup,credit_card,US-East,mobile_ios,success,None,32.78
TX_00009859,2025-01-30 13:38:00,SMB,credit_card,EU-Central,desktop,success,None,86.65
TX_00009860,2025-01-30 13:41:00,SMB,credit_card,US-West,desktop,success,None,72.0
TX_00009861,2025-01-30 13:49:00,Startup,credit_card,US-East,desktop,success,None,54.32
TX_00009862,2025-01-30 13:56:00,SMB,crypto,EU-Central,mobile_ios,success,None,83.79
TX_00009863,2025-01-30 13:58:00,Startup,debit,US-East,mobile_android,success,None,52.09
TX_00009864,2025-01-30 14:00:00,Startup,credit_card,US-East,mobile_ios,success,None,39.02
TX_00009865,2025-01-30 14:04:00,SMB,debit,EU-Central,mobile_ios,success,None,51.71
TX_00009866,2025-01-30 14:14:00,SMB,credit_card,EU-Central,desktop,success,None,74.6
TX_00009867,2025-01-30 14:16:00,Enterprise,credit_card,EU-Central,mobile_ios,success,None,121.15
TX_00009868,2025-01-30 14:18:00,Startup,debit,US-East,mobile_ios,success,None,39.98
TX_00009869,2025-01-30 14:24:00,Enterprise,credit_card,EU-Central,mobile_ios,success,None,123.49
TX_00009870,2025-01-30 14:26:00,SMB,debit,EU-Central,mobile_android,success,None,74.86
TX_00009871,2025-01-30 14:33:00,Startup,credit_card,EU-Central,mobile_ios,success,None,52.28
TX_00009872,2025-01-30 14:41:00,SMB,credit_card,EU-Central,mobile_android,success,None,59.24
TX_00009873,2025-01-30 14:42:00,SMB,debit,US-West,mobile_android,success,None,85.22
TX_00009874,2025-01-30 14:52:00,Startup,credit_card,US-East,desktop,success,None,39.34
TX_00009875,2025-01-30 15:02:00,SMB,crypto,EU-Central,mobile_ios,success,None,64.87
TX_00009876,2025-01-30 15:08:00,Startup,credit_card,US-West,mobile_android,success,None,53.94
TX_00009877,2025-01-30 15:14:00,Startup,credit_card,US-East,mobile_android,success,None,51.24
TX_00009878,2025-01-30 15:15:00,SMB,crypto,EU-Central,desktop,success,None,69.14
TX_00009879,2025-01-30 15:16:00,Startup,crypto,US-West,mobile_ios,success,None,35.83
TX_00009880,2025-01-30 15:19:00,SMB,credit_card,US-West,desktop,success,None,72.3
TX_00009881,2025-01-30 15:25:00,Startup,credit_card,US-East,desktop,success,None,46.19
TX_00009882,2025-01-30 15:41:00,Enterprise,debit,US-East,mobile_android,success,None,166.09
TX_00009883,2025-01-30 15:45:00,SMB,credit_card,US-East,mobile_android,success,None,87.64
TX_00009884,2025-01-30 15:52:00,SMB,credit_card,EU-Central,mobile_ios,success,None,69.91
TX_00009885,2025-01-30 15:59:00,Enterprise,debit,US-East,desktop,success,None,163.05
TX_00009886,2025-01-30 15:59:00,Startup,credit_card,US-East,mobile_android,success,None,52.91
TX_00009887,2025-01-30 15:59:00,Startup,credit_card,APAC,desktop,success,None,50.58
TX_00009888,2025-01-30 16:05:00,Startup,credit_card,US-East,desktop,success,None,50.76
TX_00009889,2025-01-30 16:07:00,SMB,crypto,US-West,desktop,success,None,75.59
TX_00009890,2025-01-30 16:13:00,SMB,debit,APAC,desktop,success,None,84.49
TX_00009891,2025-01-30 16:16:00,Startup,debit,US-West,mobile_ios,success,None,53.04
TX_00009892,2025-01-30 16:22:00,SMB,credit_card,EU-Central,desktop,success,None,102.87
TX_00009893,2025-01-30 16:28:00,Startup,credit_card,APAC,desktop,success,None,53.7
TX_00009894,2025-01-30 16:32:00,Startup,credit_card,EU-Central,mobile_android,success,None,25.53
TX_00009895,2025-01-30 16:39:00,Enterprise,credit_card,US-West,mobile_android,success,None,156.87
TX_00009896,2025-01-30 16:41:00,Startup,credit_card,US-East,desktop,success,None,47.16
TX_00009897,2025-01-30 16:50:00,Startup,credit_card,US-West,desktop,success,None,71.35
TX_00009898,2025-01-30 16:51:00,Startup,debit,EU-Central,mobile_ios,success,None,29.16
TX_00009899,2025-01-30 17:02:00,SMB,debit,EU-Central,desktop,success,None,72.36
TX_00009900,2025-01-30 17:03:00,SMB,credit_card,EU-Central,desktop,success,None,84.23
TX_00009901,2025-01-30 17:08:00,SMB,debit,US-West,desktop,success,None,61.73
TX_00009902,2025-01-30 17:28:00,SMB,debit,US-West,mobile_android,success,None,70.23
TX_00009903,2025-01-30 17:34:00,SMB,credit_card,US-East,mobile_android,success,None,79.49
TX_00009904,2025-01-30 17:35:00,Startup,credit_card,US-East,mobile_android,success,None,35.0
TX_00009905,2025-01-30 17:38:00,Startup,debit,EU-Central,mobile_ios,success,None,56.81
TX_00009906,2025-01-30 17:41:00,SMB,credit_card,US-East,mobile_ios,success,None,69.02
TX_00009907,2025-01-30 17:43:00,SMB,credit_card,US-East,desktop,success,None,97.91
TX_00009908,2025-01-30 17:48:00,Startup,credit_card,EU-Central,mobile_ios,success,None,28.33
TX_00009909,2025-01-30 17:52:00,SMB,credit_card,US-East,mobile_ios,success,None,60.24
TX_00009910,2025-01-30 17:53:00,Startup,crypto,APAC,mobile_ios,success,None,48.08
TX_00009911,2025-01-30 17:58:00,Startup,debit,US-East,desktop,success,None,39.18
TX_00009912,2025-01-30 18:05:00,Startup,credit_card,APAC,desktop,success,None,9.66
TX_00009913,2025-01-30 18:07:00,Startup,crypto,US-West,mobile_android,success,None,38.55
TX_00009914,2025-01-30 18:09:00,Startup,debit,US-East,desktop,success,None,52.7
TX_00009915,2025-01-30 18:16:00,SMB,debit,US-West,desktop,success,None,85.47
TX_00009916,2025-01-30 18:21:00,SMB,credit_card,EU-Central,desktop,success,None,98.7
TX_00009917,2025-01-30 18:23:00,SMB,credit_card,US-West,desktop,success,None,91.52
TX_00009918,2025-01-30 18:24:00,Enterprise,credit_card,US-West,desktop,success,None,145.03
TX_00009919,2025-01-30 18:30:00,Startup,credit_card,APAC,desktop,success,None,48.32
TX_00009920,2025-01-30 18:34:00,SMB,credit_card,US-East,mobile_ios,success,None,96.02
TX_00009921,2025-01-30 18:39:00,Startup,credit_card,EU-Central,desktop,success,None,29.21
TX_00009922,2025-01-30 18:40:00,SMB,credit_card,US-East,mobile_ios,success,None,88.09
TX_00009923,2025-01-30 18:51:00,SMB,credit_card,US-West,desktop,success,None,81.61
TX_00009924,2025-01-30 18:51:00,Startup,debit,US-East,desktop,success,None,42.23
TX_00009925,2025-01-30 18:59:00,SMB,credit_card,US-West,mobile_android,success,None,84.56
TX_00009926,2025-01-30 19:03:00,Startup,debit,US-East,mobile_ios,success,None,49.82
TX_00009927,2025-01-30 19:04:00,Startup,debit,US-East,mobile_ios,success,None,42.74
TX_00009928,2025-01-30 19:07:00,SMB,credit_card,US-West,desktop,success,None,86.55
TX_00009929,2025-01-30 19:07:00,SMB,credit_card,US-West,desktop,success,None,64.0
TX_00009930,2025-01-30 19:13:00,SMB,crypto,US-West,mobile_android,success,None,85.92
TX_00009931,2025-01-30 19:18:00,Startup,credit_card,US-West,desktop,failed,Insufficient funds,0.0
TX_00009932,2025-01-30 19:19:00,Startup,debit,US-East,mobile_android,success,None,43.94
TX_00009933,2025-01-30 19:28:00,SMB,debit,APAC,mobile_ios,success,None,83.13
TX_00009934,2025-01-30 19:28:00,Startup,credit_card,US-East,mobile_ios,success,None,36.02
TX_00009935,2025-01-30 19:29:00,SMB,credit_card,US-East,mobile_ios,success,None,88.94
TX_00009936,2025-01-30 19:29:00,Startup,credit_card,US-West,desktop,success,None,46.99
TX_00009937,2025-01-30 19:32:00,Startup,debit,EU-Central,desktop,success,None,42.53
TX_00009938,2025-01-30 19:33:00,Startup,debit,US-East,mobile_ios,success,None,51.46
TX_00009939,2025-01-30 19:33:00,Startup,crypto,US-East,mobile_android,success,None,22.5
TX_00009940,2025-01-30 19:39:00,SMB,credit_card,EU-Central,desktop,success,None,99.97
TX_00009941,2025-01-30 19:41:00,Startup,credit_card,US-West,desktop,success,None,43.57
TX_00009942,2025-01-30 19:42:00,SMB,credit_card,US-West,desktop,success,None,91.69
TX_00009943,2025-01-30 19:44:00,Startup,crypto,APAC,mobile_ios,success,None,38.5
TX_00009944,2025-01-30 19:46:00,SMB,credit_card,US-East,desktop,success,None,78.61
TX_00009945,2025-01-30 19:46:00,Startup,credit_card,US-West,mobile_android,success,None,43.04
TX_00009946,2025-01-30 19:51:00,Startup,crypto,US-East,mobile_ios,success,None,40.34
TX_00009947,2025-01-30 19:55:00,Startup,credit_card,US-East,mobile_android,success,None,40.31
TX_00009948,2025-01-30 19:56:00,Enterprise,credit_card,US-East,mobile_android,success,None,154.95
TX_00009949,2025-01-30 20:03:00,Startup,credit_card,US-West,desktop,success,None,38.63
TX_00009950,2025-01-30 20:04:00,Startup,credit_card,US-East,desktop,success,None,47.04
TX_00009951,2025-01-30 20:05:00,Startup,crypto,US-West,mobile_android,success,None,30.88
TX_00009952,2025-01-30 20:08:00,SMB,credit_card,APAC,mobile_ios,success,None,75.53
TX_00009953,2025-01-30 20:22:00,SMB,credit_card,EU-Central,desktop,success,None,67.43
TX_00009954,2025-01-30 20:26:00,Enterprise,credit_card,US-East,mobile_android,success,None,123.16
TX_00009955,2025-01-30 20:38:00,SMB,credit_card,US-East,desktop,success,None,93.71
TX_00009956,2025-01-30 20:40:00,SMB,credit_card,US-West,desktop,success,None,78.76
TX_00009957,2025-01-30 20:41:00,SMB,credit_card,US-East,mobile_ios,success,None,73.67
TX_00009958,2025-01-30 20:41:00,SMB,debit,APAC,mobile_android,success,None,97.66
TX_00009959,2025-01-30 20:42:00,SMB,credit_card,APAC,desktop,success,None,84.77
TX_00009960,2025-01-30 20:45:00,Enterprise,debit,US-West,desktop,success,None,152.52
TX_00009961,2025-01-30 20:45:00,Startup,credit_card,US-East,desktop,success,None,28.1
TX_00009962,2025-01-30 20:46:00,SMB,debit,APAC,mobile_android,success,None,90.82
TX_00009963,2025-01-30 20:53:00,SMB,credit_card,EU-Central,mobile_ios,success,None,93.69
TX_00009964,2025-01-30 20:56:00,SMB,credit_card,US-West,desktop,success,None,79.75
TX_00009965,2025-01-30 20:59:00,Startup,crypto,US-East,mobile_ios,success,None,44.44
TX_00009966,2025-01-30 21:01:00,Startup,credit_card,US-West,desktop,success,None,39.96
TX_00009967,2025-01-30 21:12:00,SMB,credit_card,APAC,mobile_ios,success,None,70.86
TX_00009968,2025-01-30 21:18:00,SMB,credit_card,US-East,mobile_android,success,None,79.41
TX_00009969,2025-01-30 21:19:00,Startup,credit_card,EU-Central,mobile_ios,success,None,32.98
TX_00009970,2025-01-30 21:19:00,SMB,credit_card,US-East,mobile_android,success,None,66.18
TX_00009971,2025-01-30 21:21:00,Enterprise,credit_card,APAC,mobile_ios,success,None,129.67
TX_00009972,2025-01-30 21:26:00,Enterprise,debit,US-West,desktop,success,None,165.06
TX_00009973,2025-01-30 21:32:00,Enterprise,debit,US-East,mobile_ios,success,None,143.4
TX_00009974,2025-01-30 21:36:00,Startup,debit,US-East,desktop,success,None,30.81
TX_00009975,2025-01-30 21:39:00,SMB,credit_card,US-West,mobile_ios,success,None,97.84
TX_00009976,2025-01-30 21:46:00,Startup,credit_card,US-East,mobile_ios,success,None,44.19
TX_00009977,2025-01-30 21:54:00,Startup,debit,US-West,mobile_android,success,None,39.11
TX_00009978,2025-01-30 21:56:00,SMB,credit_card,US-East,desktop,success,None,50.21
TX_00009979,2025-01-30 22:01:00,Enterprise,debit,US-East,mobile_android,success,None,170.85
TX_00009980,2025-01-30 22:02:00,Enterprise,credit_card,US-West,mobile_android,success,None,147.28
TX_00009981,2025-01-30 22:08:00,SMB,credit_card,US-West,desktop,success,None,69.92
TX_00009982,2025-01-30 22:26:00,SMB,debit,US-West,mobile_android,success,None,105.81
TX_00009983,2025-01-30 22:28:00,Startup,debit,US-West,desktop,success,None,37.02
TX_00009984,2025-01-30 22:31:00,SMB,debit,US-West,desktop,success,None,80.76
TX_00009985,2025-01-30 22:33:00,Startup,debit,US-West,mobile_android,success,None,33.55
TX_00009986,2025-01-30 22:36:00,SMB,debit,US-East,desktop,success,None,77.64
TX_00009987,2025-01-30 22:43:00,Startup,credit_card,US-East,mobile_ios,success,None,47.51
TX_00009988,2025-01-30 22:45:00,Startup,crypto,US-East,mobile_ios,success,None,30.78
TX_00009989,2025-01-30 22:49:00,Enterprise,debit,US-West,desktop,success,None,127.01
TX_00009990,2025-01-30 23:08:00,SMB,debit,US-West,mobile_ios,success,None,106.53
TX_00009991,2025-01-30 23:08:00,Enterprise,credit_card,US-West,desktop,success,None,113.6
TX_00009992,2025-01-30 23:18:00,Enterprise,crypto,EU-Central,desktop,success,None,155.96
TX_00009993,2025-01-30 23:22:00,SMB,credit_card,US-East,mobile_android,success,None,52.47
TX_00009994,2025-01-30 23:29:00,SMB,credit_card,US-West,mobile_android,success,None,86.26
TX_00009995,2025-01-30 23:29:00,SMB,credit_card,US-East,desktop,success,None,92.42
TX_00009996,2025-01-30 23:31:00,Startup,credit_card,EU-Central,desktop,success,None,22.3
TX_00009997,2025-01-30 23:38:00,SMB,credit_card,US-West,desktop,success,None,88.26
TX_00009998,2025-01-30 23:45:00,SMB,debit,EU-Central,mobile_android,success,None,76.01
TX_00009999,2025-01-30 23:54:00,Enterprise,debit,EU-Central,desktop,success,None,180.15
TX_00010000,2025-01-30 23:54:00,SMB,credit_card,EU-Central,desktop,success,None,93.9
