order_id,customer_id,order_amount,order_date
5001,864,50.31,2025-01-01 00:00:00
5002,61,235.2,2025-01-01 01:00:00
5003,367,160.17,2025-01-01 02:00:00
5004,641,412.97,2025-01-01 03:00:00
5005,265,37.92,2025-01-01 04:00:00
5006,388,215.12,2025-01-01 05:00:00
5007,825,234.63,2025-01-01 06:00:00
5008,1040,365.25,2025-01-01 07:00:00
5009,710,291.4,2025-01-01 08:00:00
5010,130,336.93,2025-01-01 09:00:00
5011,776,390.75,2025-01-01 10:00:00
5012,534,432.48,2025-01-01 11:00:00
5013,423,163.8,2025-01-01 12:00:00
5014,1025,273.63,2025-01-01 13:00:00
5015,759,421.65,2025-01-01 14:00:00
5016,249,494.83,2025-01-01 15:00:00
5017,586,445.86,2025-01-01 16:00:00
5018,515,192.02,2025-01-01 17:00:00
5019,138,105.63,2025-01-01 18:00:00
5020,317,249.8,2025-01-01 19:00:00
5021,704,373.4,2025-01-01 20:00:00
5022,620,251.36,2025-01-01 21:00:00
5023,971,246.76,2025-01-01 22:00:00
5024,538,420.73,2025-01-01 23:00:00
5025,926,187.09,2025-01-02 00:00:00
5026,587,431.3,2025-01-02 01:00:00
5027,96,209.33,2025-01-02 02:00:00
5028,337,170.83,2025-01-02 03:00:00
5029,827,232.46,2025-01-02 04:00:00
5030,65,383.6,2025-01-02 05:00:00
5031,760,71.74,2025-01-02 06:00:00
5032,450,106.25,2025-01-02 07:00:00
5033,968,476.21,2025-01-02 08:00:00
5034,843,95.99,2025-01-02 09:00:00
5035,1030,288.19,2025-01-02 10:00:00
5036,135,293.86,2025-01-02 11:00:00
5037,299,249.92,2025-01-02 12:00:00
5038,440,325.93,2025-01-02 13:00:00
5039,831,122.62,2025-01-02 14:00:00
5040,384,280.8,2025-01-02 15:00:00
5041,678,192.36,2025-01-02 16:00:00
5042,568,334.22,2025-01-02 17:00:00
5043,186,79.2,2025-01-02 18:00:00
5044,932,289.73,2025-01-02 19:00:00
5045,737,100.78,2025-01-02 20:00:00
5046,889,146.54,2025-01-02 21:00:00
5047,547,117.17,2025-01-02 22:00:00
5048,876,99.59,2025-01-02 23:00:00
5049,776,414.6,2025-01-03 00:00:00
5050,526,150.0,2025-01-03 01:00:00
5051,643,464.29,2025-01-03 02:00:00
5052,272,485.26,2025-01-03 03:00:00
5053,1039,289.92,2025-01-03 04:00:00
5054,421,80.07,2025-01-03 05:00:00
5055,984,193.53,2025-01-03 06:00:00
5056,1044,400.89,2025-01-03 07:00:00
5057,451,190.02,2025-01-03 08:00:00
5058,492,52.64,2025-01-03 09:00:00
5059,539,282.82,2025-01-03 10:00:00
5060,664,424.11,2025-01-03 11:00:00
5061,322,400.0,2025-01-03 12:00:00
5062,575,95.81,2025-01-03 13:00:00
5063,208,339.65,2025-01-03 14:00:00
5064,201,118.05,2025-01-03 15:00:00
5065,1044,116.92,2025-01-03 16:00:00
5066,669,438.3,2025-01-03 17:00:00
5067,237,132.34,2025-01-03 18:00:00
5068,862,138.99,2025-01-03 19:00:00
5069,147,10.32,2025-01-03 20:00:00
5070,180,436.63,2025-01-03 21:00:00
5071,854,398.37,2025-01-03 22:00:00
5072,220,317.39,2025-01-03 23:00:00
5073,985,377.63,2025-01-04 00:00:00
5074,1035,84.5,2025-01-04 01:00:00
5075,232,234.58,2025-01-04 02:00:00
5076,1032,182.1,2025-01-04 03:00:00
5077,413,55.95,2025-01-04 04:00:00
5078,88,248.2,2025-01-04 05:00:00
5079,576,461.16,2025-01-04 06:00:00
5080,937,29.63,2025-01-04 07:00:00
5081,546,152.82,2025-01-04 08:00:00
5082,565,111.7,2025-01-04 09:00:00
5083,398,126.69,2025-01-04 10:00:00
5084,1031,455.13,2025-01-04 11:00:00
5085,970,239.35,2025-01-04 12:00:00
5086,446,238.49,2025-01-04 13:00:00
5087,771,382.68,2025-01-04 14:00:00
5088,210,85.7,2025-01-04 15:00:00
5089,65,248.76,2025-01-04 16:00:00
5090,542,220.69,2025-01-04 17:00:00
5091,475,302.49,2025-01-04 18:00:00
5092,157,499.78,2025-01-04 19:00:00
5093,943,387.03,2025-01-04 20:00:00
5094,499,204.95,2025-01-04 21:00:00
5095,360,415.5,2025-01-04 22:00:00
5096,788,93.65,2025-01-04 23:00:00
5097,219,24.93,2025-01-05 00:00:00
5098,595,110.18,2025-01-05 01:00:00
5099,463,176.8,2025-01-05 02:00:00
5100,300,260.18,2025-01-05 03:00:00
5101,808,311.41,2025-01-05 04:00:00
5102,830,456.2,2025-01-05 05:00:00
5103,190,259.83,2025-01-05 06:00:00
5104,323,255.63,2025-01-05 07:00:00
5105,465,34.62,2025-01-05 08:00:00
5106,657,27.11,2025-01-05 09:00:00
5107,788,280.07,2025-01-05 10:00:00
5108,940,224.71,2025-01-05 11:00:00
5109,88,421.2,2025-01-05 12:00:00
5110,863,88.73,2025-01-05 13:00:00
5111,78,22.24,2025-01-05 14:00:00
5112,1007,230.03,2025-01-05 15:00:00
5113,526,126.36,2025-01-05 16:00:00
5114,367,34.31,2025-01-05 17:00:00
5115,294,365.05,2025-01-05 18:00:00
5116,797,64.68,2025-01-05 19:00:00
5117,746,308.08,2025-01-05 20:00:00
5118,321,147.71,2025-01-05 21:00:00
5119,489,95.01,2025-01-05 22:00:00
5120,797,196.08,2025-01-05 23:00:00
5121,288,402.71,2025-01-06 00:00:00
5122,426,202.13,2025-01-06 01:00:00
5123,315,377.88,2025-01-06 02:00:00
5124,975,71.49,2025-01-06 03:00:00
5125,970,388.66,2025-01-06 04:00:00
5126,408,126.1,2025-01-06 05:00:00
5127,389,341.92,2025-01-06 06:00:00
5128,438,287.23,2025-01-06 07:00:00
5129,626,465.28,2025-01-06 08:00:00
5130,1039,199.79,2025-01-06 09:00:00
5131,738,42.42,2025-01-06 10:00:00
5132,52,19.39,2025-01-06 11:00:00
5133,478,415.16,2025-01-06 12:00:00
5134,191,267.12,2025-01-06 13:00:00
5135,425,389.87,2025-01-06 14:00:00
5136,719,124.87,2025-01-06 15:00:00
5137,373,179.09,2025-01-06 16:00:00
5138,195,24.75,2025-01-06 17:00:00
5139,1007,481.13,2025-01-06 18:00:00
5140,342,337.26,2025-01-06 19:00:00
5141,714,467.27,2025-01-06 20:00:00
5142,481,140.09,2025-01-06 21:00:00
5143,754,309.62,2025-01-06 22:00:00
5144,998,342.46,2025-01-06 23:00:00
5145,1024,165.6,2025-01-07 00:00:00
5146,634,425.57,2025-01-07 01:00:00
5147,448,474.11,2025-01-07 02:00:00
5148,866,443.58,2025-01-07 03:00:00
5149,938,372.14,2025-01-07 04:00:00
5150,393,145.96,2025-01-07 05:00:00
5151,1013,147.99,2025-01-07 06:00:00
5152,189,482.05,2025-01-07 07:00:00
5153,236,15.04,2025-01-07 08:00:00
5154,854,360.86,2025-01-07 09:00:00
5155,110,356.06,2025-01-07 10:00:00
5156,1046,315.12,2025-01-07 11:00:00
5157,988,495.15,2025-01-07 12:00:00
5158,429,162.82,2025-01-07 13:00:00
5159,759,176.59,2025-01-07 14:00:00
5160,856,48.68,2025-01-07 15:00:00
5161,489,226.97,2025-01-07 16:00:00
5162,368,137.91,2025-01-07 17:00:00
5163,351,178.26,2025-01-07 18:00:00
5164,393,418.94,2025-01-07 19:00:00
5165,60,468.39,2025-01-07 20:00:00
5166,111,101.01,2025-01-07 21:00:00
5167,894,192.53,2025-01-07 22:00:00
5168,275,465.03,2025-01-07 23:00:00
5169,202,40.29,2025-01-08 00:00:00
5170,760,55.26,2025-01-08 01:00:00
5171,613,89.77,2025-01-08 02:00:00
5172,821,301.65,2025-01-08 03:00:00
5173,620,83.73,2025-01-08 04:00:00
5174,633,484.36,2025-01-08 05:00:00
5175,709,228.89,2025-01-08 06:00:00
5176,910,255.74,2025-01-08 07:00:00
5177,624,130.86,2025-01-08 08:00:00
5178,359,240.77,2025-01-08 09:00:00
5179,934,334.34,2025-01-08 10:00:00
5180,292,378.08,2025-01-08 11:00:00
5181,542,379.4,2025-01-08 12:00:00
5182,415,293.17,2025-01-08 13:00:00
5183,379,453.14,2025-01-08 14:00:00
5184,156,410.53,2025-01-08 15:00:00
5185,275,380.95,2025-01-08 16:00:00
5186,874,37.25,2025-01-08 17:00:00
5187,267,13.37,2025-01-08 18:00:00
5188,986,114.1,2025-01-08 19:00:00
5189,802,335.13,2025-01-08 20:00:00
5190,555,211.49,2025-01-08 21:00:00
5191,308,207.18,2025-01-08 22:00:00
5192,937,443.45,2025-01-08 23:00:00
5193,823,448.83,2025-01-09 00:00:00
5194,566,455.5,2025-01-09 01:00:00
5195,822,163.8,2025-01-09 02:00:00
5196,103,348.62,2025-01-09 03:00:00
5197,96,143.1,2025-01-09 04:00:00
5198,776,103.4,2025-01-09 05:00:00
5199,738,100.47,2025-01-09 06:00:00
5200,570,177.63,2025-01-09 07:00:00
5201,148,220.68,2025-01-09 08:00:00
5202,69,417.17,2025-01-09 09:00:00
5203,939,68.75,2025-01-09 10:00:00
5204,802,370.11,2025-01-09 11:00:00
5205,622,270.41,2025-01-09 12:00:00
5206,940,151.09,2025-01-09 13:00:00
5207,539,251.48,2025-01-09 14:00:00
5208,468,156.97,2025-01-09 15:00:00
5209,739,302.08,2025-01-09 16:00:00
5210,899,222.58,2025-01-09 17:00:00
5211,111,90.56,2025-01-09 18:00:00
5212,194,67.13,2025-01-09 19:00:00
5213,265,277.88,2025-01-09 20:00:00
5214,52,452.18,2025-01-09 21:00:00
5215,209,178.54,2025-01-09 22:00:00
5216,788,369.17,2025-01-09 23:00:00
5217,1047,332.74,2025-01-10 00:00:00
5218,830,466.46,2025-01-10 01:00:00
5219,169,412.28,2025-01-10 02:00:00
5220,942,287.64,2025-01-10 03:00:00
5221,138,331.94,2025-01-10 04:00:00
5222,378,450.21,2025-01-10 05:00:00
5223,629,205.76,2025-01-10 06:00:00
5224,959,170.13,2025-01-10 07:00:00
5225,406,15.3,2025-01-10 08:00:00
5226,659,415.01,2025-01-10 09:00:00
5227,316,402.48,2025-01-10 10:00:00
5228,666,61.18,2025-01-10 11:00:00
5229,1001,292.66,2025-01-10 12:00:00
5230,372,237.35,2025-01-10 13:00:00
5231,684,68.17,2025-01-10 14:00:00
5232,1037,490.48,2025-01-10 15:00:00
5233,590,115.2,2025-01-10 16:00:00
5234,698,42.94,2025-01-10 17:00:00
5235,244,301.48,2025-01-10 18:00:00
5236,970,372.04,2025-01-10 19:00:00
5237,787,25.9,2025-01-10 20:00:00
5238,381,332.77,2025-01-10 21:00:00
5239,219,270.82,2025-01-10 22:00:00
5240,570,60.6,2025-01-10 23:00:00
5241,512,94.54,2025-01-11 00:00:00
5242,89,288.31,2025-01-11 01:00:00
5243,586,155.22,2025-01-11 02:00:00
5244,310,469.77,2025-01-11 03:00:00
5245,444,411.18,2025-01-11 04:00:00
5246,1004,491.95,2025-01-11 05:00:00
5247,275,137.24,2025-01-11 06:00:00
5248,1033,485.16,2025-01-11 07:00:00
5249,173,221.3,2025-01-11 08:00:00
5250,1024,180.28,2025-01-11 09:00:00
5251,87,34.67,2025-01-11 10:00:00
5252,377,35.85,2025-01-11 11:00:00
5253,300,349.09,2025-01-11 12:00:00
5254,950,234.39,2025-01-11 13:00:00
5255,225,121.0,2025-01-11 14:00:00
5256,651,310.85,2025-01-11 15:00:00
5257,963,133.9,2025-01-11 16:00:00
5258,503,293.04,2025-01-11 17:00:00
5259,86,186.01,2025-01-11 18:00:00
5260,365,413.54,2025-01-11 19:00:00
5261,737,412.14,2025-01-11 20:00:00
5262,1022,243.9,2025-01-11 21:00:00
5263,845,181.9,2025-01-11 22:00:00
5264,1014,187.65,2025-01-11 23:00:00
5265,1022,404.8,2025-01-12 00:00:00
5266,642,170.81,2025-01-12 01:00:00
5267,163,112.44,2025-01-12 02:00:00
5268,89,51.5,2025-01-12 03:00:00
5269,350,238.68,2025-01-12 04:00:00
5270,273,246.24,2025-01-12 05:00:00
5271,367,422.05,2025-01-12 06:00:00
5272,398,118.41,2025-01-12 07:00:00
5273,164,196.69,2025-01-12 08:00:00
5274,747,406.12,2025-01-12 09:00:00
5275,372,413.58,2025-01-12 10:00:00
5276,617,198.46,2025-01-12 11:00:00
5277,89,234.97,2025-01-12 12:00:00
5278,915,158.61,2025-01-12 13:00:00
5279,89,466.95,2025-01-12 14:00:00
5280,908,68.14,2025-01-12 15:00:00
5281,1022,467.54,2025-01-12 16:00:00
5282,798,345.09,2025-01-12 17:00:00
5283,338,270.47,2025-01-12 18:00:00
5284,311,26.0,2025-01-12 19:00:00
5285,265,243.04,2025-01-12 20:00:00
5286,196,209.8,2025-01-12 21:00:00
5287,385,89.0,2025-01-12 22:00:00
5288,217,331.64,2025-01-12 23:00:00
5289,141,485.86,2025-01-13 00:00:00
5290,402,285.47,2025-01-13 01:00:00
5291,620,360.23,2025-01-13 02:00:00
5292,620,43.54,2025-01-13 03:00:00
5293,865,214.66,2025-01-13 04:00:00
5294,730,67.02,2025-01-13 05:00:00
5295,830,310.27,2025-01-13 06:00:00
5296,412,469.86,2025-01-13 07:00:00
5297,606,334.27,2025-01-13 08:00:00
5298,394,47.63,2025-01-13 09:00:00
5299,742,183.79,2025-01-13 10:00:00
5300,219,279.83,2025-01-13 11:00:00
5301,405,207.57,2025-01-13 12:00:00
5302,240,418.49,2025-01-13 13:00:00
5303,716,409.19,2025-01-13 14:00:00
5304,471,309.8,2025-01-13 15:00:00
5305,749,192.99,2025-01-13 16:00:00
5306,56,135.11,2025-01-13 17:00:00
5307,182,61.88,2025-01-13 18:00:00
5308,796,183.9,2025-01-13 19:00:00
5309,606,212.45,2025-01-13 20:00:00
5310,875,341.15,2025-01-13 21:00:00
5311,810,332.5,2025-01-13 22:00:00
5312,80,44.35,2025-01-13 23:00:00
5313,584,203.68,2025-01-14 00:00:00
5314,475,99.07,2025-01-14 01:00:00
5315,443,86.84,2025-01-14 02:00:00
5316,721,415.38,2025-01-14 03:00:00
5317,412,30.54,2025-01-14 04:00:00
5318,486,215.4,2025-01-14 05:00:00
5319,719,92.42,2025-01-14 06:00:00
5320,600,440.87,2025-01-14 07:00:00
5321,976,282.95,2025-01-14 08:00:00
5322,131,123.38,2025-01-14 09:00:00
5323,405,256.19,2025-01-14 10:00:00
5324,307,368.43,2025-01-14 11:00:00
5325,767,479.48,2025-01-14 12:00:00
5326,638,118.02,2025-01-14 13:00:00
5327,1038,444.23,2025-01-14 14:00:00
5328,573,467.81,2025-01-14 15:00:00
5329,344,459.05,2025-01-14 16:00:00
5330,1011,321.35,2025-01-14 17:00:00
5331,273,318.61,2025-01-14 18:00:00
5332,574,207.57,2025-01-14 19:00:00
5333,95,378.67,2025-01-14 20:00:00
5334,716,270.33,2025-01-14 21:00:00
5335,162,341.94,2025-01-14 22:00:00
5336,282,219.94,2025-01-14 23:00:00
5337,66,368.43,2025-01-15 00:00:00
5338,409,413.99,2025-01-15 01:00:00
5339,272,81.75,2025-01-15 02:00:00
5340,915,418.14,2025-01-15 03:00:00
5341,749,274.75,2025-01-15 04:00:00
5342,497,423.89,2025-01-15 05:00:00
5343,905,221.34,2025-01-15 06:00:00
5344,414,195.73,2025-01-15 07:00:00
5345,724,458.38,2025-01-15 08:00:00
5346,375,133.07,2025-01-15 09:00:00
5347,516,423.66,2025-01-15 10:00:00
5348,463,247.17,2025-01-15 11:00:00
5349,504,261.91,2025-01-15 12:00:00
5350,635,161.15,2025-01-15 13:00:00
5351,282,290.79,2025-01-15 14:00:00
5352,273,169.35,2025-01-15 15:00:00
5353,1043,29.24,2025-01-15 16:00:00
5354,880,143.28,2025-01-15 17:00:00
5355,461,13.13,2025-01-15 18:00:00
5356,621,489.39,2025-01-15 19:00:00
5357,384,483.22,2025-01-15 20:00:00
5358,271,203.63,2025-01-15 21:00:00
5359,86,366.9,2025-01-15 22:00:00
5360,1038,179.44,2025-01-15 23:00:00
5361,327,338.84,2025-01-16 00:00:00
5362,245,404.66,2025-01-16 01:00:00
5363,965,473.91,2025-01-16 02:00:00
5364,913,206.1,2025-01-16 03:00:00
5365,533,393.82,2025-01-16 04:00:00
5366,291,140.3,2025-01-16 05:00:00
5367,373,495.26,2025-01-16 06:00:00
5368,780,22.63,2025-01-16 07:00:00
5369,241,305.73,2025-01-16 08:00:00
5370,66,333.16,2025-01-16 09:00:00
5371,573,347.14,2025-01-16 10:00:00
5372,967,68.99,2025-01-16 11:00:00
5373,450,469.88,2025-01-16 12:00:00
5374,955,98.78,2025-01-16 13:00:00
5375,935,315.15,2025-01-16 14:00:00
5376,754,119.11,2025-01-16 15:00:00
5377,71,160.54,2025-01-16 16:00:00
5378,523,277.76,2025-01-16 17:00:00
5379,169,214.42,2025-01-16 18:00:00
5380,259,88.51,2025-01-16 19:00:00
5381,355,93.76,2025-01-16 20:00:00
5382,319,214.89,2025-01-16 21:00:00
5383,753,381.07,2025-01-16 22:00:00
5384,736,450.0,2025-01-16 23:00:00
5385,334,51.22,2025-01-17 00:00:00
5386,765,202.62,2025-01-17 01:00:00
5387,725,59.12,2025-01-17 02:00:00
5388,812,18.13,2025-01-17 03:00:00
5389,276,334.24,2025-01-17 04:00:00
5390,997,305.2,2025-01-17 05:00:00
5391,430,89.88,2025-01-17 06:00:00
5392,509,124.57,2025-01-17 07:00:00
5393,56,21.62,2025-01-17 08:00:00
5394,78,419.12,2025-01-17 09:00:00
5395,956,487.6,2025-01-17 10:00:00
5396,82,76.38,2025-01-17 11:00:00
5397,695,123.42,2025-01-17 12:00:00
5398,928,435.52,2025-01-17 13:00:00
5399,128,463.97,2025-01-17 14:00:00
5400,977,215.62,2025-01-17 15:00:00
5401,996,34.81,2025-01-17 16:00:00
5402,508,29.3,2025-01-17 17:00:00
5403,619,291.24,2025-01-17 18:00:00
5404,1032,202.52,2025-01-17 19:00:00
5405,587,24.04,2025-01-17 20:00:00
5406,531,295.79,2025-01-17 21:00:00
5407,479,15.54,2025-01-17 22:00:00
5408,787,395.81,2025-01-17 23:00:00
5409,334,160.15,2025-01-18 00:00:00
5410,565,29.73,2025-01-18 01:00:00
5411,1026,298.29,2025-01-18 02:00:00
5412,148,204.87,2025-01-18 03:00:00
5413,446,487.16,2025-01-18 04:00:00
5414,538,276.66,2025-01-18 05:00:00
5415,88,144.87,2025-01-18 06:00:00
5416,320,357.63,2025-01-18 07:00:00
5417,936,143.03,2025-01-18 08:00:00
5418,846,453.08,2025-01-18 09:00:00
5419,206,193.61,2025-01-18 10:00:00
5420,124,279.44,2025-01-18 11:00:00
5421,933,34.78,2025-01-18 12:00:00
5422,849,218.8,2025-01-18 13:00:00
5423,179,417.86,2025-01-18 14:00:00
5424,736,404.77,2025-01-18 15:00:00
5425,1023,119.92,2025-01-18 16:00:00
5426,133,120.78,2025-01-18 17:00:00
5427,71,410.48,2025-01-18 18:00:00
5428,508,465.9,2025-01-18 19:00:00
5429,588,56.73,2025-01-18 20:00:00
5430,756,230.53,2025-01-18 21:00:00
5431,898,175.35,2025-01-18 22:00:00
5432,431,436.64,2025-01-18 23:00:00
5433,797,50.93,2025-01-19 00:00:00
5434,489,113.45,2025-01-19 01:00:00
5435,653,378.71,2025-01-19 02:00:00
5436,1038,35.13,2025-01-19 03:00:00
5437,70,251.34,2025-01-19 04:00:00
5438,352,226.63,2025-01-19 05:00:00
5439,1025,173.86,2025-01-19 06:00:00
5440,918,203.34,2025-01-19 07:00:00
5441,1004,269.67,2025-01-19 08:00:00
5442,133,89.07,2025-01-19 09:00:00
5443,823,290.28,2025-01-19 10:00:00
5444,708,404.66,2025-01-19 11:00:00
5445,1002,382.48,2025-01-19 12:00:00
5446,502,85.41,2025-01-19 13:00:00
5447,436,83.13,2025-01-19 14:00:00
5448,556,141.41,2025-01-19 15:00:00
5449,306,186.93,2025-01-19 16:00:00
5450,619,210.14,2025-01-19 17:00:00
5451,941,343.05,2025-01-19 18:00:00
5452,983,37.77,2025-01-19 19:00:00
5453,576,26.99,2025-01-19 20:00:00
5454,211,202.04,2025-01-19 21:00:00
5455,1006,351.61,2025-01-19 22:00:00
5456,212,104.78,2025-01-19 23:00:00
5457,881,324.34,2025-01-20 00:00:00
5458,842,137.32,2025-01-20 01:00:00
5459,841,444.18,2025-01-20 02:00:00
5460,573,448.89,2025-01-20 03:00:00
5461,835,155.67,2025-01-20 04:00:00
5462,320,122.7,2025-01-20 05:00:00
5463,541,211.54,2025-01-20 06:00:00
5464,257,127.86,2025-01-20 07:00:00
5465,588,339.47,2025-01-20 08:00:00
5466,633,414.77,2025-01-20 09:00:00
5467,109,339.82,2025-01-20 10:00:00
5468,479,413.93,2025-01-20 11:00:00
5469,1034,204.53,2025-01-20 12:00:00
5470,706,86.6,2025-01-20 13:00:00
5471,654,371.6,2025-01-20 14:00:00
5472,358,186.63,2025-01-20 15:00:00
5473,569,338.92,2025-01-20 16:00:00
5474,640,142.62,2025-01-20 17:00:00
5475,76,49.8,2025-01-20 18:00:00
5476,735,496.37,2025-01-20 19:00:00
5477,611,86.54,2025-01-20 20:00:00
5478,248,494.33,2025-01-20 21:00:00
5479,436,488.87,2025-01-20 22:00:00
5480,398,398.97,2025-01-20 23:00:00
5481,1009,333.12,2025-01-21 00:00:00
5482,989,293.13,2025-01-21 01:00:00
5483,742,434.39,2025-01-21 02:00:00
5484,585,151.83,2025-01-21 03:00:00
5485,877,239.16,2025-01-21 04:00:00
5486,427,313.5,2025-01-21 05:00:00
5487,948,211.48,2025-01-21 06:00:00
5488,965,219.47,2025-01-21 07:00:00
5489,607,171.84,2025-01-21 08:00:00
5490,576,286.47,2025-01-21 09:00:00
5491,202,426.78,2025-01-21 10:00:00
5492,783,108.75,2025-01-21 11:00:00
5493,255,467.87,2025-01-21 12:00:00
5494,504,347.65,2025-01-21 13:00:00
5495,322,413.4,2025-01-21 14:00:00
5496,943,282.53,2025-01-21 15:00:00
5497,285,391.96,2025-01-21 16:00:00
5498,901,17.94,2025-01-21 17:00:00
5499,789,411.01,2025-01-21 18:00:00
5500,570,29.67,2025-01-21 19:00:00
5501,727,446.06,2025-01-21 20:00:00
5502,993,496.06,2025-01-21 21:00:00
5503,1005,154.09,2025-01-21 22:00:00
5504,880,113.06,2025-01-21 23:00:00
5505,775,385.03,2025-01-22 00:00:00
5506,550,133.98,2025-01-22 01:00:00
5507,166,434.13,2025-01-22 02:00:00
5508,435,60.39,2025-01-22 03:00:00
5509,393,71.72,2025-01-22 04:00:00
5510,633,489.78,2025-01-22 05:00:00
5511,444,340.18,2025-01-22 06:00:00
5512,113,424.97,2025-01-22 07:00:00
5513,766,168.92,2025-01-22 08:00:00
5514,770,341.48,2025-01-22 09:00:00
5515,121,301.18,2025-01-22 10:00:00
5516,838,305.54,2025-01-22 11:00:00
5517,323,344.44,2025-01-22 12:00:00
5518,1039,291.93,2025-01-22 13:00:00
5519,369,220.24,2025-01-22 14:00:00
5520,387,145.2,2025-01-22 15:00:00
5521,415,386.6,2025-01-22 16:00:00
5522,544,120.87,2025-01-22 17:00:00
5523,656,349.25,2025-01-22 18:00:00
5524,215,124.33,2025-01-22 19:00:00
5525,593,316.41,2025-01-22 20:00:00
5526,60,376.07,2025-01-22 21:00:00
5527,350,117.17,2025-01-22 22:00:00
5528,778,39.37,2025-01-22 23:00:00
5529,850,74.18,2025-01-23 00:00:00
5530,151,306.94,2025-01-23 01:00:00
5531,474,426.23,2025-01-23 02:00:00
5532,441,32.05,2025-01-23 03:00:00
5533,828,369.73,2025-01-23 04:00:00
5534,263,177.25,2025-01-23 05:00:00
5535,740,244.48,2025-01-23 06:00:00
5536,137,465.14,2025-01-23 07:00:00
5537,602,172.67,2025-01-23 08:00:00
5538,450,238.02,2025-01-23 09:00:00
5539,637,16.7,2025-01-23 10:00:00
5540,938,49.98,2025-01-23 11:00:00
5541,95,136.71,2025-01-23 12:00:00
5542,721,23.65,2025-01-23 13:00:00
5543,512,319.37,2025-01-23 14:00:00
5544,641,218.94,2025-01-23 15:00:00
5545,359,278.59,2025-01-23 16:00:00
5546,135,95.58,2025-01-23 17:00:00
5547,141,155.01,2025-01-23 18:00:00
5548,709,335.27,2025-01-23 19:00:00
5549,722,483.0,2025-01-23 20:00:00
5550,763,34.7,2025-01-23 21:00:00
5551,985,446.29,2025-01-23 22:00:00
5552,977,292.67,2025-01-23 23:00:00
5553,291,286.32,2025-01-24 00:00:00
5554,914,255.14,2025-01-24 01:00:00
5555,51,44.0,2025-01-24 02:00:00
5556,274,54.04,2025-01-24 03:00:00
5557,850,304.45,2025-01-24 04:00:00
5558,794,177.07,2025-01-24 05:00:00
5559,1022,459.46,2025-01-24 06:00:00
5560,975,209.23,2025-01-24 07:00:00
5561,978,80.21,2025-01-24 08:00:00
5562,638,360.21,2025-01-24 09:00:00
5563,165,153.74,2025-01-24 10:00:00
5564,715,267.48,2025-01-24 11:00:00
5565,967,351.94,2025-01-24 12:00:00
5566,152,451.13,2025-01-24 13:00:00
5567,243,398.17,2025-01-24 14:00:00
5568,215,341.42,2025-01-24 15:00:00
5569,920,343.02,2025-01-24 16:00:00
5570,139,473.5,2025-01-24 17:00:00
5571,735,154.95,2025-01-24 18:00:00
5572,171,10.54,2025-01-24 19:00:00
5573,192,143.26,2025-01-24 20:00:00
5574,1043,116.77,2025-01-24 21:00:00
5575,155,334.3,2025-01-24 22:00:00
5576,936,320.52,2025-01-24 23:00:00
5577,477,300.8,2025-01-25 00:00:00
5578,354,17.96,2025-01-25 01:00:00
5579,921,367.1,2025-01-25 02:00:00
5580,1020,168.53,2025-01-25 03:00:00
5581,366,335.88,2025-01-25 04:00:00
5582,1012,282.72,2025-01-25 05:00:00
5583,684,177.94,2025-01-25 06:00:00
5584,951,75.94,2025-01-25 07:00:00
5585,58,56.27,2025-01-25 08:00:00
5586,823,417.44,2025-01-25 09:00:00
5587,122,460.01,2025-01-25 10:00:00
5588,408,328.4,2025-01-25 11:00:00
5589,272,60.68,2025-01-25 12:00:00
5590,465,206.99,2025-01-25 13:00:00
5591,602,367.18,2025-01-25 14:00:00
5592,419,392.11,2025-01-25 15:00:00
5593,765,67.93,2025-01-25 16:00:00
5594,313,10.02,2025-01-25 17:00:00
5595,889,358.95,2025-01-25 18:00:00
5596,739,184.73,2025-01-25 19:00:00
5597,909,134.7,2025-01-25 20:00:00
5598,367,16.32,2025-01-25 21:00:00
5599,133,274.75,2025-01-25 22:00:00
5600,367,427.06,2025-01-25 23:00:00
5601,160,479.24,2025-01-26 00:00:00
5602,300,287.22,2025-01-26 01:00:00
5603,432,262.09,2025-01-26 02:00:00
5604,56,51.68,2025-01-26 03:00:00
5605,508,278.95,2025-01-26 04:00:00
5606,133,196.19,2025-01-26 05:00:00
5607,257,307.5,2025-01-26 06:00:00
5608,949,200.48,2025-01-26 07:00:00
5609,439,127.75,2025-01-26 08:00:00
5610,363,56.53,2025-01-26 09:00:00
5611,71,164.31,2025-01-26 10:00:00
5612,459,57.36,2025-01-26 11:00:00
5613,944,96.68,2025-01-26 12:00:00
5614,564,493.79,2025-01-26 13:00:00
5615,176,227.61,2025-01-26 14:00:00
5616,858,270.62,2025-01-26 15:00:00
5617,749,438.07,2025-01-26 16:00:00
5618,923,497.83,2025-01-26 17:00:00
5619,63,295.53,2025-01-26 18:00:00
5620,1020,408.11,2025-01-26 19:00:00
5621,1027,170.2,2025-01-26 20:00:00
5622,61,159.81,2025-01-26 21:00:00
5623,136,207.32,2025-01-26 22:00:00
5624,573,339.53,2025-01-26 23:00:00
5625,958,344.27,2025-01-27 00:00:00
5626,586,164.47,2025-01-27 01:00:00
5627,350,75.27,2025-01-27 02:00:00
5628,292,319.87,2025-01-27 03:00:00
5629,171,72.88,2025-01-27 04:00:00
5630,196,293.46,2025-01-27 05:00:00
5631,616,349.78,2025-01-27 06:00:00
5632,799,353.3,2025-01-27 07:00:00
5633,405,379.2,2025-01-27 08:00:00
5634,734,437.7,2025-01-27 09:00:00
5635,953,254.98,2025-01-27 10:00:00
5636,782,367.82,2025-01-27 11:00:00
5637,680,313.39,2025-01-27 12:00:00
5638,358,101.45,2025-01-27 13:00:00
5639,744,22.59,2025-01-27 14:00:00
5640,337,149.43,2025-01-27 15:00:00
5641,356,227.09,2025-01-27 16:00:00
5642,861,312.38,2025-01-27 17:00:00
5643,643,426.48,2025-01-27 18:00:00
5644,1015,106.16,2025-01-27 19:00:00
5645,963,71.52,2025-01-27 20:00:00
5646,772,482.11,2025-01-27 21:00:00
5647,711,62.94,2025-01-27 22:00:00
5648,598,244.46,2025-01-27 23:00:00
5649,401,296.93,2025-01-28 00:00:00
5650,361,275.27,2025-01-28 01:00:00
5651,922,52.16,2025-01-28 02:00:00
5652,108,37.94,2025-01-28 03:00:00
5653,692,61.69,2025-01-28 04:00:00
5654,973,296.94,2025-01-28 05:00:00
5655,763,276.73,2025-01-28 06:00:00
5656,804,124.53,2025-01-28 07:00:00
5657,84,322.51,2025-01-28 08:00:00
5658,494,411.83,2025-01-28 09:00:00
5659,142,30.37,2025-01-28 10:00:00
5660,999,254.08,2025-01-28 11:00:00
5661,1008,347.76,2025-01-28 12:00:00
5662,256,133.63,2025-01-28 13:00:00
5663,402,160.81,2025-01-28 14:00:00
5664,952,310.68,2025-01-28 15:00:00
5665,381,449.99,2025-01-28 16:00:00
5666,866,406.86,2025-01-28 17:00:00
5667,911,295.73,2025-01-28 18:00:00
5668,774,367.81,2025-01-28 19:00:00
5669,208,188.76,2025-01-28 20:00:00
5670,1003,324.07,2025-01-28 21:00:00
5671,1006,238.43,2025-01-28 22:00:00
5672,73,103.07,2025-01-28 23:00:00
5673,453,353.85,2025-01-29 00:00:00
5674,854,282.67,2025-01-29 01:00:00
5675,565,185.72,2025-01-29 02:00:00
5676,781,456.56,2025-01-29 03:00:00
5677,413,20.26,2025-01-29 04:00:00
5678,431,164.73,2025-01-29 05:00:00
5679,581,37.87,2025-01-29 06:00:00
5680,1005,385.6,2025-01-29 07:00:00
5681,201,354.03,2025-01-29 08:00:00
5682,611,172.36,2025-01-29 09:00:00
5683,738,341.07,2025-01-29 10:00:00
5684,996,204.01,2025-01-29 11:00:00
5685,657,380.56,2025-01-29 12:00:00
5686,666,232.55,2025-01-29 13:00:00
5687,469,212.02,2025-01-29 14:00:00
5688,299,468.02,2025-01-29 15:00:00
5689,166,132.93,2025-01-29 16:00:00
5690,915,69.02,2025-01-29 17:00:00
5691,561,296.43,2025-01-29 18:00:00
5692,789,484.97,2025-01-29 19:00:00
5693,627,195.14,2025-01-29 20:00:00
5694,384,40.4,2025-01-29 21:00:00
5695,467,176.26,2025-01-29 22:00:00
5696,981,257.91,2025-01-29 23:00:00
5697,823,89.34,2025-01-30 00:00:00
5698,344,332.47,2025-01-30 01:00:00
5699,987,498.9,2025-01-30 02:00:00
5700,804,231.35,2025-01-30 03:00:00
5701,420,183.82,2025-01-30 04:00:00
5702,235,206.35,2025-01-30 05:00:00
5703,295,66.42,2025-01-30 06:00:00
5704,686,442.8,2025-01-30 07:00:00
5705,317,213.26,2025-01-30 08:00:00
5706,692,199.76,2025-01-30 09:00:00
5707,286,333.25,2025-01-30 10:00:00
5708,579,226.6,2025-01-30 11:00:00
5709,601,327.63,2025-01-30 12:00:00
5710,70,40.11,2025-01-30 13:00:00
5711,960,408.72,2025-01-30 14:00:00
5712,786,470.85,2025-01-30 15:00:00
5713,916,327.9,2025-01-30 16:00:00
5714,843,477.74,2025-01-30 17:00:00
5715,569,84.2,2025-01-30 18:00:00
5716,149,243.93,2025-01-30 19:00:00
5717,801,304.89,2025-01-30 20:00:00
5718,527,295.05,2025-01-30 21:00:00
5719,648,206.72,2025-01-30 22:00:00
5720,347,175.66,2025-01-30 23:00:00
5721,989,72.14,2025-01-31 00:00:00
5722,575,201.95,2025-01-31 01:00:00
5723,383,89.7,2025-01-31 02:00:00
5724,51,369.84,2025-01-31 03:00:00
5725,424,112.33,2025-01-31 04:00:00
5726,342,38.7,2025-01-31 05:00:00
5727,886,280.66,2025-01-31 06:00:00
5728,983,301.66,2025-01-31 07:00:00
5729,602,437.24,2025-01-31 08:00:00
5730,367,292.72,2025-01-31 09:00:00
5731,551,179.29,2025-01-31 10:00:00
5732,877,403.48,2025-01-31 11:00:00
5733,430,274.74,2025-01-31 12:00:00
5734,672,48.85,2025-01-31 13:00:00
5735,63,287.27,2025-01-31 14:00:00
5736,553,454.93,2025-01-31 15:00:00
5737,280,204.19,2025-01-31 16:00:00
5738,1034,155.2,2025-01-31 17:00:00
5739,133,80.3,2025-01-31 18:00:00
5740,179,84.21,2025-01-31 19:00:00
5741,792,222.06,2025-01-31 20:00:00
5742,887,301.88,2025-01-31 21:00:00
5743,194,49.5,2025-01-31 22:00:00
5744,940,470.39,2025-01-31 23:00:00
5745,906,380.02,2025-02-01 00:00:00
5746,77,297.45,2025-02-01 01:00:00
5747,115,415.93,2025-02-01 02:00:00
5748,212,49.29,2025-02-01 03:00:00
5749,278,243.65,2025-02-01 04:00:00
5750,310,318.75,2025-02-01 05:00:00
5751,498,416.04,2025-02-01 06:00:00
5752,473,393.9,2025-02-01 07:00:00
5753,509,145.76,2025-02-01 08:00:00
5754,1001,471.03,2025-02-01 09:00:00
5755,725,70.93,2025-02-01 10:00:00
5756,350,438.82,2025-02-01 11:00:00
5757,968,485.76,2025-02-01 12:00:00
5758,352,96.81,2025-02-01 13:00:00
5759,336,363.81,2025-02-01 14:00:00
5760,444,29.74,2025-02-01 15:00:00
5761,59,208.66,2025-02-01 16:00:00
5762,756,262.98,2025-02-01 17:00:00
5763,679,294.52,2025-02-01 18:00:00
5764,319,468.61,2025-02-01 19:00:00
5765,641,339.4,2025-02-01 20:00:00
5766,1019,245.83,2025-02-01 21:00:00
5767,654,406.74,2025-02-01 22:00:00
5768,827,475.76,2025-02-01 23:00:00
5769,893,20.81,2025-02-02 00:00:00
5770,911,491.44,2025-02-02 01:00:00
5771,410,52.2,2025-02-02 02:00:00
5772,306,409.05,2025-02-02 03:00:00
5773,182,147.36,2025-02-02 04:00:00
5774,325,74.77,2025-02-02 05:00:00
5775,825,225.53,2025-02-02 06:00:00
5776,732,325.54,2025-02-02 07:00:00
5777,1021,196.67,2025-02-02 08:00:00
5778,562,36.74,2025-02-02 09:00:00
5779,362,303.74,2025-02-02 10:00:00
5780,625,452.18,2025-02-02 11:00:00
5781,935,197.78,2025-02-02 12:00:00
5782,1029,116.0,2025-02-02 13:00:00
5783,333,226.86,2025-02-02 14:00:00
5784,170,33.7,2025-02-02 15:00:00
5785,156,412.04,2025-02-02 16:00:00
5786,982,414.91,2025-02-02 17:00:00
5787,736,298.12,2025-02-02 18:00:00
5788,1046,183.02,2025-02-02 19:00:00
5789,253,401.89,2025-02-02 20:00:00
5790,214,281.8,2025-02-02 21:00:00
5791,354,414.71,2025-02-02 22:00:00
5792,546,319.41,2025-02-02 23:00:00
5793,681,394.36,2025-02-03 00:00:00
5794,605,303.3,2025-02-03 01:00:00
5795,873,212.93,2025-02-03 02:00:00
5796,205,479.39,2025-02-03 03:00:00
5797,416,275.15,2025-02-03 04:00:00
5798,768,306.49,2025-02-03 05:00:00
5799,951,118.04,2025-02-03 06:00:00
5800,669,316.57,2025-02-03 07:00:00
5801,300,290.09,2025-02-03 08:00:00
5802,1006,100.57,2025-02-03 09:00:00
5803,965,39.2,2025-02-03 10:00:00
5804,931,306.14,2025-02-03 11:00:00
5805,383,384.21,2025-02-03 12:00:00
5806,691,266.47,2025-02-03 13:00:00
5807,1018,121.12,2025-02-03 14:00:00
5808,560,336.6,2025-02-03 15:00:00
5809,342,49.25,2025-02-03 16:00:00
5810,69,226.5,2025-02-03 17:00:00
5811,331,90.05,2025-02-03 18:00:00
5812,846,100.38,2025-02-03 19:00:00
5813,50,109.12,2025-02-03 20:00:00
5814,168,199.49,2025-02-03 21:00:00
5815,84,35.06,2025-02-03 22:00:00
5816,247,204.92,2025-02-03 23:00:00
5817,534,260.74,2025-02-04 00:00:00
5818,806,246.81,2025-02-04 01:00:00
5819,108,197.56,2025-02-04 02:00:00
5820,886,421.18,2025-02-04 03:00:00
5821,210,81.21,2025-02-04 04:00:00
5822,740,257.79,2025-02-04 05:00:00
5823,255,40.4,2025-02-04 06:00:00
5824,61,44.87,2025-02-04 07:00:00
5825,539,291.19,2025-02-04 08:00:00
5826,325,287.35,2025-02-04 09:00:00
5827,742,440.24,2025-02-04 10:00:00
5828,291,283.36,2025-02-04 11:00:00
5829,265,480.3,2025-02-04 12:00:00
5830,300,33.86,2025-02-04 13:00:00
5831,860,58.02,2025-02-04 14:00:00
5832,175,31.59,2025-02-04 15:00:00
5833,1043,100.79,2025-02-04 16:00:00
5834,266,275.22,2025-02-04 17:00:00
5835,355,326.33,2025-02-04 18:00:00
5836,846,32.34,2025-02-04 19:00:00
5837,234,473.53,2025-02-04 20:00:00
5838,88,422.66,2025-02-04 21:00:00
5839,272,155.34,2025-02-04 22:00:00
5840,233,47.82,2025-02-04 23:00:00
5841,544,93.24,2025-02-05 00:00:00
5842,476,72.2,2025-02-05 01:00:00
5843,227,70.41,2025-02-05 02:00:00
5844,968,264.1,2025-02-05 03:00:00
5845,477,130.47,2025-02-05 04:00:00
5846,343,185.49,2025-02-05 05:00:00
5847,901,494.86,2025-02-05 06:00:00
5848,200,345.31,2025-02-05 07:00:00
5849,433,475.0,2025-02-05 08:00:00
5850,687,79.85,2025-02-05 09:00:00
5851,862,197.25,2025-02-05 10:00:00
5852,357,281.82,2025-02-05 11:00:00
5853,385,47.61,2025-02-05 12:00:00
5854,995,12.05,2025-02-05 13:00:00
5855,795,338.51,2025-02-05 14:00:00
5856,941,324.49,2025-02-05 15:00:00
5857,424,211.29,2025-02-05 16:00:00
5858,57,249.93,2025-02-05 17:00:00
5859,390,213.57,2025-02-05 18:00:00
5860,178,21.76,2025-02-05 19:00:00
5861,825,174.33,2025-02-05 20:00:00
5862,718,96.77,2025-02-05 21:00:00
5863,401,58.23,2025-02-05 22:00:00
5864,407,478.79,2025-02-05 23:00:00
5865,566,303.69,2025-02-06 00:00:00
5866,544,367.04,2025-02-06 01:00:00
5867,135,164.53,2025-02-06 02:00:00
5868,224,202.64,2025-02-06 03:00:00
5869,851,126.09,2025-02-06 04:00:00
5870,242,57.51,2025-02-06 05:00:00
5871,360,97.73,2025-02-06 06:00:00
5872,168,400.78,2025-02-06 07:00:00
5873,267,342.0,2025-02-06 08:00:00
5874,476,278.0,2025-02-06 09:00:00
5875,1019,242.79,2025-02-06 10:00:00
5876,463,461.99,2025-02-06 11:00:00
5877,163,45.64,2025-02-06 12:00:00
5878,1027,147.49,2025-02-06 13:00:00
5879,194,181.47,2025-02-06 14:00:00
5880,587,393.39,2025-02-06 15:00:00
5881,697,496.33,2025-02-06 16:00:00
5882,352,127.93,2025-02-06 17:00:00
5883,793,438.41,2025-02-06 18:00:00
5884,930,417.01,2025-02-06 19:00:00
5885,637,120.08,2025-02-06 20:00:00
5886,1036,205.67,2025-02-06 21:00:00
5887,889,210.74,2025-02-06 22:00:00
5888,394,489.33,2025-02-06 23:00:00
5889,863,98.64,2025-02-07 00:00:00
5890,1013,401.59,2025-02-07 01:00:00
5891,850,173.75,2025-02-07 02:00:00
5892,50,368.13,2025-02-07 03:00:00
5893,196,215.81,2025-02-07 04:00:00
5894,336,293.4,2025-02-07 05:00:00
5895,1025,417.98,2025-02-07 06:00:00
5896,703,404.04,2025-02-07 07:00:00
5897,102,434.55,2025-02-07 08:00:00
5898,353,39.21,2025-02-07 09:00:00
5899,118,349.1,2025-02-07 10:00:00
5900,410,78.59,2025-02-07 11:00:00
5901,651,213.75,2025-02-07 12:00:00
5902,1007,278.81,2025-02-07 13:00:00
5903,269,207.34,2025-02-07 14:00:00
5904,1011,264.61,2025-02-07 15:00:00
5905,753,498.3,2025-02-07 16:00:00
5906,1015,76.26,2025-02-07 17:00:00
5907,624,340.97,2025-02-07 18:00:00
5908,634,204.04,2025-02-07 19:00:00
5909,210,75.17,2025-02-07 20:00:00
5910,730,87.78,2025-02-07 21:00:00
5911,138,475.14,2025-02-07 22:00:00
5912,737,441.0,2025-02-07 23:00:00
5913,830,454.45,2025-02-08 00:00:00
5914,634,495.85,2025-02-08 01:00:00
5915,806,112.07,2025-02-08 02:00:00
5916,638,184.17,2025-02-08 03:00:00
5917,208,337.92,2025-02-08 04:00:00
5918,538,247.06,2025-02-08 05:00:00
5919,1020,215.01,2025-02-08 06:00:00
5920,373,185.33,2025-02-08 07:00:00
5921,659,300.95,2025-02-08 08:00:00
5922,430,292.04,2025-02-08 09:00:00
5923,151,89.11,2025-02-08 10:00:00
5924,543,241.15,2025-02-08 11:00:00
5925,693,281.2,2025-02-08 12:00:00
5926,663,289.44,2025-02-08 13:00:00
5927,68,112.95,2025-02-08 14:00:00
5928,503,373.71,2025-02-08 15:00:00
5929,531,22.35,2025-02-08 16:00:00
5930,643,183.87,2025-02-08 17:00:00
5931,446,392.3,2025-02-08 18:00:00
5932,1050,286.31,2025-02-08 19:00:00
5933,328,137.97,2025-02-08 20:00:00
5934,900,350.53,2025-02-08 21:00:00
5935,414,288.02,2025-02-08 22:00:00
5936,380,400.16,2025-02-08 23:00:00
5937,690,370.16,2025-02-09 00:00:00
5938,393,308.95,2025-02-09 01:00:00
5939,871,249.21,2025-02-09 02:00:00
5940,504,75.26,2025-02-09 03:00:00
5941,650,138.05,2025-02-09 04:00:00
5942,774,215.36,2025-02-09 05:00:00
5943,704,303.66,2025-02-09 06:00:00
5944,114,261.72,2025-02-09 07:00:00
5945,125,151.21,2025-02-09 08:00:00
5946,760,13.17,2025-02-09 09:00:00
5947,192,253.16,2025-02-09 10:00:00
5948,966,149.96,2025-02-09 11:00:00
5949,964,369.96,2025-02-09 12:00:00
5950,877,21.73,2025-02-09 13:00:00
5951,654,296.57,2025-02-09 14:00:00
5952,522,471.32,2025-02-09 15:00:00
5953,466,95.46,2025-02-09 16:00:00
5954,354,241.11,2025-02-09 17:00:00
5955,785,54.8,2025-02-09 18:00:00
5956,546,316.58,2025-02-09 19:00:00
5957,340,279.76,2025-02-09 20:00:00
5958,989,209.61,2025-02-09 21:00:00
5959,151,265.47,2025-02-09 22:00:00
5960,1035,449.32,2025-02-09 23:00:00
5961,316,106.18,2025-02-10 00:00:00
5962,916,21.06,2025-02-10 01:00:00
5963,1017,432.22,2025-02-10 02:00:00
5964,671,292.79,2025-02-10 03:00:00
5965,1023,446.42,2025-02-10 04:00:00
5966,891,302.5,2025-02-10 05:00:00
5967,1011,406.98,2025-02-10 06:00:00
5968,991,220.54,2025-02-10 07:00:00
5969,826,377.43,2025-02-10 08:00:00
5970,52,457.39,2025-02-10 09:00:00
5971,134,290.34,2025-02-10 10:00:00
5972,843,98.58,2025-02-10 11:00:00
5973,377,141.71,2025-02-10 12:00:00
5974,865,107.34,2025-02-10 13:00:00
5975,499,130.96,2025-02-10 14:00:00
5976,503,160.14,2025-02-10 15:00:00
5977,973,282.02,2025-02-10 16:00:00
5978,678,298.12,2025-02-10 17:00:00
5979,270,218.98,2025-02-10 18:00:00
5980,203,311.56,2025-02-10 19:00:00
5981,714,49.97,2025-02-10 20:00:00
5982,61,53.02,2025-02-10 21:00:00
5983,182,94.2,2025-02-10 22:00:00
5984,1043,263.86,2025-02-10 23:00:00
5985,353,114.86,2025-02-11 00:00:00
5986,342,148.81,2025-02-11 01:00:00
5987,1024,206.15,2025-02-11 02:00:00
5988,349,407.81,2025-02-11 03:00:00
5989,789,16.79,2025-02-11 04:00:00
5990,832,328.2,2025-02-11 05:00:00
5991,92,337.75,2025-02-11 06:00:00
5992,993,401.34,2025-02-11 07:00:00
5993,392,467.05,2025-02-11 08:00:00
5994,375,19.87,2025-02-11 09:00:00
5995,863,85.35,2025-02-11 10:00:00
5996,547,444.22,2025-02-11 11:00:00
5997,413,234.67,2025-02-11 12:00:00
5998,940,286.65,2025-02-11 13:00:00
5999,476,334.88,2025-02-11 14:00:00
6000,70,342.74,2025-02-11 15:00:00
6001,456,466.55,2025-02-11 16:00:00
6002,668,498.51,2025-02-11 17:00:00
6003,385,362.88,2025-02-11 18:00:00
6004,864,150.74,2025-02-11 19:00:00
6005,166,441.08,2025-02-11 20:00:00
6006,173,34.12,2025-02-11 21:00:00
6007,448,123.23,2025-02-11 22:00:00
6008,842,449.72,2025-02-11 23:00:00
6009,853,135.53,2025-02-12 00:00:00
6010,764,118.12,2025-02-12 01:00:00
6011,100,77.68,2025-02-12 02:00:00
6012,832,430.96,2025-02-12 03:00:00
6013,373,255.03,2025-02-12 04:00:00
6014,838,340.7,2025-02-12 05:00:00
6015,190,127.14,2025-02-12 06:00:00
6016,519,381.44,2025-02-12 07:00:00
6017,836,382.4,2025-02-12 08:00:00
6018,851,163.17,2025-02-12 09:00:00
6019,383,211.23,2025-02-12 10:00:00
6020,942,112.75,2025-02-12 11:00:00
6021,1013,488.51,2025-02-12 12:00:00
6022,422,326.35,2025-02-12 13:00:00
6023,613,467.93,2025-02-12 14:00:00
6024,543,158.66,2025-02-12 15:00:00
6025,588,393.13,2025-02-12 16:00:00
6026,718,385.27,2025-02-12 17:00:00
6027,800,348.91,2025-02-12 18:00:00
6028,205,483.16,2025-02-12 19:00:00
6029,340,202.84,2025-02-12 20:00:00
6030,697,74.05,2025-02-12 21:00:00
6031,193,339.14,2025-02-12 22:00:00
6032,155,367.36,2025-02-12 23:00:00
6033,469,291.78,2025-02-13 00:00:00
6034,719,111.34,2025-02-13 01:00:00
6035,707,257.18,2025-02-13 02:00:00
6036,51,162.97,2025-02-13 03:00:00
6037,994,219.46,2025-02-13 04:00:00
6038,638,326.16,2025-02-13 05:00:00
6039,693,375.16,2025-02-13 06:00:00
6040,139,123.79,2025-02-13 07:00:00
6041,394,208.61,2025-02-13 08:00:00
6042,399,141.89,2025-02-13 09:00:00
6043,508,107.33,2025-02-13 10:00:00
6044,312,393.86,2025-02-13 11:00:00
6045,400,455.53,2025-02-13 12:00:00
6046,157,191.41,2025-02-13 13:00:00
6047,635,378.13,2025-02-13 14:00:00
6048,88,449.53,2025-02-13 15:00:00
6049,958,424.6,2025-02-13 16:00:00
6050,208,99.58,2025-02-13 17:00:00
6051,632,478.58,2025-02-13 18:00:00
6052,1008,194.57,2025-02-13 19:00:00
6053,361,176.23,2025-02-13 20:00:00
6054,290,40.59,2025-02-13 21:00:00
6055,987,248.23,2025-02-13 22:00:00
6056,494,63.42,2025-02-13 23:00:00
6057,347,131.78,2025-02-14 00:00:00
6058,1001,165.3,2025-02-14 01:00:00
6059,85,406.32,2025-02-14 02:00:00
6060,133,438.99,2025-02-14 03:00:00
6061,501,158.21,2025-02-14 04:00:00
6062,935,430.76,2025-02-14 05:00:00
6063,824,430.04,2025-02-14 06:00:00
6064,871,384.68,2025-02-14 07:00:00
6065,434,81.88,2025-02-14 08:00:00
6066,221,348.26,2025-02-14 09:00:00
6067,425,473.06,2025-02-14 10:00:00
6068,734,344.44,2025-02-14 11:00:00
6069,411,172.49,2025-02-14 12:00:00
6070,608,255.28,2025-02-14 13:00:00
6071,940,326.41,2025-02-14 14:00:00
6072,190,260.18,2025-02-14 15:00:00
6073,936,68.78,2025-02-14 16:00:00
6074,967,162.91,2025-02-14 17:00:00
6075,167,403.17,2025-02-14 18:00:00
6076,326,432.09,2025-02-14 19:00:00
6077,775,77.28,2025-02-14 20:00:00
6078,269,476.67,2025-02-14 21:00:00
6079,954,171.12,2025-02-14 22:00:00
6080,75,334.53,2025-02-14 23:00:00
6081,570,378.39,2025-02-15 00:00:00
6082,832,407.85,2025-02-15 01:00:00
6083,59,473.42,2025-02-15 02:00:00
6084,1033,163.33,2025-02-15 03:00:00
6085,427,430.67,2025-02-15 04:00:00
6086,682,74.53,2025-02-15 05:00:00
6087,686,355.47,2025-02-15 06:00:00
6088,731,373.57,2025-02-15 07:00:00
6089,633,342.08,2025-02-15 08:00:00
6090,201,133.63,2025-02-15 09:00:00
6091,769,437.79,2025-02-15 10:00:00
6092,98,92.74,2025-02-15 11:00:00
6093,203,36.28,2025-02-15 12:00:00
6094,908,361.56,2025-02-15 13:00:00
6095,342,242.98,2025-02-15 14:00:00
6096,629,426.06,2025-02-15 15:00:00
6097,99,197.86,2025-02-15 16:00:00
6098,713,92.46,2025-02-15 17:00:00
6099,580,419.86,2025-02-15 18:00:00
6100,661,278.97,2025-02-15 19:00:00
6101,109,102.71,2025-02-15 20:00:00
6102,216,362.99,2025-02-15 21:00:00
6103,251,260.45,2025-02-15 22:00:00
6104,906,306.11,2025-02-15 23:00:00
6105,195,235.84,2025-02-16 00:00:00
6106,964,416.07,2025-02-16 01:00:00
6107,725,416.49,2025-02-16 02:00:00
6108,1019,357.6,2025-02-16 03:00:00
6109,1042,61.65,2025-02-16 04:00:00
6110,488,421.04,2025-02-16 05:00:00
6111,291,338.8,2025-02-16 06:00:00
6112,630,351.54,2025-02-16 07:00:00
6113,736,187.86,2025-02-16 08:00:00
6114,610,440.85,2025-02-16 09:00:00
6115,532,365.43,2025-02-16 10:00:00
6116,157,65.17,2025-02-16 11:00:00
6117,275,209.81,2025-02-16 12:00:00
6118,722,444.33,2025-02-16 13:00:00
6119,680,33.13,2025-02-16 14:00:00
6120,710,481.09,2025-02-16 15:00:00
6121,1026,342.79,2025-02-16 16:00:00
6122,711,319.37,2025-02-16 17:00:00
6123,481,142.57,2025-02-16 18:00:00
6124,854,131.91,2025-02-16 19:00:00
6125,704,471.61,2025-02-16 20:00:00
6126,468,156.15,2025-02-16 21:00:00
6127,1037,390.0,2025-02-16 22:00:00
6128,504,202.63,2025-02-16 23:00:00
6129,209,78.23,2025-02-17 00:00:00
6130,572,15.25,2025-02-17 01:00:00
6131,699,276.69,2025-02-17 02:00:00
6132,1018,488.13,2025-02-17 03:00:00
6133,639,190.88,2025-02-17 04:00:00
6134,126,185.02,2025-02-17 05:00:00
6135,558,178.6,2025-02-17 06:00:00
6136,490,265.07,2025-02-17 07:00:00
6137,303,225.93,2025-02-17 08:00:00
6138,970,441.16,2025-02-17 09:00:00
6139,819,257.71,2025-02-17 10:00:00
6140,369,258.8,2025-02-17 11:00:00
6141,852,77.8,2025-02-17 12:00:00
6142,312,491.54,2025-02-17 13:00:00
6143,646,132.49,2025-02-17 14:00:00
6144,707,45.95,2025-02-17 15:00:00
6145,884,334.94,2025-02-17 16:00:00
6146,603,301.73,2025-02-17 17:00:00
6147,423,213.42,2025-02-17 18:00:00
6148,686,216.87,2025-02-17 19:00:00
6149,216,394.68,2025-02-17 20:00:00
6150,986,105.9,2025-02-17 21:00:00
6151,802,411.92,2025-02-17 22:00:00
6152,508,327.89,2025-02-17 23:00:00
6153,1048,215.3,2025-02-18 00:00:00
6154,329,234.43,2025-02-18 01:00:00
6155,749,135.76,2025-02-18 02:00:00
6156,351,378.54,2025-02-18 03:00:00
6157,580,261.31,2025-02-18 04:00:00
6158,629,167.22,2025-02-18 05:00:00
6159,267,302.06,2025-02-18 06:00:00
6160,151,497.91,2025-02-18 07:00:00
6161,603,223.28,2025-02-18 08:00:00
6162,337,461.14,2025-02-18 09:00:00
6163,216,179.06,2025-02-18 10:00:00
6164,670,36.82,2025-02-18 11:00:00
6165,85,110.08,2025-02-18 12:00:00
6166,793,215.16,2025-02-18 13:00:00
6167,790,117.62,2025-02-18 14:00:00
6168,402,10.11,2025-02-18 15:00:00
6169,725,458.35,2025-02-18 16:00:00
6170,948,423.5,2025-02-18 17:00:00
6171,122,373.72,2025-02-18 18:00:00
6172,697,92.23,2025-02-18 19:00:00
6173,402,68.98,2025-02-18 20:00:00
6174,940,43.13,2025-02-18 21:00:00
6175,119,364.77,2025-02-18 22:00:00
6176,474,465.12,2025-02-18 23:00:00
6177,1048,220.96,2025-02-19 00:00:00
6178,757,68.38,2025-02-19 01:00:00
6179,830,261.07,2025-02-19 02:00:00
6180,610,180.93,2025-02-19 03:00:00
6181,877,193.66,2025-02-19 04:00:00
6182,691,314.45,2025-02-19 05:00:00
6183,1005,362.17,2025-02-19 06:00:00
6184,566,64.2,2025-02-19 07:00:00
6185,477,27.44,2025-02-19 08:00:00
6186,588,497.22,2025-02-19 09:00:00
6187,209,124.04,2025-02-19 10:00:00
6188,198,36.38,2025-02-19 11:00:00
6189,825,103.04,2025-02-19 12:00:00
6190,279,29.09,2025-02-19 13:00:00
6191,761,201.99,2025-02-19 14:00:00
6192,611,403.18,2025-02-19 15:00:00
6193,116,177.21,2025-02-19 16:00:00
6194,861,227.65,2025-02-19 17:00:00
6195,430,341.04,2025-02-19 18:00:00
6196,107,259.36,2025-02-19 19:00:00
6197,308,432.11,2025-02-19 20:00:00
6198,391,434.36,2025-02-19 21:00:00
6199,887,14.86,2025-02-19 22:00:00
6200,179,391.24,2025-02-19 23:00:00
6201,776,235.76,2025-02-20 00:00:00
6202,221,494.53,2025-02-20 01:00:00
6203,819,246.78,2025-02-20 02:00:00
6204,663,493.58,2025-02-20 03:00:00
6205,258,379.74,2025-02-20 04:00:00
6206,852,131.82,2025-02-20 05:00:00
6207,403,273.81,2025-02-20 06:00:00
6208,520,496.15,2025-02-20 07:00:00
6209,847,430.19,2025-02-20 08:00:00
6210,165,57.71,2025-02-20 09:00:00
6211,313,356.12,2025-02-20 10:00:00
6212,711,179.33,2025-02-20 11:00:00
6213,861,13.42,2025-02-20 12:00:00
6214,491,207.71,2025-02-20 13:00:00
6215,597,125.03,2025-02-20 14:00:00
6216,502,411.25,2025-02-20 15:00:00
6217,894,175.29,2025-02-20 16:00:00
6218,526,415.49,2025-02-20 17:00:00
6219,336,10.29,2025-02-20 18:00:00
6220,352,160.83,2025-02-20 19:00:00
6221,360,128.17,2025-02-20 20:00:00
6222,257,124.45,2025-02-20 21:00:00
6223,667,43.41,2025-02-20 22:00:00
6224,495,101.69,2025-02-20 23:00:00
6225,719,282.22,2025-02-21 00:00:00
6226,682,152.77,2025-02-21 01:00:00
6227,104,214.52,2025-02-21 02:00:00
6228,961,194.66,2025-02-21 03:00:00
6229,61,439.19,2025-02-21 04:00:00
6230,706,453.6,2025-02-21 05:00:00
6231,449,251.55,2025-02-21 06:00:00
6232,957,171.78,2025-02-21 07:00:00
6233,697,62.33,2025-02-21 08:00:00
6234,1029,477.17,2025-02-21 09:00:00
6235,564,39.51,2025-02-21 10:00:00
6236,705,155.85,2025-02-21 11:00:00
6237,591,156.05,2025-02-21 12:00:00
6238,286,167.0,2025-02-21 13:00:00
6239,328,90.5,2025-02-21 14:00:00
6240,397,393.75,2025-02-21 15:00:00
6241,676,70.02,2025-02-21 16:00:00
6242,153,321.1,2025-02-21 17:00:00
6243,679,70.68,2025-02-21 18:00:00
6244,566,44.56,2025-02-21 19:00:00
6245,1029,455.62,2025-02-21 20:00:00
6246,921,103.16,2025-02-21 21:00:00
6247,297,412.41,2025-02-21 22:00:00
6248,413,276.87,2025-02-21 23:00:00
6249,370,48.15,2025-02-22 00:00:00
6250,682,478.17,2025-02-22 01:00:00
6251,335,131.01,2025-02-22 02:00:00
6252,198,431.23,2025-02-22 03:00:00
6253,133,92.72,2025-02-22 04:00:00
6254,1015,428.43,2025-02-22 05:00:00
6255,455,16.48,2025-02-22 06:00:00
6256,1027,260.77,2025-02-22 07:00:00
6257,505,387.03,2025-02-22 08:00:00
6258,792,468.05,2025-02-22 09:00:00
6259,849,455.51,2025-02-22 10:00:00
6260,210,411.62,2025-02-22 11:00:00
6261,833,445.21,2025-02-22 12:00:00
6262,509,107.62,2025-02-22 13:00:00
6263,599,149.25,2025-02-22 14:00:00
6264,549,151.59,2025-02-22 15:00:00
6265,787,194.76,2025-02-22 16:00:00
6266,558,202.73,2025-02-22 17:00:00
6267,703,276.83,2025-02-22 18:00:00
6268,853,88.34,2025-02-22 19:00:00
6269,530,348.71,2025-02-22 20:00:00
6270,712,92.11,2025-02-22 21:00:00
6271,163,162.05,2025-02-22 22:00:00
6272,798,256.64,2025-02-22 23:00:00
6273,627,400.26,2025-02-23 00:00:00
6274,410,372.34,2025-02-23 01:00:00
6275,390,326.31,2025-02-23 02:00:00
6276,819,86.33,2025-02-23 03:00:00
6277,1036,278.05,2025-02-23 04:00:00
6278,810,52.85,2025-02-23 05:00:00
6279,1018,194.91,2025-02-23 06:00:00
6280,498,212.62,2025-02-23 07:00:00
6281,892,29.51,2025-02-23 08:00:00
6282,884,144.25,2025-02-23 09:00:00
6283,229,478.27,2025-02-23 10:00:00
6284,751,477.28,2025-02-23 11:00:00
6285,456,182.64,2025-02-23 12:00:00
6286,715,31.12,2025-02-23 13:00:00
6287,245,97.76,2025-02-23 14:00:00
6288,515,202.19,2025-02-23 15:00:00
6289,360,474.41,2025-02-23 16:00:00
6290,311,79.19,2025-02-23 17:00:00
6291,468,384.12,2025-02-23 18:00:00
6292,455,63.25,2025-02-23 19:00:00
6293,988,490.82,2025-02-23 20:00:00
6294,192,196.99,2025-02-23 21:00:00
6295,391,389.86,2025-02-23 22:00:00
6296,365,177.87,2025-02-23 23:00:00
6297,150,317.56,2025-02-24 00:00:00
6298,293,104.09,2025-02-24 01:00:00
6299,539,81.55,2025-02-24 02:00:00
6300,61,469.65,2025-02-24 03:00:00
6301,288,459.65,2025-02-24 04:00:00
6302,610,444.86,2025-02-24 05:00:00
6303,91,316.46,2025-02-24 06:00:00
6304,727,406.05,2025-02-24 07:00:00
6305,643,43.83,2025-02-24 08:00:00
6306,478,174.05,2025-02-24 09:00:00
6307,852,163.71,2025-02-24 10:00:00
6308,207,321.47,2025-02-24 11:00:00
6309,265,184.42,2025-02-24 12:00:00
6310,719,82.77,2025-02-24 13:00:00
6311,511,302.27,2025-02-24 14:00:00
6312,183,409.05,2025-02-24 15:00:00
6313,116,197.24,2025-02-24 16:00:00
6314,897,74.81,2025-02-24 17:00:00
6315,56,106.38,2025-02-24 18:00:00
6316,997,126.37,2025-02-24 19:00:00
6317,575,156.95,2025-02-24 20:00:00
6318,122,324.97,2025-02-24 21:00:00
6319,448,304.46,2025-02-24 22:00:00
6320,454,351.08,2025-02-24 23:00:00
6321,724,187.63,2025-02-25 00:00:00
6322,627,413.76,2025-02-25 01:00:00
6323,908,110.0,2025-02-25 02:00:00
6324,179,239.83,2025-02-25 03:00:00
6325,980,402.46,2025-02-25 04:00:00
6326,515,98.28,2025-02-25 05:00:00
6327,255,63.83,2025-02-25 06:00:00
6328,837,443.01,2025-02-25 07:00:00
6329,1027,178.04,2025-02-25 08:00:00
6330,817,345.1,2025-02-25 09:00:00
6331,315,22.42,2025-02-25 10:00:00
6332,586,348.12,2025-02-25 11:00:00
6333,1011,164.89,2025-02-25 12:00:00
6334,842,37.31,2025-02-25 13:00:00
6335,302,308.81,2025-02-25 14:00:00
6336,871,127.99,2025-02-25 15:00:00
6337,338,199.54,2025-02-25 16:00:00
6338,213,49.48,2025-02-25 17:00:00
6339,144,82.11,2025-02-25 18:00:00
6340,831,156.01,2025-02-25 19:00:00
6341,882,53.98,2025-02-25 20:00:00
6342,159,456.3,2025-02-25 21:00:00
6343,385,12.96,2025-02-25 22:00:00
6344,871,247.09,2025-02-25 23:00:00
6345,287,70.39,2025-02-26 00:00:00
6346,430,160.76,2025-02-26 01:00:00
6347,485,463.77,2025-02-26 02:00:00
6348,948,89.23,2025-02-26 03:00:00
6349,532,483.26,2025-02-26 04:00:00
6350,986,110.84,2025-02-26 05:00:00
6351,951,373.37,2025-02-26 06:00:00
6352,74,277.87,2025-02-26 07:00:00
6353,702,443.39,2025-02-26 08:00:00
6354,166,281.46,2025-02-26 09:00:00
6355,531,271.93,2025-02-26 10:00:00
6356,441,105.77,2025-02-26 11:00:00
6357,966,91.45,2025-02-26 12:00:00
6358,1043,459.08,2025-02-26 13:00:00
6359,1013,170.64,2025-02-26 14:00:00
6360,586,192.32,2025-02-26 15:00:00
6361,128,382.31,2025-02-26 16:00:00
6362,629,176.02,2025-02-26 17:00:00
6363,222,476.51,2025-02-26 18:00:00
6364,1005,371.58,2025-02-26 19:00:00
6365,61,302.74,2025-02-26 20:00:00
6366,849,441.64,2025-02-26 21:00:00
6367,177,34.31,2025-02-26 22:00:00
6368,657,135.96,2025-02-26 23:00:00
6369,141,237.87,2025-02-27 00:00:00
6370,702,121.22,2025-02-27 01:00:00
6371,592,374.51,2025-02-27 02:00:00
6372,895,460.41,2025-02-27 03:00:00
6373,581,217.65,2025-02-27 04:00:00
6374,707,177.64,2025-02-27 05:00:00
6375,1038,481.16,2025-02-27 06:00:00
6376,877,227.98,2025-02-27 07:00:00
6377,496,249.63,2025-02-27 08:00:00
6378,439,182.31,2025-02-27 09:00:00
6379,721,455.68,2025-02-27 10:00:00
6380,910,288.79,2025-02-27 11:00:00
6381,92,383.47,2025-02-27 12:00:00
6382,303,407.79,2025-02-27 13:00:00
6383,179,177.51,2025-02-27 14:00:00
6384,109,222.51,2025-02-27 15:00:00
6385,712,425.75,2025-02-27 16:00:00
6386,516,188.0,2025-02-27 17:00:00
6387,336,399.03,2025-02-27 18:00:00
6388,566,471.09,2025-02-27 19:00:00
6389,516,315.37,2025-02-27 20:00:00
6390,979,373.4,2025-02-27 21:00:00
6391,827,404.5,2025-02-27 22:00:00
6392,394,424.07,2025-02-27 23:00:00
6393,691,203.58,2025-02-28 00:00:00
6394,431,35.12,2025-02-28 01:00:00
6395,828,206.92,2025-02-28 02:00:00
6396,739,340.14,2025-02-28 03:00:00
6397,302,230.67,2025-02-28 04:00:00
6398,976,376.99,2025-02-28 05:00:00
6399,105,184.92,2025-02-28 06:00:00
6400,512,321.02,2025-02-28 07:00:00
6401,506,101.35,2025-02-28 08:00:00
6402,1032,377.19,2025-02-28 09:00:00
6403,132,277.39,2025-02-28 10:00:00
6404,954,109.99,2025-02-28 11:00:00
6405,148,153.04,2025-02-28 12:00:00
6406,198,376.82,2025-02-28 13:00:00
6407,378,246.47,2025-02-28 14:00:00
6408,205,115.86,2025-02-28 15:00:00
6409,239,483.96,2025-02-28 16:00:00
6410,543,360.41,2025-02-28 17:00:00
6411,932,479.0,2025-02-28 18:00:00
6412,312,219.28,2025-02-28 19:00:00
6413,129,242.8,2025-02-28 20:00:00
6414,449,450.0,2025-02-28 21:00:00
6415,813,267.27,2025-02-28 22:00:00
6416,658,356.57,2025-02-28 23:00:00
6417,309,133.56,2025-03-01 00:00:00
6418,821,228.9,2025-03-01 01:00:00
6419,664,70.49,2025-03-01 02:00:00
6420,601,110.93,2025-03-01 03:00:00
6421,834,10.46,2025-03-01 04:00:00
6422,150,29.24,2025-03-01 05:00:00
6423,408,488.87,2025-03-01 06:00:00
6424,429,128.75,2025-03-01 07:00:00
6425,869,335.02,2025-03-01 08:00:00
6426,270,421.16,2025-03-01 09:00:00
6427,869,279.82,2025-03-01 10:00:00
6428,469,85.04,2025-03-01 11:00:00
6429,173,366.78,2025-03-01 12:00:00
6430,471,304.12,2025-03-01 13:00:00
6431,280,368.31,2025-03-01 14:00:00
6432,739,387.18,2025-03-01 15:00:00
6433,112,487.95,2025-03-01 16:00:00
6434,534,291.05,2025-03-01 17:00:00
6435,677,177.4,2025-03-01 18:00:00
6436,752,327.75,2025-03-01 19:00:00
6437,623,43.54,2025-03-01 20:00:00
6438,817,449.72,2025-03-01 21:00:00
6439,532,68.5,2025-03-01 22:00:00
6440,568,170.64,2025-03-01 23:00:00
6441,204,409.72,2025-03-02 00:00:00
6442,141,302.68,2025-03-02 01:00:00
6443,1031,202.88,2025-03-02 02:00:00
6444,575,241.98,2025-03-02 03:00:00
6445,504,428.73,2025-03-02 04:00:00
6446,790,176.6,2025-03-02 05:00:00
6447,647,436.13,2025-03-02 06:00:00
6448,694,53.19,2025-03-02 07:00:00
6449,559,390.63,2025-03-02 08:00:00
6450,232,425.3,2025-03-02 09:00:00
6451,435,99.09,2025-03-02 10:00:00
6452,623,220.87,2025-03-02 11:00:00
6453,780,91.09,2025-03-02 12:00:00
6454,454,356.24,2025-03-02 13:00:00
6455,295,272.32,2025-03-02 14:00:00
6456,791,321.31,2025-03-02 15:00:00
6457,640,106.28,2025-03-02 16:00:00
6458,710,113.76,2025-03-02 17:00:00
6459,699,30.33,2025-03-02 18:00:00
6460,520,167.81,2025-03-02 19:00:00
6461,875,284.27,2025-03-02 20:00:00
6462,937,430.39,2025-03-02 21:00:00
6463,472,336.79,2025-03-02 22:00:00
6464,950,223.34,2025-03-02 23:00:00
6465,114,477.03,2025-03-03 00:00:00
6466,62,362.43,2025-03-03 01:00:00
6467,262,465.78,2025-03-03 02:00:00
6468,1035,268.52,2025-03-03 03:00:00
6469,291,136.86,2025-03-03 04:00:00
6470,542,35.89,2025-03-03 05:00:00
6471,262,365.78,2025-03-03 06:00:00
6472,742,69.44,2025-03-03 07:00:00
6473,387,158.36,2025-03-03 08:00:00
6474,1046,270.91,2025-03-03 09:00:00
6475,222,286.56,2025-03-03 10:00:00
6476,721,304.29,2025-03-03 11:00:00
6477,213,91.47,2025-03-03 12:00:00
6478,514,196.07,2025-03-03 13:00:00
6479,1044,312.43,2025-03-03 14:00:00
6480,546,485.21,2025-03-03 15:00:00
6481,749,366.54,2025-03-03 16:00:00
6482,444,462.08,2025-03-03 17:00:00
6483,752,383.48,2025-03-03 18:00:00
6484,966,299.94,2025-03-03 19:00:00
6485,357,104.09,2025-03-03 20:00:00
6486,817,336.68,2025-03-03 21:00:00
6487,232,315.46,2025-03-03 22:00:00
6488,678,305.21,2025-03-03 23:00:00
6489,843,250.0,2025-03-04 00:00:00
6490,559,269.04,2025-03-04 01:00:00
6491,757,173.88,2025-03-04 02:00:00
6492,595,264.46,2025-03-04 03:00:00
6493,613,106.8,2025-03-04 04:00:00
6494,673,404.54,2025-03-04 05:00:00
6495,813,101.03,2025-03-04 06:00:00
6496,643,51.63,2025-03-04 07:00:00
6497,793,223.76,2025-03-04 08:00:00
6498,276,332.57,2025-03-04 09:00:00
6499,794,224.48,2025-03-04 10:00:00
6500,782,145.61,2025-03-04 11:00:00
6501,485,283.5,2025-03-04 12:00:00
6502,974,180.03,2025-03-04 13:00:00
6503,471,467.11,2025-03-04 14:00:00
6504,603,462.1,2025-03-04 15:00:00
6505,70,256.16,2025-03-04 16:00:00
6506,603,170.66,2025-03-04 17:00:00
6507,446,371.19,2025-03-04 18:00:00
6508,674,27.99,2025-03-04 19:00:00
6509,154,242.64,2025-03-04 20:00:00
6510,241,174.8,2025-03-04 21:00:00
6511,66,461.06,2025-03-04 22:00:00
6512,169,15.88,2025-03-04 23:00:00
6513,442,280.88,2025-03-05 00:00:00
6514,474,372.93,2025-03-05 01:00:00
6515,178,247.66,2025-03-05 02:00:00
6516,179,51.85,2025-03-05 03:00:00
6517,621,486.51,2025-03-05 04:00:00
6518,609,263.83,2025-03-05 05:00:00
6519,78,310.95,2025-03-05 06:00:00
6520,146,125.94,2025-03-05 07:00:00
6521,59,246.91,2025-03-05 08:00:00
6522,291,220.28,2025-03-05 09:00:00
6523,875,46.7,2025-03-05 10:00:00
6524,1005,62.02,2025-03-05 11:00:00
6525,281,420.36,2025-03-05 12:00:00
6526,838,127.51,2025-03-05 13:00:00
6527,333,105.53,2025-03-05 14:00:00
6528,764,257.41,2025-03-05 15:00:00
6529,808,386.69,2025-03-05 16:00:00
6530,851,40.35,2025-03-05 17:00:00
6531,825,292.64,2025-03-05 18:00:00
6532,1004,68.41,2025-03-05 19:00:00
6533,775,27.87,2025-03-05 20:00:00
6534,249,35.84,2025-03-05 21:00:00
6535,994,418.74,2025-03-05 22:00:00
6536,128,67.81,2025-03-05 23:00:00
6537,962,32.12,2025-03-06 00:00:00
6538,1005,224.57,2025-03-06 01:00:00
6539,904,423.56,2025-03-06 02:00:00
6540,905,138.58,2025-03-06 03:00:00
6541,222,216.64,2025-03-06 04:00:00
6542,516,29.56,2025-03-06 05:00:00
6543,630,230.05,2025-03-06 06:00:00
6544,465,293.03,2025-03-06 07:00:00
6545,989,289.74,2025-03-06 08:00:00
6546,498,172.89,2025-03-06 09:00:00
6547,136,164.61,2025-03-06 10:00:00
6548,150,62.25,2025-03-06 11:00:00
6549,57,189.73,2025-03-06 12:00:00
6550,894,58.75,2025-03-06 13:00:00
6551,249,385.63,2025-03-06 14:00:00
6552,554,483.47,2025-03-06 15:00:00
6553,136,485.34,2025-03-06 16:00:00
6554,92,433.88,2025-03-06 17:00:00
6555,434,304.39,2025-03-06 18:00:00
6556,670,353.42,2025-03-06 19:00:00
6557,484,149.75,2025-03-06 20:00:00
6558,457,319.08,2025-03-06 21:00:00
6559,532,233.27,2025-03-06 22:00:00
6560,713,246.19,2025-03-06 23:00:00
6561,66,381.31,2025-03-07 00:00:00
6562,694,148.14,2025-03-07 01:00:00
6563,197,165.84,2025-03-07 02:00:00
6564,326,463.07,2025-03-07 03:00:00
6565,281,37.55,2025-03-07 04:00:00
6566,875,247.96,2025-03-07 05:00:00
6567,976,457.27,2025-03-07 06:00:00
6568,415,309.08,2025-03-07 07:00:00
6569,277,277.74,2025-03-07 08:00:00
6570,700,132.37,2025-03-07 09:00:00
6571,485,178.2,2025-03-07 10:00:00
6572,448,427.5,2025-03-07 11:00:00
6573,260,284.02,2025-03-07 12:00:00
6574,440,262.22,2025-03-07 13:00:00
6575,548,58.79,2025-03-07 14:00:00
6576,589,17.85,2025-03-07 15:00:00
6577,612,482.21,2025-03-07 16:00:00
6578,540,194.72,2025-03-07 17:00:00
6579,491,305.57,2025-03-07 18:00:00
6580,310,49.06,2025-03-07 19:00:00
6581,822,344.73,2025-03-07 20:00:00
6582,399,466.96,2025-03-07 21:00:00
6583,401,292.08,2025-03-07 22:00:00
6584,569,71.8,2025-03-07 23:00:00
6585,369,295.04,2025-03-08 00:00:00
6586,187,385.51,2025-03-08 01:00:00
6587,599,209.14,2025-03-08 02:00:00
6588,672,441.12,2025-03-08 03:00:00
6589,1041,327.85,2025-03-08 04:00:00
6590,417,450.63,2025-03-08 05:00:00
6591,269,315.52,2025-03-08 06:00:00
6592,386,74.33,2025-03-08 07:00:00
6593,272,161.75,2025-03-08 08:00:00
6594,697,108.88,2025-03-08 09:00:00
6595,817,455.32,2025-03-08 10:00:00
6596,409,382.6,2025-03-08 11:00:00
6597,970,341.44,2025-03-08 12:00:00
6598,378,157.47,2025-03-08 13:00:00
6599,1011,100.18,2025-03-08 14:00:00
6600,512,380.66,2025-03-08 15:00:00
6601,995,242.34,2025-03-08 16:00:00
6602,1012,120.64,2025-03-08 17:00:00
6603,610,312.14,2025-03-08 18:00:00
6604,853,29.76,2025-03-08 19:00:00
6605,431,169.82,2025-03-08 20:00:00
6606,885,239.59,2025-03-08 21:00:00
6607,639,82.5,2025-03-08 22:00:00
6608,666,492.48,2025-03-08 23:00:00
6609,218,112.46,2025-03-09 00:00:00
6610,266,73.87,2025-03-09 01:00:00
6611,427,109.73,2025-03-09 02:00:00
6612,168,386.84,2025-03-09 03:00:00
6613,239,218.5,2025-03-09 04:00:00
6614,816,287.05,2025-03-09 05:00:00
6615,419,20.29,2025-03-09 06:00:00
6616,827,26.87,2025-03-09 07:00:00
6617,198,228.45,2025-03-09 08:00:00
6618,725,410.16,2025-03-09 09:00:00
6619,701,443.77,2025-03-09 10:00:00
6620,908,52.49,2025-03-09 11:00:00
6621,537,273.8,2025-03-09 12:00:00
6622,819,457.48,2025-03-09 13:00:00
6623,423,200.11,2025-03-09 14:00:00
6624,830,416.49,2025-03-09 15:00:00
6625,742,75.51,2025-03-09 16:00:00
6626,209,468.34,2025-03-09 17:00:00
6627,400,378.2,2025-03-09 18:00:00
6628,961,471.25,2025-03-09 19:00:00
6629,337,341.54,2025-03-09 20:00:00
6630,337,188.07,2025-03-09 21:00:00
6631,941,469.71,2025-03-09 22:00:00
6632,275,145.03,2025-03-09 23:00:00
6633,572,172.76,2025-03-10 00:00:00
6634,571,353.4,2025-03-10 01:00:00
6635,832,385.0,2025-03-10 02:00:00
6636,322,465.41,2025-03-10 03:00:00
6637,985,110.35,2025-03-10 04:00:00
6638,451,401.02,2025-03-10 05:00:00
6639,232,371.89,2025-03-10 06:00:00
6640,1018,41.26,2025-03-10 07:00:00
6641,714,199.74,2025-03-10 08:00:00
6642,537,148.56,2025-03-10 09:00:00
6643,876,159.2,2025-03-10 10:00:00
6644,895,491.64,2025-03-10 11:00:00
6645,173,324.96,2025-03-10 12:00:00
6646,1034,361.66,2025-03-10 13:00:00
6647,675,488.54,2025-03-10 14:00:00
6648,839,194.83,2025-03-10 15:00:00
6649,463,402.9,2025-03-10 16:00:00
6650,1029,222.92,2025-03-10 17:00:00
6651,774,436.07,2025-03-10 18:00:00
6652,221,98.52,2025-03-10 19:00:00
6653,337,474.37,2025-03-10 20:00:00
6654,484,117.2,2025-03-10 21:00:00
6655,735,169.85,2025-03-10 22:00:00
6656,162,380.53,2025-03-10 23:00:00
6657,937,202.94,2025-03-11 00:00:00
6658,966,308.02,2025-03-11 01:00:00
6659,1044,227.84,2025-03-11 02:00:00
6660,171,373.76,2025-03-11 03:00:00
6661,593,121.88,2025-03-11 04:00:00
6662,271,38.64,2025-03-11 05:00:00
6663,680,156.97,2025-03-11 06:00:00
6664,88,242.41,2025-03-11 07:00:00
6665,546,92.33,2025-03-11 08:00:00
6666,829,183.85,2025-03-11 09:00:00
6667,282,205.99,2025-03-11 10:00:00
6668,992,38.12,2025-03-11 11:00:00
6669,579,295.82,2025-03-11 12:00:00
6670,198,443.33,2025-03-11 13:00:00
6671,446,84.35,2025-03-11 14:00:00
6672,710,302.93,2025-03-11 15:00:00
6673,687,335.72,2025-03-11 16:00:00
6674,953,215.47,2025-03-11 17:00:00
6675,351,353.54,2025-03-11 18:00:00
6676,409,211.26,2025-03-11 19:00:00
6677,287,257.27,2025-03-11 20:00:00
6678,696,13.6,2025-03-11 21:00:00
6679,712,348.94,2025-03-11 22:00:00
6680,285,334.06,2025-03-11 23:00:00
6681,785,28.82,2025-03-12 00:00:00
6682,252,190.44,2025-03-12 01:00:00
6683,305,489.73,2025-03-12 02:00:00
6684,647,216.16,2025-03-12 03:00:00
6685,711,255.95,2025-03-12 04:00:00
6686,284,455.87,2025-03-12 05:00:00
6687,394,361.46,2025-03-12 06:00:00
6688,583,295.21,2025-03-12 07:00:00
6689,909,400.92,2025-03-12 08:00:00
6690,846,433.54,2025-03-12 09:00:00
6691,830,233.88,2025-03-12 10:00:00
6692,515,242.8,2025-03-12 11:00:00
6693,819,199.16,2025-03-12 12:00:00
6694,590,483.69,2025-03-12 13:00:00
6695,262,351.61,2025-03-12 14:00:00
6696,512,50.78,2025-03-12 15:00:00
6697,485,432.85,2025-03-12 16:00:00
6698,332,245.47,2025-03-12 17:00:00
6699,611,43.69,2025-03-12 18:00:00
6700,656,279.36,2025-03-12 19:00:00
6701,512,214.41,2025-03-12 20:00:00
6702,456,440.1,2025-03-12 21:00:00
6703,137,109.96,2025-03-12 22:00:00
6704,93,414.97,2025-03-12 23:00:00
6705,510,283.27,2025-03-13 00:00:00
6706,327,36.76,2025-03-13 01:00:00
6707,732,486.2,2025-03-13 02:00:00
6708,470,261.18,2025-03-13 03:00:00
6709,750,152.53,2025-03-13 04:00:00
6710,402,240.01,2025-03-13 05:00:00
6711,745,430.35,2025-03-13 06:00:00
6712,564,159.4,2025-03-13 07:00:00
6713,752,104.41,2025-03-13 08:00:00
6714,679,73.24,2025-03-13 09:00:00
6715,68,155.95,2025-03-13 10:00:00
6716,72,392.22,2025-03-13 11:00:00
6717,462,241.1,2025-03-13 12:00:00
6718,79,121.47,2025-03-13 13:00:00
6719,856,91.43,2025-03-13 14:00:00
6720,157,173.04,2025-03-13 15:00:00
6721,416,470.56,2025-03-13 16:00:00
6722,330,178.08,2025-03-13 17:00:00
6723,177,494.18,2025-03-13 18:00:00
6724,278,247.76,2025-03-13 19:00:00
6725,160,97.79,2025-03-13 20:00:00
6726,185,446.66,2025-03-13 21:00:00
6727,411,235.57,2025-03-13 22:00:00
6728,235,357.74,2025-03-13 23:00:00
6729,705,492.02,2025-03-14 00:00:00
6730,633,34.59,2025-03-14 01:00:00
6731,178,57.38,2025-03-14 02:00:00
6732,925,363.02,2025-03-14 03:00:00
6733,310,148.09,2025-03-14 04:00:00
6734,564,100.31,2025-03-14 05:00:00
6735,498,29.29,2025-03-14 06:00:00
6736,949,20.7,2025-03-14 07:00:00
6737,153,389.5,2025-03-14 08:00:00
6738,532,75.87,2025-03-14 09:00:00
6739,273,239.18,2025-03-14 10:00:00
6740,881,306.89,2025-03-14 11:00:00
6741,923,219.89,2025-03-14 12:00:00
6742,915,23.28,2025-03-14 13:00:00
6743,540,393.92,2025-03-14 14:00:00
6744,522,15.15,2025-03-14 15:00:00
6745,59,383.33,2025-03-14 16:00:00
6746,454,447.72,2025-03-14 17:00:00
6747,945,222.09,2025-03-14 18:00:00
6748,351,272.42,2025-03-14 19:00:00
6749,280,243.72,2025-03-14 20:00:00
6750,780,200.71,2025-03-14 21:00:00
6751,972,444.84,2025-03-14 22:00:00
6752,115,448.03,2025-03-14 23:00:00
6753,986,174.55,2025-03-15 00:00:00
6754,161,311.38,2025-03-15 01:00:00
6755,62,464.18,2025-03-15 02:00:00
6756,442,481.41,2025-03-15 03:00:00
6757,549,259.39,2025-03-15 04:00:00
6758,981,231.88,2025-03-15 05:00:00
6759,647,146.56,2025-03-15 06:00:00
6760,283,479.85,2025-03-15 07:00:00
6761,651,79.98,2025-03-15 08:00:00
6762,363,294.12,2025-03-15 09:00:00
6763,615,148.45,2025-03-15 10:00:00
6764,61,146.71,2025-03-15 11:00:00
6765,258,208.43,2025-03-15 12:00:00
6766,1023,499.41,2025-03-15 13:00:00
6767,63,36.93,2025-03-15 14:00:00
6768,682,293.49,2025-03-15 15:00:00
6769,467,50.46,2025-03-15 16:00:00
6770,486,85.72,2025-03-15 17:00:00
6771,426,225.39,2025-03-15 18:00:00
6772,69,260.13,2025-03-15 19:00:00
6773,636,136.81,2025-03-15 20:00:00
6774,961,165.06,2025-03-15 21:00:00
6775,804,52.61,2025-03-15 22:00:00
6776,784,158.58,2025-03-15 23:00:00
6777,119,483.61,2025-03-16 00:00:00
6778,873,472.91,2025-03-16 01:00:00
6779,260,174.09,2025-03-16 02:00:00
6780,150,289.72,2025-03-16 03:00:00
6781,747,455.7,2025-03-16 04:00:00
6782,181,13.03,2025-03-16 05:00:00
6783,672,407.23,2025-03-16 06:00:00
6784,430,474.7,2025-03-16 07:00:00
6785,181,54.75,2025-03-16 08:00:00
6786,69,89.11,2025-03-16 09:00:00
6787,955,480.77,2025-03-16 10:00:00
6788,585,273.39,2025-03-16 11:00:00
6789,276,16.96,2025-03-16 12:00:00
6790,203,136.24,2025-03-16 13:00:00
6791,854,230.47,2025-03-16 14:00:00
6792,791,349.53,2025-03-16 15:00:00
6793,518,369.25,2025-03-16 16:00:00
6794,871,497.76,2025-03-16 17:00:00
6795,1049,150.88,2025-03-16 18:00:00
6796,920,273.73,2025-03-16 19:00:00
6797,454,271.33,2025-03-16 20:00:00
6798,251,208.77,2025-03-16 21:00:00
6799,87,92.89,2025-03-16 22:00:00
6800,991,488.95,2025-03-16 23:00:00
6801,821,428.13,2025-03-17 00:00:00
6802,237,254.18,2025-03-17 01:00:00
6803,106,305.59,2025-03-17 02:00:00
6804,990,121.36,2025-03-17 03:00:00
6805,69,276.46,2025-03-17 04:00:00
6806,322,350.54,2025-03-17 05:00:00
6807,168,262.43,2025-03-17 06:00:00
6808,632,495.24,2025-03-17 07:00:00
6809,565,309.56,2025-03-17 08:00:00
6810,270,191.78,2025-03-17 09:00:00
6811,575,388.35,2025-03-17 10:00:00
6812,564,93.53,2025-03-17 11:00:00
6813,777,198.41,2025-03-17 12:00:00
6814,790,180.01,2025-03-17 13:00:00
6815,385,221.59,2025-03-17 14:00:00
6816,747,393.07,2025-03-17 15:00:00
6817,104,247.24,2025-03-17 16:00:00
6818,549,399.07,2025-03-17 17:00:00
6819,949,292.48,2025-03-17 18:00:00
6820,937,177.61,2025-03-17 19:00:00
6821,815,406.89,2025-03-17 20:00:00
6822,585,126.76,2025-03-17 21:00:00
6823,211,119.95,2025-03-17 22:00:00
6824,719,257.21,2025-03-17 23:00:00
6825,643,137.82,2025-03-18 00:00:00
6826,964,14.45,2025-03-18 01:00:00
6827,208,327.67,2025-03-18 02:00:00
6828,237,260.44,2025-03-18 03:00:00
6829,109,228.3,2025-03-18 04:00:00
6830,964,483.81,2025-03-18 05:00:00
6831,866,289.89,2025-03-18 06:00:00
6832,368,433.08,2025-03-18 07:00:00
6833,927,78.33,2025-03-18 08:00:00
6834,260,288.91,2025-03-18 09:00:00
6835,455,435.31,2025-03-18 10:00:00
6836,713,295.72,2025-03-18 11:00:00
6837,158,361.83,2025-03-18 12:00:00
6838,125,192.3,2025-03-18 13:00:00
6839,591,55.3,2025-03-18 14:00:00
6840,363,234.37,2025-03-18 15:00:00
6841,1047,203.29,2025-03-18 16:00:00
6842,166,434.86,2025-03-18 17:00:00
6843,976,129.56,2025-03-18 18:00:00
6844,917,483.7,2025-03-18 19:00:00
6845,753,479.49,2025-03-18 20:00:00
6846,68,131.34,2025-03-18 21:00:00
6847,481,180.55,2025-03-18 22:00:00
6848,734,448.82,2025-03-18 23:00:00
6849,789,483.64,2025-03-19 00:00:00
6850,399,227.29,2025-03-19 01:00:00
6851,232,167.29,2025-03-19 02:00:00
6852,162,267.79,2025-03-19 03:00:00
6853,232,347.01,2025-03-19 04:00:00
6854,530,144.0,2025-03-19 05:00:00
6855,195,370.87,2025-03-19 06:00:00
6856,880,35.31,2025-03-19 07:00:00
6857,677,34.15,2025-03-19 08:00:00
6858,162,199.28,2025-03-19 09:00:00
6859,812,183.2,2025-03-19 10:00:00
6860,525,164.66,2025-03-19 11:00:00
6861,812,250.6,2025-03-19 12:00:00
6862,352,167.16,2025-03-19 13:00:00
6863,1020,104.21,2025-03-19 14:00:00
6864,874,161.64,2025-03-19 15:00:00
6865,167,487.7,2025-03-19 16:00:00
6866,862,211.45,2025-03-19 17:00:00
6867,210,227.91,2025-03-19 18:00:00
6868,450,292.51,2025-03-19 19:00:00
6869,247,491.84,2025-03-19 20:00:00
6870,309,128.38,2025-03-19 21:00:00
6871,709,343.83,2025-03-19 22:00:00
6872,801,360.83,2025-03-19 23:00:00
6873,96,307.59,2025-03-20 00:00:00
6874,1036,53.4,2025-03-20 01:00:00
6875,448,341.67,2025-03-20 02:00:00
6876,759,41.41,2025-03-20 03:00:00
6877,608,302.11,2025-03-20 04:00:00
6878,127,372.39,2025-03-20 05:00:00
6879,173,113.38,2025-03-20 06:00:00
6880,124,422.39,2025-03-20 07:00:00
6881,920,24.87,2025-03-20 08:00:00
6882,186,423.47,2025-03-20 09:00:00
6883,651,235.56,2025-03-20 10:00:00
6884,449,116.62,2025-03-20 11:00:00
6885,886,75.55,2025-03-20 12:00:00
6886,554,477.12,2025-03-20 13:00:00
6887,549,45.61,2025-03-20 14:00:00
6888,622,107.56,2025-03-20 15:00:00
6889,187,180.43,2025-03-20 16:00:00
6890,99,313.92,2025-03-20 17:00:00
6891,820,276.95,2025-03-20 18:00:00
6892,1022,71.57,2025-03-20 19:00:00
6893,668,151.97,2025-03-20 20:00:00
6894,674,126.99,2025-03-20 21:00:00
6895,911,114.64,2025-03-20 22:00:00
6896,303,211.46,2025-03-20 23:00:00
6897,679,354.98,2025-03-21 00:00:00
6898,759,116.55,2025-03-21 01:00:00
6899,898,189.67,2025-03-21 02:00:00
6900,926,201.55,2025-03-21 03:00:00
6901,612,488.46,2025-03-21 04:00:00
6902,806,477.79,2025-03-21 05:00:00
6903,964,402.07,2025-03-21 06:00:00
6904,475,128.41,2025-03-21 07:00:00
6905,596,43.34,2025-03-21 08:00:00
6906,351,165.28,2025-03-21 09:00:00
6907,971,140.73,2025-03-21 10:00:00
6908,630,257.9,2025-03-21 11:00:00
6909,398,391.09,2025-03-21 12:00:00
6910,881,430.58,2025-03-21 13:00:00
6911,982,423.98,2025-03-21 14:00:00
6912,1029,186.24,2025-03-21 15:00:00
6913,98,346.74,2025-03-21 16:00:00
6914,966,163.29,2025-03-21 17:00:00
6915,123,39.84,2025-03-21 18:00:00
6916,753,353.77,2025-03-21 19:00:00
6917,310,14.82,2025-03-21 20:00:00
6918,405,210.5,2025-03-21 21:00:00
6919,631,171.4,2025-03-21 22:00:00
6920,651,349.75,2025-03-21 23:00:00
6921,309,385.46,2025-03-22 00:00:00
6922,687,159.01,2025-03-22 01:00:00
6923,792,407.7,2025-03-22 02:00:00
6924,344,154.02,2025-03-22 03:00:00
6925,980,228.7,2025-03-22 04:00:00
6926,690,366.24,2025-03-22 05:00:00
6927,841,349.53,2025-03-22 06:00:00
6928,362,493.81,2025-03-22 07:00:00
6929,661,120.33,2025-03-22 08:00:00
6930,887,334.54,2025-03-22 09:00:00
6931,858,308.74,2025-03-22 10:00:00
6932,231,458.4,2025-03-22 11:00:00
6933,735,86.62,2025-03-22 12:00:00
6934,877,378.38,2025-03-22 13:00:00
6935,413,288.45,2025-03-22 14:00:00
6936,237,144.59,2025-03-22 15:00:00
6937,618,242.47,2025-03-22 16:00:00
6938,592,173.55,2025-03-22 17:00:00
6939,645,293.86,2025-03-22 18:00:00
6940,713,445.61,2025-03-22 19:00:00
6941,1034,288.96,2025-03-22 20:00:00
6942,597,319.54,2025-03-22 21:00:00
6943,774,264.19,2025-03-22 22:00:00
6944,975,35.07,2025-03-22 23:00:00
6945,457,124.1,2025-03-23 00:00:00
6946,925,251.08,2025-03-23 01:00:00
6947,667,162.02,2025-03-23 02:00:00
6948,463,99.06,2025-03-23 03:00:00
6949,391,257.03,2025-03-23 04:00:00
6950,269,168.18,2025-03-23 05:00:00
6951,952,136.47,2025-03-23 06:00:00
6952,212,237.35,2025-03-23 07:00:00
6953,1000,75.31,2025-03-23 08:00:00
6954,269,464.6,2025-03-23 09:00:00
6955,319,435.17,2025-03-23 10:00:00
6956,681,356.73,2025-03-23 11:00:00
6957,955,62.04,2025-03-23 12:00:00
6958,897,390.18,2025-03-23 13:00:00
6959,449,405.9,2025-03-23 14:00:00
6960,231,386.2,2025-03-23 15:00:00
6961,1040,65.84,2025-03-23 16:00:00
6962,667,325.51,2025-03-23 17:00:00
6963,778,418.82,2025-03-23 18:00:00
6964,254,292.9,2025-03-23 19:00:00
6965,631,326.74,2025-03-23 20:00:00
6966,605,234.6,2025-03-23 21:00:00
6967,890,269.07,2025-03-23 22:00:00
6968,862,26.84,2025-03-23 23:00:00
6969,277,323.09,2025-03-24 00:00:00
6970,745,49.91,2025-03-24 01:00:00
6971,668,223.16,2025-03-24 02:00:00
6972,645,153.4,2025-03-24 03:00:00
6973,899,277.26,2025-03-24 04:00:00
6974,299,75.37,2025-03-24 05:00:00
6975,924,348.91,2025-03-24 06:00:00
6976,490,399.56,2025-03-24 07:00:00
6977,582,90.04,2025-03-24 08:00:00
6978,245,61.11,2025-03-24 09:00:00
6979,739,81.3,2025-03-24 10:00:00
6980,978,439.79,2025-03-24 11:00:00
6981,1036,268.81,2025-03-24 12:00:00
6982,568,238.96,2025-03-24 13:00:00
6983,119,62.29,2025-03-24 14:00:00
6984,688,328.28,2025-03-24 15:00:00
6985,448,435.32,2025-03-24 16:00:00
6986,1027,415.81,2025-03-24 17:00:00
6987,721,316.77,2025-03-24 18:00:00
6988,809,46.89,2025-03-24 19:00:00
6989,252,65.07,2025-03-24 20:00:00
6990,197,34.16,2025-03-24 21:00:00
6991,521,136.16,2025-03-24 22:00:00
6992,704,76.47,2025-03-24 23:00:00
6993,993,137.42,2025-03-25 00:00:00
6994,248,198.68,2025-03-25 01:00:00
6995,966,472.06,2025-03-25 02:00:00
6996,475,309.08,2025-03-25 03:00:00
6997,715,419.14,2025-03-25 04:00:00
6998,541,358.07,2025-03-25 05:00:00
6999,937,65.13,2025-03-25 06:00:00
7000,945,370.6,2025-03-25 07:00:00
7001,191,144.8,2025-03-25 08:00:00
7002,362,323.16,2025-03-25 09:00:00
7003,214,177.07,2025-03-25 10:00:00
7004,363,498.86,2025-03-25 11:00:00
7005,70,139.14,2025-03-25 12:00:00
7006,131,146.77,2025-03-25 13:00:00
7007,630,466.03,2025-03-25 14:00:00
7008,180,22.08,2025-03-25 15:00:00
7009,648,351.38,2025-03-25 16:00:00
7010,779,365.41,2025-03-25 17:00:00
7011,982,419.83,2025-03-25 18:00:00
7012,1033,487.48,2025-03-25 19:00:00
7013,354,488.04,2025-03-25 20:00:00
7014,964,41.99,2025-03-25 21:00:00
7015,420,412.7,2025-03-25 22:00:00
7016,906,326.69,2025-03-25 23:00:00
7017,902,327.2,2025-03-26 00:00:00
7018,433,72.89,2025-03-26 01:00:00
7019,957,328.59,2025-03-26 02:00:00
7020,494,491.42,2025-03-26 03:00:00
7021,474,456.79,2025-03-26 04:00:00
7022,210,225.17,2025-03-26 05:00:00
7023,227,29.57,2025-03-26 06:00:00
7024,678,187.52,2025-03-26 07:00:00
7025,757,414.93,2025-03-26 08:00:00
7026,944,353.73,2025-03-26 09:00:00
7027,539,235.08,2025-03-26 10:00:00
7028,376,37.0,2025-03-26 11:00:00
7029,647,219.18,2025-03-26 12:00:00
7030,338,239.82,2025-03-26 13:00:00
7031,642,464.99,2025-03-26 14:00:00
7032,713,324.13,2025-03-26 15:00:00
7033,622,162.71,2025-03-26 16:00:00
7034,622,267.41,2025-03-26 17:00:00
7035,403,42.37,2025-03-26 18:00:00
7036,77,486.56,2025-03-26 19:00:00
7037,1003,186.43,2025-03-26 20:00:00
7038,92,244.16,2025-03-26 21:00:00
7039,730,184.09,2025-03-26 22:00:00
7040,472,344.43,2025-03-26 23:00:00
7041,647,334.49,2025-03-27 00:00:00
7042,226,360.51,2025-03-27 01:00:00
7043,578,141.39,2025-03-27 02:00:00
7044,659,164.68,2025-03-27 03:00:00
7045,1015,71.37,2025-03-27 04:00:00
7046,543,331.2,2025-03-27 05:00:00
7047,247,29.5,2025-03-27 06:00:00
7048,659,302.86,2025-03-27 07:00:00
7049,626,436.15,2025-03-27 08:00:00
7050,891,446.51,2025-03-27 09:00:00
7051,902,230.03,2025-03-27 10:00:00
7052,566,235.06,2025-03-27 11:00:00
7053,563,47.71,2025-03-27 12:00:00
7054,71,338.67,2025-03-27 13:00:00
7055,161,412.42,2025-03-27 14:00:00
7056,106,129.88,2025-03-27 15:00:00
7057,115,216.44,2025-03-27 16:00:00
7058,891,421.03,2025-03-27 17:00:00
7059,147,439.79,2025-03-27 18:00:00
7060,193,129.16,2025-03-27 19:00:00
7061,929,279.78,2025-03-27 20:00:00
7062,484,104.32,2025-03-27 21:00:00
7063,686,59.92,2025-03-27 22:00:00
7064,728,456.45,2025-03-27 23:00:00
7065,135,412.05,2025-03-28 00:00:00
7066,637,382.42,2025-03-28 01:00:00
7067,393,33.9,2025-03-28 02:00:00
7068,985,423.43,2025-03-28 03:00:00
7069,343,224.64,2025-03-28 04:00:00
7070,1005,177.77,2025-03-28 05:00:00
7071,620,277.77,2025-03-28 06:00:00
7072,699,54.76,2025-03-28 07:00:00
7073,660,380.76,2025-03-28 08:00:00
7074,753,295.39,2025-03-28 09:00:00
7075,292,101.43,2025-03-28 10:00:00
7076,880,102.23,2025-03-28 11:00:00
7077,610,100.28,2025-03-28 12:00:00
7078,1009,37.93,2025-03-28 13:00:00
7079,81,298.02,2025-03-28 14:00:00
7080,440,421.77,2025-03-28 15:00:00
7081,326,18.57,2025-03-28 16:00:00
7082,581,34.01,2025-03-28 17:00:00
7083,203,290.66,2025-03-28 18:00:00
7084,432,411.55,2025-03-28 19:00:00
7085,117,170.1,2025-03-28 20:00:00
7086,927,181.31,2025-03-28 21:00:00
7087,933,302.21,2025-03-28 22:00:00
7088,263,144.36,2025-03-28 23:00:00
7089,704,23.04,2025-03-29 00:00:00
7090,425,370.26,2025-03-29 01:00:00
7091,793,316.57,2025-03-29 02:00:00
7092,262,294.57,2025-03-29 03:00:00
7093,128,373.43,2025-03-29 04:00:00
7094,775,340.86,2025-03-29 05:00:00
7095,677,110.88,2025-03-29 06:00:00
7096,653,182.72,2025-03-29 07:00:00
7097,831,71.79,2025-03-29 08:00:00
7098,972,73.63,2025-03-29 09:00:00
7099,430,341.34,2025-03-29 10:00:00
7100,1050,430.71,2025-03-29 11:00:00
7101,729,481.74,2025-03-29 12:00:00
7102,107,317.89,2025-03-29 13:00:00
7103,845,100.21,2025-03-29 14:00:00
7104,75,61.77,2025-03-29 15:00:00
7105,930,408.3,2025-03-29 16:00:00
7106,496,293.59,2025-03-29 17:00:00
7107,115,312.96,2025-03-29 18:00:00
7108,970,392.92,2025-03-29 19:00:00
7109,809,354.61,2025-03-29 20:00:00
7110,303,418.88,2025-03-29 21:00:00
7111,948,37.54,2025-03-29 22:00:00
7112,1017,376.29,2025-03-29 23:00:00
7113,93,426.92,2025-03-30 00:00:00
7114,146,150.21,2025-03-30 01:00:00
7115,603,323.82,2025-03-30 02:00:00
7116,276,163.94,2025-03-30 03:00:00
7117,823,479.41,2025-03-30 04:00:00
7118,728,26.38,2025-03-30 05:00:00
7119,485,294.1,2025-03-30 06:00:00
7120,840,91.59,2025-03-30 07:00:00
7121,650,358.99,2025-03-30 08:00:00
7122,428,96.19,2025-03-30 09:00:00
7123,227,125.34,2025-03-30 10:00:00
7124,476,252.24,2025-03-30 11:00:00
7125,964,458.27,2025-03-30 12:00:00
7126,758,113.74,2025-03-30 13:00:00
7127,356,80.68,2025-03-30 14:00:00
7128,828,381.9,2025-03-30 15:00:00
7129,553,255.3,2025-03-30 16:00:00
7130,317,456.77,2025-03-30 17:00:00
7131,635,81.84,2025-03-30 18:00:00
7132,57,326.5,2025-03-30 19:00:00
7133,969,124.11,2025-03-30 20:00:00
7134,557,86.81,2025-03-30 21:00:00
7135,525,344.88,2025-03-30 22:00:00
7136,346,300.91,2025-03-30 23:00:00
7137,213,379.87,2025-03-31 00:00:00
7138,534,161.64,2025-03-31 01:00:00
7139,646,229.51,2025-03-31 02:00:00
7140,121,208.68,2025-03-31 03:00:00
7141,616,492.2,2025-03-31 04:00:00
7142,954,153.2,2025-03-31 05:00:00
7143,608,154.46,2025-03-31 06:00:00
7144,960,183.73,2025-03-31 07:00:00
7145,993,286.65,2025-03-31 08:00:00
7146,287,133.64,2025-03-31 09:00:00
7147,153,458.49,2025-03-31 10:00:00
7148,259,140.19,2025-03-31 11:00:00
7149,603,448.95,2025-03-31 12:00:00
7150,877,60.7,2025-03-31 13:00:00
7151,517,331.72,2025-03-31 14:00:00
7152,503,454.42,2025-03-31 15:00:00
7153,317,92.69,2025-03-31 16:00:00
7154,435,484.48,2025-03-31 17:00:00
7155,824,231.91,2025-03-31 18:00:00
7156,897,473.4,2025-03-31 19:00:00
7157,436,341.64,2025-03-31 20:00:00
7158,926,157.78,2025-03-31 21:00:00
7159,308,102.27,2025-03-31 22:00:00
7160,332,158.83,2025-03-31 23:00:00
7161,675,55.58,2025-04-01 00:00:00
7162,924,80.5,2025-04-01 01:00:00
7163,89,61.28,2025-04-01 02:00:00
7164,535,217.24,2025-04-01 03:00:00
7165,978,399.83,2025-04-01 04:00:00
7166,269,79.28,2025-04-01 05:00:00
7167,178,73.86,2025-04-01 06:00:00
7168,569,325.28,2025-04-01 07:00:00
7169,662,106.62,2025-04-01 08:00:00
7170,977,57.83,2025-04-01 09:00:00
7171,941,91.76,2025-04-01 10:00:00
7172,737,462.63,2025-04-01 11:00:00
7173,668,412.52,2025-04-01 12:00:00
7174,662,183.49,2025-04-01 13:00:00
7175,309,331.35,2025-04-01 14:00:00
7176,1039,273.27,2025-04-01 15:00:00
7177,1015,341.79,2025-04-01 16:00:00
7178,415,344.51,2025-04-01 17:00:00
7179,807,318.08,2025-04-01 18:00:00
7180,836,140.39,2025-04-01 19:00:00
7181,593,29.11,2025-04-01 20:00:00
7182,698,233.23,2025-04-01 21:00:00
7183,573,446.58,2025-04-01 22:00:00
7184,956,289.05,2025-04-01 23:00:00
7185,863,417.87,2025-04-02 00:00:00
7186,936,495.9,2025-04-02 01:00:00
7187,65,90.17,2025-04-02 02:00:00
7188,178,348.97,2025-04-02 03:00:00
7189,624,340.4,2025-04-02 04:00:00
7190,158,490.18,2025-04-02 05:00:00
7191,936,492.94,2025-04-02 06:00:00
7192,582,346.47,2025-04-02 07:00:00
7193,719,129.37,2025-04-02 08:00:00
7194,318,401.29,2025-04-02 09:00:00
7195,211,62.44,2025-04-02 10:00:00
7196,309,392.54,2025-04-02 11:00:00
7197,973,456.0,2025-04-02 12:00:00
7198,151,197.59,2025-04-02 13:00:00
7199,555,319.01,2025-04-02 14:00:00
7200,784,220.77,2025-04-02 15:00:00
7201,620,224.5,2025-04-02 16:00:00
7202,296,162.08,2025-04-02 17:00:00
7203,689,383.44,2025-04-02 18:00:00
7204,844,468.73,2025-04-02 19:00:00
7205,886,470.97,2025-04-02 20:00:00
7206,586,95.64,2025-04-02 21:00:00
7207,180,438.62,2025-04-02 22:00:00
7208,402,371.34,2025-04-02 23:00:00
7209,245,133.89,2025-04-03 00:00:00
7210,842,42.97,2025-04-03 01:00:00
7211,965,141.32,2025-04-03 02:00:00
7212,979,456.98,2025-04-03 03:00:00
7213,715,320.26,2025-04-03 04:00:00
7214,431,363.32,2025-04-03 05:00:00
7215,694,136.0,2025-04-03 06:00:00
7216,276,362.5,2025-04-03 07:00:00
7217,750,23.78,2025-04-03 08:00:00
7218,525,193.91,2025-04-03 09:00:00
7219,526,317.11,2025-04-03 10:00:00
7220,314,81.59,2025-04-03 11:00:00
7221,421,413.27,2025-04-03 12:00:00
7222,535,125.17,2025-04-03 13:00:00
7223,483,329.62,2025-04-03 14:00:00
7224,695,208.55,2025-04-03 15:00:00
7225,260,302.06,2025-04-03 16:00:00
7226,621,62.65,2025-04-03 17:00:00
7227,989,18.29,2025-04-03 18:00:00
7228,426,455.69,2025-04-03 19:00:00
7229,444,142.12,2025-04-03 20:00:00
7230,499,411.64,2025-04-03 21:00:00
7231,992,499.68,2025-04-03 22:00:00
7232,413,113.6,2025-04-03 23:00:00
7233,925,139.93,2025-04-04 00:00:00
7234,506,334.8,2025-04-04 01:00:00
7235,774,483.07,2025-04-04 02:00:00
7236,777,458.75,2025-04-04 03:00:00
7237,275,256.41,2025-04-04 04:00:00
7238,1031,399.6,2025-04-04 05:00:00
7239,180,76.52,2025-04-04 06:00:00
7240,637,488.94,2025-04-04 07:00:00
7241,525,482.53,2025-04-04 08:00:00
7242,847,90.23,2025-04-04 09:00:00
7243,1035,156.72,2025-04-04 10:00:00
7244,326,59.08,2025-04-04 11:00:00
7245,205,143.14,2025-04-04 12:00:00
7246,809,409.82,2025-04-04 13:00:00
7247,267,195.37,2025-04-04 14:00:00
7248,239,53.31,2025-04-04 15:00:00
7249,466,177.69,2025-04-04 16:00:00
7250,1030,490.88,2025-04-04 17:00:00
7251,724,318.54,2025-04-04 18:00:00
7252,741,213.92,2025-04-04 19:00:00
7253,595,91.6,2025-04-04 20:00:00
7254,90,493.23,2025-04-04 21:00:00
7255,356,412.22,2025-04-04 22:00:00
7256,992,147.92,2025-04-04 23:00:00
7257,387,44.33,2025-04-05 00:00:00
7258,363,37.75,2025-04-05 01:00:00
7259,124,68.99,2025-04-05 02:00:00
7260,1002,294.58,2025-04-05 03:00:00
7261,328,465.09,2025-04-05 04:00:00
7262,225,253.4,2025-04-05 05:00:00
7263,945,423.04,2025-04-05 06:00:00
7264,711,228.48,2025-04-05 07:00:00
7265,322,357.21,2025-04-05 08:00:00
7266,886,368.62,2025-04-05 09:00:00
7267,669,95.24,2025-04-05 10:00:00
7268,700,187.0,2025-04-05 11:00:00
7269,911,322.28,2025-04-05 12:00:00
7270,832,44.64,2025-04-05 13:00:00
7271,908,187.15,2025-04-05 14:00:00
7272,980,272.05,2025-04-05 15:00:00
7273,338,498.15,2025-04-05 16:00:00
7274,773,242.52,2025-04-05 17:00:00
7275,942,409.87,2025-04-05 18:00:00
7276,321,221.71,2025-04-05 19:00:00
7277,979,400.23,2025-04-05 20:00:00
7278,115,301.75,2025-04-05 21:00:00
7279,532,444.43,2025-04-05 22:00:00
7280,985,211.36,2025-04-05 23:00:00
7281,297,306.11,2025-04-06 00:00:00
7282,205,318.71,2025-04-06 01:00:00
7283,96,214.52,2025-04-06 02:00:00
7284,984,80.71,2025-04-06 03:00:00
7285,503,55.84,2025-04-06 04:00:00
7286,250,18.17,2025-04-06 05:00:00
7287,709,438.03,2025-04-06 06:00:00
7288,173,125.87,2025-04-06 07:00:00
7289,50,113.64,2025-04-06 08:00:00
7290,1017,370.66,2025-04-06 09:00:00
7291,808,166.81,2025-04-06 10:00:00
7292,904,257.96,2025-04-06 11:00:00
7293,689,89.63,2025-04-06 12:00:00
7294,240,480.28,2025-04-06 13:00:00
7295,628,427.27,2025-04-06 14:00:00
7296,565,433.26,2025-04-06 15:00:00
7297,491,209.32,2025-04-06 16:00:00
7298,970,383.56,2025-04-06 17:00:00
7299,864,80.5,2025-04-06 18:00:00
7300,855,14.22,2025-04-06 19:00:00
7301,192,19.79,2025-04-06 20:00:00
7302,240,297.43,2025-04-06 21:00:00
7303,582,233.14,2025-04-06 22:00:00
7304,276,263.83,2025-04-06 23:00:00
7305,362,13.66,2025-04-07 00:00:00
7306,678,217.12,2025-04-07 01:00:00
7307,998,361.85,2025-04-07 02:00:00
7308,351,226.92,2025-04-07 03:00:00
7309,703,368.79,2025-04-07 04:00:00
7310,1045,124.18,2025-04-07 05:00:00
7311,509,408.44,2025-04-07 06:00:00
7312,450,298.33,2025-04-07 07:00:00
7313,600,113.27,2025-04-07 08:00:00
7314,442,125.99,2025-04-07 09:00:00
7315,916,317.73,2025-04-07 10:00:00
7316,813,416.67,2025-04-07 11:00:00
7317,894,213.66,2025-04-07 12:00:00
7318,256,136.57,2025-04-07 13:00:00
7319,259,434.84,2025-04-07 14:00:00
7320,164,337.94,2025-04-07 15:00:00
7321,786,229.56,2025-04-07 16:00:00
7322,695,249.07,2025-04-07 17:00:00
7323,300,110.09,2025-04-07 18:00:00
7324,268,317.13,2025-04-07 19:00:00
7325,456,185.78,2025-04-07 20:00:00
7326,492,497.87,2025-04-07 21:00:00
7327,652,245.29,2025-04-07 22:00:00
7328,403,248.08,2025-04-07 23:00:00
7329,937,287.27,2025-04-08 00:00:00
7330,607,459.21,2025-04-08 01:00:00
7331,599,402.4,2025-04-08 02:00:00
7332,191,231.05,2025-04-08 03:00:00
7333,661,362.16,2025-04-08 04:00:00
7334,550,297.26,2025-04-08 05:00:00
7335,889,251.26,2025-04-08 06:00:00
7336,751,104.23,2025-04-08 07:00:00
7337,596,237.33,2025-04-08 08:00:00
7338,708,130.45,2025-04-08 09:00:00
7339,591,458.27,2025-04-08 10:00:00
7340,895,174.35,2025-04-08 11:00:00
7341,556,476.61,2025-04-08 12:00:00
7342,645,271.2,2025-04-08 13:00:00
7343,930,319.46,2025-04-08 14:00:00
7344,330,276.04,2025-04-08 15:00:00
7345,473,73.4,2025-04-08 16:00:00
7346,905,194.15,2025-04-08 17:00:00
7347,319,58.58,2025-04-08 18:00:00
7348,203,315.25,2025-04-08 19:00:00
7349,663,228.97,2025-04-08 20:00:00
7350,776,391.21,2025-04-08 21:00:00
7351,711,118.03,2025-04-08 22:00:00
7352,993,90.64,2025-04-08 23:00:00
7353,132,209.1,2025-04-09 00:00:00
7354,671,464.03,2025-04-09 01:00:00
7355,996,358.11,2025-04-09 02:00:00
7356,948,215.27,2025-04-09 03:00:00
7357,475,263.46,2025-04-09 04:00:00
7358,324,51.26,2025-04-09 05:00:00
7359,762,492.44,2025-04-09 06:00:00
7360,333,336.54,2025-04-09 07:00:00
7361,1029,149.85,2025-04-09 08:00:00
7362,222,297.05,2025-04-09 09:00:00
7363,376,63.65,2025-04-09 10:00:00
7364,767,483.26,2025-04-09 11:00:00
7365,112,95.64,2025-04-09 12:00:00
7366,122,327.53,2025-04-09 13:00:00
7367,812,130.27,2025-04-09 14:00:00
7368,685,361.61,2025-04-09 15:00:00
7369,424,390.64,2025-04-09 16:00:00
7370,682,339.98,2025-04-09 17:00:00
7371,557,311.1,2025-04-09 18:00:00
7372,836,447.31,2025-04-09 19:00:00
7373,992,48.53,2025-04-09 20:00:00
7374,447,172.15,2025-04-09 21:00:00
7375,169,131.66,2025-04-09 22:00:00
7376,983,494.13,2025-04-09 23:00:00
7377,486,200.8,2025-04-10 00:00:00
7378,878,368.98,2025-04-10 01:00:00
7379,725,345.52,2025-04-10 02:00:00
7380,985,113.92,2025-04-10 03:00:00
7381,514,127.11,2025-04-10 04:00:00
7382,335,147.83,2025-04-10 05:00:00
7383,314,211.45,2025-04-10 06:00:00
7384,369,124.82,2025-04-10 07:00:00
7385,722,19.63,2025-04-10 08:00:00
7386,425,440.9,2025-04-10 09:00:00
7387,869,483.15,2025-04-10 10:00:00
7388,138,177.37,2025-04-10 11:00:00
7389,703,175.87,2025-04-10 12:00:00
7390,252,13.47,2025-04-10 13:00:00
7391,870,343.32,2025-04-10 14:00:00
7392,788,414.47,2025-04-10 15:00:00
7393,1050,81.84,2025-04-10 16:00:00
7394,1004,88.24,2025-04-10 17:00:00
7395,383,397.14,2025-04-10 18:00:00
7396,271,311.98,2025-04-10 19:00:00
7397,90,31.98,2025-04-10 20:00:00
7398,757,315.05,2025-04-10 21:00:00
7399,117,161.37,2025-04-10 22:00:00
7400,1037,190.68,2025-04-10 23:00:00
7401,825,387.17,2025-04-11 00:00:00
7402,563,407.36,2025-04-11 01:00:00
7403,922,206.17,2025-04-11 02:00:00
7404,686,474.1,2025-04-11 03:00:00
7405,671,209.17,2025-04-11 04:00:00
7406,647,388.2,2025-04-11 05:00:00
7407,986,247.1,2025-04-11 06:00:00
7408,681,449.79,2025-04-11 07:00:00
7409,176,454.8,2025-04-11 08:00:00
7410,304,52.83,2025-04-11 09:00:00
7411,744,468.88,2025-04-11 10:00:00
7412,65,414.51,2025-04-11 11:00:00
7413,526,397.74,2025-04-11 12:00:00
7414,111,108.45,2025-04-11 13:00:00
7415,930,404.51,2025-04-11 14:00:00
7416,481,426.57,2025-04-11 15:00:00
7417,719,151.68,2025-04-11 16:00:00
7418,317,476.61,2025-04-11 17:00:00
7419,84,34.43,2025-04-11 18:00:00
7420,828,83.46,2025-04-11 19:00:00
7421,625,273.41,2025-04-11 20:00:00
7422,543,292.14,2025-04-11 21:00:00
7423,611,326.12,2025-04-11 22:00:00
7424,518,18.31,2025-04-11 23:00:00
7425,816,480.58,2025-04-12 00:00:00
7426,710,31.85,2025-04-12 01:00:00
7427,374,80.1,2025-04-12 02:00:00
7428,353,16.87,2025-04-12 03:00:00
7429,325,287.76,2025-04-12 04:00:00
7430,918,466.81,2025-04-12 05:00:00
7431,1012,336.31,2025-04-12 06:00:00
7432,733,413.1,2025-04-12 07:00:00
7433,978,16.51,2025-04-12 08:00:00
7434,250,275.59,2025-04-12 09:00:00
7435,494,235.19,2025-04-12 10:00:00
7436,954,254.49,2025-04-12 11:00:00
7437,373,45.38,2025-04-12 12:00:00
7438,84,345.37,2025-04-12 13:00:00
7439,1026,256.58,2025-04-12 14:00:00
7440,531,384.92,2025-04-12 15:00:00
7441,777,247.79,2025-04-12 16:00:00
7442,529,83.2,2025-04-12 17:00:00
7443,114,327.65,2025-04-12 18:00:00
7444,57,94.47,2025-04-12 19:00:00
7445,350,437.47,2025-04-12 20:00:00
7446,392,310.43,2025-04-12 21:00:00
7447,480,87.03,2025-04-12 22:00:00
7448,473,481.55,2025-04-12 23:00:00
7449,381,264.0,2025-04-13 00:00:00
7450,487,45.72,2025-04-13 01:00:00
7451,637,317.15,2025-04-13 02:00:00
7452,223,134.07,2025-04-13 03:00:00
7453,608,403.81,2025-04-13 04:00:00
7454,576,410.73,2025-04-13 05:00:00
7455,922,489.68,2025-04-13 06:00:00
7456,708,255.92,2025-04-13 07:00:00
7457,75,232.93,2025-04-13 08:00:00
7458,869,379.2,2025-04-13 09:00:00
7459,654,74.91,2025-04-13 10:00:00
7460,455,277.99,2025-04-13 11:00:00
7461,281,277.66,2025-04-13 12:00:00
7462,582,53.84,2025-04-13 13:00:00
7463,868,214.81,2025-04-13 14:00:00
7464,599,428.11,2025-04-13 15:00:00
7465,837,429.52,2025-04-13 16:00:00
7466,554,58.63,2025-04-13 17:00:00
7467,718,54.45,2025-04-13 18:00:00
7468,228,138.72,2025-04-13 19:00:00
7469,181,438.64,2025-04-13 20:00:00
7470,872,73.16,2025-04-13 21:00:00
7471,504,362.8,2025-04-13 22:00:00
7472,397,59.57,2025-04-13 23:00:00
7473,589,315.34,2025-04-14 00:00:00
7474,821,184.47,2025-04-14 01:00:00
7475,455,396.57,2025-04-14 02:00:00
7476,125,124.51,2025-04-14 03:00:00
7477,990,323.21,2025-04-14 04:00:00
7478,628,125.48,2025-04-14 05:00:00
7479,903,359.69,2025-04-14 06:00:00
7480,541,438.1,2025-04-14 07:00:00
7481,243,72.13,2025-04-14 08:00:00
7482,1033,434.63,2025-04-14 09:00:00
7483,211,300.85,2025-04-14 10:00:00
7484,396,72.28,2025-04-14 11:00:00
7485,1000,219.5,2025-04-14 12:00:00
7486,410,88.82,2025-04-14 13:00:00
7487,818,353.17,2025-04-14 14:00:00
7488,633,381.85,2025-04-14 15:00:00
7489,136,61.84,2025-04-14 16:00:00
7490,983,258.01,2025-04-14 17:00:00
7491,311,409.17,2025-04-14 18:00:00
7492,263,468.72,2025-04-14 19:00:00
7493,714,261.62,2025-04-14 20:00:00
7494,771,475.64,2025-04-14 21:00:00
7495,962,272.49,2025-04-14 22:00:00
7496,622,203.15,2025-04-14 23:00:00
7497,829,425.62,2025-04-15 00:00:00
7498,311,251.56,2025-04-15 01:00:00
7499,779,241.23,2025-04-15 02:00:00
7500,332,250.25,2025-04-15 03:00:00
7501,697,424.92,2025-04-15 04:00:00
7502,516,417.65,2025-04-15 05:00:00
7503,429,207.72,2025-04-15 06:00:00
7504,411,173.32,2025-04-15 07:00:00
7505,498,251.04,2025-04-15 08:00:00
7506,490,290.66,2025-04-15 09:00:00
7507,142,126.79,2025-04-15 10:00:00
7508,670,399.04,2025-04-15 11:00:00
7509,802,248.38,2025-04-15 12:00:00
7510,916,173.68,2025-04-15 13:00:00
7511,473,62.34,2025-04-15 14:00:00
7512,191,127.03,2025-04-15 15:00:00
7513,340,475.15,2025-04-15 16:00:00
7514,481,159.5,2025-04-15 17:00:00
7515,798,92.74,2025-04-15 18:00:00
7516,901,235.73,2025-04-15 19:00:00
7517,873,160.47,2025-04-15 20:00:00
7518,738,27.23,2025-04-15 21:00:00
7519,702,168.34,2025-04-15 22:00:00
7520,750,276.61,2025-04-15 23:00:00
7521,1047,280.34,2025-04-16 00:00:00
7522,98,184.71,2025-04-16 01:00:00
7523,351,229.18,2025-04-16 02:00:00
7524,930,483.1,2025-04-16 03:00:00
7525,239,194.9,2025-04-16 04:00:00
7526,185,136.53,2025-04-16 05:00:00
7527,604,129.3,2025-04-16 06:00:00
7528,453,234.3,2025-04-16 07:00:00
7529,941,382.16,2025-04-16 08:00:00
7530,914,110.93,2025-04-16 09:00:00
7531,651,357.56,2025-04-16 10:00:00
7532,856,20.36,2025-04-16 11:00:00
7533,390,215.28,2025-04-16 12:00:00
7534,806,390.17,2025-04-16 13:00:00
7535,994,175.98,2025-04-16 14:00:00
7536,753,286.23,2025-04-16 15:00:00
7537,367,110.44,2025-04-16 16:00:00
7538,667,373.58,2025-04-16 17:00:00
7539,412,35.62,2025-04-16 18:00:00
7540,871,427.75,2025-04-16 19:00:00
7541,431,107.12,2025-04-16 20:00:00
7542,282,438.46,2025-04-16 21:00:00
7543,826,182.74,2025-04-16 22:00:00
7544,393,364.11,2025-04-16 23:00:00
7545,598,166.42,2025-04-17 00:00:00
7546,866,453.9,2025-04-17 01:00:00
7547,602,72.05,2025-04-17 02:00:00
7548,578,97.47,2025-04-17 03:00:00
7549,905,251.58,2025-04-17 04:00:00
7550,838,50.15,2025-04-17 05:00:00
7551,868,106.03,2025-04-17 06:00:00
7552,620,472.45,2025-04-17 07:00:00
7553,984,488.48,2025-04-17 08:00:00
7554,232,194.37,2025-04-17 09:00:00
7555,90,462.41,2025-04-17 10:00:00
7556,600,276.96,2025-04-17 11:00:00
7557,446,142.17,2025-04-17 12:00:00
7558,753,354.18,2025-04-17 13:00:00
7559,828,332.86,2025-04-17 14:00:00
7560,543,494.67,2025-04-17 15:00:00
7561,708,139.87,2025-04-17 16:00:00
7562,956,339.31,2025-04-17 17:00:00
7563,382,35.49,2025-04-17 18:00:00
7564,176,65.69,2025-04-17 19:00:00
7565,607,11.92,2025-04-17 20:00:00
7566,606,499.74,2025-04-17 21:00:00
7567,50,403.11,2025-04-17 22:00:00
7568,217,395.49,2025-04-17 23:00:00
7569,669,259.77,2025-04-18 00:00:00
7570,68,157.03,2025-04-18 01:00:00
7571,381,84.12,2025-04-18 02:00:00
7572,633,149.49,2025-04-18 03:00:00
7573,505,194.23,2025-04-18 04:00:00
7574,1006,380.59,2025-04-18 05:00:00
7575,158,274.43,2025-04-18 06:00:00
7576,317,47.97,2025-04-18 07:00:00
7577,494,18.83,2025-04-18 08:00:00
7578,289,60.14,2025-04-18 09:00:00
7579,978,211.14,2025-04-18 10:00:00
7580,350,467.26,2025-04-18 11:00:00
7581,651,322.33,2025-04-18 12:00:00
7582,152,402.89,2025-04-18 13:00:00
7583,1037,238.52,2025-04-18 14:00:00
7584,299,187.22,2025-04-18 15:00:00
7585,502,63.12,2025-04-18 16:00:00
7586,569,439.21,2025-04-18 17:00:00
7587,202,393.75,2025-04-18 18:00:00
7588,908,92.38,2025-04-18 19:00:00
7589,223,261.01,2025-04-18 20:00:00
7590,392,248.81,2025-04-18 21:00:00
7591,719,316.29,2025-04-18 22:00:00
7592,480,473.63,2025-04-18 23:00:00
7593,776,294.09,2025-04-19 00:00:00
7594,738,274.71,2025-04-19 01:00:00
7595,736,34.66,2025-04-19 02:00:00
7596,901,40.82,2025-04-19 03:00:00
7597,899,101.8,2025-04-19 04:00:00
7598,707,25.91,2025-04-19 05:00:00
7599,1011,374.24,2025-04-19 06:00:00
7600,373,364.43,2025-04-19 07:00:00
7601,1039,76.67,2025-04-19 08:00:00
7602,722,419.68,2025-04-19 09:00:00
7603,688,85.85,2025-04-19 10:00:00
7604,469,157.58,2025-04-19 11:00:00
7605,643,132.0,2025-04-19 12:00:00
7606,534,192.43,2025-04-19 13:00:00
7607,708,134.79,2025-04-19 14:00:00
7608,800,249.59,2025-04-19 15:00:00
7609,461,209.63,2025-04-19 16:00:00
7610,985,493.42,2025-04-19 17:00:00
7611,133,37.4,2025-04-19 18:00:00
7612,162,79.67,2025-04-19 19:00:00
7613,786,35.88,2025-04-19 20:00:00
7614,381,316.66,2025-04-19 21:00:00
7615,427,36.71,2025-04-19 22:00:00
7616,804,419.86,2025-04-19 23:00:00
7617,704,260.85,2025-04-20 00:00:00
7618,90,268.23,2025-04-20 01:00:00
7619,984,285.18,2025-04-20 02:00:00
7620,819,93.7,2025-04-20 03:00:00
7621,1008,106.87,2025-04-20 04:00:00
7622,846,166.22,2025-04-20 05:00:00
7623,154,300.81,2025-04-20 06:00:00
7624,251,112.96,2025-04-20 07:00:00
7625,499,67.0,2025-04-20 08:00:00
7626,868,485.36,2025-04-20 09:00:00
7627,892,20.77,2025-04-20 10:00:00
7628,1022,403.32,2025-04-20 11:00:00
7629,315,396.14,2025-04-20 12:00:00
7630,959,155.63,2025-04-20 13:00:00
7631,259,76.46,2025-04-20 14:00:00
7632,612,81.36,2025-04-20 15:00:00
7633,167,351.74,2025-04-20 16:00:00
7634,762,324.98,2025-04-20 17:00:00
7635,426,393.55,2025-04-20 18:00:00
7636,600,469.37,2025-04-20 19:00:00
7637,589,349.04,2025-04-20 20:00:00
7638,820,86.37,2025-04-20 21:00:00
7639,133,129.29,2025-04-20 22:00:00
7640,503,422.67,2025-04-20 23:00:00
7641,716,112.56,2025-04-21 00:00:00
7642,678,45.54,2025-04-21 01:00:00
7643,563,354.61,2025-04-21 02:00:00
7644,654,207.24,2025-04-21 03:00:00
7645,727,460.82,2025-04-21 04:00:00
7646,436,328.62,2025-04-21 05:00:00
7647,961,54.31,2025-04-21 06:00:00
7648,399,474.45,2025-04-21 07:00:00
7649,345,136.69,2025-04-21 08:00:00
7650,307,175.23,2025-04-21 09:00:00
7651,130,207.11,2025-04-21 10:00:00
7652,986,35.1,2025-04-21 11:00:00
7653,317,253.29,2025-04-21 12:00:00
7654,468,70.43,2025-04-21 13:00:00
7655,284,206.48,2025-04-21 14:00:00
7656,882,181.85,2025-04-21 15:00:00
7657,360,388.69,2025-04-21 16:00:00
7658,862,403.55,2025-04-21 17:00:00
7659,1024,85.17,2025-04-21 18:00:00
7660,1035,189.61,2025-04-21 19:00:00
7661,406,192.94,2025-04-21 20:00:00
7662,262,84.19,2025-04-21 21:00:00
7663,623,401.24,2025-04-21 22:00:00
7664,98,356.54,2025-04-21 23:00:00
7665,176,103.29,2025-04-22 00:00:00
7666,272,189.69,2025-04-22 01:00:00
7667,970,61.84,2025-04-22 02:00:00
7668,328,317.82,2025-04-22 03:00:00
7669,457,69.47,2025-04-22 04:00:00
7670,554,493.11,2025-04-22 05:00:00
7671,343,392.53,2025-04-22 06:00:00
7672,845,201.22,2025-04-22 07:00:00
7673,326,293.5,2025-04-22 08:00:00
7674,487,456.56,2025-04-22 09:00:00
7675,156,281.51,2025-04-22 10:00:00
7676,707,95.5,2025-04-22 11:00:00
7677,469,195.56,2025-04-22 12:00:00
7678,660,423.14,2025-04-22 13:00:00
7679,478,325.66,2025-04-22 14:00:00
7680,424,328.85,2025-04-22 15:00:00
7681,122,434.74,2025-04-22 16:00:00
7682,998,448.05,2025-04-22 17:00:00
7683,1047,460.7,2025-04-22 18:00:00
7684,683,56.48,2025-04-22 19:00:00
7685,79,276.62,2025-04-22 20:00:00
7686,237,372.85,2025-04-22 21:00:00
7687,413,380.89,2025-04-22 22:00:00
7688,915,307.29,2025-04-22 23:00:00
7689,849,91.73,2025-04-23 00:00:00
7690,500,400.74,2025-04-23 01:00:00
7691,244,362.85,2025-04-23 02:00:00
7692,205,52.21,2025-04-23 03:00:00
7693,221,237.27,2025-04-23 04:00:00
7694,896,95.25,2025-04-23 05:00:00
7695,90,175.36,2025-04-23 06:00:00
7696,112,18.86,2025-04-23 07:00:00
7697,72,206.16,2025-04-23 08:00:00
7698,409,279.44,2025-04-23 09:00:00
7699,124,313.6,2025-04-23 10:00:00
7700,609,335.11,2025-04-23 11:00:00
7701,721,419.78,2025-04-23 12:00:00
7702,874,115.58,2025-04-23 13:00:00
7703,167,69.04,2025-04-23 14:00:00
7704,661,427.25,2025-04-23 15:00:00
7705,429,86.74,2025-04-23 16:00:00
7706,978,487.63,2025-04-23 17:00:00
7707,969,422.84,2025-04-23 18:00:00
7708,728,255.43,2025-04-23 19:00:00
7709,339,490.9,2025-04-23 20:00:00
7710,489,57.71,2025-04-23 21:00:00
7711,717,158.5,2025-04-23 22:00:00
7712,982,322.73,2025-04-23 23:00:00
7713,56,181.5,2025-04-24 00:00:00
7714,245,464.9,2025-04-24 01:00:00
7715,470,42.16,2025-04-24 02:00:00
7716,617,279.21,2025-04-24 03:00:00
7717,882,299.52,2025-04-24 04:00:00
7718,242,329.84,2025-04-24 05:00:00
7719,608,135.28,2025-04-24 06:00:00
7720,197,188.64,2025-04-24 07:00:00
7721,836,423.4,2025-04-24 08:00:00
7722,718,105.52,2025-04-24 09:00:00
7723,251,415.17,2025-04-24 10:00:00
7724,493,285.7,2025-04-24 11:00:00
7725,963,383.47,2025-04-24 12:00:00
7726,1037,359.67,2025-04-24 13:00:00
7727,468,111.68,2025-04-24 14:00:00
7728,476,288.72,2025-04-24 15:00:00
7729,528,435.18,2025-04-24 16:00:00
7730,524,221.74,2025-04-24 17:00:00
7731,175,483.63,2025-04-24 18:00:00
7732,444,231.59,2025-04-24 19:00:00
7733,866,79.96,2025-04-24 20:00:00
7734,930,200.82,2025-04-24 21:00:00
7735,855,476.33,2025-04-24 22:00:00
7736,625,166.66,2025-04-24 23:00:00
7737,374,435.37,2025-04-25 00:00:00
7738,441,441.81,2025-04-25 01:00:00
7739,979,181.59,2025-04-25 02:00:00
7740,737,50.8,2025-04-25 03:00:00
7741,677,365.03,2025-04-25 04:00:00
7742,489,162.64,2025-04-25 05:00:00
7743,253,393.63,2025-04-25 06:00:00
7744,535,226.9,2025-04-25 07:00:00
7745,882,247.78,2025-04-25 08:00:00
7746,80,391.18,2025-04-25 09:00:00
7747,437,197.36,2025-04-25 10:00:00
7748,674,227.13,2025-04-25 11:00:00
7749,926,194.33,2025-04-25 12:00:00
7750,483,190.0,2025-04-25 13:00:00
7751,886,267.71,2025-04-25 14:00:00
7752,975,406.31,2025-04-25 15:00:00
7753,425,187.27,2025-04-25 16:00:00
7754,393,266.88,2025-04-25 17:00:00
7755,492,338.66,2025-04-25 18:00:00
7756,628,142.03,2025-04-25 19:00:00
7757,124,145.99,2025-04-25 20:00:00
7758,606,467.37,2025-04-25 21:00:00
7759,821,364.53,2025-04-25 22:00:00
7760,715,292.82,2025-04-25 23:00:00
7761,204,327.38,2025-04-26 00:00:00
7762,479,24.36,2025-04-26 01:00:00
7763,412,312.87,2025-04-26 02:00:00
7764,497,259.66,2025-04-26 03:00:00
7765,1036,277.42,2025-04-26 04:00:00
7766,283,186.12,2025-04-26 05:00:00
7767,612,49.92,2025-04-26 06:00:00
7768,867,104.74,2025-04-26 07:00:00
7769,311,475.86,2025-04-26 08:00:00
7770,876,210.26,2025-04-26 09:00:00
7771,174,238.67,2025-04-26 10:00:00
7772,960,35.83,2025-04-26 11:00:00
7773,294,28.41,2025-04-26 12:00:00
7774,591,361.42,2025-04-26 13:00:00
7775,987,273.67,2025-04-26 14:00:00
7776,534,259.27,2025-04-26 15:00:00
7777,171,129.13,2025-04-26 16:00:00
7778,174,374.93,2025-04-26 17:00:00
7779,598,92.44,2025-04-26 18:00:00
7780,219,103.07,2025-04-26 19:00:00
7781,173,235.75,2025-04-26 20:00:00
7782,918,150.28,2025-04-26 21:00:00
7783,84,131.26,2025-04-26 22:00:00
7784,136,326.17,2025-04-26 23:00:00
7785,695,328.98,2025-04-27 00:00:00
7786,757,414.01,2025-04-27 01:00:00
7787,835,214.68,2025-04-27 02:00:00
7788,250,45.81,2025-04-27 03:00:00
7789,418,144.1,2025-04-27 04:00:00
7790,846,490.2,2025-04-27 05:00:00
7791,126,302.17,2025-04-27 06:00:00
7792,108,357.77,2025-04-27 07:00:00
7793,480,13.61,2025-04-27 08:00:00
7794,687,263.92,2025-04-27 09:00:00
7795,549,28.39,2025-04-27 10:00:00
7796,962,288.92,2025-04-27 11:00:00
7797,158,461.18,2025-04-27 12:00:00
7798,785,484.53,2025-04-27 13:00:00
7799,327,274.87,2025-04-27 14:00:00
7800,117,234.52,2025-04-27 15:00:00
7801,118,473.06,2025-04-27 16:00:00
7802,214,340.07,2025-04-27 17:00:00
7803,538,41.8,2025-04-27 18:00:00
7804,354,238.21,2025-04-27 19:00:00
7805,958,127.72,2025-04-27 20:00:00
7806,723,240.2,2025-04-27 21:00:00
7807,414,233.18,2025-04-27 22:00:00
7808,903,295.25,2025-04-27 23:00:00
7809,870,184.82,2025-04-28 00:00:00
7810,428,90.49,2025-04-28 01:00:00
7811,392,256.82,2025-04-28 02:00:00
7812,996,416.8,2025-04-28 03:00:00
7813,948,335.37,2025-04-28 04:00:00
7814,603,175.8,2025-04-28 05:00:00
7815,403,468.41,2025-04-28 06:00:00
7816,465,456.98,2025-04-28 07:00:00
7817,158,112.58,2025-04-28 08:00:00
7818,612,29.31,2025-04-28 09:00:00
7819,811,373.24,2025-04-28 10:00:00
7820,546,415.53,2025-04-28 11:00:00
7821,390,484.25,2025-04-28 12:00:00
7822,991,446.02,2025-04-28 13:00:00
7823,432,304.26,2025-04-28 14:00:00
7824,582,269.73,2025-04-28 15:00:00
7825,349,23.64,2025-04-28 16:00:00
7826,188,130.86,2025-04-28 17:00:00
7827,408,235.21,2025-04-28 18:00:00
7828,885,317.97,2025-04-28 19:00:00
7829,548,283.05,2025-04-28 20:00:00
7830,434,373.89,2025-04-28 21:00:00
7831,653,147.09,2025-04-28 22:00:00
7832,1008,286.83,2025-04-28 23:00:00
7833,329,53.19,2025-04-29 00:00:00
7834,686,212.7,2025-04-29 01:00:00
7835,532,377.58,2025-04-29 02:00:00
7836,958,349.77,2025-04-29 03:00:00
7837,160,495.41,2025-04-29 04:00:00
7838,915,146.17,2025-04-29 05:00:00
7839,188,254.11,2025-04-29 06:00:00
7840,1045,171.47,2025-04-29 07:00:00
7841,484,225.9,2025-04-29 08:00:00
7842,558,429.91,2025-04-29 09:00:00
7843,322,345.26,2025-04-29 10:00:00
7844,148,442.4,2025-04-29 11:00:00
7845,813,109.72,2025-04-29 12:00:00
7846,899,437.95,2025-04-29 13:00:00
7847,153,39.28,2025-04-29 14:00:00
7848,263,445.41,2025-04-29 15:00:00
7849,810,171.25,2025-04-29 16:00:00
7850,713,164.15,2025-04-29 17:00:00
7851,811,260.92,2025-04-29 18:00:00
7852,836,470.94,2025-04-29 19:00:00
7853,214,33.41,2025-04-29 20:00:00
7854,1048,182.59,2025-04-29 21:00:00
7855,902,429.72,2025-04-29 22:00:00
7856,569,204.07,2025-04-29 23:00:00
7857,333,107.59,2025-04-30 00:00:00
7858,566,218.15,2025-04-30 01:00:00
7859,706,198.92,2025-04-30 02:00:00
7860,662,458.55,2025-04-30 03:00:00
7861,213,383.35,2025-04-30 04:00:00
7862,935,257.51,2025-04-30 05:00:00
7863,708,494.3,2025-04-30 06:00:00
7864,113,237.99,2025-04-30 07:00:00
7865,140,38.54,2025-04-30 08:00:00
7866,166,138.51,2025-04-30 09:00:00
7867,915,223.67,2025-04-30 10:00:00
7868,316,86.88,2025-04-30 11:00:00
7869,871,474.31,2025-04-30 12:00:00
7870,734,385.76,2025-04-30 13:00:00
7871,608,141.46,2025-04-30 14:00:00
7872,189,299.49,2025-04-30 15:00:00
7873,295,363.51,2025-04-30 16:00:00
7874,710,471.23,2025-04-30 17:00:00
7875,807,442.0,2025-04-30 18:00:00
7876,444,262.44,2025-04-30 19:00:00
7877,536,389.58,2025-04-30 20:00:00
7878,525,285.45,2025-04-30 21:00:00
7879,566,280.82,2025-04-30 22:00:00
7880,1026,66.22,2025-04-30 23:00:00
7881,233,71.81,2025-05-01 00:00:00
7882,69,269.47,2025-05-01 01:00:00
7883,986,141.74,2025-05-01 02:00:00
7884,607,20.31,2025-05-01 03:00:00
7885,573,364.19,2025-05-01 04:00:00
7886,631,25.92,2025-05-01 05:00:00
7887,578,301.69,2025-05-01 06:00:00
7888,932,274.2,2025-05-01 07:00:00
7889,196,484.72,2025-05-01 08:00:00
7890,715,247.26,2025-05-01 09:00:00
7891,353,41.16,2025-05-01 10:00:00
7892,669,280.33,2025-05-01 11:00:00
7893,797,422.14,2025-05-01 12:00:00
7894,869,498.46,2025-05-01 13:00:00
7895,913,220.87,2025-05-01 14:00:00
7896,631,166.95,2025-05-01 15:00:00
7897,744,454.26,2025-05-01 16:00:00
7898,811,103.71,2025-05-01 17:00:00
7899,277,311.56,2025-05-01 18:00:00
7900,151,208.8,2025-05-01 19:00:00
7901,636,30.13,2025-05-01 20:00:00
7902,466,180.17,2025-05-01 21:00:00
7903,1007,139.96,2025-05-01 22:00:00
7904,265,346.18,2025-05-01 23:00:00
7905,456,474.91,2025-05-02 00:00:00
7906,448,141.34,2025-05-02 01:00:00
7907,972,407.62,2025-05-02 02:00:00
7908,764,37.13,2025-05-02 03:00:00
7909,753,273.68,2025-05-02 04:00:00
7910,810,44.57,2025-05-02 05:00:00
7911,548,467.68,2025-05-02 06:00:00
7912,803,385.51,2025-05-02 07:00:00
7913,514,332.4,2025-05-02 08:00:00
7914,740,413.71,2025-05-02 09:00:00
7915,998,327.28,2025-05-02 10:00:00
7916,1023,484.78,2025-05-02 11:00:00
7917,780,359.84,2025-05-02 12:00:00
7918,131,463.08,2025-05-02 13:00:00
7919,653,263.39,2025-05-02 14:00:00
7920,996,67.36,2025-05-02 15:00:00
7921,736,268.81,2025-05-02 16:00:00
7922,800,72.17,2025-05-02 17:00:00
7923,821,300.32,2025-05-02 18:00:00
7924,952,246.42,2025-05-02 19:00:00
7925,414,315.06,2025-05-02 20:00:00
7926,212,14.92,2025-05-02 21:00:00
7927,97,105.47,2025-05-02 22:00:00
7928,560,250.75,2025-05-02 23:00:00
7929,378,475.75,2025-05-03 00:00:00
7930,889,197.97,2025-05-03 01:00:00
7931,165,217.94,2025-05-03 02:00:00
7932,990,360.2,2025-05-03 03:00:00
7933,898,305.86,2025-05-03 04:00:00
7934,386,156.47,2025-05-03 05:00:00
7935,930,211.3,2025-05-03 06:00:00
7936,786,116.67,2025-05-03 07:00:00
7937,913,483.35,2025-05-03 08:00:00
7938,889,74.01,2025-05-03 09:00:00
7939,196,192.2,2025-05-03 10:00:00
7940,624,22.66,2025-05-03 11:00:00
7941,855,118.67,2025-05-03 12:00:00
7942,372,392.43,2025-05-03 13:00:00
7943,492,108.58,2025-05-03 14:00:00
7944,886,49.23,2025-05-03 15:00:00
7945,62,242.48,2025-05-03 16:00:00
7946,992,14.88,2025-05-03 17:00:00
7947,543,51.54,2025-05-03 18:00:00
7948,750,405.74,2025-05-03 19:00:00
7949,336,388.02,2025-05-03 20:00:00
7950,769,458.42,2025-05-03 21:00:00
7951,163,428.71,2025-05-03 22:00:00
7952,529,344.76,2025-05-03 23:00:00
7953,71,35.64,2025-05-04 00:00:00
7954,398,393.6,2025-05-04 01:00:00
7955,775,424.3,2025-05-04 02:00:00
7956,732,401.55,2025-05-04 03:00:00
7957,884,259.15,2025-05-04 04:00:00
7958,615,124.12,2025-05-04 05:00:00
7959,955,424.21,2025-05-04 06:00:00
7960,859,366.31,2025-05-04 07:00:00
7961,369,490.57,2025-05-04 08:00:00
7962,175,86.29,2025-05-04 09:00:00
7963,326,120.58,2025-05-04 10:00:00
7964,1025,113.78,2025-05-04 11:00:00
7965,253,398.34,2025-05-04 12:00:00
7966,243,101.58,2025-05-04 13:00:00
7967,730,42.66,2025-05-04 14:00:00
7968,713,499.29,2025-05-04 15:00:00
7969,596,22.16,2025-05-04 16:00:00
7970,745,419.27,2025-05-04 17:00:00
7971,335,189.03,2025-05-04 18:00:00
7972,106,422.39,2025-05-04 19:00:00
7973,783,281.76,2025-05-04 20:00:00
7974,352,451.8,2025-05-04 21:00:00
7975,212,463.83,2025-05-04 22:00:00
7976,68,14.46,2025-05-04 23:00:00
7977,419,46.95,2025-05-05 00:00:00
7978,313,132.68,2025-05-05 01:00:00
7979,843,337.96,2025-05-05 02:00:00
7980,162,445.25,2025-05-05 03:00:00
7981,537,235.37,2025-05-05 04:00:00
7982,376,307.42,2025-05-05 05:00:00
7983,591,102.36,2025-05-05 06:00:00
7984,696,404.43,2025-05-05 07:00:00
7985,628,483.99,2025-05-05 08:00:00
7986,114,141.61,2025-05-05 09:00:00
7987,341,252.46,2025-05-05 10:00:00
7988,74,52.2,2025-05-05 11:00:00
7989,598,283.98,2025-05-05 12:00:00
7990,50,256.36,2025-05-05 13:00:00
7991,960,80.77,2025-05-05 14:00:00
7992,598,226.61,2025-05-05 15:00:00
7993,190,173.71,2025-05-05 16:00:00
7994,793,265.7,2025-05-05 17:00:00
7995,697,296.97,2025-05-05 18:00:00
7996,950,14.16,2025-05-05 19:00:00
7997,237,382.89,2025-05-05 20:00:00
7998,177,359.38,2025-05-05 21:00:00
7999,250,189.48,2025-05-05 22:00:00
8000,176,35.94,2025-05-05 23:00:00
8001,306,379.92,2025-05-06 00:00:00
8002,725,478.04,2025-05-06 01:00:00
8003,596,127.67,2025-05-06 02:00:00
8004,243,168.53,2025-05-06 03:00:00
8005,752,100.07,2025-05-06 04:00:00
8006,153,292.7,2025-05-06 05:00:00
8007,584,85.87,2025-05-06 06:00:00
8008,314,184.54,2025-05-06 07:00:00
8009,851,351.54,2025-05-06 08:00:00
8010,991,284.46,2025-05-06 09:00:00
8011,1023,199.37,2025-05-06 10:00:00
8012,433,215.92,2025-05-06 11:00:00
8013,309,285.43,2025-05-06 12:00:00
8014,463,12.87,2025-05-06 13:00:00
8015,1040,48.47,2025-05-06 14:00:00
8016,407,441.82,2025-05-06 15:00:00
8017,124,48.16,2025-05-06 16:00:00
8018,404,356.33,2025-05-06 17:00:00
8019,633,460.82,2025-05-06 18:00:00
8020,820,142.63,2025-05-06 19:00:00
8021,959,191.54,2025-05-06 20:00:00
8022,237,288.77,2025-05-06 21:00:00
8023,1022,442.04,2025-05-06 22:00:00
8024,734,471.53,2025-05-06 23:00:00
8025,1041,372.39,2025-05-07 00:00:00
8026,339,52.44,2025-05-07 01:00:00
8027,94,337.89,2025-05-07 02:00:00
8028,622,211.05,2025-05-07 03:00:00
8029,132,240.64,2025-05-07 04:00:00
8030,172,34.08,2025-05-07 05:00:00
8031,407,103.62,2025-05-07 06:00:00
8032,577,397.35,2025-05-07 07:00:00
8033,115,232.44,2025-05-07 08:00:00
8034,985,157.81,2025-05-07 09:00:00
8035,706,198.17,2025-05-07 10:00:00
8036,424,428.66,2025-05-07 11:00:00
8037,211,377.01,2025-05-07 12:00:00
8038,795,143.43,2025-05-07 13:00:00
8039,429,67.58,2025-05-07 14:00:00
8040,705,133.48,2025-05-07 15:00:00
8041,407,461.17,2025-05-07 16:00:00
8042,237,294.98,2025-05-07 17:00:00
8043,371,271.41,2025-05-07 18:00:00
8044,499,302.23,2025-05-07 19:00:00
8045,523,189.35,2025-05-07 20:00:00
8046,62,405.48,2025-05-07 21:00:00
8047,233,266.41,2025-05-07 22:00:00
8048,160,67.21,2025-05-07 23:00:00
8049,976,73.24,2025-05-08 00:00:00
8050,557,273.06,2025-05-08 01:00:00
8051,339,468.92,2025-05-08 02:00:00
8052,344,161.09,2025-05-08 03:00:00
8053,500,436.08,2025-05-08 04:00:00
8054,953,384.41,2025-05-08 05:00:00
8055,264,131.43,2025-05-08 06:00:00
8056,1023,27.81,2025-05-08 07:00:00
8057,681,59.91,2025-05-08 08:00:00
8058,943,366.96,2025-05-08 09:00:00
8059,616,107.84,2025-05-08 10:00:00
8060,76,191.92,2025-05-08 11:00:00
8061,679,255.83,2025-05-08 12:00:00
8062,782,365.48,2025-05-08 13:00:00
8063,280,65.48,2025-05-08 14:00:00
8064,614,209.12,2025-05-08 15:00:00
8065,856,247.69,2025-05-08 16:00:00
8066,370,275.01,2025-05-08 17:00:00
8067,962,411.0,2025-05-08 18:00:00
8068,282,94.12,2025-05-08 19:00:00
8069,719,405.84,2025-05-08 20:00:00
8070,486,349.51,2025-05-08 21:00:00
8071,830,282.38,2025-05-08 22:00:00
8072,582,352.77,2025-05-08 23:00:00
8073,452,211.89,2025-05-09 00:00:00
8074,102,77.81,2025-05-09 01:00:00
8075,836,336.22,2025-05-09 02:00:00
8076,362,267.09,2025-05-09 03:00:00
8077,330,323.29,2025-05-09 04:00:00
8078,775,175.62,2025-05-09 05:00:00
8079,80,454.36,2025-05-09 06:00:00
8080,386,297.81,2025-05-09 07:00:00
8081,232,51.85,2025-05-09 08:00:00
8082,72,230.4,2025-05-09 09:00:00
8083,593,380.61,2025-05-09 10:00:00
8084,495,399.13,2025-05-09 11:00:00
8085,123,252.35,2025-05-09 12:00:00
8086,59,448.43,2025-05-09 13:00:00
8087,533,141.16,2025-05-09 14:00:00
8088,505,211.19,2025-05-09 15:00:00
8089,615,450.31,2025-05-09 16:00:00
8090,613,449.17,2025-05-09 17:00:00
8091,709,346.0,2025-05-09 18:00:00
8092,209,430.9,2025-05-09 19:00:00
8093,931,53.5,2025-05-09 20:00:00
8094,63,433.85,2025-05-09 21:00:00
8095,227,167.1,2025-05-09 22:00:00
8096,461,97.38,2025-05-09 23:00:00
8097,927,127.29,2025-05-10 00:00:00
8098,102,214.8,2025-05-10 01:00:00
8099,457,133.08,2025-05-10 02:00:00
8100,896,167.08,2025-05-10 03:00:00
8101,71,76.14,2025-05-10 04:00:00
8102,79,155.13,2025-05-10 05:00:00
8103,752,290.42,2025-05-10 06:00:00
8104,309,226.51,2025-05-10 07:00:00
8105,254,179.89,2025-05-10 08:00:00
8106,108,375.76,2025-05-10 09:00:00
8107,520,447.82,2025-05-10 10:00:00
8108,825,380.83,2025-05-10 11:00:00
8109,515,172.68,2025-05-10 12:00:00
8110,61,374.78,2025-05-10 13:00:00
8111,680,84.47,2025-05-10 14:00:00
8112,976,73.86,2025-05-10 15:00:00
8113,1023,179.36,2025-05-10 16:00:00
8114,339,405.77,2025-05-10 17:00:00
8115,899,130.71,2025-05-10 18:00:00
8116,809,40.99,2025-05-10 19:00:00
8117,403,74.54,2025-05-10 20:00:00
8118,688,430.79,2025-05-10 21:00:00
8119,124,320.55,2025-05-10 22:00:00
8120,922,134.07,2025-05-10 23:00:00
8121,765,282.09,2025-05-11 00:00:00
8122,610,268.51,2025-05-11 01:00:00
8123,640,331.16,2025-05-11 02:00:00
8124,490,124.26,2025-05-11 03:00:00
8125,1040,433.56,2025-05-11 04:00:00
8126,290,161.59,2025-05-11 05:00:00
8127,910,350.12,2025-05-11 06:00:00
8128,203,17.9,2025-05-11 07:00:00
8129,835,192.6,2025-05-11 08:00:00
8130,145,182.34,2025-05-11 09:00:00
8131,775,276.31,2025-05-11 10:00:00
8132,343,45.64,2025-05-11 11:00:00
8133,258,397.16,2025-05-11 12:00:00
8134,392,116.71,2025-05-11 13:00:00
8135,137,341.75,2025-05-11 14:00:00
8136,867,403.57,2025-05-11 15:00:00
8137,825,285.32,2025-05-11 16:00:00
8138,986,373.03,2025-05-11 17:00:00
8139,439,334.31,2025-05-11 18:00:00
8140,374,184.21,2025-05-11 19:00:00
8141,989,406.34,2025-05-11 20:00:00
8142,938,154.4,2025-05-11 21:00:00
8143,881,289.89,2025-05-11 22:00:00
8144,206,375.24,2025-05-11 23:00:00
8145,717,195.69,2025-05-12 00:00:00
8146,700,158.36,2025-05-12 01:00:00
8147,682,235.08,2025-05-12 02:00:00
8148,626,410.8,2025-05-12 03:00:00
8149,668,465.66,2025-05-12 04:00:00
8150,708,277.09,2025-05-12 05:00:00
8151,186,334.12,2025-05-12 06:00:00
8152,972,452.6,2025-05-12 07:00:00
8153,723,58.29,2025-05-12 08:00:00
8154,477,123.72,2025-05-12 09:00:00
8155,501,357.36,2025-05-12 10:00:00
8156,661,413.63,2025-05-12 11:00:00
8157,899,429.94,2025-05-12 12:00:00
8158,960,213.4,2025-05-12 13:00:00
8159,868,53.78,2025-05-12 14:00:00
8160,190,224.51,2025-05-12 15:00:00
8161,132,123.06,2025-05-12 16:00:00
8162,226,152.69,2025-05-12 17:00:00
8163,247,388.41,2025-05-12 18:00:00
8164,673,47.01,2025-05-12 19:00:00
8165,617,415.51,2025-05-12 20:00:00
8166,1021,219.56,2025-05-12 21:00:00
8167,740,302.07,2025-05-12 22:00:00
8168,470,53.93,2025-05-12 23:00:00
8169,450,175.31,2025-05-13 00:00:00
8170,747,53.95,2025-05-13 01:00:00
8171,520,481.16,2025-05-13 02:00:00
8172,267,405.56,2025-05-13 03:00:00
8173,974,235.22,2025-05-13 04:00:00
8174,978,119.57,2025-05-13 05:00:00
8175,877,467.39,2025-05-13 06:00:00
8176,1036,178.85,2025-05-13 07:00:00
8177,778,88.88,2025-05-13 08:00:00
8178,681,285.95,2025-05-13 09:00:00
8179,1000,472.45,2025-05-13 10:00:00
8180,955,11.88,2025-05-13 11:00:00
8181,224,126.68,2025-05-13 12:00:00
8182,72,469.84,2025-05-13 13:00:00
8183,774,93.83,2025-05-13 14:00:00
8184,966,65.49,2025-05-13 15:00:00
8185,284,289.39,2025-05-13 16:00:00
8186,62,432.3,2025-05-13 17:00:00
8187,150,243.78,2025-05-13 18:00:00
8188,978,497.34,2025-05-13 19:00:00
8189,585,342.79,2025-05-13 20:00:00
8190,925,46.3,2025-05-13 21:00:00
8191,572,496.49,2025-05-13 22:00:00
8192,834,209.87,2025-05-13 23:00:00
8193,501,150.83,2025-05-14 00:00:00
8194,480,283.36,2025-05-14 01:00:00
8195,842,159.11,2025-05-14 02:00:00
8196,655,52.36,2025-05-14 03:00:00
8197,762,10.7,2025-05-14 04:00:00
8198,582,230.3,2025-05-14 05:00:00
8199,901,420.06,2025-05-14 06:00:00
8200,1028,290.43,2025-05-14 07:00:00
8201,772,499.61,2025-05-14 08:00:00
8202,701,150.55,2025-05-14 09:00:00
8203,342,147.42,2025-05-14 10:00:00
8204,859,88.28,2025-05-14 11:00:00
8205,962,90.39,2025-05-14 12:00:00
8206,150,149.74,2025-05-14 13:00:00
8207,551,398.49,2025-05-14 14:00:00
8208,353,453.82,2025-05-14 15:00:00
8209,920,487.79,2025-05-14 16:00:00
8210,589,123.82,2025-05-14 17:00:00
8211,602,441.84,2025-05-14 18:00:00
8212,404,170.84,2025-05-14 19:00:00
8213,352,65.29,2025-05-14 20:00:00
8214,545,436.31,2025-05-14 21:00:00
8215,707,321.69,2025-05-14 22:00:00
8216,817,90.72,2025-05-14 23:00:00
8217,1023,220.62,2025-05-15 00:00:00
8218,276,150.76,2025-05-15 01:00:00
8219,285,371.03,2025-05-15 02:00:00
8220,922,232.17,2025-05-15 03:00:00
8221,941,494.75,2025-05-15 04:00:00
8222,504,36.83,2025-05-15 05:00:00
8223,1050,183.96,2025-05-15 06:00:00
8224,62,246.13,2025-05-15 07:00:00
8225,259,256.54,2025-05-15 08:00:00
8226,790,164.81,2025-05-15 09:00:00
8227,446,367.33,2025-05-15 10:00:00
8228,149,438.63,2025-05-15 11:00:00
8229,80,469.97,2025-05-15 12:00:00
8230,947,404.5,2025-05-15 13:00:00
8231,577,426.78,2025-05-15 14:00:00
8232,698,279.77,2025-05-15 15:00:00
8233,378,414.69,2025-05-15 16:00:00
8234,215,158.72,2025-05-15 17:00:00
8235,508,205.25,2025-05-15 18:00:00
8236,871,165.29,2025-05-15 19:00:00
8237,1001,239.02,2025-05-15 20:00:00
8238,1031,149.93,2025-05-15 21:00:00
8239,1042,481.19,2025-05-15 22:00:00
8240,149,163.29,2025-05-15 23:00:00
8241,670,58.04,2025-05-16 00:00:00
8242,904,268.14,2025-05-16 01:00:00
8243,222,37.98,2025-05-16 02:00:00
8244,798,64.17,2025-05-16 03:00:00
8245,211,117.5,2025-05-16 04:00:00
8246,954,237.53,2025-05-16 05:00:00
8247,777,222.29,2025-05-16 06:00:00
8248,825,401.85,2025-05-16 07:00:00
8249,312,372.34,2025-05-16 08:00:00
8250,853,218.9,2025-05-16 09:00:00
8251,323,173.52,2025-05-16 10:00:00
8252,52,165.07,2025-05-16 11:00:00
8253,77,389.26,2025-05-16 12:00:00
8254,375,35.52,2025-05-16 13:00:00
8255,989,16.28,2025-05-16 14:00:00
8256,198,399.82,2025-05-16 15:00:00
8257,589,243.8,2025-05-16 16:00:00
8258,537,74.13,2025-05-16 17:00:00
8259,871,125.43,2025-05-16 18:00:00
8260,487,466.93,2025-05-16 19:00:00
8261,114,431.16,2025-05-16 20:00:00
8262,405,357.79,2025-05-16 21:00:00
8263,582,246.29,2025-05-16 22:00:00
8264,301,264.96,2025-05-16 23:00:00
8265,284,487.87,2025-05-17 00:00:00
8266,276,483.23,2025-05-17 01:00:00
8267,574,115.48,2025-05-17 02:00:00
8268,362,407.44,2025-05-17 03:00:00
8269,98,106.65,2025-05-17 04:00:00
8270,167,114.63,2025-05-17 05:00:00
8271,103,341.29,2025-05-17 06:00:00
8272,699,208.45,2025-05-17 07:00:00
8273,614,466.46,2025-05-17 08:00:00
8274,93,53.61,2025-05-17 09:00:00
8275,864,260.65,2025-05-17 10:00:00
8276,102,460.08,2025-05-17 11:00:00
8277,635,453.02,2025-05-17 12:00:00
8278,607,86.7,2025-05-17 13:00:00
8279,574,189.65,2025-05-17 14:00:00
8280,726,313.37,2025-05-17 15:00:00
8281,151,88.1,2025-05-17 16:00:00
8282,841,484.33,2025-05-17 17:00:00
8283,819,458.23,2025-05-17 18:00:00
8284,1031,91.81,2025-05-17 19:00:00
8285,898,69.37,2025-05-17 20:00:00
8286,917,51.85,2025-05-17 21:00:00
8287,447,455.63,2025-05-17 22:00:00
8288,187,104.88,2025-05-17 23:00:00
8289,724,213.98,2025-05-18 00:00:00
8290,970,229.94,2025-05-18 01:00:00
8291,436,303.52,2025-05-18 02:00:00
8292,160,45.15,2025-05-18 03:00:00
8293,663,121.11,2025-05-18 04:00:00
8294,66,466.43,2025-05-18 05:00:00
8295,829,455.12,2025-05-18 06:00:00
8296,231,392.83,2025-05-18 07:00:00
8297,933,19.51,2025-05-18 08:00:00
8298,585,170.23,2025-05-18 09:00:00
8299,590,317.7,2025-05-18 10:00:00
8300,220,144.84,2025-05-18 11:00:00
8301,458,455.7,2025-05-18 12:00:00
8302,789,320.61,2025-05-18 13:00:00
8303,427,45.23,2025-05-18 14:00:00
8304,237,455.41,2025-05-18 15:00:00
8305,907,479.31,2025-05-18 16:00:00
8306,279,48.08,2025-05-18 17:00:00
8307,882,270.86,2025-05-18 18:00:00
8308,901,158.65,2025-05-18 19:00:00
8309,168,202.49,2025-05-18 20:00:00
8310,205,98.03,2025-05-18 21:00:00
8311,833,293.26,2025-05-18 22:00:00
8312,736,479.41,2025-05-18 23:00:00
8313,514,256.51,2025-05-19 00:00:00
8314,153,50.63,2025-05-19 01:00:00
8315,653,313.8,2025-05-19 02:00:00
8316,747,176.71,2025-05-19 03:00:00
8317,1021,429.4,2025-05-19 04:00:00
8318,844,222.99,2025-05-19 05:00:00
8319,551,104.49,2025-05-19 06:00:00
8320,742,103.64,2025-05-19 07:00:00
8321,731,386.69,2025-05-19 08:00:00
8322,748,140.14,2025-05-19 09:00:00
8323,224,385.94,2025-05-19 10:00:00
8324,783,110.88,2025-05-19 11:00:00
8325,794,167.63,2025-05-19 12:00:00
8326,723,238.09,2025-05-19 13:00:00
8327,470,472.17,2025-05-19 14:00:00
8328,183,466.55,2025-05-19 15:00:00
8329,440,111.37,2025-05-19 16:00:00
8330,1041,185.53,2025-05-19 17:00:00
8331,785,83.21,2025-05-19 18:00:00
8332,550,259.89,2025-05-19 19:00:00
8333,714,235.69,2025-05-19 20:00:00
8334,82,451.37,2025-05-19 21:00:00
8335,104,465.7,2025-05-19 22:00:00
8336,1003,197.95,2025-05-19 23:00:00
8337,568,250.95,2025-05-20 00:00:00
8338,805,449.16,2025-05-20 01:00:00
8339,874,405.29,2025-05-20 02:00:00
8340,687,11.79,2025-05-20 03:00:00
8341,61,166.83,2025-05-20 04:00:00
8342,577,216.67,2025-05-20 05:00:00
8343,769,122.56,2025-05-20 06:00:00
8344,604,107.79,2025-05-20 07:00:00
8345,422,28.51,2025-05-20 08:00:00
8346,533,325.25,2025-05-20 09:00:00
8347,1022,138.63,2025-05-20 10:00:00
8348,696,35.65,2025-05-20 11:00:00
8349,277,123.18,2025-05-20 12:00:00
8350,672,402.94,2025-05-20 13:00:00
8351,356,427.23,2025-05-20 14:00:00
8352,506,246.7,2025-05-20 15:00:00
8353,209,213.87,2025-05-20 16:00:00
8354,380,489.15,2025-05-20 17:00:00
8355,825,108.28,2025-05-20 18:00:00
8356,274,115.53,2025-05-20 19:00:00
8357,1032,153.01,2025-05-20 20:00:00
8358,778,94.65,2025-05-20 21:00:00
8359,553,195.89,2025-05-20 22:00:00
8360,505,456.31,2025-05-20 23:00:00
8361,94,311.52,2025-05-21 00:00:00
8362,263,211.85,2025-05-21 01:00:00
8363,108,467.86,2025-05-21 02:00:00
8364,693,33.75,2025-05-21 03:00:00
8365,665,113.04,2025-05-21 04:00:00
8366,244,287.29,2025-05-21 05:00:00
8367,974,311.62,2025-05-21 06:00:00
8368,538,29.38,2025-05-21 07:00:00
8369,206,207.49,2025-05-21 08:00:00
8370,659,328.09,2025-05-21 09:00:00
8371,275,352.05,2025-05-21 10:00:00
8372,461,322.69,2025-05-21 11:00:00
8373,254,167.08,2025-05-21 12:00:00
8374,128,55.82,2025-05-21 13:00:00
8375,173,219.29,2025-05-21 14:00:00
8376,520,73.09,2025-05-21 15:00:00
8377,989,474.34,2025-05-21 16:00:00
8378,267,242.83,2025-05-21 17:00:00
8379,565,165.46,2025-05-21 18:00:00
8380,651,385.49,2025-05-21 19:00:00
8381,153,253.99,2025-05-21 20:00:00
8382,442,161.92,2025-05-21 21:00:00
8383,680,407.86,2025-05-21 22:00:00
8384,694,434.9,2025-05-21 23:00:00
8385,873,339.77,2025-05-22 00:00:00
8386,657,33.01,2025-05-22 01:00:00
8387,1029,287.5,2025-05-22 02:00:00
8388,483,384.01,2025-05-22 03:00:00
8389,380,76.89,2025-05-22 04:00:00
8390,192,122.05,2025-05-22 05:00:00
8391,849,442.42,2025-05-22 06:00:00
8392,589,19.86,2025-05-22 07:00:00
8393,327,378.84,2025-05-22 08:00:00
8394,282,242.15,2025-05-22 09:00:00
8395,578,228.92,2025-05-22 10:00:00
8396,620,13.48,2025-05-22 11:00:00
8397,139,411.51,2025-05-22 12:00:00
8398,541,186.31,2025-05-22 13:00:00
8399,248,274.98,2025-05-22 14:00:00
8400,411,341.88,2025-05-22 15:00:00
8401,490,354.29,2025-05-22 16:00:00
8402,75,478.43,2025-05-22 17:00:00
8403,74,270.36,2025-05-22 18:00:00
8404,443,205.86,2025-05-22 19:00:00
8405,556,477.31,2025-05-22 20:00:00
8406,350,324.63,2025-05-22 21:00:00
8407,388,156.09,2025-05-22 22:00:00
8408,316,71.97,2025-05-22 23:00:00
8409,510,422.85,2025-05-23 00:00:00
8410,742,187.47,2025-05-23 01:00:00
8411,505,333.63,2025-05-23 02:00:00
8412,409,240.7,2025-05-23 03:00:00
8413,117,107.48,2025-05-23 04:00:00
8414,912,304.83,2025-05-23 05:00:00
8415,461,39.73,2025-05-23 06:00:00
8416,1020,212.54,2025-05-23 07:00:00
8417,540,277.84,2025-05-23 08:00:00
8418,882,223.66,2025-05-23 09:00:00
8419,98,376.85,2025-05-23 10:00:00
8420,736,415.68,2025-05-23 11:00:00
8421,613,387.91,2025-05-23 12:00:00
8422,151,29.02,2025-05-23 13:00:00
8423,265,105.12,2025-05-23 14:00:00
8424,487,272.94,2025-05-23 15:00:00
8425,749,468.06,2025-05-23 16:00:00
8426,618,419.13,2025-05-23 17:00:00
8427,608,422.84,2025-05-23 18:00:00
8428,208,158.57,2025-05-23 19:00:00
8429,538,220.43,2025-05-23 20:00:00
8430,735,240.65,2025-05-23 21:00:00
8431,291,87.11,2025-05-23 22:00:00
8432,843,25.22,2025-05-23 23:00:00
8433,802,473.98,2025-05-24 00:00:00
8434,931,127.95,2025-05-24 01:00:00
8435,54,127.57,2025-05-24 02:00:00
8436,645,50.86,2025-05-24 03:00:00
8437,869,464.97,2025-05-24 04:00:00
8438,410,294.07,2025-05-24 05:00:00
8439,508,336.85,2025-05-24 06:00:00
8440,297,456.67,2025-05-24 07:00:00
8441,615,179.35,2025-05-24 08:00:00
8442,722,314.54,2025-05-24 09:00:00
8443,995,29.01,2025-05-24 10:00:00
8444,471,101.52,2025-05-24 11:00:00
8445,972,417.31,2025-05-24 12:00:00
8446,787,385.72,2025-05-24 13:00:00
8447,64,181.81,2025-05-24 14:00:00
8448,785,194.64,2025-05-24 15:00:00
8449,622,271.44,2025-05-24 16:00:00
8450,171,10.12,2025-05-24 17:00:00
8451,326,128.21,2025-05-24 18:00:00
8452,607,112.03,2025-05-24 19:00:00
8453,502,132.74,2025-05-24 20:00:00
8454,439,404.89,2025-05-24 21:00:00
8455,343,147.04,2025-05-24 22:00:00
8456,623,103.85,2025-05-24 23:00:00
8457,647,257.09,2025-05-25 00:00:00
8458,495,434.17,2025-05-25 01:00:00
8459,259,128.26,2025-05-25 02:00:00
8460,639,48.48,2025-05-25 03:00:00
8461,763,184.64,2025-05-25 04:00:00
8462,351,376.35,2025-05-25 05:00:00
8463,958,279.84,2025-05-25 06:00:00
8464,272,410.23,2025-05-25 07:00:00
8465,783,480.2,2025-05-25 08:00:00
8466,52,398.4,2025-05-25 09:00:00
8467,1039,305.86,2025-05-25 10:00:00
8468,567,251.74,2025-05-25 11:00:00
8469,142,29.63,2025-05-25 12:00:00
8470,569,492.32,2025-05-25 13:00:00
8471,477,197.91,2025-05-25 14:00:00
8472,542,84.59,2025-05-25 15:00:00
8473,284,336.69,2025-05-25 16:00:00
8474,669,149.3,2025-05-25 17:00:00
8475,210,297.03,2025-05-25 18:00:00
8476,770,297.52,2025-05-25 19:00:00
8477,801,228.41,2025-05-25 20:00:00
8478,380,419.7,2025-05-25 21:00:00
8479,382,139.83,2025-05-25 22:00:00
8480,99,229.83,2025-05-25 23:00:00
8481,572,273.47,2025-05-26 00:00:00
8482,912,335.18,2025-05-26 01:00:00
8483,717,394.15,2025-05-26 02:00:00
8484,541,203.46,2025-05-26 03:00:00
8485,631,326.56,2025-05-26 04:00:00
8486,730,83.8,2025-05-26 05:00:00
8487,321,467.0,2025-05-26 06:00:00
8488,629,197.7,2025-05-26 07:00:00
8489,916,367.47,2025-05-26 08:00:00
8490,301,19.97,2025-05-26 09:00:00
8491,609,110.54,2025-05-26 10:00:00
8492,745,248.67,2025-05-26 11:00:00
8493,881,440.34,2025-05-26 12:00:00
8494,748,268.36,2025-05-26 13:00:00
8495,139,465.64,2025-05-26 14:00:00
8496,495,247.06,2025-05-26 15:00:00
8497,381,250.32,2025-05-26 16:00:00
8498,188,68.68,2025-05-26 17:00:00
8499,406,403.3,2025-05-26 18:00:00
8500,650,131.01,2025-05-26 19:00:00
8501,323,450.81,2025-05-26 20:00:00
8502,68,456.3,2025-05-26 21:00:00
8503,1032,472.22,2025-05-26 22:00:00
8504,360,264.91,2025-05-26 23:00:00
8505,919,341.78,2025-05-27 00:00:00
8506,935,391.47,2025-05-27 01:00:00
8507,1027,74.2,2025-05-27 02:00:00
8508,203,304.47,2025-05-27 03:00:00
8509,439,26.81,2025-05-27 04:00:00
8510,309,253.81,2025-05-27 05:00:00
8511,669,85.87,2025-05-27 06:00:00
8512,932,99.63,2025-05-27 07:00:00
8513,846,188.87,2025-05-27 08:00:00
8514,620,221.89,2025-05-27 09:00:00
8515,174,315.35,2025-05-27 10:00:00
8516,403,46.47,2025-05-27 11:00:00
8517,322,256.81,2025-05-27 12:00:00
8518,668,99.49,2025-05-27 13:00:00
8519,860,291.25,2025-05-27 14:00:00
8520,294,322.33,2025-05-27 15:00:00
8521,897,282.79,2025-05-27 16:00:00
8522,499,371.76,2025-05-27 17:00:00
8523,979,174.45,2025-05-27 18:00:00
8524,296,384.9,2025-05-27 19:00:00
8525,569,222.06,2025-05-27 20:00:00
8526,190,247.25,2025-05-27 21:00:00
8527,411,327.57,2025-05-27 22:00:00
8528,57,19.0,2025-05-27 23:00:00
8529,527,330.46,2025-05-28 00:00:00
8530,401,313.11,2025-05-28 01:00:00
8531,1045,161.83,2025-05-28 02:00:00
8532,544,52.04,2025-05-28 03:00:00
8533,655,54.56,2025-05-28 04:00:00
8534,882,462.38,2025-05-28 05:00:00
8535,476,347.75,2025-05-28 06:00:00
8536,88,72.28,2025-05-28 07:00:00
8537,642,184.79,2025-05-28 08:00:00
8538,236,300.32,2025-05-28 09:00:00
8539,645,419.43,2025-05-28 10:00:00
8540,649,31.39,2025-05-28 11:00:00
8541,803,125.95,2025-05-28 12:00:00
8542,903,445.98,2025-05-28 13:00:00
8543,142,14.49,2025-05-28 14:00:00
8544,135,108.69,2025-05-28 15:00:00
8545,93,479.92,2025-05-28 16:00:00
8546,186,310.57,2025-05-28 17:00:00
8547,470,138.22,2025-05-28 18:00:00
8548,123,42.83,2025-05-28 19:00:00
8549,597,23.81,2025-05-28 20:00:00
8550,662,129.93,2025-05-28 21:00:00
8551,1037,441.93,2025-05-28 22:00:00
8552,561,213.8,2025-05-28 23:00:00
8553,205,362.96,2025-05-29 00:00:00
8554,987,459.96,2025-05-29 01:00:00
8555,304,209.94,2025-05-29 02:00:00
8556,220,103.73,2025-05-29 03:00:00
8557,1030,263.39,2025-05-29 04:00:00
8558,777,454.96,2025-05-29 05:00:00
8559,219,404.14,2025-05-29 06:00:00
8560,813,42.26,2025-05-29 07:00:00
8561,921,349.36,2025-05-29 08:00:00
8562,371,290.23,2025-05-29 09:00:00
8563,616,454.66,2025-05-29 10:00:00
8564,505,70.02,2025-05-29 11:00:00
8565,993,271.68,2025-05-29 12:00:00
8566,652,440.94,2025-05-29 13:00:00
8567,839,210.91,2025-05-29 14:00:00
8568,662,246.18,2025-05-29 15:00:00
8569,204,44.53,2025-05-29 16:00:00
8570,938,146.29,2025-05-29 17:00:00
8571,398,169.01,2025-05-29 18:00:00
8572,500,473.11,2025-05-29 19:00:00
8573,925,148.51,2025-05-29 20:00:00
8574,702,235.83,2025-05-29 21:00:00
8575,222,338.94,2025-05-29 22:00:00
8576,59,89.47,2025-05-29 23:00:00
8577,789,248.36,2025-05-30 00:00:00
8578,314,371.88,2025-05-30 01:00:00
8579,487,434.76,2025-05-30 02:00:00
8580,809,316.87,2025-05-30 03:00:00
8581,296,337.84,2025-05-30 04:00:00
8582,716,71.88,2025-05-30 05:00:00
8583,595,473.43,2025-05-30 06:00:00
8584,548,74.96,2025-05-30 07:00:00
8585,178,389.59,2025-05-30 08:00:00
8586,721,139.76,2025-05-30 09:00:00
8587,650,467.46,2025-05-30 10:00:00
8588,654,362.78,2025-05-30 11:00:00
8589,376,379.37,2025-05-30 12:00:00
8590,802,117.34,2025-05-30 13:00:00
8591,884,227.09,2025-05-30 14:00:00
8592,1029,312.73,2025-05-30 15:00:00
8593,453,387.29,2025-05-30 16:00:00
8594,678,60.94,2025-05-30 17:00:00
8595,655,481.56,2025-05-30 18:00:00
8596,724,446.21,2025-05-30 19:00:00
8597,660,142.47,2025-05-30 20:00:00
8598,674,413.15,2025-05-30 21:00:00
8599,408,263.98,2025-05-30 22:00:00
8600,652,236.29,2025-05-30 23:00:00
8601,907,164.07,2025-05-31 00:00:00
8602,767,294.67,2025-05-31 01:00:00
8603,66,367.65,2025-05-31 02:00:00
8604,323,211.36,2025-05-31 03:00:00
8605,734,318.32,2025-05-31 04:00:00
8606,165,352.66,2025-05-31 05:00:00
8607,910,358.45,2025-05-31 06:00:00
8608,1029,35.46,2025-05-31 07:00:00
8609,742,431.28,2025-05-31 08:00:00
8610,140,234.54,2025-05-31 09:00:00
8611,131,138.58,2025-05-31 10:00:00
8612,373,128.46,2025-05-31 11:00:00
8613,1010,246.68,2025-05-31 12:00:00
8614,163,444.55,2025-05-31 13:00:00
8615,818,195.39,2025-05-31 14:00:00
8616,107,377.37,2025-05-31 15:00:00
8617,203,57.44,2025-05-31 16:00:00
8618,926,243.27,2025-05-31 17:00:00
8619,453,495.93,2025-05-31 18:00:00
8620,677,387.51,2025-05-31 19:00:00
8621,904,113.16,2025-05-31 20:00:00
8622,315,255.71,2025-05-31 21:00:00
8623,364,124.48,2025-05-31 22:00:00
8624,764,210.68,2025-05-31 23:00:00
8625,90,392.24,2025-06-01 00:00:00
8626,154,387.9,2025-06-01 01:00:00
8627,950,121.77,2025-06-01 02:00:00
8628,939,461.89,2025-06-01 03:00:00
8629,242,300.36,2025-06-01 04:00:00
8630,450,196.16,2025-06-01 05:00:00
8631,327,255.95,2025-06-01 06:00:00
8632,403,306.48,2025-06-01 07:00:00
8633,798,284.35,2025-06-01 08:00:00
8634,986,248.34,2025-06-01 09:00:00
8635,782,257.42,2025-06-01 10:00:00
8636,629,96.44,2025-06-01 11:00:00
8637,758,408.24,2025-06-01 12:00:00
8638,305,275.46,2025-06-01 13:00:00
8639,700,74.23,2025-06-01 14:00:00
8640,873,385.42,2025-06-01 15:00:00
8641,996,466.9,2025-06-01 16:00:00
8642,710,474.18,2025-06-01 17:00:00
8643,148,190.82,2025-06-01 18:00:00
8644,637,76.4,2025-06-01 19:00:00
8645,331,264.02,2025-06-01 20:00:00
8646,932,65.18,2025-06-01 21:00:00
8647,452,467.65,2025-06-01 22:00:00
8648,158,99.95,2025-06-01 23:00:00
8649,749,133.86,2025-06-02 00:00:00
8650,248,209.25,2025-06-02 01:00:00
8651,352,197.75,2025-06-02 02:00:00
8652,376,399.38,2025-06-02 03:00:00
8653,203,233.6,2025-06-02 04:00:00
8654,601,93.68,2025-06-02 05:00:00
8655,694,140.93,2025-06-02 06:00:00
8656,454,259.47,2025-06-02 07:00:00
8657,511,82.25,2025-06-02 08:00:00
8658,181,309.71,2025-06-02 09:00:00
8659,840,287.22,2025-06-02 10:00:00
8660,923,360.2,2025-06-02 11:00:00
8661,133,469.48,2025-06-02 12:00:00
8662,448,457.0,2025-06-02 13:00:00
8663,803,473.58,2025-06-02 14:00:00
8664,677,129.91,2025-06-02 15:00:00
8665,158,74.47,2025-06-02 16:00:00
8666,270,158.12,2025-06-02 17:00:00
8667,953,448.59,2025-06-02 18:00:00
8668,602,486.31,2025-06-02 19:00:00
8669,417,431.07,2025-06-02 20:00:00
8670,196,63.91,2025-06-02 21:00:00
8671,161,474.24,2025-06-02 22:00:00
8672,664,217.45,2025-06-02 23:00:00
8673,607,14.56,2025-06-03 00:00:00
8674,973,226.77,2025-06-03 01:00:00
8675,543,32.57,2025-06-03 02:00:00
8676,554,276.5,2025-06-03 03:00:00
8677,524,175.89,2025-06-03 04:00:00
8678,885,241.98,2025-06-03 05:00:00
8679,939,310.45,2025-06-03 06:00:00
8680,320,435.71,2025-06-03 07:00:00
8681,1044,334.33,2025-06-03 08:00:00
8682,470,222.68,2025-06-03 09:00:00
8683,946,411.52,2025-06-03 10:00:00
8684,756,453.74,2025-06-03 11:00:00
8685,416,68.68,2025-06-03 12:00:00
8686,329,270.65,2025-06-03 13:00:00
8687,332,149.41,2025-06-03 14:00:00
8688,89,33.06,2025-06-03 15:00:00
8689,1008,337.59,2025-06-03 16:00:00
8690,238,432.76,2025-06-03 17:00:00
8691,213,89.82,2025-06-03 18:00:00
8692,1043,408.08,2025-06-03 19:00:00
8693,1038,428.16,2025-06-03 20:00:00
8694,585,458.03,2025-06-03 21:00:00
8695,585,139.99,2025-06-03 22:00:00
8696,53,452.94,2025-06-03 23:00:00
8697,884,167.12,2025-06-04 00:00:00
8698,339,280.65,2025-06-04 01:00:00
8699,1002,34.75,2025-06-04 02:00:00
8700,482,31.5,2025-06-04 03:00:00
8701,520,362.98,2025-06-04 04:00:00
8702,230,227.8,2025-06-04 05:00:00
8703,297,135.58,2025-06-04 06:00:00
8704,677,103.3,2025-06-04 07:00:00
8705,328,338.28,2025-06-04 08:00:00
8706,926,10.2,2025-06-04 09:00:00
8707,630,404.89,2025-06-04 10:00:00
8708,912,48.83,2025-06-04 11:00:00
8709,303,103.83,2025-06-04 12:00:00
8710,230,199.26,2025-06-04 13:00:00
8711,879,247.58,2025-06-04 14:00:00
8712,730,183.95,2025-06-04 15:00:00
8713,874,167.15,2025-06-04 16:00:00
8714,558,482.32,2025-06-04 17:00:00
8715,810,324.37,2025-06-04 18:00:00
8716,749,21.48,2025-06-04 19:00:00
8717,615,220.79,2025-06-04 20:00:00
8718,375,438.75,2025-06-04 21:00:00
8719,406,157.71,2025-06-04 22:00:00
8720,874,56.33,2025-06-04 23:00:00
8721,699,381.61,2025-06-05 00:00:00
8722,729,306.95,2025-06-05 01:00:00
8723,440,289.45,2025-06-05 02:00:00
8724,664,36.25,2025-06-05 03:00:00
8725,983,78.84,2025-06-05 04:00:00
8726,134,315.05,2025-06-05 05:00:00
8727,366,111.83,2025-06-05 06:00:00
8728,261,256.99,2025-06-05 07:00:00
8729,564,276.99,2025-06-05 08:00:00
8730,433,148.92,2025-06-05 09:00:00
8731,740,474.73,2025-06-05 10:00:00
8732,391,422.81,2025-06-05 11:00:00
8733,864,363.96,2025-06-05 12:00:00
8734,1013,48.22,2025-06-05 13:00:00
8735,1037,62.0,2025-06-05 14:00:00
8736,893,251.46,2025-06-05 15:00:00
8737,87,88.75,2025-06-05 16:00:00
8738,560,489.35,2025-06-05 17:00:00
8739,469,87.67,2025-06-05 18:00:00
8740,800,248.86,2025-06-05 19:00:00
8741,218,188.42,2025-06-05 20:00:00
8742,1014,323.3,2025-06-05 21:00:00
8743,958,73.23,2025-06-05 22:00:00
8744,392,220.86,2025-06-05 23:00:00
8745,875,144.61,2025-06-06 00:00:00
8746,355,445.0,2025-06-06 01:00:00
8747,591,29.89,2025-06-06 02:00:00
8748,751,457.73,2025-06-06 03:00:00
8749,918,418.17,2025-06-06 04:00:00
8750,586,155.81,2025-06-06 05:00:00
8751,161,396.75,2025-06-06 06:00:00
8752,460,25.29,2025-06-06 07:00:00
8753,996,483.76,2025-06-06 08:00:00
8754,255,268.03,2025-06-06 09:00:00
8755,234,158.61,2025-06-06 10:00:00
8756,431,187.67,2025-06-06 11:00:00
8757,545,42.54,2025-06-06 12:00:00
8758,428,494.78,2025-06-06 13:00:00
8759,96,29.25,2025-06-06 14:00:00
8760,935,330.9,2025-06-06 15:00:00
8761,789,226.94,2025-06-06 16:00:00
8762,600,474.97,2025-06-06 17:00:00
8763,577,130.54,2025-06-06 18:00:00
8764,553,270.72,2025-06-06 19:00:00
8765,71,246.35,2025-06-06 20:00:00
8766,262,354.4,2025-06-06 21:00:00
8767,359,43.33,2025-06-06 22:00:00
8768,710,104.96,2025-06-06 23:00:00
8769,1017,115.14,2025-06-07 00:00:00
8770,802,371.69,2025-06-07 01:00:00
8771,321,102.68,2025-06-07 02:00:00
8772,620,291.01,2025-06-07 03:00:00
8773,848,115.47,2025-06-07 04:00:00
8774,987,432.2,2025-06-07 05:00:00
8775,251,471.67,2025-06-07 06:00:00
8776,81,264.06,2025-06-07 07:00:00
8777,492,182.63,2025-06-07 08:00:00
8778,211,124.69,2025-06-07 09:00:00
8779,816,34.39,2025-06-07 10:00:00
8780,303,141.57,2025-06-07 11:00:00
8781,570,330.58,2025-06-07 12:00:00
8782,1026,271.47,2025-06-07 13:00:00
8783,700,472.58,2025-06-07 14:00:00
8784,529,204.18,2025-06-07 15:00:00
8785,59,349.99,2025-06-07 16:00:00
8786,775,249.77,2025-06-07 17:00:00
8787,554,261.16,2025-06-07 18:00:00
8788,834,141.21,2025-06-07 19:00:00
8789,885,232.93,2025-06-07 20:00:00
8790,609,240.68,2025-06-07 21:00:00
8791,485,356.25,2025-06-07 22:00:00
8792,160,470.91,2025-06-07 23:00:00
8793,202,171.37,2025-06-08 00:00:00
8794,684,30.68,2025-06-08 01:00:00
8795,966,253.18,2025-06-08 02:00:00
8796,918,276.79,2025-06-08 03:00:00
8797,151,92.54,2025-06-08 04:00:00
8798,802,382.63,2025-06-08 05:00:00
8799,882,492.62,2025-06-08 06:00:00
8800,240,473.43,2025-06-08 07:00:00
8801,778,106.58,2025-06-08 08:00:00
8802,612,438.93,2025-06-08 09:00:00
8803,853,355.2,2025-06-08 10:00:00
8804,130,232.38,2025-06-08 11:00:00
8805,538,274.9,2025-06-08 12:00:00
8806,944,426.3,2025-06-08 13:00:00
8807,137,245.27,2025-06-08 14:00:00
8808,243,192.87,2025-06-08 15:00:00
8809,153,251.69,2025-06-08 16:00:00
8810,832,293.77,2025-06-08 17:00:00
8811,145,102.65,2025-06-08 18:00:00
8812,472,451.44,2025-06-08 19:00:00
8813,940,340.35,2025-06-08 20:00:00
8814,247,320.3,2025-06-08 21:00:00
8815,50,58.75,2025-06-08 22:00:00
8816,456,306.05,2025-06-08 23:00:00
8817,427,69.27,2025-06-09 00:00:00
8818,216,48.56,2025-06-09 01:00:00
8819,558,268.38,2025-06-09 02:00:00
8820,687,207.36,2025-06-09 03:00:00
8821,362,298.52,2025-06-09 04:00:00
8822,642,53.72,2025-06-09 05:00:00
8823,467,221.18,2025-06-09 06:00:00
8824,812,95.65,2025-06-09 07:00:00
8825,730,493.68,2025-06-09 08:00:00
8826,526,284.96,2025-06-09 09:00:00
8827,122,346.84,2025-06-09 10:00:00
8828,190,169.45,2025-06-09 11:00:00
8829,631,56.42,2025-06-09 12:00:00
8830,311,488.18,2025-06-09 13:00:00
8831,389,150.27,2025-06-09 14:00:00
8832,357,217.67,2025-06-09 15:00:00
8833,294,328.43,2025-06-09 16:00:00
8834,564,22.1,2025-06-09 17:00:00
8835,386,407.03,2025-06-09 18:00:00
8836,624,272.92,2025-06-09 19:00:00
8837,610,146.33,2025-06-09 20:00:00
8838,125,40.19,2025-06-09 21:00:00
8839,929,89.62,2025-06-09 22:00:00
8840,224,448.57,2025-06-09 23:00:00
8841,158,346.15,2025-06-10 00:00:00
8842,232,132.45,2025-06-10 01:00:00
8843,241,42.14,2025-06-10 02:00:00
8844,114,348.4,2025-06-10 03:00:00
8845,898,290.48,2025-06-10 04:00:00
8846,1012,208.21,2025-06-10 05:00:00
8847,523,188.17,2025-06-10 06:00:00
8848,832,116.24,2025-06-10 07:00:00
8849,149,338.11,2025-06-10 08:00:00
8850,593,485.63,2025-06-10 09:00:00
8851,913,96.1,2025-06-10 10:00:00
8852,177,302.59,2025-06-10 11:00:00
8853,501,217.85,2025-06-10 12:00:00
8854,963,228.88,2025-06-10 13:00:00
8855,418,134.53,2025-06-10 14:00:00
8856,900,414.32,2025-06-10 15:00:00
8857,92,247.78,2025-06-10 16:00:00
8858,933,276.27,2025-06-10 17:00:00
8859,468,159.33,2025-06-10 18:00:00
8860,537,99.09,2025-06-10 19:00:00
8861,127,52.1,2025-06-10 20:00:00
8862,875,359.92,2025-06-10 21:00:00
8863,850,106.15,2025-06-10 22:00:00
8864,319,348.14,2025-06-10 23:00:00
8865,723,201.28,2025-06-11 00:00:00
8866,750,213.73,2025-06-11 01:00:00
8867,808,239.9,2025-06-11 02:00:00
8868,949,190.18,2025-06-11 03:00:00
8869,777,59.3,2025-06-11 04:00:00
8870,364,161.72,2025-06-11 05:00:00
8871,974,335.23,2025-06-11 06:00:00
8872,900,336.23,2025-06-11 07:00:00
8873,951,150.25,2025-06-11 08:00:00
8874,938,235.45,2025-06-11 09:00:00
8875,1042,104.79,2025-06-11 10:00:00
8876,994,113.08,2025-06-11 11:00:00
8877,217,21.29,2025-06-11 12:00:00
8878,388,449.41,2025-06-11 13:00:00
8879,242,113.25,2025-06-11 14:00:00
8880,502,121.49,2025-06-11 15:00:00
8881,332,147.0,2025-06-11 16:00:00
8882,385,72.43,2025-06-11 17:00:00
8883,439,323.24,2025-06-11 18:00:00
8884,1049,46.82,2025-06-11 19:00:00
8885,574,75.76,2025-06-11 20:00:00
8886,289,325.93,2025-06-11 21:00:00
8887,881,176.43,2025-06-11 22:00:00
8888,1007,356.89,2025-06-11 23:00:00
8889,532,283.14,2025-06-12 00:00:00
8890,708,135.45,2025-06-12 01:00:00
8891,765,328.91,2025-06-12 02:00:00
8892,641,66.97,2025-06-12 03:00:00
8893,940,272.84,2025-06-12 04:00:00
8894,604,224.2,2025-06-12 05:00:00
8895,507,141.26,2025-06-12 06:00:00
8896,138,305.96,2025-06-12 07:00:00
8897,709,436.95,2025-06-12 08:00:00
8898,144,499.46,2025-06-12 09:00:00
8899,501,307.8,2025-06-12 10:00:00
8900,477,208.31,2025-06-12 11:00:00
8901,200,120.35,2025-06-12 12:00:00
8902,563,135.98,2025-06-12 13:00:00
8903,425,244.93,2025-06-12 14:00:00
8904,71,189.97,2025-06-12 15:00:00
8905,932,457.77,2025-06-12 16:00:00
8906,362,190.46,2025-06-12 17:00:00
8907,1046,192.99,2025-06-12 18:00:00
8908,889,197.93,2025-06-12 19:00:00
8909,568,419.94,2025-06-12 20:00:00
8910,255,328.89,2025-06-12 21:00:00
8911,1001,310.94,2025-06-12 22:00:00
8912,424,173.73,2025-06-12 23:00:00
8913,500,410.77,2025-06-13 00:00:00
8914,675,28.8,2025-06-13 01:00:00
8915,833,436.69,2025-06-13 02:00:00
8916,644,261.25,2025-06-13 03:00:00
8917,228,205.14,2025-06-13 04:00:00
8918,259,253.61,2025-06-13 05:00:00
8919,549,337.03,2025-06-13 06:00:00
8920,513,16.26,2025-06-13 07:00:00
8921,889,437.06,2025-06-13 08:00:00
8922,173,228.9,2025-06-13 09:00:00
8923,1042,178.05,2025-06-13 10:00:00
8924,162,77.74,2025-06-13 11:00:00
8925,61,225.34,2025-06-13 12:00:00
8926,175,253.2,2025-06-13 13:00:00
8927,614,207.79,2025-06-13 14:00:00
8928,380,342.54,2025-06-13 15:00:00
8929,950,216.24,2025-06-13 16:00:00
8930,332,481.09,2025-06-13 17:00:00
8931,189,303.65,2025-06-13 18:00:00
8932,450,405.66,2025-06-13 19:00:00
8933,951,63.58,2025-06-13 20:00:00
8934,146,204.67,2025-06-13 21:00:00
8935,566,175.06,2025-06-13 22:00:00
8936,618,289.05,2025-06-13 23:00:00
8937,973,431.95,2025-06-14 00:00:00
8938,895,48.39,2025-06-14 01:00:00
8939,118,45.56,2025-06-14 02:00:00
8940,167,426.66,2025-06-14 03:00:00
8941,937,114.3,2025-06-14 04:00:00
8942,108,337.69,2025-06-14 05:00:00
8943,82,276.01,2025-06-14 06:00:00
8944,367,418.12,2025-06-14 07:00:00
8945,99,71.29,2025-06-14 08:00:00
8946,929,73.59,2025-06-14 09:00:00
8947,538,282.84,2025-06-14 10:00:00
8948,68,473.73,2025-06-14 11:00:00
8949,775,213.35,2025-06-14 12:00:00
8950,246,170.2,2025-06-14 13:00:00
8951,940,307.28,2025-06-14 14:00:00
8952,499,465.92,2025-06-14 15:00:00
8953,1039,420.09,2025-06-14 16:00:00
8954,608,497.79,2025-06-14 17:00:00
8955,728,21.06,2025-06-14 18:00:00
8956,501,65.3,2025-06-14 19:00:00
8957,338,308.64,2025-06-14 20:00:00
8958,190,412.08,2025-06-14 21:00:00
8959,133,149.77,2025-06-14 22:00:00
8960,743,127.21,2025-06-14 23:00:00
8961,440,395.62,2025-06-15 00:00:00
8962,640,37.63,2025-06-15 01:00:00
8963,264,191.0,2025-06-15 02:00:00
8964,575,257.85,2025-06-15 03:00:00
8965,264,284.57,2025-06-15 04:00:00
8966,452,367.02,2025-06-15 05:00:00
8967,177,183.87,2025-06-15 06:00:00
8968,871,310.22,2025-06-15 07:00:00
8969,526,296.83,2025-06-15 08:00:00
8970,809,278.33,2025-06-15 09:00:00
8971,453,323.84,2025-06-15 10:00:00
8972,78,137.13,2025-06-15 11:00:00
8973,841,51.48,2025-06-15 12:00:00
8974,387,68.44,2025-06-15 13:00:00
8975,880,120.05,2025-06-15 14:00:00
8976,763,255.1,2025-06-15 15:00:00
8977,410,421.82,2025-06-15 16:00:00
8978,618,353.63,2025-06-15 17:00:00
8979,441,396.63,2025-06-15 18:00:00
8980,267,181.98,2025-06-15 19:00:00
8981,623,208.28,2025-06-15 20:00:00
8982,718,202.9,2025-06-15 21:00:00
8983,251,104.02,2025-06-15 22:00:00
8984,66,40.0,2025-06-15 23:00:00
8985,371,299.55,2025-06-16 00:00:00
8986,567,494.72,2025-06-16 01:00:00
8987,619,91.75,2025-06-16 02:00:00
8988,374,32.88,2025-06-16 03:00:00
8989,461,391.97,2025-06-16 04:00:00
8990,367,133.77,2025-06-16 05:00:00
8991,730,416.53,2025-06-16 06:00:00
8992,1014,354.93,2025-06-16 07:00:00
8993,131,473.38,2025-06-16 08:00:00
8994,523,210.37,2025-06-16 09:00:00
8995,517,334.37,2025-06-16 10:00:00
8996,474,237.78,2025-06-16 11:00:00
8997,994,318.99,2025-06-16 12:00:00
8998,780,230.3,2025-06-16 13:00:00
8999,738,102.43,2025-06-16 14:00:00
9000,253,258.87,2025-06-16 15:00:00
9001,632,269.01,2025-06-16 16:00:00
9002,436,407.2,2025-06-16 17:00:00
9003,827,370.41,2025-06-16 18:00:00
9004,147,335.26,2025-06-16 19:00:00
9005,394,65.56,2025-06-16 20:00:00
9006,852,363.1,2025-06-16 21:00:00
9007,257,255.15,2025-06-16 22:00:00
9008,563,448.11,2025-06-16 23:00:00
9009,685,460.74,2025-06-17 00:00:00
9010,841,37.03,2025-06-17 01:00:00
9011,635,412.11,2025-06-17 02:00:00
9012,215,28.47,2025-06-17 03:00:00
9013,71,189.91,2025-06-17 04:00:00
9014,203,275.73,2025-06-17 05:00:00
9015,988,82.57,2025-06-17 06:00:00
9016,488,375.69,2025-06-17 07:00:00
9017,344,14.09,2025-06-17 08:00:00
9018,268,92.61,2025-06-17 09:00:00
9019,718,294.59,2025-06-17 10:00:00
9020,544,360.05,2025-06-17 11:00:00
9021,279,459.16,2025-06-17 12:00:00
9022,69,355.69,2025-06-17 13:00:00
9023,1036,339.17,2025-06-17 14:00:00
9024,602,203.23,2025-06-17 15:00:00
9025,999,10.63,2025-06-17 16:00:00
9026,197,68.88,2025-06-17 17:00:00
9027,157,271.93,2025-06-17 18:00:00
9028,452,340.81,2025-06-17 19:00:00
9029,645,214.55,2025-06-17 20:00:00
9030,532,368.03,2025-06-17 21:00:00
9031,416,265.71,2025-06-17 22:00:00
9032,883,46.35,2025-06-17 23:00:00
9033,463,104.09,2025-06-18 00:00:00
9034,358,421.6,2025-06-18 01:00:00
9035,851,365.21,2025-06-18 02:00:00
9036,967,448.43,2025-06-18 03:00:00
9037,884,67.6,2025-06-18 04:00:00
9038,183,495.21,2025-06-18 05:00:00
9039,768,112.61,2025-06-18 06:00:00
9040,332,15.77,2025-06-18 07:00:00
9041,827,498.74,2025-06-18 08:00:00
9042,122,147.73,2025-06-18 09:00:00
9043,530,337.33,2025-06-18 10:00:00
9044,401,96.57,2025-06-18 11:00:00
9045,609,294.31,2025-06-18 12:00:00
9046,375,452.98,2025-06-18 13:00:00
9047,794,166.89,2025-06-18 14:00:00
9048,492,338.42,2025-06-18 15:00:00
9049,149,102.07,2025-06-18 16:00:00
9050,108,316.15,2025-06-18 17:00:00
9051,557,174.86,2025-06-18 18:00:00
9052,307,113.49,2025-06-18 19:00:00
9053,462,163.46,2025-06-18 20:00:00
9054,501,97.63,2025-06-18 21:00:00
9055,114,451.94,2025-06-18 22:00:00
9056,644,204.62,2025-06-18 23:00:00
9057,203,130.19,2025-06-19 00:00:00
9058,1034,229.72,2025-06-19 01:00:00
9059,315,167.06,2025-06-19 02:00:00
9060,870,374.77,2025-06-19 03:00:00
9061,128,485.9,2025-06-19 04:00:00
9062,364,224.64,2025-06-19 05:00:00
9063,711,431.91,2025-06-19 06:00:00
9064,996,287.27,2025-06-19 07:00:00
9065,609,87.05,2025-06-19 08:00:00
9066,966,348.41,2025-06-19 09:00:00
9067,940,261.58,2025-06-19 10:00:00
9068,297,328.8,2025-06-19 11:00:00
9069,839,445.95,2025-06-19 12:00:00
9070,917,225.81,2025-06-19 13:00:00
9071,659,451.58,2025-06-19 14:00:00
9072,463,377.83,2025-06-19 15:00:00
9073,74,249.42,2025-06-19 16:00:00
9074,333,305.58,2025-06-19 17:00:00
9075,498,169.53,2025-06-19 18:00:00
9076,930,491.96,2025-06-19 19:00:00
9077,350,337.0,2025-06-19 20:00:00
9078,117,31.48,2025-06-19 21:00:00
9079,56,170.04,2025-06-19 22:00:00
9080,866,315.42,2025-06-19 23:00:00
9081,186,37.6,2025-06-20 00:00:00
9082,213,21.7,2025-06-20 01:00:00
9083,132,230.51,2025-06-20 02:00:00
9084,946,173.02,2025-06-20 03:00:00
9085,699,224.77,2025-06-20 04:00:00
9086,469,138.72,2025-06-20 05:00:00
9087,122,90.71,2025-06-20 06:00:00
9088,286,347.68,2025-06-20 07:00:00
9089,95,262.14,2025-06-20 08:00:00
9090,667,108.08,2025-06-20 09:00:00
9091,977,166.6,2025-06-20 10:00:00
9092,849,299.99,2025-06-20 11:00:00
9093,311,45.39,2025-06-20 12:00:00
9094,225,82.25,2025-06-20 13:00:00
9095,215,45.89,2025-06-20 14:00:00
9096,706,408.04,2025-06-20 15:00:00
9097,891,378.68,2025-06-20 16:00:00
9098,419,379.12,2025-06-20 17:00:00
9099,844,361.0,2025-06-20 18:00:00
9100,103,338.0,2025-06-20 19:00:00
9101,739,243.73,2025-06-20 20:00:00
9102,468,324.72,2025-06-20 21:00:00
9103,805,28.8,2025-06-20 22:00:00
9104,556,314.52,2025-06-20 23:00:00
9105,390,391.16,2025-06-21 00:00:00
9106,176,255.18,2025-06-21 01:00:00
9107,458,185.18,2025-06-21 02:00:00
9108,973,145.94,2025-06-21 03:00:00
9109,416,324.97,2025-06-21 04:00:00
9110,320,349.47,2025-06-21 05:00:00
9111,693,436.77,2025-06-21 06:00:00
9112,654,177.74,2025-06-21 07:00:00
9113,428,387.19,2025-06-21 08:00:00
9114,122,285.06,2025-06-21 09:00:00
9115,972,442.59,2025-06-21 10:00:00
9116,971,268.63,2025-06-21 11:00:00
9117,964,263.64,2025-06-21 12:00:00
9118,297,293.16,2025-06-21 13:00:00
9119,909,377.16,2025-06-21 14:00:00
9120,834,482.7,2025-06-21 15:00:00
9121,92,46.05,2025-06-21 16:00:00
9122,426,36.18,2025-06-21 17:00:00
9123,90,469.4,2025-06-21 18:00:00
9124,219,269.64,2025-06-21 19:00:00
9125,995,311.3,2025-06-21 20:00:00
9126,261,246.39,2025-06-21 21:00:00
9127,542,55.89,2025-06-21 22:00:00
9128,729,386.36,2025-06-21 23:00:00
9129,88,376.14,2025-06-22 00:00:00
9130,418,162.73,2025-06-22 01:00:00
9131,806,160.06,2025-06-22 02:00:00
9132,200,420.54,2025-06-22 03:00:00
9133,160,45.46,2025-06-22 04:00:00
9134,529,441.74,2025-06-22 05:00:00
9135,485,135.76,2025-06-22 06:00:00
9136,96,300.56,2025-06-22 07:00:00
9137,624,468.64,2025-06-22 08:00:00
9138,786,342.28,2025-06-22 09:00:00
9139,415,213.07,2025-06-22 10:00:00
9140,118,347.87,2025-06-22 11:00:00
9141,348,178.55,2025-06-22 12:00:00
9142,993,145.86,2025-06-22 13:00:00
9143,851,498.37,2025-06-22 14:00:00
9144,345,377.89,2025-06-22 15:00:00
9145,252,325.91,2025-06-22 16:00:00
9146,110,184.09,2025-06-22 17:00:00
9147,995,34.09,2025-06-22 18:00:00
9148,1012,25.22,2025-06-22 19:00:00
9149,879,281.55,2025-06-22 20:00:00
9150,363,383.4,2025-06-22 21:00:00
9151,210,273.32,2025-06-22 22:00:00
9152,380,421.98,2025-06-22 23:00:00
9153,577,26.38,2025-06-23 00:00:00
9154,387,189.71,2025-06-23 01:00:00
9155,655,126.16,2025-06-23 02:00:00
9156,353,229.16,2025-06-23 03:00:00
9157,552,45.46,2025-06-23 04:00:00
9158,699,477.52,2025-06-23 05:00:00
9159,387,119.4,2025-06-23 06:00:00
9160,599,461.93,2025-06-23 07:00:00
9161,688,218.69,2025-06-23 08:00:00
9162,324,492.91,2025-06-23 09:00:00
9163,213,281.49,2025-06-23 10:00:00
9164,492,466.11,2025-06-23 11:00:00
9165,368,12.62,2025-06-23 12:00:00
9166,638,376.64,2025-06-23 13:00:00
9167,553,452.49,2025-06-23 14:00:00
9168,735,78.46,2025-06-23 15:00:00
9169,436,57.1,2025-06-23 16:00:00
9170,1019,218.04,2025-06-23 17:00:00
9171,919,467.5,2025-06-23 18:00:00
9172,882,275.77,2025-06-23 19:00:00
9173,937,268.45,2025-06-23 20:00:00
9174,652,79.15,2025-06-23 21:00:00
9175,799,10.39,2025-06-23 22:00:00
9176,825,406.97,2025-06-23 23:00:00
9177,740,52.91,2025-06-24 00:00:00
9178,543,320.59,2025-06-24 01:00:00
9179,539,458.16,2025-06-24 02:00:00
9180,770,112.24,2025-06-24 03:00:00
9181,122,335.98,2025-06-24 04:00:00
9182,558,48.56,2025-06-24 05:00:00
9183,439,305.84,2025-06-24 06:00:00
9184,668,90.33,2025-06-24 07:00:00
9185,906,370.62,2025-06-24 08:00:00
9186,344,157.6,2025-06-24 09:00:00
9187,418,237.06,2025-06-24 10:00:00
9188,1005,303.72,2025-06-24 11:00:00
9189,845,93.92,2025-06-24 12:00:00
9190,914,373.4,2025-06-24 13:00:00
9191,743,158.29,2025-06-24 14:00:00
9192,598,334.56,2025-06-24 15:00:00
9193,698,87.56,2025-06-24 16:00:00
9194,899,347.18,2025-06-24 17:00:00
9195,617,72.81,2025-06-24 18:00:00
9196,236,218.42,2025-06-24 19:00:00
9197,902,131.13,2025-06-24 20:00:00
9198,819,376.7,2025-06-24 21:00:00
9199,494,138.4,2025-06-24 22:00:00
9200,619,442.04,2025-06-24 23:00:00
9201,412,446.99,2025-06-25 00:00:00
9202,172,106.26,2025-06-25 01:00:00
9203,237,310.78,2025-06-25 02:00:00
9204,791,52.98,2025-06-25 03:00:00
9205,729,201.85,2025-06-25 04:00:00
9206,469,359.53,2025-06-25 05:00:00
9207,675,333.12,2025-06-25 06:00:00
9208,301,316.1,2025-06-25 07:00:00
9209,668,148.45,2025-06-25 08:00:00
9210,598,195.23,2025-06-25 09:00:00
9211,384,60.44,2025-06-25 10:00:00
9212,141,362.32,2025-06-25 11:00:00
9213,579,256.91,2025-06-25 12:00:00
9214,915,357.3,2025-06-25 13:00:00
9215,112,131.98,2025-06-25 14:00:00
9216,711,168.97,2025-06-25 15:00:00
9217,561,173.77,2025-06-25 16:00:00
9218,188,22.61,2025-06-25 17:00:00
9219,747,177.11,2025-06-25 18:00:00
9220,234,403.62,2025-06-25 19:00:00
9221,254,449.68,2025-06-25 20:00:00
9222,821,263.93,2025-06-25 21:00:00
9223,263,233.2,2025-06-25 22:00:00
9224,305,25.1,2025-06-25 23:00:00
9225,184,440.81,2025-06-26 00:00:00
9226,622,16.38,2025-06-26 01:00:00
9227,924,472.93,2025-06-26 02:00:00
9228,871,249.72,2025-06-26 03:00:00
9229,137,177.55,2025-06-26 04:00:00
9230,885,462.87,2025-06-26 05:00:00
9231,1037,21.95,2025-06-26 06:00:00
9232,256,294.9,2025-06-26 07:00:00
9233,178,278.98,2025-06-26 08:00:00
9234,872,117.47,2025-06-26 09:00:00
9235,52,220.15,2025-06-26 10:00:00
9236,1023,329.61,2025-06-26 11:00:00
9237,983,366.29,2025-06-26 12:00:00
9238,803,10.35,2025-06-26 13:00:00
9239,170,469.06,2025-06-26 14:00:00
9240,434,90.62,2025-06-26 15:00:00
9241,663,124.45,2025-06-26 16:00:00
9242,87,139.1,2025-06-26 17:00:00
9243,390,28.53,2025-06-26 18:00:00
9244,974,70.3,2025-06-26 19:00:00
9245,694,493.31,2025-06-26 20:00:00
9246,763,164.46,2025-06-26 21:00:00
9247,909,66.5,2025-06-26 22:00:00
9248,70,62.43,2025-06-26 23:00:00
9249,291,362.54,2025-06-27 00:00:00
9250,504,428.74,2025-06-27 01:00:00
9251,1012,135.91,2025-06-27 02:00:00
9252,670,20.25,2025-06-27 03:00:00
9253,352,119.31,2025-06-27 04:00:00
9254,645,37.69,2025-06-27 05:00:00
9255,644,60.66,2025-06-27 06:00:00
9256,852,221.44,2025-06-27 07:00:00
9257,1013,122.66,2025-06-27 08:00:00
9258,118,262.81,2025-06-27 09:00:00
9259,178,134.21,2025-06-27 10:00:00
9260,245,470.86,2025-06-27 11:00:00
9261,189,453.91,2025-06-27 12:00:00
9262,493,287.73,2025-06-27 13:00:00
9263,332,183.67,2025-06-27 14:00:00
9264,361,196.76,2025-06-27 15:00:00
9265,795,211.81,2025-06-27 16:00:00
9266,584,366.51,2025-06-27 17:00:00
9267,714,231.3,2025-06-27 18:00:00
9268,326,429.8,2025-06-27 19:00:00
9269,110,472.61,2025-06-27 20:00:00
9270,368,174.61,2025-06-27 21:00:00
9271,939,284.74,2025-06-27 22:00:00
9272,101,56.58,2025-06-27 23:00:00
9273,905,108.23,2025-06-28 00:00:00
9274,202,212.6,2025-06-28 01:00:00
9275,798,111.04,2025-06-28 02:00:00
9276,360,439.51,2025-06-28 03:00:00
9277,863,87.56,2025-06-28 04:00:00
9278,593,233.27,2025-06-28 05:00:00
9279,616,306.79,2025-06-28 06:00:00
9280,913,349.01,2025-06-28 07:00:00
9281,438,197.7,2025-06-28 08:00:00
9282,597,435.86,2025-06-28 09:00:00
9283,671,288.48,2025-06-28 10:00:00
9284,226,225.36,2025-06-28 11:00:00
9285,411,42.95,2025-06-28 12:00:00
9286,363,237.7,2025-06-28 13:00:00
9287,856,412.16,2025-06-28 14:00:00
9288,897,311.13,2025-06-28 15:00:00
9289,146,417.76,2025-06-28 16:00:00
9290,930,252.07,2025-06-28 17:00:00
9291,262,68.05,2025-06-28 18:00:00
9292,878,16.68,2025-06-28 19:00:00
9293,186,158.58,2025-06-28 20:00:00
9294,55,352.02,2025-06-28 21:00:00
9295,158,397.23,2025-06-28 22:00:00
9296,596,154.92,2025-06-28 23:00:00
9297,88,252.87,2025-06-29 00:00:00
9298,711,216.35,2025-06-29 01:00:00
9299,474,211.16,2025-06-29 02:00:00
9300,679,123.36,2025-06-29 03:00:00
9301,310,76.82,2025-06-29 04:00:00
9302,475,106.38,2025-06-29 05:00:00
9303,136,37.11,2025-06-29 06:00:00
9304,514,107.08,2025-06-29 07:00:00
9305,125,14.51,2025-06-29 08:00:00
9306,520,317.36,2025-06-29 09:00:00
9307,1025,165.02,2025-06-29 10:00:00
9308,1012,486.84,2025-06-29 11:00:00
9309,463,104.92,2025-06-29 12:00:00
9310,874,179.46,2025-06-29 13:00:00
9311,944,185.34,2025-06-29 14:00:00
9312,775,14.14,2025-06-29 15:00:00
9313,506,421.21,2025-06-29 16:00:00
9314,334,25.68,2025-06-29 17:00:00
9315,288,470.69,2025-06-29 18:00:00
9316,726,447.12,2025-06-29 19:00:00
9317,648,272.41,2025-06-29 20:00:00
9318,702,276.36,2025-06-29 21:00:00
9319,721,330.35,2025-06-29 22:00:00
9320,607,199.65,2025-06-29 23:00:00
9321,421,327.14,2025-06-30 00:00:00
9322,544,31.94,2025-06-30 01:00:00
9323,673,36.48,2025-06-30 02:00:00
9324,968,234.04,2025-06-30 03:00:00
9325,94,279.31,2025-06-30 04:00:00
9326,450,445.03,2025-06-30 05:00:00
9327,296,61.28,2025-06-30 06:00:00
9328,665,413.1,2025-06-30 07:00:00
9329,646,112.92,2025-06-30 08:00:00
9330,499,203.1,2025-06-30 09:00:00
9331,534,165.14,2025-06-30 10:00:00
9332,695,206.08,2025-06-30 11:00:00
9333,669,83.74,2025-06-30 12:00:00
9334,67,256.75,2025-06-30 13:00:00
9335,655,402.8,2025-06-30 14:00:00
9336,711,226.35,2025-06-30 15:00:00
9337,807,250.4,2025-06-30 16:00:00
9338,338,425.9,2025-06-30 17:00:00
9339,463,355.97,2025-06-30 18:00:00
9340,770,250.32,2025-06-30 19:00:00
9341,687,136.27,2025-06-30 20:00:00
9342,284,443.61,2025-06-30 21:00:00
9343,465,292.74,2025-06-30 22:00:00
9344,987,118.36,2025-06-30 23:00:00
9345,548,141.87,2025-07-01 00:00:00
9346,1023,403.54,2025-07-01 01:00:00
9347,683,31.63,2025-07-01 02:00:00
9348,699,496.13,2025-07-01 03:00:00
9349,164,73.87,2025-07-01 04:00:00
9350,981,400.07,2025-07-01 05:00:00
9351,723,203.44,2025-07-01 06:00:00
9352,762,251.19,2025-07-01 07:00:00
9353,283,441.52,2025-07-01 08:00:00
9354,589,212.33,2025-07-01 09:00:00
9355,60,273.37,2025-07-01 10:00:00
9356,255,34.16,2025-07-01 11:00:00
9357,728,11.15,2025-07-01 12:00:00
9358,296,129.95,2025-07-01 13:00:00
9359,608,343.49,2025-07-01 14:00:00
9360,807,69.42,2025-07-01 15:00:00
9361,176,65.74,2025-07-01 16:00:00
9362,196,211.37,2025-07-01 17:00:00
9363,167,327.44,2025-07-01 18:00:00
9364,960,358.92,2025-07-01 19:00:00
9365,431,97.44,2025-07-01 20:00:00
9366,461,49.0,2025-07-01 21:00:00
9367,713,470.79,2025-07-01 22:00:00
9368,633,137.73,2025-07-01 23:00:00
9369,412,428.14,2025-07-02 00:00:00
9370,558,433.11,2025-07-02 01:00:00
9371,186,388.54,2025-07-02 02:00:00
9372,224,92.73,2025-07-02 03:00:00
9373,338,412.68,2025-07-02 04:00:00
9374,1007,386.93,2025-07-02 05:00:00
9375,530,302.39,2025-07-02 06:00:00
9376,68,175.23,2025-07-02 07:00:00
9377,244,138.63,2025-07-02 08:00:00
9378,379,69.73,2025-07-02 09:00:00
9379,985,259.78,2025-07-02 10:00:00
9380,224,296.78,2025-07-02 11:00:00
9381,498,186.08,2025-07-02 12:00:00
9382,974,242.93,2025-07-02 13:00:00
9383,995,188.12,2025-07-02 14:00:00
9384,403,324.09,2025-07-02 15:00:00
9385,548,451.62,2025-07-02 16:00:00
9386,190,90.32,2025-07-02 17:00:00
9387,807,196.89,2025-07-02 18:00:00
9388,946,79.03,2025-07-02 19:00:00
9389,979,316.22,2025-07-02 20:00:00
9390,142,367.15,2025-07-02 21:00:00
9391,993,466.64,2025-07-02 22:00:00
9392,288,146.65,2025-07-02 23:00:00
9393,254,475.6,2025-07-03 00:00:00
9394,609,41.0,2025-07-03 01:00:00
9395,482,305.48,2025-07-03 02:00:00
9396,294,38.0,2025-07-03 03:00:00
9397,881,447.95,2025-07-03 04:00:00
9398,366,269.61,2025-07-03 05:00:00
9399,974,337.98,2025-07-03 06:00:00
9400,344,417.47,2025-07-03 07:00:00
9401,689,83.65,2025-07-03 08:00:00
9402,905,28.91,2025-07-03 09:00:00
9403,331,440.65,2025-07-03 10:00:00
9404,66,164.32,2025-07-03 11:00:00
9405,120,73.2,2025-07-03 12:00:00
9406,318,239.55,2025-07-03 13:00:00
9407,374,303.17,2025-07-03 14:00:00
9408,843,25.18,2025-07-03 15:00:00
9409,354,144.7,2025-07-03 16:00:00
9410,500,26.07,2025-07-03 17:00:00
9411,56,215.96,2025-07-03 18:00:00
9412,363,448.6,2025-07-03 19:00:00
9413,866,491.5,2025-07-03 20:00:00
9414,152,322.15,2025-07-03 21:00:00
9415,870,89.2,2025-07-03 22:00:00
9416,242,453.87,2025-07-03 23:00:00
9417,802,262.96,2025-07-04 00:00:00
9418,623,85.34,2025-07-04 01:00:00
9419,578,461.65,2025-07-04 02:00:00
9420,220,381.16,2025-07-04 03:00:00
9421,586,368.54,2025-07-04 04:00:00
9422,300,357.5,2025-07-04 05:00:00
9423,814,108.17,2025-07-04 06:00:00
9424,436,113.39,2025-07-04 07:00:00
9425,256,347.26,2025-07-04 08:00:00
9426,590,117.66,2025-07-04 09:00:00
9427,678,224.95,2025-07-04 10:00:00
9428,465,393.18,2025-07-04 11:00:00
9429,843,394.14,2025-07-04 12:00:00
9430,429,232.1,2025-07-04 13:00:00
9431,193,398.17,2025-07-04 14:00:00
9432,74,420.92,2025-07-04 15:00:00
9433,871,330.84,2025-07-04 16:00:00
9434,717,121.93,2025-07-04 17:00:00
9435,122,144.27,2025-07-04 18:00:00
9436,681,164.27,2025-07-04 19:00:00
9437,873,67.23,2025-07-04 20:00:00
9438,882,143.85,2025-07-04 21:00:00
9439,142,112.66,2025-07-04 22:00:00
9440,554,233.11,2025-07-04 23:00:00
9441,647,455.13,2025-07-05 00:00:00
9442,385,61.2,2025-07-05 01:00:00
9443,474,362.93,2025-07-05 02:00:00
9444,548,346.77,2025-07-05 03:00:00
9445,413,56.92,2025-07-05 04:00:00
9446,996,462.06,2025-07-05 05:00:00
9447,679,288.55,2025-07-05 06:00:00
9448,794,188.23,2025-07-05 07:00:00
9449,248,380.7,2025-07-05 08:00:00
9450,767,136.11,2025-07-05 09:00:00
9451,462,349.82,2025-07-05 10:00:00
9452,388,29.46,2025-07-05 11:00:00
9453,708,421.31,2025-07-05 12:00:00
9454,1011,229.6,2025-07-05 13:00:00
9455,986,321.98,2025-07-05 14:00:00
9456,478,118.41,2025-07-05 15:00:00
9457,832,341.77,2025-07-05 16:00:00
9458,948,388.4,2025-07-05 17:00:00
9459,188,241.87,2025-07-05 18:00:00
9460,742,312.69,2025-07-05 19:00:00
9461,991,233.6,2025-07-05 20:00:00
9462,591,448.1,2025-07-05 21:00:00
9463,106,253.96,2025-07-05 22:00:00
9464,281,422.49,2025-07-05 23:00:00
9465,707,402.66,2025-07-06 00:00:00
9466,484,211.15,2025-07-06 01:00:00
9467,433,122.74,2025-07-06 02:00:00
9468,609,208.98,2025-07-06 03:00:00
9469,243,414.85,2025-07-06 04:00:00
9470,785,121.54,2025-07-06 05:00:00
9471,697,266.97,2025-07-06 06:00:00
9472,583,404.99,2025-07-06 07:00:00
9473,567,183.2,2025-07-06 08:00:00
9474,765,324.68,2025-07-06 09:00:00
9475,800,130.36,2025-07-06 10:00:00
9476,234,63.55,2025-07-06 11:00:00
9477,921,399.25,2025-07-06 12:00:00
9478,341,58.49,2025-07-06 13:00:00
9479,384,142.98,2025-07-06 14:00:00
9480,781,429.0,2025-07-06 15:00:00
9481,165,179.77,2025-07-06 16:00:00
9482,874,486.79,2025-07-06 17:00:00
9483,98,490.07,2025-07-06 18:00:00
9484,734,141.46,2025-07-06 19:00:00
9485,131,30.08,2025-07-06 20:00:00
9486,883,355.48,2025-07-06 21:00:00
9487,382,230.98,2025-07-06 22:00:00
9488,606,59.37,2025-07-06 23:00:00
9489,384,356.69,2025-07-07 00:00:00
9490,581,25.28,2025-07-07 01:00:00
9491,1009,436.4,2025-07-07 02:00:00
9492,270,77.94,2025-07-07 03:00:00
9493,684,72.38,2025-07-07 04:00:00
9494,795,96.08,2025-07-07 05:00:00
9495,782,480.53,2025-07-07 06:00:00
9496,372,349.65,2025-07-07 07:00:00
9497,900,402.67,2025-07-07 08:00:00
9498,52,204.84,2025-07-07 09:00:00
9499,743,174.79,2025-07-07 10:00:00
9500,255,124.9,2025-07-07 11:00:00
9501,881,245.52,2025-07-07 12:00:00
9502,89,280.4,2025-07-07 13:00:00
9503,108,319.57,2025-07-07 14:00:00
9504,1000,135.99,2025-07-07 15:00:00
9505,623,474.84,2025-07-07 16:00:00
9506,693,93.18,2025-07-07 17:00:00
9507,556,483.17,2025-07-07 18:00:00
9508,621,17.28,2025-07-07 19:00:00
9509,933,245.75,2025-07-07 20:00:00
9510,892,173.35,2025-07-07 21:00:00
9511,171,230.07,2025-07-07 22:00:00
9512,528,289.63,2025-07-07 23:00:00
9513,668,223.44,2025-07-08 00:00:00
9514,145,213.27,2025-07-08 01:00:00
9515,908,369.03,2025-07-08 02:00:00
9516,463,346.08,2025-07-08 03:00:00
9517,284,418.3,2025-07-08 04:00:00
9518,947,132.48,2025-07-08 05:00:00
9519,111,308.67,2025-07-08 06:00:00
9520,305,296.75,2025-07-08 07:00:00
9521,610,191.17,2025-07-08 08:00:00
9522,954,248.17,2025-07-08 09:00:00
9523,397,163.75,2025-07-08 10:00:00
9524,720,79.5,2025-07-08 11:00:00
9525,173,114.76,2025-07-08 12:00:00
9526,531,61.7,2025-07-08 13:00:00
9527,366,344.7,2025-07-08 14:00:00
9528,553,333.76,2025-07-08 15:00:00
9529,768,475.8,2025-07-08 16:00:00
9530,97,367.54,2025-07-08 17:00:00
9531,458,35.5,2025-07-08 18:00:00
9532,981,443.28,2025-07-08 19:00:00
9533,185,432.71,2025-07-08 20:00:00
9534,250,227.23,2025-07-08 21:00:00
9535,299,297.07,2025-07-08 22:00:00
9536,363,488.28,2025-07-08 23:00:00
9537,918,270.83,2025-07-09 00:00:00
9538,417,453.61,2025-07-09 01:00:00
9539,478,50.69,2025-07-09 02:00:00
9540,879,103.62,2025-07-09 03:00:00
9541,856,225.97,2025-07-09 04:00:00
9542,529,296.53,2025-07-09 05:00:00
9543,363,409.95,2025-07-09 06:00:00
9544,549,494.25,2025-07-09 07:00:00
9545,770,200.54,2025-07-09 08:00:00
9546,404,33.23,2025-07-09 09:00:00
9547,534,402.57,2025-07-09 10:00:00
9548,260,306.15,2025-07-09 11:00:00
9549,753,107.29,2025-07-09 12:00:00
9550,93,252.47,2025-07-09 13:00:00
9551,590,373.73,2025-07-09 14:00:00
9552,620,387.5,2025-07-09 15:00:00
9553,632,254.81,2025-07-09 16:00:00
9554,141,159.56,2025-07-09 17:00:00
9555,314,487.13,2025-07-09 18:00:00
9556,944,335.05,2025-07-09 19:00:00
9557,269,210.04,2025-07-09 20:00:00
9558,951,147.43,2025-07-09 21:00:00
9559,974,368.24,2025-07-09 22:00:00
9560,491,128.67,2025-07-09 23:00:00
9561,450,94.14,2025-07-10 00:00:00
9562,449,269.62,2025-07-10 01:00:00
9563,776,152.09,2025-07-10 02:00:00
9564,1040,318.16,2025-07-10 03:00:00
9565,948,67.79,2025-07-10 04:00:00
9566,838,330.92,2025-07-10 05:00:00
9567,625,148.82,2025-07-10 06:00:00
9568,907,10.12,2025-07-10 07:00:00
9569,853,72.2,2025-07-10 08:00:00
9570,539,467.47,2025-07-10 09:00:00
9571,534,435.0,2025-07-10 10:00:00
9572,806,124.47,2025-07-10 11:00:00
9573,519,391.4,2025-07-10 12:00:00
9574,623,308.2,2025-07-10 13:00:00
9575,987,485.74,2025-07-10 14:00:00
9576,893,193.07,2025-07-10 15:00:00
9577,731,343.92,2025-07-10 16:00:00
9578,494,41.13,2025-07-10 17:00:00
9579,318,204.16,2025-07-10 18:00:00
9580,316,482.27,2025-07-10 19:00:00
9581,103,274.1,2025-07-10 20:00:00
9582,577,151.06,2025-07-10 21:00:00
9583,569,68.93,2025-07-10 22:00:00
9584,665,354.73,2025-07-10 23:00:00
9585,108,325.98,2025-07-11 00:00:00
9586,874,193.23,2025-07-11 01:00:00
9587,89,475.96,2025-07-11 02:00:00
9588,286,20.88,2025-07-11 03:00:00
9589,1004,158.82,2025-07-11 04:00:00
9590,435,461.32,2025-07-11 05:00:00
9591,655,167.26,2025-07-11 06:00:00
9592,783,133.6,2025-07-11 07:00:00
9593,765,271.77,2025-07-11 08:00:00
9594,699,413.66,2025-07-11 09:00:00
9595,349,60.54,2025-07-11 10:00:00
9596,444,472.08,2025-07-11 11:00:00
9597,256,399.59,2025-07-11 12:00:00
9598,385,98.81,2025-07-11 13:00:00
9599,642,358.88,2025-07-11 14:00:00
9600,779,198.63,2025-07-11 15:00:00
9601,563,207.12,2025-07-11 16:00:00
9602,227,393.81,2025-07-11 17:00:00
9603,445,481.76,2025-07-11 18:00:00
9604,420,72.06,2025-07-11 19:00:00
9605,907,216.11,2025-07-11 20:00:00
9606,840,245.66,2025-07-11 21:00:00
9607,707,194.39,2025-07-11 22:00:00
9608,367,187.96,2025-07-11 23:00:00
9609,785,35.61,2025-07-12 00:00:00
9610,418,345.91,2025-07-12 01:00:00
9611,433,223.75,2025-07-12 02:00:00
9612,111,105.45,2025-07-12 03:00:00
9613,855,409.86,2025-07-12 04:00:00
9614,554,403.25,2025-07-12 05:00:00
9615,288,248.33,2025-07-12 06:00:00
9616,244,156.24,2025-07-12 07:00:00
9617,727,322.67,2025-07-12 08:00:00
9618,1012,151.19,2025-07-12 09:00:00
9619,271,125.64,2025-07-12 10:00:00
9620,110,367.95,2025-07-12 11:00:00
9621,178,29.76,2025-07-12 12:00:00
9622,1039,56.44,2025-07-12 13:00:00
9623,734,13.33,2025-07-12 14:00:00
9624,1041,84.94,2025-07-12 15:00:00
9625,205,43.81,2025-07-12 16:00:00
9626,966,497.94,2025-07-12 17:00:00
9627,427,151.52,2025-07-12 18:00:00
9628,671,83.14,2025-07-12 19:00:00
9629,830,128.09,2025-07-12 20:00:00
9630,972,468.7,2025-07-12 21:00:00
9631,917,264.88,2025-07-12 22:00:00
9632,952,188.76,2025-07-12 23:00:00
9633,839,437.96,2025-07-13 00:00:00
9634,635,203.55,2025-07-13 01:00:00
9635,1048,174.15,2025-07-13 02:00:00
9636,486,111.57,2025-07-13 03:00:00
9637,1024,195.12,2025-07-13 04:00:00
9638,256,165.18,2025-07-13 05:00:00
9639,437,341.88,2025-07-13 06:00:00
9640,529,151.9,2025-07-13 07:00:00
9641,840,292.83,2025-07-13 08:00:00
9642,936,42.29,2025-07-13 09:00:00
9643,887,103.73,2025-07-13 10:00:00
9644,1033,209.63,2025-07-13 11:00:00
9645,389,469.11,2025-07-13 12:00:00
9646,918,194.85,2025-07-13 13:00:00
9647,389,335.4,2025-07-13 14:00:00
9648,253,134.99,2025-07-13 15:00:00
9649,210,72.25,2025-07-13 16:00:00
9650,589,38.68,2025-07-13 17:00:00
9651,441,159.65,2025-07-13 18:00:00
9652,818,87.25,2025-07-13 19:00:00
9653,726,95.27,2025-07-13 20:00:00
9654,624,382.77,2025-07-13 21:00:00
9655,583,17.76,2025-07-13 22:00:00
9656,119,283.33,2025-07-13 23:00:00
9657,942,195.94,2025-07-14 00:00:00
9658,454,258.21,2025-07-14 01:00:00
9659,657,285.79,2025-07-14 02:00:00
9660,724,163.55,2025-07-14 03:00:00
9661,640,154.6,2025-07-14 04:00:00
9662,566,369.37,2025-07-14 05:00:00
9663,877,436.93,2025-07-14 06:00:00
9664,169,104.36,2025-07-14 07:00:00
9665,863,57.83,2025-07-14 08:00:00
9666,739,449.92,2025-07-14 09:00:00
9667,737,181.45,2025-07-14 10:00:00
9668,951,280.15,2025-07-14 11:00:00
9669,266,186.18,2025-07-14 12:00:00
9670,105,71.64,2025-07-14 13:00:00
9671,415,298.77,2025-07-14 14:00:00
9672,748,267.32,2025-07-14 15:00:00
9673,553,109.47,2025-07-14 16:00:00
9674,793,231.42,2025-07-14 17:00:00
9675,816,400.5,2025-07-14 18:00:00
9676,974,299.31,2025-07-14 19:00:00
9677,504,57.49,2025-07-14 20:00:00
9678,153,278.53,2025-07-14 21:00:00
9679,126,354.34,2025-07-14 22:00:00
9680,279,398.42,2025-07-14 23:00:00
9681,963,318.27,2025-07-15 00:00:00
9682,307,84.8,2025-07-15 01:00:00
9683,313,357.98,2025-07-15 02:00:00
9684,380,341.9,2025-07-15 03:00:00
9685,1042,21.97,2025-07-15 04:00:00
9686,231,211.76,2025-07-15 05:00:00
9687,942,173.15,2025-07-15 06:00:00
9688,817,338.01,2025-07-15 07:00:00
9689,599,115.91,2025-07-15 08:00:00
9690,737,299.53,2025-07-15 09:00:00
9691,76,457.47,2025-07-15 10:00:00
9692,325,400.92,2025-07-15 11:00:00
9693,701,461.51,2025-07-15 12:00:00
9694,348,489.47,2025-07-15 13:00:00
9695,1006,15.23,2025-07-15 14:00:00
9696,848,315.14,2025-07-15 15:00:00
9697,140,212.29,2025-07-15 16:00:00
9698,529,431.33,2025-07-15 17:00:00
9699,622,133.39,2025-07-15 18:00:00
9700,507,490.7,2025-07-15 19:00:00
9701,500,310.72,2025-07-15 20:00:00
9702,414,398.83,2025-07-15 21:00:00
9703,908,51.94,2025-07-15 22:00:00
9704,724,99.89,2025-07-15 23:00:00
9705,400,381.62,2025-07-16 00:00:00
9706,704,20.77,2025-07-16 01:00:00
9707,449,410.27,2025-07-16 02:00:00
9708,302,16.84,2025-07-16 03:00:00
9709,830,331.99,2025-07-16 04:00:00
9710,930,188.9,2025-07-16 05:00:00
9711,852,309.63,2025-07-16 06:00:00
9712,508,351.06,2025-07-16 07:00:00
9713,748,177.81,2025-07-16 08:00:00
9714,966,62.9,2025-07-16 09:00:00
9715,548,44.13,2025-07-16 10:00:00
9716,999,298.58,2025-07-16 11:00:00
9717,1020,265.12,2025-07-16 12:00:00
9718,975,373.68,2025-07-16 13:00:00
9719,557,259.77,2025-07-16 14:00:00
9720,353,217.0,2025-07-16 15:00:00
9721,550,205.06,2025-07-16 16:00:00
9722,852,22.96,2025-07-16 17:00:00
9723,647,174.42,2025-07-16 18:00:00
9724,215,488.25,2025-07-16 19:00:00
9725,464,438.04,2025-07-16 20:00:00
9726,511,171.4,2025-07-16 21:00:00
9727,969,298.02,2025-07-16 22:00:00
9728,163,425.18,2025-07-16 23:00:00
9729,482,226.22,2025-07-17 00:00:00
9730,1041,18.8,2025-07-17 01:00:00
9731,405,46.51,2025-07-17 02:00:00
9732,977,260.09,2025-07-17 03:00:00
9733,744,485.03,2025-07-17 04:00:00
9734,256,349.67,2025-07-17 05:00:00
9735,817,44.75,2025-07-17 06:00:00
9736,284,102.79,2025-07-17 07:00:00
9737,491,387.95,2025-07-17 08:00:00
9738,404,422.31,2025-07-17 09:00:00
9739,564,312.67,2025-07-17 10:00:00
9740,257,325.77,2025-07-17 11:00:00
9741,758,23.89,2025-07-17 12:00:00
9742,902,415.98,2025-07-17 13:00:00
9743,174,396.25,2025-07-17 14:00:00
9744,187,136.93,2025-07-17 15:00:00
9745,388,357.25,2025-07-17 16:00:00
9746,586,115.28,2025-07-17 17:00:00
9747,117,29.76,2025-07-17 18:00:00
9748,622,108.56,2025-07-17 19:00:00
9749,590,97.53,2025-07-17 20:00:00
9750,432,175.5,2025-07-17 21:00:00
9751,68,215.04,2025-07-17 22:00:00
9752,732,259.18,2025-07-17 23:00:00
9753,499,243.61,2025-07-18 00:00:00
9754,123,142.63,2025-07-18 01:00:00
9755,622,24.29,2025-07-18 02:00:00
9756,988,306.5,2025-07-18 03:00:00
9757,714,203.91,2025-07-18 04:00:00
9758,325,156.35,2025-07-18 05:00:00
9759,97,434.8,2025-07-18 06:00:00
9760,260,375.9,2025-07-18 07:00:00
9761,904,430.31,2025-07-18 08:00:00
9762,969,252.54,2025-07-18 09:00:00
9763,700,74.16,2025-07-18 10:00:00
9764,671,351.15,2025-07-18 11:00:00
9765,1043,110.98,2025-07-18 12:00:00
9766,744,226.2,2025-07-18 13:00:00
9767,589,41.85,2025-07-18 14:00:00
9768,758,414.4,2025-07-18 15:00:00
9769,240,71.71,2025-07-18 16:00:00
9770,364,452.52,2025-07-18 17:00:00
9771,950,433.47,2025-07-18 18:00:00
9772,612,237.65,2025-07-18 19:00:00
9773,710,374.74,2025-07-18 20:00:00
9774,829,313.53,2025-07-18 21:00:00
9775,611,403.51,2025-07-18 22:00:00
9776,949,221.58,2025-07-18 23:00:00
9777,807,395.05,2025-07-19 00:00:00
9778,162,236.6,2025-07-19 01:00:00
9779,219,471.07,2025-07-19 02:00:00
9780,517,248.32,2025-07-19 03:00:00
9781,727,236.68,2025-07-19 04:00:00
9782,970,394.69,2025-07-19 05:00:00
9783,63,412.57,2025-07-19 06:00:00
9784,764,281.7,2025-07-19 07:00:00
9785,337,98.1,2025-07-19 08:00:00
9786,956,239.2,2025-07-19 09:00:00
9787,238,484.36,2025-07-19 10:00:00
9788,963,378.96,2025-07-19 11:00:00
9789,204,407.47,2025-07-19 12:00:00
9790,616,26.08,2025-07-19 13:00:00
9791,743,239.25,2025-07-19 14:00:00
9792,771,326.84,2025-07-19 15:00:00
9793,937,416.72,2025-07-19 16:00:00
9794,520,34.14,2025-07-19 17:00:00
9795,124,427.7,2025-07-19 18:00:00
9796,326,278.72,2025-07-19 19:00:00
9797,989,106.68,2025-07-19 20:00:00
9798,694,165.46,2025-07-19 21:00:00
9799,392,148.15,2025-07-19 22:00:00
9800,474,270.12,2025-07-19 23:00:00
9801,620,35.33,2025-07-20 00:00:00
9802,560,87.68,2025-07-20 01:00:00
9803,906,408.22,2025-07-20 02:00:00
9804,1050,74.98,2025-07-20 03:00:00
9805,231,124.36,2025-07-20 04:00:00
9806,507,232.15,2025-07-20 05:00:00
9807,967,263.39,2025-07-20 06:00:00
9808,900,384.17,2025-07-20 07:00:00
9809,882,229.19,2025-07-20 08:00:00
9810,113,397.03,2025-07-20 09:00:00
9811,888,312.99,2025-07-20 10:00:00
9812,309,65.42,2025-07-20 11:00:00
9813,242,86.6,2025-07-20 12:00:00
9814,704,224.15,2025-07-20 13:00:00
9815,665,204.48,2025-07-20 14:00:00
9816,1021,374.34,2025-07-20 15:00:00
9817,455,294.56,2025-07-20 16:00:00
9818,775,200.19,2025-07-20 17:00:00
9819,803,93.67,2025-07-20 18:00:00
9820,992,121.15,2025-07-20 19:00:00
9821,770,292.0,2025-07-20 20:00:00
9822,142,217.49,2025-07-20 21:00:00
9823,479,262.31,2025-07-20 22:00:00
9824,703,93.63,2025-07-20 23:00:00
9825,483,334.82,2025-07-21 00:00:00
9826,453,427.74,2025-07-21 01:00:00
9827,483,136.39,2025-07-21 02:00:00
9828,161,250.84,2025-07-21 03:00:00
9829,978,488.01,2025-07-21 04:00:00
9830,424,173.29,2025-07-21 05:00:00
9831,108,301.57,2025-07-21 06:00:00
9832,92,54.2,2025-07-21 07:00:00
9833,256,306.95,2025-07-21 08:00:00
9834,829,53.92,2025-07-21 09:00:00
9835,345,480.03,2025-07-21 10:00:00
9836,167,360.67,2025-07-21 11:00:00
9837,581,396.2,2025-07-21 12:00:00
9838,271,355.01,2025-07-21 13:00:00
9839,215,298.97,2025-07-21 14:00:00
9840,692,230.46,2025-07-21 15:00:00
9841,205,430.6,2025-07-21 16:00:00
9842,233,478.85,2025-07-21 17:00:00
9843,139,254.53,2025-07-21 18:00:00
9844,143,466.45,2025-07-21 19:00:00
9845,62,295.83,2025-07-21 20:00:00
9846,1022,273.81,2025-07-21 21:00:00
9847,883,232.7,2025-07-21 22:00:00
9848,854,112.55,2025-07-21 23:00:00
9849,994,11.82,2025-07-22 00:00:00
9850,791,128.34,2025-07-22 01:00:00
9851,883,259.76,2025-07-22 02:00:00
9852,853,196.18,2025-07-22 03:00:00
9853,487,229.76,2025-07-22 04:00:00
9854,587,490.52,2025-07-22 05:00:00
9855,636,181.63,2025-07-22 06:00:00
9856,1017,231.57,2025-07-22 07:00:00
9857,925,75.42,2025-07-22 08:00:00
9858,985,33.5,2025-07-22 09:00:00
9859,860,389.95,2025-07-22 10:00:00
9860,199,289.63,2025-07-22 11:00:00
9861,709,382.75,2025-07-22 12:00:00
9862,57,83.43,2025-07-22 13:00:00
9863,78,290.2,2025-07-22 14:00:00
9864,345,134.28,2025-07-22 15:00:00
9865,1035,121.75,2025-07-22 16:00:00
9866,975,15.65,2025-07-22 17:00:00
9867,770,73.87,2025-07-22 18:00:00
9868,689,161.54,2025-07-22 19:00:00
9869,389,67.27,2025-07-22 20:00:00
9870,677,493.07,2025-07-22 21:00:00
9871,488,161.23,2025-07-22 22:00:00
9872,193,73.86,2025-07-22 23:00:00
9873,991,107.55,2025-07-23 00:00:00
9874,879,297.97,2025-07-23 01:00:00
9875,796,41.38,2025-07-23 02:00:00
9876,568,432.59,2025-07-23 03:00:00
9877,1025,481.13,2025-07-23 04:00:00
9878,94,130.91,2025-07-23 05:00:00
9879,1004,230.55,2025-07-23 06:00:00
9880,288,20.85,2025-07-23 07:00:00
9881,1001,323.95,2025-07-23 08:00:00
9882,993,212.82,2025-07-23 09:00:00
9883,204,142.33,2025-07-23 10:00:00
9884,230,111.35,2025-07-23 11:00:00
9885,264,330.47,2025-07-23 12:00:00
9886,137,213.95,2025-07-23 13:00:00
9887,305,98.03,2025-07-23 14:00:00
9888,560,347.66,2025-07-23 15:00:00
9889,122,286.89,2025-07-23 16:00:00
9890,980,430.75,2025-07-23 17:00:00
9891,228,67.56,2025-07-23 18:00:00
9892,261,394.98,2025-07-23 19:00:00
9893,854,340.02,2025-07-23 20:00:00
9894,283,66.36,2025-07-23 21:00:00
9895,514,350.46,2025-07-23 22:00:00
9896,800,226.36,2025-07-23 23:00:00
9897,272,473.04,2025-07-24 00:00:00
9898,680,79.39,2025-07-24 01:00:00
9899,874,324.99,2025-07-24 02:00:00
9900,313,197.17,2025-07-24 03:00:00
9901,256,478.84,2025-07-24 04:00:00
9902,656,171.69,2025-07-24 05:00:00
9903,934,481.47,2025-07-24 06:00:00
9904,783,451.73,2025-07-24 07:00:00
9905,415,142.49,2025-07-24 08:00:00
9906,325,403.74,2025-07-24 09:00:00
9907,429,497.85,2025-07-24 10:00:00
9908,792,133.8,2025-07-24 11:00:00
9909,358,224.02,2025-07-24 12:00:00
9910,680,264.89,2025-07-24 13:00:00
9911,317,154.52,2025-07-24 14:00:00
9912,994,17.48,2025-07-24 15:00:00
9913,834,117.86,2025-07-24 16:00:00
9914,113,148.15,2025-07-24 17:00:00
9915,859,227.36,2025-07-24 18:00:00
9916,399,93.84,2025-07-24 19:00:00
9917,974,437.89,2025-07-24 20:00:00
9918,964,355.41,2025-07-24 21:00:00
9919,543,51.75,2025-07-24 22:00:00
9920,572,328.55,2025-07-24 23:00:00
9921,147,330.29,2025-07-25 00:00:00
9922,995,478.55,2025-07-25 01:00:00
9923,120,11.48,2025-07-25 02:00:00
9924,413,131.49,2025-07-25 03:00:00
9925,619,464.62,2025-07-25 04:00:00
9926,851,466.75,2025-07-25 05:00:00
9927,812,363.09,2025-07-25 06:00:00
9928,325,385.22,2025-07-25 07:00:00
9929,99,54.83,2025-07-25 08:00:00
9930,407,261.8,2025-07-25 09:00:00
9931,777,123.48,2025-07-25 10:00:00
9932,955,98.8,2025-07-25 11:00:00
9933,977,407.05,2025-07-25 12:00:00
9934,613,76.17,2025-07-25 13:00:00
9935,832,239.64,2025-07-25 14:00:00
9936,534,469.9,2025-07-25 15:00:00
9937,133,101.06,2025-07-25 16:00:00
9938,948,489.22,2025-07-25 17:00:00
9939,854,497.2,2025-07-25 18:00:00
9940,687,282.25,2025-07-25 19:00:00
9941,857,93.37,2025-07-25 20:00:00
9942,633,164.89,2025-07-25 21:00:00
9943,345,218.0,2025-07-25 22:00:00
9944,285,161.57,2025-07-25 23:00:00
9945,105,147.51,2025-07-26 00:00:00
9946,968,486.39,2025-07-26 01:00:00
9947,409,85.15,2025-07-26 02:00:00
9948,956,369.33,2025-07-26 03:00:00
9949,159,10.2,2025-07-26 04:00:00
9950,241,302.13,2025-07-26 05:00:00
9951,953,458.81,2025-07-26 06:00:00
9952,142,151.09,2025-07-26 07:00:00
9953,911,100.91,2025-07-26 08:00:00
9954,617,329.32,2025-07-26 09:00:00
9955,109,359.17,2025-07-26 10:00:00
9956,699,347.13,2025-07-26 11:00:00
9957,88,166.47,2025-07-26 12:00:00
9958,589,133.58,2025-07-26 13:00:00
9959,98,478.4,2025-07-26 14:00:00
9960,469,462.42,2025-07-26 15:00:00
9961,686,234.09,2025-07-26 16:00:00
9962,62,424.63,2025-07-26 17:00:00
9963,1041,231.64,2025-07-26 18:00:00
9964,85,217.95,2025-07-26 19:00:00
9965,150,86.81,2025-07-26 20:00:00
9966,843,218.94,2025-07-26 21:00:00
9967,135,273.33,2025-07-26 22:00:00
9968,565,21.03,2025-07-26 23:00:00
9969,272,227.62,2025-07-27 00:00:00
9970,387,392.86,2025-07-27 01:00:00
9971,1009,343.22,2025-07-27 02:00:00
9972,215,321.23,2025-07-27 03:00:00
9973,432,455.68,2025-07-27 04:00:00
9974,905,18.84,2025-07-27 05:00:00
9975,944,282.95,2025-07-27 06:00:00
9976,425,395.8,2025-07-27 07:00:00
9977,520,275.25,2025-07-27 08:00:00
9978,839,168.71,2025-07-27 09:00:00
9979,691,76.76,2025-07-27 10:00:00
9980,80,444.91,2025-07-27 11:00:00
9981,424,240.67,2025-07-27 12:00:00
9982,60,440.28,2025-07-27 13:00:00
9983,1037,297.07,2025-07-27 14:00:00
9984,351,340.35,2025-07-27 15:00:00
9985,145,404.09,2025-07-27 16:00:00
9986,239,332.99,2025-07-27 17:00:00
9987,502,205.05,2025-07-27 18:00:00
9988,241,261.68,2025-07-27 19:00:00
9989,535,403.49,2025-07-27 20:00:00
9990,315,193.09,2025-07-27 21:00:00
9991,473,200.18,2025-07-27 22:00:00
9992,177,56.89,2025-07-27 23:00:00
9993,287,458.15,2025-07-28 00:00:00
9994,969,54.61,2025-07-28 01:00:00
9995,404,327.62,2025-07-28 02:00:00
9996,989,212.47,2025-07-28 03:00:00
9997,161,208.75,2025-07-28 04:00:00
9998,877,342.98,2025-07-28 05:00:00
9999,495,42.88,2025-07-28 06:00:00
10000,392,300.92,2025-07-28 07:00:00
