user_id,signup_completed,email_entered,password_created,email_verified,payment_added,first_purchase
USER_000001,1,1,1,1,1,1
USER_000002,1,1,1,1,1,1
USER_000003,1,1,1,1,1,1
USER_000004,1,1,1,1,1,1
USER_000005,1,1,1,1,1,1
USER_000006,1,1,1,1,1,1
USER_000007,1,1,1,1,1,1
USER_000008,1,1,1,1,1,1
USER_000009,1,1,1,1,1,1
USER_000010,1,1,1,1,1,1
USER_000011,1,1,1,1,1,1
USER_000012,1,1,1,1,1,1
USER_000013,1,1,1,1,1,1
USER_000014,1,1,1,1,1,1
USER_000015,1,1,1,1,1,1
USER_000016,1,1,1,1,1,1
USER_000017,1,1,1,1,1,1
USER_000018,1,1,1,1,1,1
USER_000019,1,1,1,1,1,1
USER_000020,1,1,1,1,1,1
USER_000021,1,1,1,1,1,1
USER_000022,1,1,1,1,1,1
USER_000023,1,1,1,1,1,1
USER_000024,1,1,1,1,1,1
USER_000025,1,1,1,1,1,1
USER_000026,1,1,1,1,1,1
USER_000027,1,1,1,1,1,1
USER_000028,1,1,1,1,1,1
USER_000029,1,1,1,1,1,1
USER_000030,1,1,1,1,1,1
USER_000031,1,1,1,1,1,1
USER_000032,1,1,1,1,1,1
USER_000033,1,1,1,1,1,1
USER_000034,1,1,1,1,1,1
USER_000035,1,1,1,1,1,1
USER_000036,1,1,1,1,1,1
USER_000037,1,1,1,1,1,1
USER_000038,1,1,1,1,1,1
USER_000039,1,1,1,1,1,1
USER_000040,1,1,1,1,1,1
USER_000041,1,1,1,1,1,1
USER_000042,1,1,1,1,1,1
USER_000043,1,1,1,1,1,1
USER_000044,1,1,1,1,1,1
USER_000045,1,1,1,1,1,1
USER_000046,1,1,1,1,1,1
USER_000047,1,1,1,1,1,1
USER_000048,1,1,1,1,1,1
USER_000049,1,1,1,1,1,1
USER_000050,1,1,1,1,1,1
USER_000051,1,1,1,1,1,1
USER_000052,1,1,1,1,1,1
USER_000053,1,1,1,1,1,1
USER_000054,1,1,1,1,1,1
USER_000055,1,1,1,1,1,1
USER_000056,1,1,1,1,1,1
USER_000057,1,1,1,1,1,1
USER_000058,1,1,1,1,1,1
USER_000059,1,1,1,1,1,1
USER_000060,1,1,1,1,1,1
USER_000061,1,1,1,1,1,1
USER_000062,1,1,1,1,1,1
USER_000063,1,1,1,1,1,1
USER_000064,1,1,1,1,1,1
USER_000065,1,1,1,1,1,1
USER_000066,1,1,1,1,1,1
USER_000067,1,1,1,1,1,1
USER_000068,1,1,1,1,1,1
USER_000069,1,1,1,1,1,1
USER_000070,1,1,1,1,1,1
USER_000071,1,1,1,1,1,1
USER_000072,1,1,1,1,1,1
USER_000073,1,1,1,1,1,1
USER_000074,1,1,1,1,1,1
USER_000075,1,1,1,1,1,1
USER_000076,1,1,1,1,1,1
USER_000077,1,1,1,1,1,1
USER_000078,1,1,1,1,1,1
USER_000079,1,1,1,1,1,1
USER_000080,1,1,1,1,1,1
USER_000081,1,1,1,1,1,1
USER_000082,1,1,1,1,1,1
USER_000083,1,1,1,1,1,1
USER_000084,1,1,1,1,1,1
USER_000085,1,1,1,1,1,1
USER_000086,1,1,1,1,1,1
USER_000087,1,1,1,1,1,1
USER_000088,1,1,1,1,1,1
USER_000089,1,1,1,1,1,1
USER_000090,1,1,1,1,1,1
USER_000091,1,1,1,1,1,1
USER_000092,1,1,1,1,1,1
USER_000093,1,1,1,1,1,1
USER_000094,1,1,1,1,1,1
USER_000095,1,1,1,1,1,1
USER_000096,1,1,1,1,1,1
USER_000097,1,1,1,1,1,1
USER_000098,1,1,1,1,1,1
USER_000099,1,1,1,1,1,1
USER_000100,1,1,1,1,1,1
USER_000101,1,1,1,1,1,1
USER_000102,1,1,1,1,1,1
USER_000103,1,1,1,1,1,1
USER_000104,1,1,1,1,1,1
USER_000105,1,1,1,1,1,1
USER_000106,1,1,1,1,1,1
USER_000107,1,1,1,1,1,1
USER_000108,1,1,1,1,1,1
USER_000109,1,1,1,1,1,1
USER_000110,1,1,1,1,1,1
USER_000111,1,1,1,1,1,1
USER_000112,1,1,1,1,1,1
USER_000113,1,1,1,1,1,1
USER_000114,1,1,1,1,1,1
USER_000115,1,1,1,1,1,1
USER_000116,1,1,1,1,1,1
USER_000117,1,1,1,1,1,1
USER_000118,1,1,1,1,1,1
USER_000119,1,1,1,1,1,1
USER_000120,1,1,1,1,1,1
USER_000121,1,1,1,1,1,1
USER_000122,1,1,1,1,1,1
USER_000123,1,1,1,1,1,1
USER_000124,1,1,1,1,1,1
USER_000125,1,1,1,1,1,1
USER_000126,1,1,1,1,1,1
USER_000127,1,1,1,1,1,1
USER_000128,1,1,1,1,1,1
USER_000129,1,1,1,1,1,1
USER_000130,1,1,1,1,1,1
USER_000131,1,1,1,1,1,1
USER_000132,1,1,1,1,1,1
USER_000133,1,1,1,1,1,1
USER_000134,1,1,1,1,1,1
USER_000135,1,1,1,1,1,1
USER_000136,1,1,1,1,1,1
USER_000137,1,1,1,1,1,1
USER_000138,1,1,1,1,1,1
USER_000139,1,1,1,1,1,1
USER_000140,1,1,1,1,1,1
USER_000141,1,1,1,1,1,1
USER_000142,1,1,1,1,1,1
USER_000143,1,1,1,1,1,1
USER_000144,1,1,1,1,1,1
USER_000145,1,1,1,1,1,1
USER_000146,1,1,1,1,1,1
USER_000147,1,1,1,1,1,1
USER_000148,1,1,1,1,1,1
USER_000149,1,1,1,1,1,1
USER_000150,1,1,1,1,1,1
USER_000151,1,1,1,1,1,1
USER_000152,1,1,1,1,1,1
USER_000153,1,1,1,1,1,1
USER_000154,1,1,1,1,1,1
USER_000155,1,1,1,1,1,1
USER_000156,1,1,1,1,1,1
USER_000157,1,1,1,1,1,1
USER_000158,1,1,1,1,1,1
USER_000159,1,1,1,1,1,1
USER_000160,1,1,1,1,1,1
USER_000161,1,1,1,1,1,1
USER_000162,1,1,1,1,1,1
USER_000163,1,1,1,1,1,1
USER_000164,1,1,1,1,1,1
USER_000165,1,1,1,1,1,1
USER_000166,1,1,1,1,1,1
USER_000167,1,1,1,1,1,1
USER_000168,1,1,1,1,1,1
USER_000169,1,1,1,1,1,1
USER_000170,1,1,1,1,1,1
USER_000171,1,1,1,1,1,1
USER_000172,1,1,1,1,1,1
USER_000173,1,1,1,1,1,1
USER_000174,1,1,1,1,1,1
USER_000175,1,1,1,1,1,1
USER_000176,1,1,1,1,1,1
USER_000177,1,1,1,1,1,1
USER_000178,1,1,1,1,1,1
USER_000179,1,1,1,1,1,1
USER_000180,1,1,1,1,1,1
USER_000181,1,1,1,1,1,1
USER_000182,1,1,1,1,1,1
USER_000183,1,1,1,1,1,1
USER_000184,1,1,1,1,1,1
USER_000185,1,1,1,1,1,1
USER_000186,1,1,1,1,1,1
USER_000187,1,1,1,1,1,1
USER_000188,1,1,1,1,1,1
USER_000189,1,1,1,1,1,1
USER_000190,1,1,1,1,1,1
USER_000191,1,1,1,1,1,1
USER_000192,1,1,1,1,1,1
USER_000193,1,1,1,1,1,1
USER_000194,1,1,1,1,1,1
USER_000195,1,1,1,1,1,1
USER_000196,1,1,1,1,1,1
USER_000197,1,1,1,1,1,1
USER_000198,1,1,1,1,1,1
USER_000199,1,1,1,1,1,1
USER_000200,1,1,1,1,1,1
USER_000201,1,1,1,1,1,1
USER_000202,1,1,1,1,1,1
USER_000203,1,1,1,1,1,1
USER_000204,1,1,1,1,1,1
USER_000205,1,1,1,1,1,1
USER_000206,1,1,1,1,1,1
USER_000207,1,1,1,1,1,1
USER_000208,1,1,1,1,1,1
USER_000209,1,1,1,1,1,1
USER_000210,1,1,1,1,1,1
USER_000211,1,1,1,1,1,1
USER_000212,1,1,1,1,1,1
USER_000213,1,1,1,1,1,1
USER_000214,1,1,1,1,1,1
USER_000215,1,1,1,1,1,1
USER_000216,1,1,1,1,1,1
USER_000217,1,1,1,1,1,1
USER_000218,1,1,1,1,1,1
USER_000219,1,1,1,1,1,1
USER_000220,1,1,1,1,1,1
USER_000221,1,1,1,1,1,1
USER_000222,1,1,1,1,1,1
USER_000223,1,1,1,1,1,1
USER_000224,1,1,1,1,1,1
USER_000225,1,1,1,1,1,1
USER_000226,1,1,1,1,1,1
USER_000227,1,1,1,1,1,1
USER_000228,1,1,1,1,1,1
USER_000229,1,1,1,1,1,1
USER_000230,1,1,1,1,1,1
USER_000231,1,1,1,1,1,1
USER_000232,1,1,1,1,1,1
USER_000233,1,1,1,1,1,1
USER_000234,1,1,1,1,1,1
USER_000235,1,1,1,1,1,1
USER_000236,1,1,1,1,1,1
USER_000237,1,1,1,1,1,1
USER_000238,1,1,1,1,1,1
USER_000239,1,1,1,1,1,1
USER_000240,1,1,1,1,1,1
USER_000241,1,1,1,1,1,1
USER_000242,1,1,1,1,1,1
USER_000243,1,1,1,1,1,1
USER_000244,1,1,1,1,1,1
USER_000245,1,1,1,1,1,1
USER_000246,1,1,1,1,1,1
USER_000247,1,1,1,1,1,1
USER_000248,1,1,1,1,1,1
USER_000249,1,1,1,1,1,1
USER_000250,1,1,1,1,1,1
USER_000251,1,1,1,1,1,1
USER_000252,1,1,1,1,1,1
USER_000253,1,1,1,1,1,1
USER_000254,1,1,1,1,1,1
USER_000255,1,1,1,1,1,1
USER_000256,1,1,1,1,1,1
USER_000257,1,1,1,1,1,1
USER_000258,1,1,1,1,1,1
USER_000259,1,1,1,1,1,1
USER_000260,1,1,1,1,1,1
USER_000261,1,1,1,1,1,1
USER_000262,1,1,1,1,1,1
USER_000263,1,1,1,1,1,1
USER_000264,1,1,1,1,1,1
USER_000265,1,1,1,1,1,1
USER_000266,1,1,1,1,1,1
USER_000267,1,1,1,1,1,1
USER_000268,1,1,1,1,1,1
USER_000269,1,1,1,1,1,1
USER_000270,1,1,1,1,1,1
USER_000271,1,1,1,1,1,1
USER_000272,1,1,1,1,1,1
USER_000273,1,1,1,1,1,1
USER_000274,1,1,1,1,1,1
USER_000275,1,1,1,1,1,1
USER_000276,1,1,1,1,1,1
USER_000277,1,1,1,1,1,1
USER_000278,1,1,1,1,1,1
USER_000279,1,1,1,1,1,1
USER_000280,1,1,1,1,1,1
USER_000281,1,1,1,1,1,1
USER_000282,1,1,1,1,1,1
USER_000283,1,1,1,1,1,1
USER_000284,1,1,1,1,1,1
USER_000285,1,1,1,1,1,1
USER_000286,1,1,1,1,1,1
USER_000287,1,1,1,1,1,1
USER_000288,1,1,1,1,1,1
USER_000289,1,1,1,1,1,1
USER_000290,1,1,1,1,1,1
USER_000291,1,1,1,1,1,1
USER_000292,1,1,1,1,1,1
USER_000293,1,1,1,1,1,1
USER_000294,1,1,1,1,1,1
USER_000295,1,1,1,1,1,1
USER_000296,1,1,1,1,1,1
USER_000297,1,1,1,1,1,1
USER_000298,1,1,1,1,1,1
USER_000299,1,1,1,1,1,1
USER_000300,1,1,1,1,1,1
USER_000301,1,1,1,1,1,1
USER_000302,1,1,1,1,1,1
USER_000303,1,1,1,1,1,1
USER_000304,1,1,1,1,1,1
USER_000305,1,1,1,1,1,1
USER_000306,1,1,1,1,1,1
USER_000307,1,1,1,1,1,1
USER_000308,1,1,1,1,1,1
USER_000309,1,1,1,1,1,1
USER_000310,1,1,1,1,1,1
USER_000311,1,1,1,1,1,1
USER_000312,1,1,1,1,1,1
USER_000313,1,1,1,1,1,1
USER_000314,1,1,1,1,1,1
USER_000315,1,1,1,1,1,1
USER_000316,1,1,1,1,1,1
USER_000317,1,1,1,1,1,1
USER_000318,1,1,1,1,1,1
USER_000319,1,1,1,1,1,1
USER_000320,1,1,1,1,1,1
USER_000321,1,1,1,1,1,1
USER_000322,1,1,1,1,1,1
USER_000323,1,1,1,1,1,1
USER_000324,1,1,1,1,1,1
USER_000325,1,1,1,1,1,1
USER_000326,1,1,1,1,1,1
USER_000327,1,1,1,1,1,1
USER_000328,1,1,1,1,1,1
USER_000329,1,1,1,1,1,1
USER_000330,1,1,1,1,1,1
USER_000331,1,1,1,1,1,1
USER_000332,1,1,1,1,1,1
USER_000333,1,1,1,1,1,1
USER_000334,1,1,1,1,1,1
USER_000335,1,1,1,1,1,1
USER_000336,1,1,1,1,1,1
USER_000337,1,1,1,1,1,1
USER_000338,1,1,1,1,1,1
USER_000339,1,1,1,1,1,1
USER_000340,1,1,1,1,1,1
USER_000341,1,1,1,1,1,1
USER_000342,1,1,1,1,1,1
USER_000343,1,1,1,1,1,1
USER_000344,1,1,1,1,1,1
USER_000345,1,1,1,1,1,1
USER_000346,1,1,1,1,1,1
USER_000347,1,1,1,1,1,1
USER_000348,1,1,1,1,1,1
USER_000349,1,1,1,1,1,1
USER_000350,1,1,1,1,1,1
USER_000351,1,1,1,1,1,1
USER_000352,1,1,1,1,1,1
USER_000353,1,1,1,1,1,1
USER_000354,1,1,1,1,1,1
USER_000355,1,1,1,1,1,1
USER_000356,1,1,1,1,1,1
USER_000357,1,1,1,1,1,1
USER_000358,1,1,1,1,1,1
USER_000359,1,1,1,1,1,1
USER_000360,1,1,1,1,1,1
USER_000361,1,1,1,1,1,1
USER_000362,1,1,1,1,1,1
USER_000363,1,1,1,1,1,1
USER_000364,1,1,1,1,1,1
USER_000365,1,1,1,1,1,1
USER_000366,1,1,1,1,1,1
USER_000367,1,1,1,1,1,1
USER_000368,1,1,1,1,1,1
USER_000369,1,1,1,1,1,1
USER_000370,1,1,1,1,1,1
USER_000371,1,1,1,1,1,1
USER_000372,1,1,1,1,1,1
USER_000373,1,1,1,1,1,1
USER_000374,1,1,1,1,1,1
USER_000375,1,1,1,1,1,1
USER_000376,1,1,1,1,1,1
USER_000377,1,1,1,1,1,1
USER_000378,1,1,1,1,1,1
USER_000379,1,1,1,1,1,1
USER_000380,1,1,1,1,1,1
USER_000381,1,1,1,1,1,1
USER_000382,1,1,1,1,1,1
USER_000383,1,1,1,1,1,1
USER_000384,1,1,1,1,1,1
USER_000385,1,1,1,1,1,1
USER_000386,1,1,1,1,1,1
USER_000387,1,1,1,1,1,1
USER_000388,1,1,1,1,1,1
USER_000389,1,1,1,1,1,1
USER_000390,1,1,1,1,1,1
USER_000391,1,1,1,1,1,1
USER_000392,1,1,1,1,1,1
USER_000393,1,1,1,1,1,1
USER_000394,1,1,1,1,1,1
USER_000395,1,1,1,1,1,1
USER_000396,1,1,1,1,1,1
USER_000397,1,1,1,1,1,1
USER_000398,1,1,1,1,1,1
USER_000399,1,1,1,1,1,1
USER_000400,1,1,1,1,1,1
USER_000401,1,1,1,1,1,1
USER_000402,1,1,1,1,1,1
USER_000403,1,1,1,1,1,1
USER_000404,1,1,1,1,1,1
USER_000405,1,1,1,1,1,1
USER_000406,1,1,1,1,1,1
USER_000407,1,1,1,1,1,1
USER_000408,1,1,1,1,1,1
USER_000409,1,1,1,1,1,1
USER_000410,1,1,1,1,1,1
USER_000411,1,1,1,1,1,1
USER_000412,1,1,1,1,1,1
USER_000413,1,1,1,1,1,1
USER_000414,1,1,1,1,1,1
USER_000415,1,1,1,1,1,1
USER_000416,1,1,1,1,1,1
USER_000417,1,1,1,1,1,1
USER_000418,1,1,1,1,1,1
USER_000419,1,1,1,1,1,1
USER_000420,1,1,1,1,1,1
USER_000421,1,1,1,1,1,1
USER_000422,1,1,1,1,1,1
USER_000423,1,1,1,1,1,1
USER_000424,1,1,1,1,1,1
USER_000425,1,1,1,1,1,1
USER_000426,1,1,1,1,1,1
USER_000427,1,1,1,1,1,1
USER_000428,1,1,1,1,1,1
USER_000429,1,1,1,1,1,1
USER_000430,1,1,1,1,1,1
USER_000431,1,1,1,1,1,1
USER_000432,1,1,1,1,1,1
USER_000433,1,1,1,1,1,1
USER_000434,1,1,1,1,1,1
USER_000435,1,1,1,1,1,1
USER_000436,1,1,1,1,1,1
USER_000437,1,1,1,1,1,1
USER_000438,1,1,1,1,1,1
USER_000439,1,1,1,1,1,1
USER_000440,1,1,1,1,1,1
USER_000441,1,1,1,1,1,1
USER_000442,1,1,1,1,1,1
USER_000443,1,1,1,1,1,1
USER_000444,1,1,1,1,1,1
USER_000445,1,1,1,1,1,1
USER_000446,1,1,1,1,1,1
USER_000447,1,1,1,1,1,1
USER_000448,1,1,1,1,1,1
USER_000449,1,1,1,1,1,1
USER_000450,1,1,1,1,1,1
USER_000451,1,1,1,1,1,1
USER_000452,1,1,1,1,1,1
USER_000453,1,1,1,1,1,1
USER_000454,1,1,1,1,1,1
USER_000455,1,1,1,1,1,1
USER_000456,1,1,1,1,1,1
USER_000457,1,1,1,1,1,1
USER_000458,1,1,1,1,1,1
USER_000459,1,1,1,1,1,1
USER_000460,1,1,1,1,1,1
USER_000461,1,1,1,1,1,1
USER_000462,1,1,1,1,1,1
USER_000463,1,1,1,1,1,1
USER_000464,1,1,1,1,1,1
USER_000465,1,1,1,1,1,1
USER_000466,1,1,1,1,1,1
USER_000467,1,1,1,1,1,1
USER_000468,1,1,1,1,1,1
USER_000469,1,1,1,1,1,1
USER_000470,1,1,1,1,1,1
USER_000471,1,1,1,1,1,1
USER_000472,1,1,1,1,1,1
USER_000473,1,1,1,1,1,1
USER_000474,1,1,1,1,1,1
USER_000475,1,1,1,1,1,1
USER_000476,1,1,1,1,1,1
USER_000477,1,1,1,1,1,1
USER_000478,1,1,1,1,1,1
USER_000479,1,1,1,1,1,1
USER_000480,1,1,1,1,1,1
USER_000481,1,1,1,1,1,1
USER_000482,1,1,1,1,1,1
USER_000483,1,1,1,1,1,1
USER_000484,1,1,1,1,1,1
USER_000485,1,1,1,1,1,1
USER_000486,1,1,1,1,1,1
USER_000487,1,1,1,1,1,1
USER_000488,1,1,1,1,1,1
USER_000489,1,1,1,1,1,1
USER_000490,1,1,1,1,1,1
USER_000491,1,1,1,1,1,1
USER_000492,1,1,1,1,1,1
USER_000493,1,1,1,1,1,1
USER_000494,1,1,1,1,1,1
USER_000495,1,1,1,1,1,1
USER_000496,1,1,1,1,1,1
USER_000497,1,1,1,1,1,1
USER_000498,1,1,1,1,1,1
USER_000499,1,1,1,1,1,1
USER_000500,1,1,1,1,1,1
USER_000501,1,1,1,1,1,1
USER_000502,1,1,1,1,1,1
USER_000503,1,1,1,1,1,1
USER_000504,1,1,1,1,1,1
USER_000505,1,1,1,1,1,1
USER_000506,1,1,1,1,1,1
USER_000507,1,1,1,1,1,1
USER_000508,1,1,1,1,1,1
USER_000509,1,1,1,1,1,1
USER_000510,1,1,1,1,1,1
USER_000511,1,1,1,1,1,1
USER_000512,1,1,1,1,1,1
USER_000513,1,1,1,1,1,1
USER_000514,1,1,1,1,1,1
USER_000515,1,1,1,1,1,1
USER_000516,1,1,1,1,1,1
USER_000517,1,1,1,1,1,1
USER_000518,1,1,1,1,1,1
USER_000519,1,1,1,1,1,1
USER_000520,1,1,1,1,1,1
USER_000521,1,1,1,1,1,1
USER_000522,1,1,1,1,1,1
USER_000523,1,1,1,1,1,1
USER_000524,1,1,1,1,1,1
USER_000525,1,1,1,1,1,1
USER_000526,1,1,1,1,1,1
USER_000527,1,1,1,1,1,1
USER_000528,1,1,1,1,1,1
USER_000529,1,1,1,1,1,1
USER_000530,1,1,1,1,1,1
USER_000531,1,1,1,1,1,1
USER_000532,1,1,1,1,1,1
USER_000533,1,1,1,1,1,1
USER_000534,1,1,1,1,1,1
USER_000535,1,1,1,1,1,1
USER_000536,1,1,1,1,1,1
USER_000537,1,1,1,1,1,1
USER_000538,1,1,1,1,1,1
USER_000539,1,1,1,1,1,1
USER_000540,1,1,1,1,1,1
USER_000541,1,1,1,1,1,1
USER_000542,1,1,1,1,1,1
USER_000543,1,1,1,1,1,1
USER_000544,1,1,1,1,1,1
USER_000545,1,1,1,1,1,1
USER_000546,1,1,1,1,1,1
USER_000547,1,1,1,1,1,1
USER_000548,1,1,1,1,1,1
USER_000549,1,1,1,1,1,1
USER_000550,1,1,1,1,1,1
USER_000551,1,1,1,1,1,1
USER_000552,1,1,1,1,1,1
USER_000553,1,1,1,1,1,1
USER_000554,1,1,1,1,1,1
USER_000555,1,1,1,1,1,1
USER_000556,1,1,1,1,1,1
USER_000557,1,1,1,1,1,1
USER_000558,1,1,1,1,1,1
USER_000559,1,1,1,1,1,1
USER_000560,1,1,1,1,1,1
USER_000561,1,1,1,1,1,1
USER_000562,1,1,1,1,1,1
USER_000563,1,1,1,1,1,1
USER_000564,1,1,1,1,1,1
USER_000565,1,1,1,1,1,1
USER_000566,1,1,1,1,1,1
USER_000567,1,1,1,1,1,1
USER_000568,1,1,1,1,1,1
USER_000569,1,1,1,1,1,1
USER_000570,1,1,1,1,1,1
USER_000571,1,1,1,1,1,1
USER_000572,1,1,1,1,1,1
USER_000573,1,1,1,1,1,1
USER_000574,1,1,1,1,1,1
USER_000575,1,1,1,1,1,1
USER_000576,1,1,1,1,1,1
USER_000577,1,1,1,1,1,1
USER_000578,1,1,1,1,1,1
USER_000579,1,1,1,1,1,1
USER_000580,1,1,1,1,1,1
USER_000581,1,1,1,1,1,1
USER_000582,1,1,1,1,1,1
USER_000583,1,1,1,1,1,1
USER_000584,1,1,1,1,1,1
USER_000585,1,1,1,1,1,1
USER_000586,1,1,1,1,1,1
USER_000587,1,1,1,1,1,1
USER_000588,1,1,1,1,1,1
USER_000589,1,1,1,1,1,1
USER_000590,1,1,1,1,1,1
USER_000591,1,1,1,1,1,1
USER_000592,1,1,1,1,1,1
USER_000593,1,1,1,1,1,1
USER_000594,1,1,1,1,1,1
USER_000595,1,1,1,1,1,1
USER_000596,1,1,1,1,1,1
USER_000597,1,1,1,1,1,1
USER_000598,1,1,1,1,1,1
USER_000599,1,1,1,1,1,1
USER_000600,1,1,1,1,1,1
USER_000601,1,1,1,1,1,1
USER_000602,1,1,1,1,1,1
USER_000603,1,1,1,1,1,1
USER_000604,1,1,1,1,1,1
USER_000605,1,1,1,1,1,1
USER_000606,1,1,1,1,1,1
USER_000607,1,1,1,1,1,1
USER_000608,1,1,1,1,1,1
USER_000609,1,1,1,1,1,1
USER_000610,1,1,1,1,1,1
USER_000611,1,1,1,1,1,1
USER_000612,1,1,1,1,1,1
USER_000613,1,1,1,1,1,1
USER_000614,1,1,1,1,1,1
USER_000615,1,1,1,1,1,1
USER_000616,1,1,1,1,1,1
USER_000617,1,1,1,1,1,1
USER_000618,1,1,1,1,1,1
USER_000619,1,1,1,1,1,1
USER_000620,1,1,1,1,1,1
USER_000621,1,1,1,1,1,1
USER_000622,1,1,1,1,1,1
USER_000623,1,1,1,1,1,1
USER_000624,1,1,1,1,1,1
USER_000625,1,1,1,1,1,1
USER_000626,1,1,1,1,1,1
USER_000627,1,1,1,1,1,1
USER_000628,1,1,1,1,1,1
USER_000629,1,1,1,1,1,1
USER_000630,1,1,1,1,1,1
USER_000631,1,1,1,1,1,1
USER_000632,1,1,1,1,1,1
USER_000633,1,1,1,1,1,1
USER_000634,1,1,1,1,1,1
USER_000635,1,1,1,1,1,1
USER_000636,1,1,1,1,1,1
USER_000637,1,1,1,1,1,1
USER_000638,1,1,1,1,1,1
USER_000639,1,1,1,1,1,1
USER_000640,1,1,1,1,1,1
USER_000641,1,1,1,1,1,1
USER_000642,1,1,1,1,1,1
USER_000643,1,1,1,1,1,1
USER_000644,1,1,1,1,1,1
USER_000645,1,1,1,1,1,1
USER_000646,1,1,1,1,1,1
USER_000647,1,1,1,1,1,1
USER_000648,1,1,1,1,1,1
USER_000649,1,1,1,1,1,1
USER_000650,1,1,1,1,1,1
USER_000651,1,1,1,1,1,1
USER_000652,1,1,1,1,1,1
USER_000653,1,1,1,1,1,1
USER_000654,1,1,1,1,1,1
USER_000655,1,1,1,1,1,1
USER_000656,1,1,1,1,1,1
USER_000657,1,1,1,1,1,1
USER_000658,1,1,1,1,1,1
USER_000659,1,1,1,1,1,1
USER_000660,1,1,1,1,1,1
USER_000661,1,1,1,1,1,1
USER_000662,1,1,1,1,1,1
USER_000663,1,1,1,1,1,1
USER_000664,1,1,1,1,1,1
USER_000665,1,1,1,1,1,1
USER_000666,1,1,1,1,1,1
USER_000667,1,1,1,1,1,1
USER_000668,1,1,1,1,1,1
USER_000669,1,1,1,1,1,1
USER_000670,1,1,1,1,1,1
USER_000671,1,1,1,1,1,1
USER_000672,1,1,1,1,1,1
USER_000673,1,1,1,1,1,1
USER_000674,1,1,1,1,1,1
USER_000675,1,1,1,1,1,1
USER_000676,1,1,1,1,1,1
USER_000677,1,1,1,1,1,1
USER_000678,1,1,1,1,1,1
USER_000679,1,1,1,1,1,1
USER_000680,1,1,1,1,1,1
USER_000681,1,1,1,1,1,1
USER_000682,1,1,1,1,1,1
USER_000683,1,1,1,1,1,1
USER_000684,1,1,1,1,1,1
USER_000685,1,1,1,1,1,1
USER_000686,1,1,1,1,1,1
USER_000687,1,1,1,1,1,1
USER_000688,1,1,1,1,1,1
USER_000689,1,1,1,1,1,1
USER_000690,1,1,1,1,1,1
USER_000691,1,1,1,1,1,1
USER_000692,1,1,1,1,1,1
USER_000693,1,1,1,1,1,1
USER_000694,1,1,1,1,1,1
USER_000695,1,1,1,1,1,1
USER_000696,1,1,1,1,1,1
USER_000697,1,1,1,1,1,1
USER_000698,1,1,1,1,1,1
USER_000699,1,1,1,1,1,1
USER_000700,1,1,1,1,1,1
USER_000701,1,1,1,1,1,1
USER_000702,1,1,1,1,1,1
USER_000703,1,1,1,1,1,1
USER_000704,1,1,1,1,1,1
USER_000705,1,1,1,1,1,1
USER_000706,1,1,1,1,1,1
USER_000707,1,1,1,1,1,1
USER_000708,1,1,1,1,1,1
USER_000709,1,1,1,1,1,1
USER_000710,1,1,1,1,1,1
USER_000711,1,1,1,1,1,1
USER_000712,1,1,1,1,1,1
USER_000713,1,1,1,1,1,1
USER_000714,1,1,1,1,1,1
USER_000715,1,1,1,1,1,1
USER_000716,1,1,1,1,1,1
USER_000717,1,1,1,1,1,1
USER_000718,1,1,1,1,1,1
USER_000719,1,1,1,1,1,1
USER_000720,1,1,1,1,1,1
USER_000721,1,1,1,1,1,1
USER_000722,1,1,1,1,1,1
USER_000723,1,1,1,1,1,1
USER_000724,1,1,1,1,1,1
USER_000725,1,1,1,1,1,1
USER_000726,1,1,1,1,1,1
USER_000727,1,1,1,1,1,1
USER_000728,1,1,1,1,1,1
USER_000729,1,1,1,1,1,1
USER_000730,1,1,1,1,1,1
USER_000731,1,1,1,1,1,1
USER_000732,1,1,1,1,1,1
USER_000733,1,1,1,1,1,1
USER_000734,1,1,1,1,1,1
USER_000735,1,1,1,1,1,1
USER_000736,1,1,1,1,1,1
USER_000737,1,1,1,1,1,1
USER_000738,1,1,1,1,1,1
USER_000739,1,1,1,1,1,1
USER_000740,1,1,1,1,1,1
USER_000741,1,1,1,1,1,1
USER_000742,1,1,1,1,1,1
USER_000743,1,1,1,1,1,1
USER_000744,1,1,1,1,1,1
USER_000745,1,1,1,1,1,1
USER_000746,1,1,1,1,1,1
USER_000747,1,1,1,1,1,1
USER_000748,1,1,1,1,1,1
USER_000749,1,1,1,1,1,1
USER_000750,1,1,1,1,1,1
USER_000751,1,1,1,1,1,1
USER_000752,1,1,1,1,1,1
USER_000753,1,1,1,1,1,1
USER_000754,1,1,1,1,1,1
USER_000755,1,1,1,1,1,1
USER_000756,1,1,1,1,1,1
USER_000757,1,1,1,1,1,1
USER_000758,1,1,1,1,1,1
USER_000759,1,1,1,1,1,1
USER_000760,1,1,1,1,1,1
USER_000761,1,1,1,1,1,1
USER_000762,1,1,1,1,1,1
USER_000763,1,1,1,1,1,1
USER_000764,1,1,1,1,1,1
USER_000765,1,1,1,1,1,1
USER_000766,1,1,1,1,1,1
USER_000767,1,1,1,1,1,1
USER_000768,1,1,1,1,1,1
USER_000769,1,1,1,1,1,1
USER_000770,1,1,1,1,1,1
USER_000771,1,1,1,1,1,1
USER_000772,1,1,1,1,1,1
USER_000773,1,1,1,1,1,1
USER_000774,1,1,1,1,1,1
USER_000775,1,1,1,1,1,1
USER_000776,1,1,1,1,1,1
USER_000777,1,1,1,1,1,1
USER_000778,1,1,1,1,1,1
USER_000779,1,1,1,1,1,1
USER_000780,1,1,1,1,1,1
USER_000781,1,1,1,1,1,1
USER_000782,1,1,1,1,1,1
USER_000783,1,1,1,1,1,1
USER_000784,1,1,1,1,1,1
USER_000785,1,1,1,1,1,1
USER_000786,1,1,1,1,1,1
USER_000787,1,1,1,1,1,1
USER_000788,1,1,1,1,1,1
USER_000789,1,1,1,1,1,1
USER_000790,1,1,1,1,1,1
USER_000791,1,1,1,1,1,1
USER_000792,1,1,1,1,1,1
USER_000793,1,1,1,1,1,1
USER_000794,1,1,1,1,1,1
USER_000795,1,1,1,1,1,1
USER_000796,1,1,1,1,1,1
USER_000797,1,1,1,1,1,1
USER_000798,1,1,1,1,1,1
USER_000799,1,1,1,1,1,1
USER_000800,1,1,1,1,1,1
USER_000801,1,1,1,1,1,1
USER_000802,1,1,1,1,1,1
USER_000803,1,1,1,1,1,1
USER_000804,1,1,1,1,1,1
USER_000805,1,1,1,1,1,1
USER_000806,1,1,1,1,1,1
USER_000807,1,1,1,1,1,1
USER_000808,1,1,1,1,1,1
USER_000809,1,1,1,1,1,1
USER_000810,1,1,1,1,1,1
USER_000811,1,1,1,1,1,1
USER_000812,1,1,1,1,1,1
USER_000813,1,1,1,1,1,1
USER_000814,1,1,1,1,1,1
USER_000815,1,1,1,1,1,1
USER_000816,1,1,1,1,1,1
USER_000817,1,1,1,1,1,1
USER_000818,1,1,1,1,1,1
USER_000819,1,1,1,1,1,1
USER_000820,1,1,1,1,1,1
USER_000821,1,1,1,1,1,1
USER_000822,1,1,1,1,1,1
USER_000823,1,1,1,1,1,1
USER_000824,1,1,1,1,1,1
USER_000825,1,1,1,1,1,1
USER_000826,1,1,1,1,1,1
USER_000827,1,1,1,1,1,1
USER_000828,1,1,1,1,1,1
USER_000829,1,1,1,1,1,1
USER_000830,1,1,1,1,1,1
USER_000831,1,1,1,1,1,1
USER_000832,1,1,1,1,1,1
USER_000833,1,1,1,1,1,1
USER_000834,1,1,1,1,1,1
USER_000835,1,1,1,1,1,1
USER_000836,1,1,1,1,1,1
USER_000837,1,1,1,1,1,1
USER_000838,1,1,1,1,1,1
USER_000839,1,1,1,1,1,1
USER_000840,1,1,1,1,1,1
USER_000841,1,1,1,1,1,1
USER_000842,1,1,1,1,1,1
USER_000843,1,1,1,1,1,1
USER_000844,1,1,1,1,1,1
USER_000845,1,1,1,1,1,1
USER_000846,1,1,1,1,1,1
USER_000847,1,1,1,1,1,1
USER_000848,1,1,1,1,1,1
USER_000849,1,1,1,1,1,1
USER_000850,1,1,1,1,1,1
USER_000851,1,1,1,1,1,1
USER_000852,1,1,1,1,1,1
USER_000853,1,1,1,1,1,1
USER_000854,1,1,1,1,1,1
USER_000855,1,1,1,1,1,1
USER_000856,1,1,1,1,1,1
USER_000857,1,1,1,1,1,1
USER_000858,1,1,1,1,1,1
USER_000859,1,1,1,1,1,1
USER_000860,1,1,1,1,1,1
USER_000861,1,1,1,1,1,1
USER_000862,1,1,1,1,1,1
USER_000863,1,1,1,1,1,1
USER_000864,1,1,1,1,1,1
USER_000865,1,1,1,1,1,1
USER_000866,1,1,1,1,1,1
USER_000867,1,1,1,1,1,1
USER_000868,1,1,1,1,1,1
USER_000869,1,1,1,1,1,1
USER_000870,1,1,1,1,1,1
USER_000871,1,1,1,1,1,1
USER_000872,1,1,1,1,1,1
USER_000873,1,1,1,1,1,1
USER_000874,1,1,1,1,1,1
USER_000875,1,1,1,1,1,1
USER_000876,1,1,1,1,1,1
USER_000877,1,1,1,1,1,1
USER_000878,1,1,1,1,1,1
USER_000879,1,1,1,1,1,1
USER_000880,1,1,1,1,1,1
USER_000881,1,1,1,1,1,1
USER_000882,1,1,1,1,1,1
USER_000883,1,1,1,1,1,1
USER_000884,1,1,1,1,1,1
USER_000885,1,1,1,1,1,1
USER_000886,1,1,1,1,1,1
USER_000887,1,1,1,1,1,1
USER_000888,1,1,1,1,1,1
USER_000889,1,1,1,1,1,1
USER_000890,1,1,1,1,1,1
USER_000891,1,1,1,1,1,1
USER_000892,1,1,1,1,1,1
USER_000893,1,1,1,1,1,1
USER_000894,1,1,1,1,1,1
USER_000895,1,1,1,1,1,1
USER_000896,1,1,1,1,1,1
USER_000897,1,1,1,1,1,1
USER_000898,1,1,1,1,1,1
USER_000899,1,1,1,1,1,1
USER_000900,1,1,1,1,1,1
USER_000901,1,1,1,1,1,1
USER_000902,1,1,1,1,1,1
USER_000903,1,1,1,1,1,1
USER_000904,1,1,1,1,1,1
USER_000905,1,1,1,1,1,1
USER_000906,1,1,1,1,1,1
USER_000907,1,1,1,1,1,1
USER_000908,1,1,1,1,1,1
USER_000909,1,1,1,1,1,1
USER_000910,1,1,1,1,1,1
USER_000911,1,1,1,1,1,1
USER_000912,1,1,1,1,1,1
USER_000913,1,1,1,1,1,1
USER_000914,1,1,1,1,1,1
USER_000915,1,1,1,1,1,1
USER_000916,1,1,1,1,1,1
USER_000917,1,1,1,1,1,1
USER_000918,1,1,1,1,1,1
USER_000919,1,1,1,1,1,1
USER_000920,1,1,1,1,1,1
USER_000921,1,1,1,1,1,1
USER_000922,1,1,1,1,1,1
USER_000923,1,1,1,1,1,1
USER_000924,1,1,1,1,1,1
USER_000925,1,1,1,1,1,1
USER_000926,1,1,1,1,1,1
USER_000927,1,1,1,1,1,1
USER_000928,1,1,1,1,1,1
USER_000929,1,1,1,1,1,1
USER_000930,1,1,1,1,1,1
USER_000931,1,1,1,1,1,1
USER_000932,1,1,1,1,1,1
USER_000933,1,1,1,1,1,1
USER_000934,1,1,1,1,1,1
USER_000935,1,1,1,1,1,1
USER_000936,1,1,1,1,1,1
USER_000937,1,1,1,1,1,1
USER_000938,1,1,1,1,1,1
USER_000939,1,1,1,1,1,1
USER_000940,1,1,1,1,1,1
USER_000941,1,1,1,1,1,1
USER_000942,1,1,1,1,1,1
USER_000943,1,1,1,1,1,1
USER_000944,1,1,1,1,1,1
USER_000945,1,1,1,1,1,1
USER_000946,1,1,1,1,1,1
USER_000947,1,1,1,1,1,1
USER_000948,1,1,1,1,1,1
USER_000949,1,1,1,1,1,1
USER_000950,1,1,1,1,1,1
USER_000951,1,1,1,1,1,1
USER_000952,1,1,1,1,1,1
USER_000953,1,1,1,1,1,1
USER_000954,1,1,1,1,1,1
USER_000955,1,1,1,1,1,1
USER_000956,1,1,1,1,1,1
USER_000957,1,1,1,1,1,1
USER_000958,1,1,1,1,1,1
USER_000959,1,1,1,1,1,1
USER_000960,1,1,1,1,1,1
USER_000961,1,1,1,1,1,1
USER_000962,1,1,1,1,1,1
USER_000963,1,1,1,1,1,1
USER_000964,1,1,1,1,1,1
USER_000965,1,1,1,1,1,1
USER_000966,1,1,1,1,1,1
USER_000967,1,1,1,1,1,1
USER_000968,1,1,1,1,1,1
USER_000969,1,1,1,1,1,1
USER_000970,1,1,1,1,1,1
USER_000971,1,1,1,1,1,1
USER_000972,1,1,1,1,1,1
USER_000973,1,1,1,1,1,1
USER_000974,1,1,1,1,1,1
USER_000975,1,1,1,1,1,1
USER_000976,1,1,1,1,1,1
USER_000977,1,1,1,1,1,1
USER_000978,1,1,1,1,1,1
USER_000979,1,1,1,1,1,1
USER_000980,1,1,1,1,1,1
USER_000981,1,1,1,1,1,1
USER_000982,1,1,1,1,1,1
USER_000983,1,1,1,1,1,1
USER_000984,1,1,1,1,1,1
USER_000985,1,1,1,1,1,1
USER_000986,1,1,1,1,1,1
USER_000987,1,1,1,1,1,1
USER_000988,1,1,1,1,1,1
USER_000989,1,1,1,1,1,1
USER_000990,1,1,1,1,1,1
USER_000991,1,1,1,1,1,1
USER_000992,1,1,1,1,1,1
USER_000993,1,1,1,1,1,1
USER_000994,1,1,1,1,1,1
USER_000995,1,1,1,1,1,1
USER_000996,1,1,1,1,1,1
USER_000997,1,1,1,1,1,1
USER_000998,1,1,1,1,1,1
USER_000999,1,1,1,1,1,1
USER_001000,1,1,1,1,1,1
USER_001001,1,1,1,1,1,1
USER_001002,1,1,1,1,1,1
USER_001003,1,1,1,1,1,1
USER_001004,1,1,1,1,1,1
USER_001005,1,1,1,1,1,1
USER_001006,1,1,1,1,1,1
USER_001007,1,1,1,1,1,1
USER_001008,1,1,1,1,1,1
USER_001009,1,1,1,1,1,1
USER_001010,1,1,1,1,1,1
USER_001011,1,1,1,1,1,1
USER_001012,1,1,1,1,1,1
USER_001013,1,1,1,1,1,1
USER_001014,1,1,1,1,1,1
USER_001015,1,1,1,1,1,1
USER_001016,1,1,1,1,1,1
USER_001017,1,1,1,1,1,1
USER_001018,1,1,1,1,1,1
USER_001019,1,1,1,1,1,1
USER_001020,1,1,1,1,1,1
USER_001021,1,1,1,1,1,1
USER_001022,1,1,1,1,1,1
USER_001023,1,1,1,1,1,1
USER_001024,1,1,1,1,1,1
USER_001025,1,1,1,1,1,1
USER_001026,1,1,1,1,1,1
USER_001027,1,1,1,1,1,1
USER_001028,1,1,1,1,1,1
USER_001029,1,1,1,1,1,1
USER_001030,1,1,1,1,1,1
USER_001031,1,1,1,1,1,1
USER_001032,1,1,1,1,1,1
USER_001033,1,1,1,1,1,1
USER_001034,1,1,1,1,1,1
USER_001035,1,1,1,1,1,1
USER_001036,1,1,1,1,1,1
USER_001037,1,1,1,1,1,1
USER_001038,1,1,1,1,1,1
USER_001039,1,1,1,1,1,1
USER_001040,1,1,1,1,1,1
USER_001041,1,1,1,1,1,1
USER_001042,1,1,1,1,1,1
USER_001043,1,1,1,1,1,1
USER_001044,1,1,1,1,1,1
USER_001045,1,1,1,1,1,1
USER_001046,1,1,1,1,1,1
USER_001047,1,1,1,1,1,1
USER_001048,1,1,1,1,1,1
USER_001049,1,1,1,1,1,1
USER_001050,1,1,1,1,1,1
USER_001051,1,1,1,1,1,1
USER_001052,1,1,1,1,1,1
USER_001053,1,1,1,1,1,1
USER_001054,1,1,1,1,1,1
USER_001055,1,1,1,1,1,1
USER_001056,1,1,1,1,1,1
USER_001057,1,1,1,1,1,1
USER_001058,1,1,1,1,1,1
USER_001059,1,1,1,1,1,1
USER_001060,1,1,1,1,1,1
USER_001061,1,1,1,1,1,1
USER_001062,1,1,1,1,1,1
USER_001063,1,1,1,1,1,1
USER_001064,1,1,1,1,1,1
USER_001065,1,1,1,1,1,1
USER_001066,1,1,1,1,1,1
USER_001067,1,1,1,1,1,1
USER_001068,1,1,1,1,1,1
USER_001069,1,1,1,1,1,1
USER_001070,1,1,1,1,1,1
USER_001071,1,1,1,1,1,1
USER_001072,1,1,1,1,1,1
USER_001073,1,1,1,1,1,1
USER_001074,1,1,1,1,1,1
USER_001075,1,1,1,1,1,1
USER_001076,1,1,1,1,1,1
USER_001077,1,1,1,1,1,1
USER_001078,1,1,1,1,1,1
USER_001079,1,1,1,1,1,1
USER_001080,1,1,1,1,1,1
USER_001081,1,1,1,1,1,1
USER_001082,1,1,1,1,1,1
USER_001083,1,1,1,1,1,1
USER_001084,1,1,1,1,1,1
USER_001085,1,1,1,1,1,1
USER_001086,1,1,1,1,1,1
USER_001087,1,1,1,1,1,1
USER_001088,1,1,1,1,1,1
USER_001089,1,1,1,1,1,1
USER_001090,1,1,1,1,1,1
USER_001091,1,1,1,1,1,1
USER_001092,1,1,1,1,1,1
USER_001093,1,1,1,1,1,1
USER_001094,1,1,1,1,1,1
USER_001095,1,1,1,1,1,1
USER_001096,1,1,1,1,1,1
USER_001097,1,1,1,1,1,1
USER_001098,1,1,1,1,1,1
USER_001099,1,1,1,1,1,1
USER_001100,1,1,1,1,1,1
USER_001101,1,1,1,1,1,1
USER_001102,1,1,1,1,1,1
USER_001103,1,1,1,1,1,1
USER_001104,1,1,1,1,1,1
USER_001105,1,1,1,1,1,1
USER_001106,1,1,1,1,1,1
USER_001107,1,1,1,1,1,1
USER_001108,1,1,1,1,1,1
USER_001109,1,1,1,1,1,1
USER_001110,1,1,1,1,1,1
USER_001111,1,1,1,1,1,1
USER_001112,1,1,1,1,1,1
USER_001113,1,1,1,1,1,1
USER_001114,1,1,1,1,1,1
USER_001115,1,1,1,1,1,1
USER_001116,1,1,1,1,1,1
USER_001117,1,1,1,1,1,1
USER_001118,1,1,1,1,1,1
USER_001119,1,1,1,1,1,1
USER_001120,1,1,1,1,1,1
USER_001121,1,1,1,1,1,1
USER_001122,1,1,1,1,1,1
USER_001123,1,1,1,1,1,1
USER_001124,1,1,1,1,1,1
USER_001125,1,1,1,1,1,1
USER_001126,1,1,1,1,1,1
USER_001127,1,1,1,1,1,1
USER_001128,1,1,1,1,1,1
USER_001129,1,1,1,1,1,1
USER_001130,1,1,1,1,1,1
USER_001131,1,1,1,1,1,1
USER_001132,1,1,1,1,1,1
USER_001133,1,1,1,1,1,1
USER_001134,1,1,1,1,1,1
USER_001135,1,1,1,1,1,1
USER_001136,1,1,1,1,1,1
USER_001137,1,1,1,1,1,1
USER_001138,1,1,1,1,1,1
USER_001139,1,1,1,1,1,1
USER_001140,1,1,1,1,1,1
USER_001141,1,1,1,1,1,1
USER_001142,1,1,1,1,1,1
USER_001143,1,1,1,1,1,1
USER_001144,1,1,1,1,1,1
USER_001145,1,1,1,1,1,1
USER_001146,1,1,1,1,1,1
USER_001147,1,1,1,1,1,1
USER_001148,1,1,1,1,1,1
USER_001149,1,1,1,1,1,1
USER_001150,1,1,1,1,1,1
USER_001151,1,1,1,1,1,1
USER_001152,1,1,1,1,1,1
USER_001153,1,1,1,1,1,1
USER_001154,1,1,1,1,1,1
USER_001155,1,1,1,1,1,1
USER_001156,1,1,1,1,1,1
USER_001157,1,1,1,1,1,1
USER_001158,1,1,1,1,1,1
USER_001159,1,1,1,1,1,1
USER_001160,1,1,1,1,1,1
USER_001161,1,1,1,1,1,1
USER_001162,1,1,1,1,1,1
USER_001163,1,1,1,1,1,1
USER_001164,1,1,1,1,1,1
USER_001165,1,1,1,1,1,1
USER_001166,1,1,1,1,1,1
USER_001167,1,1,1,1,1,1
USER_001168,1,1,1,1,1,1
USER_001169,1,1,1,1,1,1
USER_001170,1,1,1,1,1,1
USER_001171,1,1,1,1,1,1
USER_001172,1,1,1,1,1,1
USER_001173,1,1,1,1,1,1
USER_001174,1,1,1,1,1,1
USER_001175,1,1,1,1,1,1
USER_001176,1,1,1,1,1,1
USER_001177,1,1,1,1,1,1
USER_001178,1,1,1,1,1,1
USER_001179,1,1,1,1,1,1
USER_001180,1,1,1,1,1,1
USER_001181,1,1,1,1,1,1
USER_001182,1,1,1,1,1,1
USER_001183,1,1,1,1,1,1
USER_001184,1,1,1,1,1,1
USER_001185,1,1,1,1,1,1
USER_001186,1,1,1,1,1,1
USER_001187,1,1,1,1,1,1
USER_001188,1,1,1,1,1,1
USER_001189,1,1,1,1,1,1
USER_001190,1,1,1,1,1,1
USER_001191,1,1,1,1,1,1
USER_001192,1,1,1,1,1,1
USER_001193,1,1,1,1,1,1
USER_001194,1,1,1,1,1,1
USER_001195,1,1,1,1,1,1
USER_001196,1,1,1,1,1,1
USER_001197,1,1,1,1,1,1
USER_001198,1,1,1,1,1,1
USER_001199,1,1,1,1,1,1
USER_001200,1,1,1,1,1,1
USER_001201,1,1,1,1,1,1
USER_001202,1,1,1,1,1,1
USER_001203,1,1,1,1,1,1
USER_001204,1,1,1,1,1,1
USER_001205,1,1,1,1,1,1
USER_001206,1,1,1,1,1,1
USER_001207,1,1,1,1,1,1
USER_001208,1,1,1,1,1,1
USER_001209,1,1,1,1,1,1
USER_001210,1,1,1,1,1,1
USER_001211,1,1,1,1,1,1
USER_001212,1,1,1,1,1,1
USER_001213,1,1,1,1,1,1
USER_001214,1,1,1,1,1,1
USER_001215,1,1,1,1,1,1
USER_001216,1,1,1,1,1,1
USER_001217,1,1,1,1,1,1
USER_001218,1,1,1,1,1,1
USER_001219,1,1,1,1,1,1
USER_001220,1,1,1,1,1,1
USER_001221,1,1,1,1,1,1
USER_001222,1,1,1,1,1,1
USER_001223,1,1,1,1,1,1
USER_001224,1,1,1,1,1,1
USER_001225,1,1,1,1,1,1
USER_001226,1,1,1,1,1,1
USER_001227,1,1,1,1,1,1
USER_001228,1,1,1,1,1,1
USER_001229,1,1,1,1,1,1
USER_001230,1,1,1,1,1,1
USER_001231,1,1,1,1,1,1
USER_001232,1,1,1,1,1,1
USER_001233,1,1,1,1,1,1
USER_001234,1,1,1,1,1,1
USER_001235,1,1,1,1,1,1
USER_001236,1,1,1,1,1,1
USER_001237,1,1,1,1,1,1
USER_001238,1,1,1,1,1,1
USER_001239,1,1,1,1,1,1
USER_001240,1,1,1,1,1,1
USER_001241,1,1,1,1,1,1
USER_001242,1,1,1,1,1,1
USER_001243,1,1,1,1,1,1
USER_001244,1,1,1,1,1,1
USER_001245,1,1,1,1,1,1
USER_001246,1,1,1,1,1,1
USER_001247,1,1,1,1,1,1
USER_001248,1,1,1,1,1,1
USER_001249,1,1,1,1,1,1
USER_001250,1,1,1,1,1,1
USER_001251,1,1,1,1,1,1
USER_001252,1,1,1,1,1,1
USER_001253,1,1,1,1,1,1
USER_001254,1,1,1,1,1,1
USER_001255,1,1,1,1,1,1
USER_001256,1,1,1,1,1,1
USER_001257,1,1,1,1,1,1
USER_001258,1,1,1,1,1,1
USER_001259,1,1,1,1,1,1
USER_001260,1,1,1,1,1,1
USER_001261,1,1,1,1,1,1
USER_001262,1,1,1,1,1,1
USER_001263,1,1,1,1,1,1
USER_001264,1,1,1,1,1,1
USER_001265,1,1,1,1,1,1
USER_001266,1,1,1,1,1,1
USER_001267,1,1,1,1,1,1
USER_001268,1,1,1,1,1,1
USER_001269,1,1,1,1,1,1
USER_001270,1,1,1,1,1,1
USER_001271,1,1,1,1,1,1
USER_001272,1,1,1,1,1,1
USER_001273,1,1,1,1,1,1
USER_001274,1,1,1,1,1,1
USER_001275,1,1,1,1,1,1
USER_001276,1,1,1,1,1,1
USER_001277,1,1,1,1,1,1
USER_001278,1,1,1,1,1,1
USER_001279,1,1,1,1,1,1
USER_001280,1,1,1,1,1,1
USER_001281,1,1,1,1,1,1
USER_001282,1,1,1,1,1,1
USER_001283,1,1,1,1,1,1
USER_001284,1,1,1,1,1,1
USER_001285,1,1,1,1,1,1
USER_001286,1,1,1,1,1,1
USER_001287,1,1,1,1,1,1
USER_001288,1,1,1,1,1,1
USER_001289,1,1,1,1,1,1
USER_001290,1,1,1,1,1,1
USER_001291,1,1,1,1,1,1
USER_001292,1,1,1,1,1,1
USER_001293,1,1,1,1,1,1
USER_001294,1,1,1,1,1,1
USER_001295,1,1,1,1,1,1
USER_001296,1,1,1,1,1,1
USER_001297,1,1,1,1,1,1
USER_001298,1,1,1,1,1,1
USER_001299,1,1,1,1,1,1
USER_001300,1,1,1,1,1,1
USER_001301,1,1,1,1,1,1
USER_001302,1,1,1,1,1,1
USER_001303,1,1,1,1,1,1
USER_001304,1,1,1,1,1,1
USER_001305,1,1,1,1,1,1
USER_001306,1,1,1,1,1,1
USER_001307,1,1,1,1,1,1
USER_001308,1,1,1,1,1,1
USER_001309,1,1,1,1,1,1
USER_001310,1,1,1,1,1,1
USER_001311,1,1,1,1,1,1
USER_001312,1,1,1,1,1,1
USER_001313,1,1,1,1,1,1
USER_001314,1,1,1,1,1,1
USER_001315,1,1,1,1,1,1
USER_001316,1,1,1,1,1,1
USER_001317,1,1,1,1,1,1
USER_001318,1,1,1,1,1,1
USER_001319,1,1,1,1,1,1
USER_001320,1,1,1,1,1,1
USER_001321,1,1,1,1,1,1
USER_001322,1,1,1,1,1,1
USER_001323,1,1,1,1,1,1
USER_001324,1,1,1,1,1,1
USER_001325,1,1,1,1,1,1
USER_001326,1,1,1,1,1,1
USER_001327,1,1,1,1,1,1
USER_001328,1,1,1,1,1,1
USER_001329,1,1,1,1,1,1
USER_001330,1,1,1,1,1,1
USER_001331,1,1,1,1,1,1
USER_001332,1,1,1,1,1,1
USER_001333,1,1,1,1,1,1
USER_001334,1,1,1,1,1,1
USER_001335,1,1,1,1,1,1
USER_001336,1,1,1,1,1,1
USER_001337,1,1,1,1,1,1
USER_001338,1,1,1,1,1,1
USER_001339,1,1,1,1,1,1
USER_001340,1,1,1,1,1,1
USER_001341,1,1,1,1,1,1
USER_001342,1,1,1,1,1,1
USER_001343,1,1,1,1,1,1
USER_001344,1,1,1,1,1,1
USER_001345,1,1,1,1,1,1
USER_001346,1,1,1,1,1,1
USER_001347,1,1,1,1,1,1
USER_001348,1,1,1,1,1,1
USER_001349,1,1,1,1,1,1
USER_001350,1,1,1,1,1,1
USER_001351,1,1,1,1,1,1
USER_001352,1,1,1,1,1,1
USER_001353,1,1,1,1,1,1
USER_001354,1,1,1,1,1,1
USER_001355,1,1,1,1,1,1
USER_001356,1,1,1,1,1,1
USER_001357,1,1,1,1,1,1
USER_001358,1,1,1,1,1,1
USER_001359,1,1,1,1,1,1
USER_001360,1,1,1,1,1,1
USER_001361,1,1,1,1,1,1
USER_001362,1,1,1,1,1,1
USER_001363,1,1,1,1,1,1
USER_001364,1,1,1,1,1,1
USER_001365,1,1,1,1,1,1
USER_001366,1,1,1,1,1,1
USER_001367,1,1,1,1,1,1
USER_001368,1,1,1,1,1,1
USER_001369,1,1,1,1,1,1
USER_001370,1,1,1,1,1,1
USER_001371,1,1,1,1,1,1
USER_001372,1,1,1,1,1,1
USER_001373,1,1,1,1,1,1
USER_001374,1,1,1,1,1,1
USER_001375,1,1,1,1,1,1
USER_001376,1,1,1,1,1,1
USER_001377,1,1,1,1,1,1
USER_001378,1,1,1,1,1,1
USER_001379,1,1,1,1,1,1
USER_001380,1,1,1,1,1,1
USER_001381,1,1,1,1,1,1
USER_001382,1,1,1,1,1,1
USER_001383,1,1,1,1,1,1
USER_001384,1,1,1,1,1,1
USER_001385,1,1,1,1,1,1
USER_001386,1,1,1,1,1,1
USER_001387,1,1,1,1,1,1
USER_001388,1,1,1,1,1,1
USER_001389,1,1,1,1,1,1
USER_001390,1,1,1,1,1,1
USER_001391,1,1,1,1,1,1
USER_001392,1,1,1,1,1,1
USER_001393,1,1,1,1,1,1
USER_001394,1,1,1,1,1,1
USER_001395,1,1,1,1,1,1
USER_001396,1,1,1,1,1,1
USER_001397,1,1,1,1,1,1
USER_001398,1,1,1,1,1,1
USER_001399,1,1,1,1,1,1
USER_001400,1,1,1,1,1,1
USER_001401,1,1,1,1,1,1
USER_001402,1,1,1,1,1,1
USER_001403,1,1,1,1,1,1
USER_001404,1,1,1,1,1,1
USER_001405,1,1,1,1,1,1
USER_001406,1,1,1,1,1,1
USER_001407,1,1,1,1,1,1
USER_001408,1,1,1,1,1,1
USER_001409,1,1,1,1,1,1
USER_001410,1,1,1,1,1,1
USER_001411,1,1,1,1,1,1
USER_001412,1,1,1,1,1,1
USER_001413,1,1,1,1,1,1
USER_001414,1,1,1,1,1,1
USER_001415,1,1,1,1,1,1
USER_001416,1,1,1,1,1,1
USER_001417,1,1,1,1,1,1
USER_001418,1,1,1,1,1,1
USER_001419,1,1,1,1,1,1
USER_001420,1,1,1,1,1,1
USER_001421,1,1,1,1,1,1
USER_001422,1,1,1,1,1,1
USER_001423,1,1,1,1,1,1
USER_001424,1,1,1,1,1,1
USER_001425,1,1,1,1,1,1
USER_001426,1,1,1,1,1,1
USER_001427,1,1,1,1,1,1
USER_001428,1,1,1,1,1,1
USER_001429,1,1,1,1,1,1
USER_001430,1,1,1,1,1,1
USER_001431,1,1,1,1,1,1
USER_001432,1,1,1,1,1,1
USER_001433,1,1,1,1,1,1
USER_001434,1,1,1,1,1,1
USER_001435,1,1,1,1,1,1
USER_001436,1,1,1,1,1,1
USER_001437,1,1,1,1,1,1
USER_001438,1,1,1,1,1,1
USER_001439,1,1,1,1,1,1
USER_001440,1,1,1,1,1,1
USER_001441,1,1,1,1,1,1
USER_001442,1,1,1,1,1,1
USER_001443,1,1,1,1,1,1
USER_001444,1,1,1,1,1,1
USER_001445,1,1,1,1,1,1
USER_001446,1,1,1,1,1,1
USER_001447,1,1,1,1,1,1
USER_001448,1,1,1,1,1,1
USER_001449,1,1,1,1,1,1
USER_001450,1,1,1,1,1,1
USER_001451,1,1,1,1,1,1
USER_001452,1,1,1,1,1,1
USER_001453,1,1,1,1,1,1
USER_001454,1,1,1,1,1,1
USER_001455,1,1,1,1,1,1
USER_001456,1,1,1,1,1,1
USER_001457,1,1,1,1,1,1
USER_001458,1,1,1,1,1,1
USER_001459,1,1,1,1,1,1
USER_001460,1,1,1,1,1,1
USER_001461,1,1,1,1,1,1
USER_001462,1,1,1,1,1,1
USER_001463,1,1,1,1,1,1
USER_001464,1,1,1,1,1,1
USER_001465,1,1,1,1,1,1
USER_001466,1,1,1,1,1,1
USER_001467,1,1,1,1,1,1
USER_001468,1,1,1,1,1,1
USER_001469,1,1,1,1,1,1
USER_001470,1,1,1,1,1,1
USER_001471,1,1,1,1,1,1
USER_001472,1,1,1,1,1,1
USER_001473,1,1,1,1,1,1
USER_001474,1,1,1,1,1,1
USER_001475,1,1,1,1,1,1
USER_001476,1,1,1,1,1,1
USER_001477,1,1,1,1,1,1
USER_001478,1,1,1,1,1,1
USER_001479,1,1,1,1,1,1
USER_001480,1,1,1,1,1,1
USER_001481,1,1,1,1,1,1
USER_001482,1,1,1,1,1,1
USER_001483,1,1,1,1,1,1
USER_001484,1,1,1,1,1,1
USER_001485,1,1,1,1,1,1
USER_001486,1,1,1,1,1,1
USER_001487,1,1,1,1,1,1
USER_001488,1,1,1,1,1,1
USER_001489,1,1,1,1,1,1
USER_001490,1,1,1,1,1,1
USER_001491,1,1,1,1,1,1
USER_001492,1,1,1,1,1,1
USER_001493,1,1,1,1,1,1
USER_001494,1,1,1,1,1,1
USER_001495,1,1,1,1,1,1
USER_001496,1,1,1,1,1,1
USER_001497,1,1,1,1,1,1
USER_001498,1,1,1,1,1,1
USER_001499,1,1,1,1,1,1
USER_001500,1,1,1,1,1,1
USER_001501,1,1,1,1,1,1
USER_001502,1,1,1,1,1,1
USER_001503,1,1,1,1,1,1
USER_001504,1,1,1,1,1,1
USER_001505,1,1,1,1,1,1
USER_001506,1,1,1,1,1,1
USER_001507,1,1,1,1,1,1
USER_001508,1,1,1,1,1,1
USER_001509,1,1,1,1,1,1
USER_001510,1,1,1,1,1,1
USER_001511,1,1,1,1,1,1
USER_001512,1,1,1,1,1,1
USER_001513,1,1,1,1,1,1
USER_001514,1,1,1,1,1,1
USER_001515,1,1,1,1,1,1
USER_001516,1,1,1,1,1,1
USER_001517,1,1,1,1,1,1
USER_001518,1,1,1,1,1,1
USER_001519,1,1,1,1,1,1
USER_001520,1,1,1,1,1,1
USER_001521,1,1,1,1,1,1
USER_001522,1,1,1,1,1,1
USER_001523,1,1,1,1,1,1
USER_001524,1,1,1,1,1,1
USER_001525,1,1,1,1,1,1
USER_001526,1,1,1,1,1,1
USER_001527,1,1,1,1,1,1
USER_001528,1,1,1,1,1,1
USER_001529,1,1,1,1,1,1
USER_001530,1,1,1,1,1,1
USER_001531,1,1,1,1,1,1
USER_001532,1,1,1,1,1,1
USER_001533,1,1,1,1,1,1
USER_001534,1,1,1,1,1,1
USER_001535,1,1,1,1,1,1
USER_001536,1,1,1,1,1,1
USER_001537,1,1,1,1,1,1
USER_001538,1,1,1,1,1,1
USER_001539,1,1,1,1,1,1
USER_001540,1,1,1,1,1,1
USER_001541,1,1,1,1,1,1
USER_001542,1,1,1,1,1,1
USER_001543,1,1,1,1,1,1
USER_001544,1,1,1,1,1,1
USER_001545,1,1,1,1,1,1
USER_001546,1,1,1,1,1,1
USER_001547,1,1,1,1,1,1
USER_001548,1,1,1,1,1,1
USER_001549,1,1,1,1,1,1
USER_001550,1,1,1,1,1,1
USER_001551,1,1,1,1,1,1
USER_001552,1,1,1,1,1,1
USER_001553,1,1,1,1,1,1
USER_001554,1,1,1,1,1,1
USER_001555,1,1,1,1,1,1
USER_001556,1,1,1,1,1,1
USER_001557,1,1,1,1,1,1
USER_001558,1,1,1,1,1,1
USER_001559,1,1,1,1,1,1
USER_001560,1,1,1,1,1,1
USER_001561,1,1,1,1,1,1
USER_001562,1,1,1,1,1,1
USER_001563,1,1,1,1,1,1
USER_001564,1,1,1,1,1,1
USER_001565,1,1,1,1,1,1
USER_001566,1,1,1,1,1,1
USER_001567,1,1,1,1,1,1
USER_001568,1,1,1,1,1,1
USER_001569,1,1,1,1,1,1
USER_001570,1,1,1,1,1,1
USER_001571,1,1,1,1,1,1
USER_001572,1,1,1,1,1,1
USER_001573,1,1,1,1,1,1
USER_001574,1,1,1,1,1,1
USER_001575,1,1,1,1,1,1
USER_001576,1,1,1,1,1,1
USER_001577,1,1,1,1,1,1
USER_001578,1,1,1,1,1,1
USER_001579,1,1,1,1,1,1
USER_001580,1,1,1,1,1,1
USER_001581,1,1,1,1,1,1
USER_001582,1,1,1,1,1,1
USER_001583,1,1,1,1,1,1
USER_001584,1,1,1,1,1,1
USER_001585,1,1,1,1,1,1
USER_001586,1,1,1,1,1,1
USER_001587,1,1,1,1,1,1
USER_001588,1,1,1,1,1,1
USER_001589,1,1,1,1,1,1
USER_001590,1,1,1,1,1,1
USER_001591,1,1,1,1,1,1
USER_001592,1,1,1,1,1,1
USER_001593,1,1,1,1,1,1
USER_001594,1,1,1,1,1,1
USER_001595,1,1,1,1,1,1
USER_001596,1,1,1,1,1,1
USER_001597,1,1,1,1,1,1
USER_001598,1,1,1,1,1,1
USER_001599,1,1,1,1,1,1
USER_001600,1,1,1,1,1,1
USER_001601,1,1,1,1,1,1
USER_001602,1,1,1,1,1,1
USER_001603,1,1,1,1,1,1
USER_001604,1,1,1,1,1,1
USER_001605,1,1,1,1,1,1
USER_001606,1,1,1,1,1,1
USER_001607,1,1,1,1,1,1
USER_001608,1,1,1,1,1,1
USER_001609,1,1,1,1,1,1
USER_001610,1,1,1,1,1,1
USER_001611,1,1,1,1,1,1
USER_001612,1,1,1,1,1,1
USER_001613,1,1,1,1,1,1
USER_001614,1,1,1,1,1,1
USER_001615,1,1,1,1,1,1
USER_001616,1,1,1,1,1,1
USER_001617,1,1,1,1,1,1
USER_001618,1,1,1,1,1,1
USER_001619,1,1,1,1,1,1
USER_001620,1,1,1,1,1,1
USER_001621,1,1,1,1,1,1
USER_001622,1,1,1,1,1,1
USER_001623,1,1,1,1,1,1
USER_001624,1,1,1,1,1,1
USER_001625,1,1,1,1,1,1
USER_001626,1,1,1,1,1,1
USER_001627,1,1,1,1,1,1
USER_001628,1,1,1,1,1,1
USER_001629,1,1,1,1,1,1
USER_001630,1,1,1,1,1,1
USER_001631,1,1,1,1,1,1
USER_001632,1,1,1,1,1,1
USER_001633,1,1,1,1,1,1
USER_001634,1,1,1,1,1,1
USER_001635,1,1,1,1,1,1
USER_001636,1,1,1,1,1,1
USER_001637,1,1,1,1,1,1
USER_001638,1,1,1,1,1,1
USER_001639,1,1,1,1,1,1
USER_001640,1,1,1,1,1,1
USER_001641,1,1,1,1,1,1
USER_001642,1,1,1,1,1,1
USER_001643,1,1,1,1,1,1
USER_001644,1,1,1,1,1,1
USER_001645,1,1,1,1,1,1
USER_001646,1,1,1,1,1,1
USER_001647,1,1,1,1,1,1
USER_001648,1,1,1,1,1,1
USER_001649,1,1,1,1,1,1
USER_001650,1,1,1,1,1,1
USER_001651,1,1,1,1,1,1
USER_001652,1,1,1,1,1,1
USER_001653,1,1,1,1,1,1
USER_001654,1,1,1,1,1,1
USER_001655,1,1,1,1,1,1
USER_001656,1,1,1,1,1,1
USER_001657,1,1,1,1,1,1
USER_001658,1,1,1,1,1,1
USER_001659,1,1,1,1,1,1
USER_001660,1,1,1,1,1,1
USER_001661,1,1,1,1,1,1
USER_001662,1,1,1,1,1,1
USER_001663,1,1,1,1,1,1
USER_001664,1,1,1,1,1,1
USER_001665,1,1,1,1,1,1
USER_001666,1,1,1,1,1,1
USER_001667,1,1,1,1,1,1
USER_001668,1,1,1,1,1,1
USER_001669,1,1,1,1,1,1
USER_001670,1,1,1,1,1,1
USER_001671,1,1,1,1,1,1
USER_001672,1,1,1,1,1,1
USER_001673,1,1,1,1,1,1
USER_001674,1,1,1,1,1,1
USER_001675,1,1,1,1,1,1
USER_001676,1,1,1,1,1,1
USER_001677,1,1,1,1,1,1
USER_001678,1,1,1,1,1,1
USER_001679,1,1,1,1,1,1
USER_001680,1,1,1,1,1,1
USER_001681,1,1,1,1,1,1
USER_001682,1,1,1,1,1,1
USER_001683,1,1,1,1,1,1
USER_001684,1,1,1,1,1,1
USER_001685,1,1,1,1,1,1
USER_001686,1,1,1,1,1,1
USER_001687,1,1,1,1,1,1
USER_001688,1,1,1,1,1,1
USER_001689,1,1,1,1,1,1
USER_001690,1,1,1,1,1,1
USER_001691,1,1,1,1,1,1
USER_001692,1,1,1,1,1,1
USER_001693,1,1,1,1,1,1
USER_001694,1,1,1,1,1,1
USER_001695,1,1,1,1,1,1
USER_001696,1,1,1,1,1,1
USER_001697,1,1,1,1,1,1
USER_001698,1,1,1,1,1,1
USER_001699,1,1,1,1,1,1
USER_001700,1,1,1,1,1,1
USER_001701,1,1,1,1,1,1
USER_001702,1,1,1,1,1,1
USER_001703,1,1,1,1,1,1
USER_001704,1,1,1,1,1,1
USER_001705,1,1,1,1,1,1
USER_001706,1,1,1,1,1,1
USER_001707,1,1,1,1,1,1
USER_001708,1,1,1,1,1,1
USER_001709,1,1,1,1,1,1
USER_001710,1,1,1,1,1,1
USER_001711,1,1,1,1,1,1
USER_001712,1,1,1,1,1,1
USER_001713,1,1,1,1,1,1
USER_001714,1,1,1,1,1,1
USER_001715,1,1,1,1,1,1
USER_001716,1,1,1,1,1,1
USER_001717,1,1,1,1,1,1
USER_001718,1,1,1,1,1,1
USER_001719,1,1,1,1,1,1
USER_001720,1,1,1,1,1,1
USER_001721,1,1,1,1,1,1
USER_001722,1,1,1,1,1,1
USER_001723,1,1,1,1,1,1
USER_001724,1,1,1,1,1,1
USER_001725,1,1,1,1,1,1
USER_001726,1,1,1,1,1,1
USER_001727,1,1,1,1,1,1
USER_001728,1,1,1,1,1,1
USER_001729,1,1,1,1,1,1
USER_001730,1,1,1,1,1,1
USER_001731,1,1,1,1,1,1
USER_001732,1,1,1,1,1,1
USER_001733,1,1,1,1,1,1
USER_001734,1,1,1,1,1,1
USER_001735,1,1,1,1,1,1
USER_001736,1,1,1,1,1,1
USER_001737,1,1,1,1,1,1
USER_001738,1,1,1,1,1,1
USER_001739,1,1,1,1,1,1
USER_001740,1,1,1,1,1,1
USER_001741,1,1,1,1,1,1
USER_001742,1,1,1,1,1,1
USER_001743,1,1,1,1,1,1
USER_001744,1,1,1,1,1,1
USER_001745,1,1,1,1,1,1
USER_001746,1,1,1,1,1,1
USER_001747,1,1,1,1,1,1
USER_001748,1,1,1,1,1,1
USER_001749,1,1,1,1,1,1
USER_001750,1,1,1,1,1,1
USER_001751,1,1,1,1,1,1
USER_001752,1,1,1,1,1,1
USER_001753,1,1,1,1,1,1
USER_001754,1,1,1,1,1,1
USER_001755,1,1,1,1,1,1
USER_001756,1,1,1,1,1,1
USER_001757,1,1,1,1,1,1
USER_001758,1,1,1,1,1,1
USER_001759,1,1,1,1,1,1
USER_001760,1,1,1,1,1,1
USER_001761,1,1,1,1,1,1
USER_001762,1,1,1,1,1,1
USER_001763,1,1,1,1,1,1
USER_001764,1,1,1,1,1,1
USER_001765,1,1,1,1,1,1
USER_001766,1,1,1,1,1,1
USER_001767,1,1,1,1,1,1
USER_001768,1,1,1,1,1,1
USER_001769,1,1,1,1,1,1
USER_001770,1,1,1,1,1,1
USER_001771,1,1,1,1,1,1
USER_001772,1,1,1,1,1,1
USER_001773,1,1,1,1,1,1
USER_001774,1,1,1,1,1,1
USER_001775,1,1,1,1,1,1
USER_001776,1,1,1,1,1,1
USER_001777,1,1,1,1,1,1
USER_001778,1,1,1,1,1,1
USER_001779,1,1,1,1,1,1
USER_001780,1,1,1,1,1,1
USER_001781,1,1,1,1,1,1
USER_001782,1,1,1,1,1,1
USER_001783,1,1,1,1,1,1
USER_001784,1,1,1,1,1,1
USER_001785,1,1,1,1,1,1
USER_001786,1,1,1,1,1,1
USER_001787,1,1,1,1,1,1
USER_001788,1,1,1,1,1,1
USER_001789,1,1,1,1,1,1
USER_001790,1,1,1,1,1,1
USER_001791,1,1,1,1,1,1
USER_001792,1,1,1,1,1,1
USER_001793,1,1,1,1,1,1
USER_001794,1,1,1,1,1,1
USER_001795,1,1,1,1,1,1
USER_001796,1,1,1,1,1,1
USER_001797,1,1,1,1,1,1
USER_001798,1,1,1,1,1,1
USER_001799,1,1,1,1,1,1
USER_001800,1,1,1,1,1,1
USER_001801,1,1,1,1,1,1
USER_001802,1,1,1,1,1,1
USER_001803,1,1,1,1,1,1
USER_001804,1,1,1,1,1,1
USER_001805,1,1,1,1,1,1
USER_001806,1,1,1,1,1,1
USER_001807,1,1,1,1,1,1
USER_001808,1,1,1,1,1,1
USER_001809,1,1,1,1,1,1
USER_001810,1,1,1,1,1,1
USER_001811,1,1,1,1,1,1
USER_001812,1,1,1,1,1,1
USER_001813,1,1,1,1,1,1
USER_001814,1,1,1,1,1,1
USER_001815,1,1,1,1,1,1
USER_001816,1,1,1,1,1,1
USER_001817,1,1,1,1,1,1
USER_001818,1,1,1,1,1,1
USER_001819,1,1,1,1,1,1
USER_001820,1,1,1,1,1,1
USER_001821,1,1,1,1,1,1
USER_001822,1,1,1,1,1,1
USER_001823,1,1,1,1,1,1
USER_001824,1,1,1,1,1,1
USER_001825,1,1,1,1,1,1
USER_001826,1,1,1,1,1,1
USER_001827,1,1,1,1,1,1
USER_001828,1,1,1,1,1,1
USER_001829,1,1,1,1,1,1
USER_001830,1,1,1,1,1,1
USER_001831,1,1,1,1,1,1
USER_001832,1,1,1,1,1,1
USER_001833,1,1,1,1,1,1
USER_001834,1,1,1,1,1,1
USER_001835,1,1,1,1,1,1
USER_001836,1,1,1,1,1,1
USER_001837,1,1,1,1,1,1
USER_001838,1,1,1,1,1,1
USER_001839,1,1,1,1,1,1
USER_001840,1,1,1,1,1,1
USER_001841,1,1,1,1,1,1
USER_001842,1,1,1,1,1,1
USER_001843,1,1,1,1,1,1
USER_001844,1,1,1,1,1,1
USER_001845,1,1,1,1,1,1
USER_001846,1,1,1,1,1,1
USER_001847,1,1,1,1,1,1
USER_001848,1,1,1,1,1,1
USER_001849,1,1,1,1,1,1
USER_001850,1,1,1,1,1,1
USER_001851,1,1,1,1,1,1
USER_001852,1,1,1,1,1,1
USER_001853,1,1,1,1,1,1
USER_001854,1,1,1,1,1,1
USER_001855,1,1,1,1,1,1
USER_001856,1,1,1,1,1,1
USER_001857,1,1,1,1,1,1
USER_001858,1,1,1,1,1,1
USER_001859,1,1,1,1,1,1
USER_001860,1,1,1,1,1,1
USER_001861,1,1,1,1,1,1
USER_001862,1,1,1,1,1,1
USER_001863,1,1,1,1,1,1
USER_001864,1,1,1,1,1,1
USER_001865,1,1,1,1,1,1
USER_001866,1,1,1,1,1,1
USER_001867,1,1,1,1,1,1
USER_001868,1,1,1,1,1,1
USER_001869,1,1,1,1,1,1
USER_001870,1,1,1,1,1,1
USER_001871,1,1,1,1,1,1
USER_001872,1,1,1,1,1,1
USER_001873,1,1,1,1,1,1
USER_001874,1,1,1,1,1,1
USER_001875,1,1,1,1,1,1
USER_001876,1,1,1,1,1,1
USER_001877,1,1,1,1,1,1
USER_001878,1,1,1,1,1,1
USER_001879,1,1,1,1,1,1
USER_001880,1,1,1,1,1,1
USER_001881,1,1,1,1,1,1
USER_001882,1,1,1,1,1,1
USER_001883,1,1,1,1,1,1
USER_001884,1,1,1,1,1,1
USER_001885,1,1,1,1,1,1
USER_001886,1,1,1,1,1,1
USER_001887,1,1,1,1,1,1
USER_001888,1,1,1,1,1,1
USER_001889,1,1,1,1,1,1
USER_001890,1,1,1,1,1,1
USER_001891,1,1,1,1,1,1
USER_001892,1,1,1,1,1,1
USER_001893,1,1,1,1,1,1
USER_001894,1,1,1,1,1,1
USER_001895,1,1,1,1,1,1
USER_001896,1,1,1,1,1,1
USER_001897,1,1,1,1,1,1
USER_001898,1,1,1,1,1,1
USER_001899,1,1,1,1,1,1
USER_001900,1,1,1,1,1,1
USER_001901,1,1,1,1,1,1
USER_001902,1,1,1,1,1,1
USER_001903,1,1,1,1,1,1
USER_001904,1,1,1,1,1,1
USER_001905,1,1,1,1,1,1
USER_001906,1,1,1,1,1,1
USER_001907,1,1,1,1,1,1
USER_001908,1,1,1,1,1,1
USER_001909,1,1,1,1,1,1
USER_001910,1,1,1,1,1,1
USER_001911,1,1,1,1,1,1
USER_001912,1,1,1,1,1,1
USER_001913,1,1,1,1,1,1
USER_001914,1,1,1,1,1,1
USER_001915,1,1,1,1,1,1
USER_001916,1,1,1,1,1,1
USER_001917,1,1,1,1,1,1
USER_001918,1,1,1,1,1,1
USER_001919,1,1,1,1,1,1
USER_001920,1,1,1,1,1,1
USER_001921,1,1,1,1,1,1
USER_001922,1,1,1,1,1,1
USER_001923,1,1,1,1,1,1
USER_001924,1,1,1,1,1,1
USER_001925,1,1,1,1,1,1
USER_001926,1,1,1,1,1,1
USER_001927,1,1,1,1,1,1
USER_001928,1,1,1,1,1,1
USER_001929,1,1,1,1,1,1
USER_001930,1,1,1,1,1,1
USER_001931,1,1,1,1,1,1
USER_001932,1,1,1,1,1,1
USER_001933,1,1,1,1,1,1
USER_001934,1,1,1,1,1,1
USER_001935,1,1,1,1,1,1
USER_001936,1,1,1,1,1,1
USER_001937,1,1,1,1,1,1
USER_001938,1,1,1,1,1,1
USER_001939,1,1,1,1,1,1
USER_001940,1,1,1,1,1,1
USER_001941,1,1,1,1,1,1
USER_001942,1,1,1,1,1,1
USER_001943,1,1,1,1,1,1
USER_001944,1,1,1,1,1,1
USER_001945,1,1,1,1,1,1
USER_001946,1,1,1,1,1,1
USER_001947,1,1,1,1,1,1
USER_001948,1,1,1,1,1,1
USER_001949,1,1,1,1,1,1
USER_001950,1,1,1,1,1,1
USER_001951,1,1,1,1,1,1
USER_001952,1,1,1,1,1,1
USER_001953,1,1,1,1,1,1
USER_001954,1,1,1,1,1,1
USER_001955,1,1,1,1,1,1
USER_001956,1,1,1,1,1,1
USER_001957,1,1,1,1,1,1
USER_001958,1,1,1,1,1,1
USER_001959,1,1,1,1,1,1
USER_001960,1,1,1,1,1,1
USER_001961,1,1,1,1,1,1
USER_001962,1,1,1,1,1,1
USER_001963,1,1,1,1,1,1
USER_001964,1,1,1,1,1,1
USER_001965,1,1,1,1,1,1
USER_001966,1,1,1,1,1,1
USER_001967,1,1,1,1,1,1
USER_001968,1,1,1,1,1,1
USER_001969,1,1,1,1,1,1
USER_001970,1,1,1,1,1,1
USER_001971,1,1,1,1,1,1
USER_001972,1,1,1,1,1,1
USER_001973,1,1,1,1,1,1
USER_001974,1,1,1,1,1,1
USER_001975,1,1,1,1,1,1
USER_001976,1,1,1,1,1,1
USER_001977,1,1,1,1,1,1
USER_001978,1,1,1,1,1,1
USER_001979,1,1,1,1,1,1
USER_001980,1,1,1,1,1,1
USER_001981,1,1,1,1,1,1
USER_001982,1,1,1,1,1,1
USER_001983,1,1,1,1,1,1
USER_001984,1,1,1,1,1,1
USER_001985,1,1,1,1,1,1
USER_001986,1,1,1,1,1,1
USER_001987,1,1,1,1,1,1
USER_001988,1,1,1,1,1,1
USER_001989,1,1,1,1,1,1
USER_001990,1,1,1,1,1,1
USER_001991,1,1,1,1,1,1
USER_001992,1,1,1,1,1,1
USER_001993,1,1,1,1,1,1
USER_001994,1,1,1,1,1,1
USER_001995,1,1,1,1,1,1
USER_001996,1,1,1,1,1,1
USER_001997,1,1,1,1,1,1
USER_001998,1,1,1,1,1,1
USER_001999,1,1,1,1,1,1
USER_002000,1,1,1,1,1,1
USER_002001,1,1,1,1,1,0
USER_002002,1,1,1,1,1,0
USER_002003,1,1,1,1,1,0
USER_002004,1,1,1,1,1,0
USER_002005,1,1,1,1,1,0
USER_002006,1,1,1,1,1,0
USER_002007,1,1,1,1,1,0
USER_002008,1,1,1,1,1,0
USER_002009,1,1,1,1,1,0
USER_002010,1,1,1,1,1,0
USER_002011,1,1,1,1,1,0
USER_002012,1,1,1,1,1,0
USER_002013,1,1,1,1,1,0
USER_002014,1,1,1,1,1,0
USER_002015,1,1,1,1,1,0
USER_002016,1,1,1,1,1,0
USER_002017,1,1,1,1,1,0
USER_002018,1,1,1,1,1,0
USER_002019,1,1,1,1,1,0
USER_002020,1,1,1,1,1,0
USER_002021,1,1,1,1,1,0
USER_002022,1,1,1,1,1,0
USER_002023,1,1,1,1,1,0
USER_002024,1,1,1,1,1,0
USER_002025,1,1,1,1,1,0
USER_002026,1,1,1,1,1,0
USER_002027,1,1,1,1,1,0
USER_002028,1,1,1,1,1,0
USER_002029,1,1,1,1,1,0
USER_002030,1,1,1,1,1,0
USER_002031,1,1,1,1,1,0
USER_002032,1,1,1,1,1,0
USER_002033,1,1,1,1,1,0
USER_002034,1,1,1,1,1,0
USER_002035,1,1,1,1,1,0
USER_002036,1,1,1,1,1,0
USER_002037,1,1,1,1,1,0
USER_002038,1,1,1,1,1,0
USER_002039,1,1,1,1,1,0
USER_002040,1,1,1,1,1,0
USER_002041,1,1,1,1,1,0
USER_002042,1,1,1,1,1,0
USER_002043,1,1,1,1,1,0
USER_002044,1,1,1,1,1,0
USER_002045,1,1,1,1,1,0
USER_002046,1,1,1,1,1,0
USER_002047,1,1,1,1,1,0
USER_002048,1,1,1,1,1,0
USER_002049,1,1,1,1,1,0
USER_002050,1,1,1,1,1,0
USER_002051,1,1,1,1,1,0
USER_002052,1,1,1,1,1,0
USER_002053,1,1,1,1,1,0
USER_002054,1,1,1,1,1,0
USER_002055,1,1,1,1,1,0
USER_002056,1,1,1,1,1,0
USER_002057,1,1,1,1,1,0
USER_002058,1,1,1,1,1,0
USER_002059,1,1,1,1,1,0
USER_002060,1,1,1,1,1,0
USER_002061,1,1,1,1,1,0
USER_002062,1,1,1,1,1,0
USER_002063,1,1,1,1,1,0
USER_002064,1,1,1,1,1,0
USER_002065,1,1,1,1,1,0
USER_002066,1,1,1,1,1,0
USER_002067,1,1,1,1,1,0
USER_002068,1,1,1,1,1,0
USER_002069,1,1,1,1,1,0
USER_002070,1,1,1,1,1,0
USER_002071,1,1,1,1,1,0
USER_002072,1,1,1,1,1,0
USER_002073,1,1,1,1,1,0
USER_002074,1,1,1,1,1,0
USER_002075,1,1,1,1,1,0
USER_002076,1,1,1,1,1,0
USER_002077,1,1,1,1,1,0
USER_002078,1,1,1,1,1,0
USER_002079,1,1,1,1,1,0
USER_002080,1,1,1,1,1,0
USER_002081,1,1,1,1,1,0
USER_002082,1,1,1,1,1,0
USER_002083,1,1,1,1,1,0
USER_002084,1,1,1,1,1,0
USER_002085,1,1,1,1,1,0
USER_002086,1,1,1,1,1,0
USER_002087,1,1,1,1,1,0
USER_002088,1,1,1,1,1,0
USER_002089,1,1,1,1,1,0
USER_002090,1,1,1,1,1,0
USER_002091,1,1,1,1,1,0
USER_002092,1,1,1,1,1,0
USER_002093,1,1,1,1,1,0
USER_002094,1,1,1,1,1,0
USER_002095,1,1,1,1,1,0
USER_002096,1,1,1,1,1,0
USER_002097,1,1,1,1,1,0
USER_002098,1,1,1,1,1,0
USER_002099,1,1,1,1,1,0
USER_002100,1,1,1,1,1,0
USER_002101,1,1,1,1,1,0
USER_002102,1,1,1,1,1,0
USER_002103,1,1,1,1,1,0
USER_002104,1,1,1,1,1,0
USER_002105,1,1,1,1,1,0
USER_002106,1,1,1,1,1,0
USER_002107,1,1,1,1,1,0
USER_002108,1,1,1,1,1,0
USER_002109,1,1,1,1,1,0
USER_002110,1,1,1,1,1,0
USER_002111,1,1,1,1,1,0
USER_002112,1,1,1,1,1,0
USER_002113,1,1,1,1,1,0
USER_002114,1,1,1,1,1,0
USER_002115,1,1,1,1,1,0
USER_002116,1,1,1,1,1,0
USER_002117,1,1,1,1,1,0
USER_002118,1,1,1,1,1,0
USER_002119,1,1,1,1,1,0
USER_002120,1,1,1,1,1,0
USER_002121,1,1,1,1,1,0
USER_002122,1,1,1,1,1,0
USER_002123,1,1,1,1,1,0
USER_002124,1,1,1,1,1,0
USER_002125,1,1,1,1,1,0
USER_002126,1,1,1,1,1,0
USER_002127,1,1,1,1,1,0
USER_002128,1,1,1,1,1,0
USER_002129,1,1,1,1,1,0
USER_002130,1,1,1,1,1,0
USER_002131,1,1,1,1,1,0
USER_002132,1,1,1,1,1,0
USER_002133,1,1,1,1,1,0
USER_002134,1,1,1,1,1,0
USER_002135,1,1,1,1,1,0
USER_002136,1,1,1,1,1,0
USER_002137,1,1,1,1,1,0
USER_002138,1,1,1,1,1,0
USER_002139,1,1,1,1,1,0
USER_002140,1,1,1,1,1,0
USER_002141,1,1,1,1,1,0
USER_002142,1,1,1,1,1,0
USER_002143,1,1,1,1,1,0
USER_002144,1,1,1,1,1,0
USER_002145,1,1,1,1,1,0
USER_002146,1,1,1,1,1,0
USER_002147,1,1,1,1,1,0
USER_002148,1,1,1,1,1,0
USER_002149,1,1,1,1,1,0
USER_002150,1,1,1,1,1,0
USER_002151,1,1,1,1,1,0
USER_002152,1,1,1,1,1,0
USER_002153,1,1,1,1,1,0
USER_002154,1,1,1,1,1,0
USER_002155,1,1,1,1,1,0
USER_002156,1,1,1,1,1,0
USER_002157,1,1,1,1,1,0
USER_002158,1,1,1,1,1,0
USER_002159,1,1,1,1,1,0
USER_002160,1,1,1,1,1,0
USER_002161,1,1,1,1,1,0
USER_002162,1,1,1,1,1,0
USER_002163,1,1,1,1,1,0
USER_002164,1,1,1,1,1,0
USER_002165,1,1,1,1,1,0
USER_002166,1,1,1,1,1,0
USER_002167,1,1,1,1,1,0
USER_002168,1,1,1,1,1,0
USER_002169,1,1,1,1,1,0
USER_002170,1,1,1,1,1,0
USER_002171,1,1,1,1,1,0
USER_002172,1,1,1,1,1,0
USER_002173,1,1,1,1,1,0
USER_002174,1,1,1,1,1,0
USER_002175,1,1,1,1,1,0
USER_002176,1,1,1,1,1,0
USER_002177,1,1,1,1,1,0
USER_002178,1,1,1,1,1,0
USER_002179,1,1,1,1,1,0
USER_002180,1,1,1,1,1,0
USER_002181,1,1,1,1,1,0
USER_002182,1,1,1,1,1,0
USER_002183,1,1,1,1,1,0
USER_002184,1,1,1,1,1,0
USER_002185,1,1,1,1,1,0
USER_002186,1,1,1,1,1,0
USER_002187,1,1,1,1,1,0
USER_002188,1,1,1,1,1,0
USER_002189,1,1,1,1,1,0
USER_002190,1,1,1,1,1,0
USER_002191,1,1,1,1,1,0
USER_002192,1,1,1,1,1,0
USER_002193,1,1,1,1,1,0
USER_002194,1,1,1,1,1,0
USER_002195,1,1,1,1,1,0
USER_002196,1,1,1,1,1,0
USER_002197,1,1,1,1,1,0
USER_002198,1,1,1,1,1,0
USER_002199,1,1,1,1,1,0
USER_002200,1,1,1,1,1,0
USER_002201,1,1,1,1,1,0
USER_002202,1,1,1,1,1,0
USER_002203,1,1,1,1,1,0
USER_002204,1,1,1,1,1,0
USER_002205,1,1,1,1,1,0
USER_002206,1,1,1,1,1,0
USER_002207,1,1,1,1,1,0
USER_002208,1,1,1,1,1,0
USER_002209,1,1,1,1,1,0
USER_002210,1,1,1,1,1,0
USER_002211,1,1,1,1,1,0
USER_002212,1,1,1,1,1,0
USER_002213,1,1,1,1,1,0
USER_002214,1,1,1,1,1,0
USER_002215,1,1,1,1,1,0
USER_002216,1,1,1,1,1,0
USER_002217,1,1,1,1,1,0
USER_002218,1,1,1,1,1,0
USER_002219,1,1,1,1,1,0
USER_002220,1,1,1,1,1,0
USER_002221,1,1,1,1,1,0
USER_002222,1,1,1,1,1,0
USER_002223,1,1,1,1,1,0
USER_002224,1,1,1,1,1,0
USER_002225,1,1,1,1,1,0
USER_002226,1,1,1,1,1,0
USER_002227,1,1,1,1,1,0
USER_002228,1,1,1,1,1,0
USER_002229,1,1,1,1,1,0
USER_002230,1,1,1,1,1,0
USER_002231,1,1,1,1,1,0
USER_002232,1,1,1,1,1,0
USER_002233,1,1,1,1,1,0
USER_002234,1,1,1,1,1,0
USER_002235,1,1,1,1,1,0
USER_002236,1,1,1,1,1,0
USER_002237,1,1,1,1,1,0
USER_002238,1,1,1,1,1,0
USER_002239,1,1,1,1,1,0
USER_002240,1,1,1,1,1,0
USER_002241,1,1,1,1,1,0
USER_002242,1,1,1,1,1,0
USER_002243,1,1,1,1,1,0
USER_002244,1,1,1,1,1,0
USER_002245,1,1,1,1,1,0
USER_002246,1,1,1,1,1,0
USER_002247,1,1,1,1,1,0
USER_002248,1,1,1,1,1,0
USER_002249,1,1,1,1,1,0
USER_002250,1,1,1,1,1,0
USER_002251,1,1,1,1,1,0
USER_002252,1,1,1,1,1,0
USER_002253,1,1,1,1,1,0
USER_002254,1,1,1,1,1,0
USER_002255,1,1,1,1,1,0
USER_002256,1,1,1,1,1,0
USER_002257,1,1,1,1,1,0
USER_002258,1,1,1,1,1,0
USER_002259,1,1,1,1,1,0
USER_002260,1,1,1,1,1,0
USER_002261,1,1,1,1,1,0
USER_002262,1,1,1,1,1,0
USER_002263,1,1,1,1,1,0
USER_002264,1,1,1,1,1,0
USER_002265,1,1,1,1,1,0
USER_002266,1,1,1,1,1,0
USER_002267,1,1,1,1,1,0
USER_002268,1,1,1,1,1,0
USER_002269,1,1,1,1,1,0
USER_002270,1,1,1,1,1,0
USER_002271,1,1,1,1,1,0
USER_002272,1,1,1,1,1,0
USER_002273,1,1,1,1,1,0
USER_002274,1,1,1,1,1,0
USER_002275,1,1,1,1,1,0
USER_002276,1,1,1,1,1,0
USER_002277,1,1,1,1,1,0
USER_002278,1,1,1,1,1,0
USER_002279,1,1,1,1,1,0
USER_002280,1,1,1,1,1,0
USER_002281,1,1,1,1,1,0
USER_002282,1,1,1,1,1,0
USER_002283,1,1,1,1,1,0
USER_002284,1,1,1,1,1,0
USER_002285,1,1,1,1,1,0
USER_002286,1,1,1,1,1,0
USER_002287,1,1,1,1,1,0
USER_002288,1,1,1,1,1,0
USER_002289,1,1,1,1,1,0
USER_002290,1,1,1,1,1,0
USER_002291,1,1,1,1,1,0
USER_002292,1,1,1,1,1,0
USER_002293,1,1,1,1,1,0
USER_002294,1,1,1,1,1,0
USER_002295,1,1,1,1,1,0
USER_002296,1,1,1,1,1,0
USER_002297,1,1,1,1,1,0
USER_002298,1,1,1,1,1,0
USER_002299,1,1,1,1,1,0
USER_002300,1,1,1,1,1,0
USER_002301,1,1,1,1,1,0
USER_002302,1,1,1,1,1,0
USER_002303,1,1,1,1,1,0
USER_002304,1,1,1,1,1,0
USER_002305,1,1,1,1,1,0
USER_002306,1,1,1,1,1,0
USER_002307,1,1,1,1,1,0
USER_002308,1,1,1,1,1,0
USER_002309,1,1,1,1,1,0
USER_002310,1,1,1,1,1,0
USER_002311,1,1,1,1,1,0
USER_002312,1,1,1,1,1,0
USER_002313,1,1,1,1,1,0
USER_002314,1,1,1,1,1,0
USER_002315,1,1,1,1,1,0
USER_002316,1,1,1,1,1,0
USER_002317,1,1,1,1,1,0
USER_002318,1,1,1,1,1,0
USER_002319,1,1,1,1,1,0
USER_002320,1,1,1,1,1,0
USER_002321,1,1,1,1,1,0
USER_002322,1,1,1,1,1,0
USER_002323,1,1,1,1,1,0
USER_002324,1,1,1,1,1,0
USER_002325,1,1,1,1,1,0
USER_002326,1,1,1,1,1,0
USER_002327,1,1,1,1,1,0
USER_002328,1,1,1,1,1,0
USER_002329,1,1,1,1,1,0
USER_002330,1,1,1,1,1,0
USER_002331,1,1,1,1,1,0
USER_002332,1,1,1,1,1,0
USER_002333,1,1,1,1,1,0
USER_002334,1,1,1,1,1,0
USER_002335,1,1,1,1,1,0
USER_002336,1,1,1,1,1,0
USER_002337,1,1,1,1,1,0
USER_002338,1,1,1,1,1,0
USER_002339,1,1,1,1,1,0
USER_002340,1,1,1,1,1,0
USER_002341,1,1,1,1,1,0
USER_002342,1,1,1,1,1,0
USER_002343,1,1,1,1,1,0
USER_002344,1,1,1,1,1,0
USER_002345,1,1,1,1,1,0
USER_002346,1,1,1,1,1,0
USER_002347,1,1,1,1,1,0
USER_002348,1,1,1,1,1,0
USER_002349,1,1,1,1,1,0
USER_002350,1,1,1,1,1,0
USER_002351,1,1,1,1,1,0
USER_002352,1,1,1,1,1,0
USER_002353,1,1,1,1,1,0
USER_002354,1,1,1,1,1,0
USER_002355,1,1,1,1,1,0
USER_002356,1,1,1,1,1,0
USER_002357,1,1,1,1,1,0
USER_002358,1,1,1,1,1,0
USER_002359,1,1,1,1,1,0
USER_002360,1,1,1,1,1,0
USER_002361,1,1,1,1,1,0
USER_002362,1,1,1,1,1,0
USER_002363,1,1,1,1,1,0
USER_002364,1,1,1,1,1,0
USER_002365,1,1,1,1,1,0
USER_002366,1,1,1,1,1,0
USER_002367,1,1,1,1,1,0
USER_002368,1,1,1,1,1,0
USER_002369,1,1,1,1,1,0
USER_002370,1,1,1,1,1,0
USER_002371,1,1,1,1,1,0
USER_002372,1,1,1,1,1,0
USER_002373,1,1,1,1,1,0
USER_002374,1,1,1,1,1,0
USER_002375,1,1,1,1,1,0
USER_002376,1,1,1,1,1,0
USER_002377,1,1,1,1,1,0
USER_002378,1,1,1,1,1,0
USER_002379,1,1,1,1,1,0
USER_002380,1,1,1,1,1,0
USER_002381,1,1,1,1,1,0
USER_002382,1,1,1,1,1,0
USER_002383,1,1,1,1,1,0
USER_002384,1,1,1,1,1,0
USER_002385,1,1,1,1,1,0
USER_002386,1,1,1,1,1,0
USER_002387,1,1,1,1,1,0
USER_002388,1,1,1,1,1,0
USER_002389,1,1,1,1,1,0
USER_002390,1,1,1,1,1,0
USER_002391,1,1,1,1,1,0
USER_002392,1,1,1,1,1,0
USER_002393,1,1,1,1,1,0
USER_002394,1,1,1,1,1,0
USER_002395,1,1,1,1,1,0
USER_002396,1,1,1,1,1,0
USER_002397,1,1,1,1,1,0
USER_002398,1,1,1,1,1,0
USER_002399,1,1,1,1,1,0
USER_002400,1,1,1,1,1,0
USER_002401,1,1,1,1,1,0
USER_002402,1,1,1,1,1,0
USER_002403,1,1,1,1,1,0
USER_002404,1,1,1,1,1,0
USER_002405,1,1,1,1,1,0
USER_002406,1,1,1,1,1,0
USER_002407,1,1,1,1,1,0
USER_002408,1,1,1,1,1,0
USER_002409,1,1,1,1,1,0
USER_002410,1,1,1,1,1,0
USER_002411,1,1,1,1,1,0
USER_002412,1,1,1,1,1,0
USER_002413,1,1,1,1,1,0
USER_002414,1,1,1,1,1,0
USER_002415,1,1,1,1,1,0
USER_002416,1,1,1,1,1,0
USER_002417,1,1,1,1,1,0
USER_002418,1,1,1,1,1,0
USER_002419,1,1,1,1,1,0
USER_002420,1,1,1,1,1,0
USER_002421,1,1,1,1,1,0
USER_002422,1,1,1,1,1,0
USER_002423,1,1,1,1,1,0
USER_002424,1,1,1,1,1,0
USER_002425,1,1,1,1,1,0
USER_002426,1,1,1,1,1,0
USER_002427,1,1,1,1,1,0
USER_002428,1,1,1,1,1,0
USER_002429,1,1,1,1,1,0
USER_002430,1,1,1,1,1,0
USER_002431,1,1,1,1,1,0
USER_002432,1,1,1,1,1,0
USER_002433,1,1,1,1,1,0
USER_002434,1,1,1,1,1,0
USER_002435,1,1,1,1,1,0
USER_002436,1,1,1,1,1,0
USER_002437,1,1,1,1,1,0
USER_002438,1,1,1,1,1,0
USER_002439,1,1,1,1,1,0
USER_002440,1,1,1,1,1,0
USER_002441,1,1,1,1,1,0
USER_002442,1,1,1,1,1,0
USER_002443,1,1,1,1,1,0
USER_002444,1,1,1,1,1,0
USER_002445,1,1,1,1,1,0
USER_002446,1,1,1,1,1,0
USER_002447,1,1,1,1,1,0
USER_002448,1,1,1,1,1,0
USER_002449,1,1,1,1,1,0
USER_002450,1,1,1,1,1,0
USER_002451,1,1,1,1,1,0
USER_002452,1,1,1,1,1,0
USER_002453,1,1,1,1,1,0
USER_002454,1,1,1,1,1,0
USER_002455,1,1,1,1,1,0
USER_002456,1,1,1,1,1,0
USER_002457,1,1,1,1,1,0
USER_002458,1,1,1,1,1,0
USER_002459,1,1,1,1,1,0
USER_002460,1,1,1,1,1,0
USER_002461,1,1,1,1,1,0
USER_002462,1,1,1,1,1,0
USER_002463,1,1,1,1,1,0
USER_002464,1,1,1,1,1,0
USER_002465,1,1,1,1,1,0
USER_002466,1,1,1,1,1,0
USER_002467,1,1,1,1,1,0
USER_002468,1,1,1,1,1,0
USER_002469,1,1,1,1,1,0
USER_002470,1,1,1,1,1,0
USER_002471,1,1,1,1,1,0
USER_002472,1,1,1,1,1,0
USER_002473,1,1,1,1,1,0
USER_002474,1,1,1,1,1,0
USER_002475,1,1,1,1,1,0
USER_002476,1,1,1,1,1,0
USER_002477,1,1,1,1,1,0
USER_002478,1,1,1,1,1,0
USER_002479,1,1,1,1,1,0
USER_002480,1,1,1,1,1,0
USER_002481,1,1,1,1,1,0
USER_002482,1,1,1,1,1,0
USER_002483,1,1,1,1,1,0
USER_002484,1,1,1,1,1,0
USER_002485,1,1,1,1,1,0
USER_002486,1,1,1,1,1,0
USER_002487,1,1,1,1,1,0
USER_002488,1,1,1,1,1,0
USER_002489,1,1,1,1,1,0
USER_002490,1,1,1,1,1,0
USER_002491,1,1,1,1,1,0
USER_002492,1,1,1,1,1,0
USER_002493,1,1,1,1,1,0
USER_002494,1,1,1,1,1,0
USER_002495,1,1,1,1,1,0
USER_002496,1,1,1,1,1,0
USER_002497,1,1,1,1,1,0
USER_002498,1,1,1,1,1,0
USER_002499,1,1,1,1,1,0
USER_002500,1,1,1,1,1,0
USER_002501,1,1,1,1,1,0
USER_002502,1,1,1,1,1,0
USER_002503,1,1,1,1,1,0
USER_002504,1,1,1,1,1,0
USER_002505,1,1,1,1,1,0
USER_002506,1,1,1,1,1,0
USER_002507,1,1,1,1,1,0
USER_002508,1,1,1,1,1,0
USER_002509,1,1,1,1,1,0
USER_002510,1,1,1,1,1,0
USER_002511,1,1,1,1,1,0
USER_002512,1,1,1,1,1,0
USER_002513,1,1,1,1,1,0
USER_002514,1,1,1,1,1,0
USER_002515,1,1,1,1,1,0
USER_002516,1,1,1,1,1,0
USER_002517,1,1,1,1,1,0
USER_002518,1,1,1,1,1,0
USER_002519,1,1,1,1,1,0
USER_002520,1,1,1,1,1,0
USER_002521,1,1,1,1,1,0
USER_002522,1,1,1,1,1,0
USER_002523,1,1,1,1,1,0
USER_002524,1,1,1,1,1,0
USER_002525,1,1,1,1,1,0
USER_002526,1,1,1,1,1,0
USER_002527,1,1,1,1,1,0
USER_002528,1,1,1,1,1,0
USER_002529,1,1,1,1,1,0
USER_002530,1,1,1,1,1,0
USER_002531,1,1,1,1,1,0
USER_002532,1,1,1,1,1,0
USER_002533,1,1,1,1,1,0
USER_002534,1,1,1,1,1,0
USER_002535,1,1,1,1,1,0
USER_002536,1,1,1,1,1,0
USER_002537,1,1,1,1,1,0
USER_002538,1,1,1,1,1,0
USER_002539,1,1,1,1,1,0
USER_002540,1,1,1,1,1,0
USER_002541,1,1,1,1,1,0
USER_002542,1,1,1,1,1,0
USER_002543,1,1,1,1,1,0
USER_002544,1,1,1,1,1,0
USER_002545,1,1,1,1,1,0
USER_002546,1,1,1,1,1,0
USER_002547,1,1,1,1,1,0
USER_002548,1,1,1,1,1,0
USER_002549,1,1,1,1,1,0
USER_002550,1,1,1,1,1,0
USER_002551,1,1,1,1,1,0
USER_002552,1,1,1,1,1,0
USER_002553,1,1,1,1,1,0
USER_002554,1,1,1,1,1,0
USER_002555,1,1,1,1,1,0
USER_002556,1,1,1,1,1,0
USER_002557,1,1,1,1,1,0
USER_002558,1,1,1,1,1,0
USER_002559,1,1,1,1,1,0
USER_002560,1,1,1,1,1,0
USER_002561,1,1,1,1,1,0
USER_002562,1,1,1,1,1,0
USER_002563,1,1,1,1,1,0
USER_002564,1,1,1,1,1,0
USER_002565,1,1,1,1,1,0
USER_002566,1,1,1,1,1,0
USER_002567,1,1,1,1,1,0
USER_002568,1,1,1,1,1,0
USER_002569,1,1,1,1,1,0
USER_002570,1,1,1,1,1,0
USER_002571,1,1,1,1,1,0
USER_002572,1,1,1,1,1,0
USER_002573,1,1,1,1,1,0
USER_002574,1,1,1,1,1,0
USER_002575,1,1,1,1,1,0
USER_002576,1,1,1,1,1,0
USER_002577,1,1,1,1,1,0
USER_002578,1,1,1,1,1,0
USER_002579,1,1,1,1,1,0
USER_002580,1,1,1,1,1,0
USER_002581,1,1,1,1,1,0
USER_002582,1,1,1,1,1,0
USER_002583,1,1,1,1,1,0
USER_002584,1,1,1,1,1,0
USER_002585,1,1,1,1,1,0
USER_002586,1,1,1,1,1,0
USER_002587,1,1,1,1,1,0
USER_002588,1,1,1,1,1,0
USER_002589,1,1,1,1,1,0
USER_002590,1,1,1,1,1,0
USER_002591,1,1,1,1,1,0
USER_002592,1,1,1,1,1,0
USER_002593,1,1,1,1,1,0
USER_002594,1,1,1,1,1,0
USER_002595,1,1,1,1,1,0
USER_002596,1,1,1,1,1,0
USER_002597,1,1,1,1,1,0
USER_002598,1,1,1,1,1,0
USER_002599,1,1,1,1,1,0
USER_002600,1,1,1,1,1,0
USER_002601,1,1,1,1,1,0
USER_002602,1,1,1,1,1,0
USER_002603,1,1,1,1,1,0
USER_002604,1,1,1,1,1,0
USER_002605,1,1,1,1,1,0
USER_002606,1,1,1,1,1,0
USER_002607,1,1,1,1,1,0
USER_002608,1,1,1,1,1,0
USER_002609,1,1,1,1,1,0
USER_002610,1,1,1,1,1,0
USER_002611,1,1,1,1,1,0
USER_002612,1,1,1,1,1,0
USER_002613,1,1,1,1,1,0
USER_002614,1,1,1,1,1,0
USER_002615,1,1,1,1,1,0
USER_002616,1,1,1,1,1,0
USER_002617,1,1,1,1,1,0
USER_002618,1,1,1,1,1,0
USER_002619,1,1,1,1,1,0
USER_002620,1,1,1,1,1,0
USER_002621,1,1,1,1,1,0
USER_002622,1,1,1,1,1,0
USER_002623,1,1,1,1,1,0
USER_002624,1,1,1,1,1,0
USER_002625,1,1,1,1,1,0
USER_002626,1,1,1,1,1,0
USER_002627,1,1,1,1,1,0
USER_002628,1,1,1,1,1,0
USER_002629,1,1,1,1,1,0
USER_002630,1,1,1,1,1,0
USER_002631,1,1,1,1,1,0
USER_002632,1,1,1,1,1,0
USER_002633,1,1,1,1,1,0
USER_002634,1,1,1,1,1,0
USER_002635,1,1,1,1,1,0
USER_002636,1,1,1,1,1,0
USER_002637,1,1,1,1,1,0
USER_002638,1,1,1,1,1,0
USER_002639,1,1,1,1,1,0
USER_002640,1,1,1,1,1,0
USER_002641,1,1,1,1,1,0
USER_002642,1,1,1,1,1,0
USER_002643,1,1,1,1,1,0
USER_002644,1,1,1,1,1,0
USER_002645,1,1,1,1,1,0
USER_002646,1,1,1,1,1,0
USER_002647,1,1,1,1,1,0
USER_002648,1,1,1,1,1,0
USER_002649,1,1,1,1,1,0
USER_002650,1,1,1,1,1,0
USER_002651,1,1,1,1,1,0
USER_002652,1,1,1,1,1,0
USER_002653,1,1,1,1,1,0
USER_002654,1,1,1,1,1,0
USER_002655,1,1,1,1,1,0
USER_002656,1,1,1,1,1,0
USER_002657,1,1,1,1,1,0
USER_002658,1,1,1,1,1,0
USER_002659,1,1,1,1,1,0
USER_002660,1,1,1,1,1,0
USER_002661,1,1,1,1,1,0
USER_002662,1,1,1,1,1,0
USER_002663,1,1,1,1,1,0
USER_002664,1,1,1,1,1,0
USER_002665,1,1,1,1,1,0
USER_002666,1,1,1,1,1,0
USER_002667,1,1,1,1,1,0
USER_002668,1,1,1,1,1,0
USER_002669,1,1,1,1,1,0
USER_002670,1,1,1,1,1,0
USER_002671,1,1,1,1,1,0
USER_002672,1,1,1,1,1,0
USER_002673,1,1,1,1,1,0
USER_002674,1,1,1,1,1,0
USER_002675,1,1,1,1,1,0
USER_002676,1,1,1,1,1,0
USER_002677,1,1,1,1,1,0
USER_002678,1,1,1,1,1,0
USER_002679,1,1,1,1,1,0
USER_002680,1,1,1,1,1,0
USER_002681,1,1,1,1,1,0
USER_002682,1,1,1,1,1,0
USER_002683,1,1,1,1,1,0
USER_002684,1,1,1,1,1,0
USER_002685,1,1,1,1,1,0
USER_002686,1,1,1,1,1,0
USER_002687,1,1,1,1,1,0
USER_002688,1,1,1,1,1,0
USER_002689,1,1,1,1,1,0
USER_002690,1,1,1,1,1,0
USER_002691,1,1,1,1,1,0
USER_002692,1,1,1,1,1,0
USER_002693,1,1,1,1,1,0
USER_002694,1,1,1,1,1,0
USER_002695,1,1,1,1,1,0
USER_002696,1,1,1,1,1,0
USER_002697,1,1,1,1,1,0
USER_002698,1,1,1,1,1,0
USER_002699,1,1,1,1,1,0
USER_002700,1,1,1,1,1,0
USER_002701,1,1,1,1,1,0
USER_002702,1,1,1,1,1,0
USER_002703,1,1,1,1,1,0
USER_002704,1,1,1,1,1,0
USER_002705,1,1,1,1,1,0
USER_002706,1,1,1,1,1,0
USER_002707,1,1,1,1,1,0
USER_002708,1,1,1,1,1,0
USER_002709,1,1,1,1,1,0
USER_002710,1,1,1,1,1,0
USER_002711,1,1,1,1,1,0
USER_002712,1,1,1,1,1,0
USER_002713,1,1,1,1,1,0
USER_002714,1,1,1,1,1,0
USER_002715,1,1,1,1,1,0
USER_002716,1,1,1,1,1,0
USER_002717,1,1,1,1,1,0
USER_002718,1,1,1,1,1,0
USER_002719,1,1,1,1,1,0
USER_002720,1,1,1,1,1,0
USER_002721,1,1,1,1,1,0
USER_002722,1,1,1,1,1,0
USER_002723,1,1,1,1,1,0
USER_002724,1,1,1,1,1,0
USER_002725,1,1,1,1,1,0
USER_002726,1,1,1,1,1,0
USER_002727,1,1,1,1,1,0
USER_002728,1,1,1,1,1,0
USER_002729,1,1,1,1,1,0
USER_002730,1,1,1,1,1,0
USER_002731,1,1,1,1,1,0
USER_002732,1,1,1,1,1,0
USER_002733,1,1,1,1,1,0
USER_002734,1,1,1,1,1,0
USER_002735,1,1,1,1,1,0
USER_002736,1,1,1,1,1,0
USER_002737,1,1,1,1,1,0
USER_002738,1,1,1,1,1,0
USER_002739,1,1,1,1,1,0
USER_002740,1,1,1,1,1,0
USER_002741,1,1,1,1,1,0
USER_002742,1,1,1,1,1,0
USER_002743,1,1,1,1,1,0
USER_002744,1,1,1,1,1,0
USER_002745,1,1,1,1,1,0
USER_002746,1,1,1,1,1,0
USER_002747,1,1,1,1,1,0
USER_002748,1,1,1,1,1,0
USER_002749,1,1,1,1,1,0
USER_002750,1,1,1,1,1,0
USER_002751,1,1,1,1,1,0
USER_002752,1,1,1,1,1,0
USER_002753,1,1,1,1,1,0
USER_002754,1,1,1,1,1,0
USER_002755,1,1,1,1,1,0
USER_002756,1,1,1,1,1,0
USER_002757,1,1,1,1,1,0
USER_002758,1,1,1,1,1,0
USER_002759,1,1,1,1,1,0
USER_002760,1,1,1,1,1,0
USER_002761,1,1,1,1,1,0
USER_002762,1,1,1,1,1,0
USER_002763,1,1,1,1,1,0
USER_002764,1,1,1,1,1,0
USER_002765,1,1,1,1,1,0
USER_002766,1,1,1,1,1,0
USER_002767,1,1,1,1,1,0
USER_002768,1,1,1,1,1,0
USER_002769,1,1,1,1,1,0
USER_002770,1,1,1,1,1,0
USER_002771,1,1,1,1,1,0
USER_002772,1,1,1,1,1,0
USER_002773,1,1,1,1,1,0
USER_002774,1,1,1,1,1,0
USER_002775,1,1,1,1,1,0
USER_002776,1,1,1,1,1,0
USER_002777,1,1,1,1,1,0
USER_002778,1,1,1,1,1,0
USER_002779,1,1,1,1,1,0
USER_002780,1,1,1,1,1,0
USER_002781,1,1,1,1,1,0
USER_002782,1,1,1,1,1,0
USER_002783,1,1,1,1,1,0
USER_002784,1,1,1,1,1,0
USER_002785,1,1,1,1,1,0
USER_002786,1,1,1,1,1,0
USER_002787,1,1,1,1,1,0
USER_002788,1,1,1,1,1,0
USER_002789,1,1,1,1,1,0
USER_002790,1,1,1,1,1,0
USER_002791,1,1,1,1,1,0
USER_002792,1,1,1,1,1,0
USER_002793,1,1,1,1,1,0
USER_002794,1,1,1,1,1,0
USER_002795,1,1,1,1,1,0
USER_002796,1,1,1,1,1,0
USER_002797,1,1,1,1,1,0
USER_002798,1,1,1,1,1,0
USER_002799,1,1,1,1,1,0
USER_002800,1,1,1,1,1,0
USER_002801,1,1,1,1,1,0
USER_002802,1,1,1,1,1,0
USER_002803,1,1,1,1,1,0
USER_002804,1,1,1,1,1,0
USER_002805,1,1,1,1,1,0
USER_002806,1,1,1,1,1,0
USER_002807,1,1,1,1,1,0
USER_002808,1,1,1,1,1,0
USER_002809,1,1,1,1,1,0
USER_002810,1,1,1,1,1,0
USER_002811,1,1,1,1,1,0
USER_002812,1,1,1,1,1,0
USER_002813,1,1,1,1,1,0
USER_002814,1,1,1,1,1,0
USER_002815,1,1,1,1,1,0
USER_002816,1,1,1,1,1,0
USER_002817,1,1,1,1,1,0
USER_002818,1,1,1,1,1,0
USER_002819,1,1,1,1,1,0
USER_002820,1,1,1,1,1,0
USER_002821,1,1,1,1,1,0
USER_002822,1,1,1,1,1,0
USER_002823,1,1,1,1,1,0
USER_002824,1,1,1,1,1,0
USER_002825,1,1,1,1,1,0
USER_002826,1,1,1,1,1,0
USER_002827,1,1,1,1,1,0
USER_002828,1,1,1,1,1,0
USER_002829,1,1,1,1,1,0
USER_002830,1,1,1,1,1,0
USER_002831,1,1,1,1,1,0
USER_002832,1,1,1,1,1,0
USER_002833,1,1,1,1,1,0
USER_002834,1,1,1,1,1,0
USER_002835,1,1,1,1,1,0
USER_002836,1,1,1,1,1,0
USER_002837,1,1,1,1,1,0
USER_002838,1,1,1,1,1,0
USER_002839,1,1,1,1,1,0
USER_002840,1,1,1,1,1,0
USER_002841,1,1,1,1,1,0
USER_002842,1,1,1,1,1,0
USER_002843,1,1,1,1,1,0
USER_002844,1,1,1,1,1,0
USER_002845,1,1,1,1,1,0
USER_002846,1,1,1,1,1,0
USER_002847,1,1,1,1,1,0
USER_002848,1,1,1,1,1,0
USER_002849,1,1,1,1,1,0
USER_002850,1,1,1,1,1,0
USER_002851,1,1,1,1,1,0
USER_002852,1,1,1,1,1,0
USER_002853,1,1,1,1,1,0
USER_002854,1,1,1,1,1,0
USER_002855,1,1,1,1,1,0
USER_002856,1,1,1,1,1,0
USER_002857,1,1,1,1,1,0
USER_002858,1,1,1,1,1,0
USER_002859,1,1,1,1,1,0
USER_002860,1,1,1,1,1,0
USER_002861,1,1,1,1,1,0
USER_002862,1,1,1,1,1,0
USER_002863,1,1,1,1,1,0
USER_002864,1,1,1,1,1,0
USER_002865,1,1,1,1,1,0
USER_002866,1,1,1,1,1,0
USER_002867,1,1,1,1,1,0
USER_002868,1,1,1,1,1,0
USER_002869,1,1,1,1,1,0
USER_002870,1,1,1,1,1,0
USER_002871,1,1,1,1,1,0
USER_002872,1,1,1,1,1,0
USER_002873,1,1,1,1,1,0
USER_002874,1,1,1,1,1,0
USER_002875,1,1,1,1,1,0
USER_002876,1,1,1,1,1,0
USER_002877,1,1,1,1,1,0
USER_002878,1,1,1,1,1,0
USER_002879,1,1,1,1,1,0
USER_002880,1,1,1,1,1,0
USER_002881,1,1,1,1,1,0
USER_002882,1,1,1,1,1,0
USER_002883,1,1,1,1,1,0
USER_002884,1,1,1,1,1,0
USER_002885,1,1,1,1,1,0
USER_002886,1,1,1,1,1,0
USER_002887,1,1,1,1,1,0
USER_002888,1,1,1,1,1,0
USER_002889,1,1,1,1,1,0
USER_002890,1,1,1,1,1,0
USER_002891,1,1,1,1,1,0
USER_002892,1,1,1,1,1,0
USER_002893,1,1,1,1,1,0
USER_002894,1,1,1,1,1,0
USER_002895,1,1,1,1,1,0
USER_002896,1,1,1,1,1,0
USER_002897,1,1,1,1,1,0
USER_002898,1,1,1,1,1,0
USER_002899,1,1,1,1,1,0
USER_002900,1,1,1,1,1,0
USER_002901,1,1,1,1,1,0
USER_002902,1,1,1,1,1,0
USER_002903,1,1,1,1,1,0
USER_002904,1,1,1,1,1,0
USER_002905,1,1,1,1,1,0
USER_002906,1,1,1,1,1,0
USER_002907,1,1,1,1,1,0
USER_002908,1,1,1,1,1,0
USER_002909,1,1,1,1,1,0
USER_002910,1,1,1,1,1,0
USER_002911,1,1,1,1,1,0
USER_002912,1,1,1,1,1,0
USER_002913,1,1,1,1,1,0
USER_002914,1,1,1,1,1,0
USER_002915,1,1,1,1,1,0
USER_002916,1,1,1,1,1,0
USER_002917,1,1,1,1,1,0
USER_002918,1,1,1,1,1,0
USER_002919,1,1,1,1,1,0
USER_002920,1,1,1,1,1,0
USER_002921,1,1,1,1,1,0
USER_002922,1,1,1,1,1,0
USER_002923,1,1,1,1,1,0
USER_002924,1,1,1,1,1,0
USER_002925,1,1,1,1,1,0
USER_002926,1,1,1,1,1,0
USER_002927,1,1,1,1,1,0
USER_002928,1,1,1,1,1,0
USER_002929,1,1,1,1,1,0
USER_002930,1,1,1,1,1,0
USER_002931,1,1,1,1,1,0
USER_002932,1,1,1,1,1,0
USER_002933,1,1,1,1,1,0
USER_002934,1,1,1,1,1,0
USER_002935,1,1,1,1,1,0
USER_002936,1,1,1,1,1,0
USER_002937,1,1,1,1,1,0
USER_002938,1,1,1,1,1,0
USER_002939,1,1,1,1,1,0
USER_002940,1,1,1,1,1,0
USER_002941,1,1,1,1,1,0
USER_002942,1,1,1,1,1,0
USER_002943,1,1,1,1,1,0
USER_002944,1,1,1,1,1,0
USER_002945,1,1,1,1,1,0
USER_002946,1,1,1,1,1,0
USER_002947,1,1,1,1,1,0
USER_002948,1,1,1,1,1,0
USER_002949,1,1,1,1,1,0
USER_002950,1,1,1,1,1,0
USER_002951,1,1,1,1,1,0
USER_002952,1,1,1,1,1,0
USER_002953,1,1,1,1,1,0
USER_002954,1,1,1,1,1,0
USER_002955,1,1,1,1,1,0
USER_002956,1,1,1,1,1,0
USER_002957,1,1,1,1,1,0
USER_002958,1,1,1,1,1,0
USER_002959,1,1,1,1,1,0
USER_002960,1,1,1,1,1,0
USER_002961,1,1,1,1,1,0
USER_002962,1,1,1,1,1,0
USER_002963,1,1,1,1,1,0
USER_002964,1,1,1,1,1,0
USER_002965,1,1,1,1,1,0
USER_002966,1,1,1,1,1,0
USER_002967,1,1,1,1,1,0
USER_002968,1,1,1,1,1,0
USER_002969,1,1,1,1,1,0
USER_002970,1,1,1,1,1,0
USER_002971,1,1,1,1,1,0
USER_002972,1,1,1,1,1,0
USER_002973,1,1,1,1,1,0
USER_002974,1,1,1,1,1,0
USER_002975,1,1,1,1,1,0
USER_002976,1,1,1,1,1,0
USER_002977,1,1,1,1,1,0
USER_002978,1,1,1,1,1,0
USER_002979,1,1,1,1,1,0
USER_002980,1,1,1,1,1,0
USER_002981,1,1,1,1,1,0
USER_002982,1,1,1,1,1,0
USER_002983,1,1,1,1,1,0
USER_002984,1,1,1,1,1,0
USER_002985,1,1,1,1,1,0
USER_002986,1,1,1,1,1,0
USER_002987,1,1,1,1,1,0
USER_002988,1,1,1,1,1,0
USER_002989,1,1,1,1,1,0
USER_002990,1,1,1,1,1,0
USER_002991,1,1,1,1,1,0
USER_002992,1,1,1,1,1,0
USER_002993,1,1,1,1,1,0
USER_002994,1,1,1,1,1,0
USER_002995,1,1,1,1,1,0
USER_002996,1,1,1,1,1,0
USER_002997,1,1,1,1,1,0
USER_002998,1,1,1,1,1,0
USER_002999,1,1,1,1,1,0
USER_003000,1,1,1,1,1,0
USER_003001,1,1,1,1,1,0
USER_003002,1,1,1,1,1,0
USER_003003,1,1,1,1,1,0
USER_003004,1,1,1,1,1,0
USER_003005,1,1,1,1,1,0
USER_003006,1,1,1,1,1,0
USER_003007,1,1,1,1,1,0
USER_003008,1,1,1,1,1,0
USER_003009,1,1,1,1,1,0
USER_003010,1,1,1,1,1,0
USER_003011,1,1,1,1,1,0
USER_003012,1,1,1,1,1,0
USER_003013,1,1,1,1,1,0
USER_003014,1,1,1,1,1,0
USER_003015,1,1,1,1,1,0
USER_003016,1,1,1,1,1,0
USER_003017,1,1,1,1,1,0
USER_003018,1,1,1,1,1,0
USER_003019,1,1,1,1,1,0
USER_003020,1,1,1,1,1,0
USER_003021,1,1,1,1,1,0
USER_003022,1,1,1,1,1,0
USER_003023,1,1,1,1,1,0
USER_003024,1,1,1,1,1,0
USER_003025,1,1,1,1,1,0
USER_003026,1,1,1,1,1,0
USER_003027,1,1,1,1,1,0
USER_003028,1,1,1,1,1,0
USER_003029,1,1,1,1,1,0
USER_003030,1,1,1,1,1,0
USER_003031,1,1,1,1,1,0
USER_003032,1,1,1,1,1,0
USER_003033,1,1,1,1,1,0
USER_003034,1,1,1,1,1,0
USER_003035,1,1,1,1,1,0
USER_003036,1,1,1,1,1,0
USER_003037,1,1,1,1,1,0
USER_003038,1,1,1,1,1,0
USER_003039,1,1,1,1,1,0
USER_003040,1,1,1,1,1,0
USER_003041,1,1,1,1,1,0
USER_003042,1,1,1,1,1,0
USER_003043,1,1,1,1,1,0
USER_003044,1,1,1,1,1,0
USER_003045,1,1,1,1,1,0
USER_003046,1,1,1,1,1,0
USER_003047,1,1,1,1,1,0
USER_003048,1,1,1,1,1,0
USER_003049,1,1,1,1,1,0
USER_003050,1,1,1,1,1,0
USER_003051,1,1,1,1,1,0
USER_003052,1,1,1,1,1,0
USER_003053,1,1,1,1,1,0
USER_003054,1,1,1,1,1,0
USER_003055,1,1,1,1,1,0
USER_003056,1,1,1,1,1,0
USER_003057,1,1,1,1,1,0
USER_003058,1,1,1,1,1,0
USER_003059,1,1,1,1,1,0
USER_003060,1,1,1,1,1,0
USER_003061,1,1,1,1,1,0
USER_003062,1,1,1,1,1,0
USER_003063,1,1,1,1,1,0
USER_003064,1,1,1,1,1,0
USER_003065,1,1,1,1,1,0
USER_003066,1,1,1,1,1,0
USER_003067,1,1,1,1,1,0
USER_003068,1,1,1,1,1,0
USER_003069,1,1,1,1,1,0
USER_003070,1,1,1,1,1,0
USER_003071,1,1,1,1,1,0
USER_003072,1,1,1,1,1,0
USER_003073,1,1,1,1,1,0
USER_003074,1,1,1,1,1,0
USER_003075,1,1,1,1,1,0
USER_003076,1,1,1,1,1,0
USER_003077,1,1,1,1,1,0
USER_003078,1,1,1,1,1,0
USER_003079,1,1,1,1,1,0
USER_003080,1,1,1,1,1,0
USER_003081,1,1,1,1,1,0
USER_003082,1,1,1,1,1,0
USER_003083,1,1,1,1,1,0
USER_003084,1,1,1,1,1,0
USER_003085,1,1,1,1,1,0
USER_003086,1,1,1,1,1,0
USER_003087,1,1,1,1,1,0
USER_003088,1,1,1,1,1,0
USER_003089,1,1,1,1,1,0
USER_003090,1,1,1,1,1,0
USER_003091,1,1,1,1,1,0
USER_003092,1,1,1,1,1,0
USER_003093,1,1,1,1,1,0
USER_003094,1,1,1,1,1,0
USER_003095,1,1,1,1,1,0
USER_003096,1,1,1,1,1,0
USER_003097,1,1,1,1,1,0
USER_003098,1,1,1,1,1,0
USER_003099,1,1,1,1,1,0
USER_003100,1,1,1,1,1,0
USER_003101,1,1,1,1,1,0
USER_003102,1,1,1,1,1,0
USER_003103,1,1,1,1,1,0
USER_003104,1,1,1,1,1,0
USER_003105,1,1,1,1,1,0
USER_003106,1,1,1,1,1,0
USER_003107,1,1,1,1,1,0
USER_003108,1,1,1,1,1,0
USER_003109,1,1,1,1,1,0
USER_003110,1,1,1,1,1,0
USER_003111,1,1,1,1,1,0
USER_003112,1,1,1,1,1,0
USER_003113,1,1,1,1,1,0
USER_003114,1,1,1,1,1,0
USER_003115,1,1,1,1,1,0
USER_003116,1,1,1,1,1,0
USER_003117,1,1,1,1,1,0
USER_003118,1,1,1,1,1,0
USER_003119,1,1,1,1,1,0
USER_003120,1,1,1,1,1,0
USER_003121,1,1,1,1,1,0
USER_003122,1,1,1,1,1,0
USER_003123,1,1,1,1,1,0
USER_003124,1,1,1,1,1,0
USER_003125,1,1,1,1,1,0
USER_003126,1,1,1,1,1,0
USER_003127,1,1,1,1,1,0
USER_003128,1,1,1,1,1,0
USER_003129,1,1,1,1,1,0
USER_003130,1,1,1,1,1,0
USER_003131,1,1,1,1,1,0
USER_003132,1,1,1,1,1,0
USER_003133,1,1,1,1,1,0
USER_003134,1,1,1,1,1,0
USER_003135,1,1,1,1,1,0
USER_003136,1,1,1,1,1,0
USER_003137,1,1,1,1,1,0
USER_003138,1,1,1,1,1,0
USER_003139,1,1,1,1,1,0
USER_003140,1,1,1,1,1,0
USER_003141,1,1,1,1,1,0
USER_003142,1,1,1,1,1,0
USER_003143,1,1,1,1,1,0
USER_003144,1,1,1,1,1,0
USER_003145,1,1,1,1,1,0
USER_003146,1,1,1,1,1,0
USER_003147,1,1,1,1,1,0
USER_003148,1,1,1,1,1,0
USER_003149,1,1,1,1,1,0
USER_003150,1,1,1,1,1,0
USER_003151,1,1,1,1,1,0
USER_003152,1,1,1,1,1,0
USER_003153,1,1,1,1,1,0
USER_003154,1,1,1,1,1,0
USER_003155,1,1,1,1,1,0
USER_003156,1,1,1,1,1,0
USER_003157,1,1,1,1,1,0
USER_003158,1,1,1,1,1,0
USER_003159,1,1,1,1,1,0
USER_003160,1,1,1,1,1,0
USER_003161,1,1,1,1,1,0
USER_003162,1,1,1,1,1,0
USER_003163,1,1,1,1,1,0
USER_003164,1,1,1,1,1,0
USER_003165,1,1,1,1,1,0
USER_003166,1,1,1,1,1,0
USER_003167,1,1,1,1,1,0
USER_003168,1,1,1,1,1,0
USER_003169,1,1,1,1,1,0
USER_003170,1,1,1,1,1,0
USER_003171,1,1,1,1,1,0
USER_003172,1,1,1,1,1,0
USER_003173,1,1,1,1,1,0
USER_003174,1,1,1,1,1,0
USER_003175,1,1,1,1,1,0
USER_003176,1,1,1,1,1,0
USER_003177,1,1,1,1,1,0
USER_003178,1,1,1,1,1,0
USER_003179,1,1,1,1,1,0
USER_003180,1,1,1,1,1,0
USER_003181,1,1,1,1,1,0
USER_003182,1,1,1,1,1,0
USER_003183,1,1,1,1,1,0
USER_003184,1,1,1,1,1,0
USER_003185,1,1,1,1,1,0
USER_003186,1,1,1,1,1,0
USER_003187,1,1,1,1,1,0
USER_003188,1,1,1,1,1,0
USER_003189,1,1,1,1,1,0
USER_003190,1,1,1,1,1,0
USER_003191,1,1,1,1,1,0
USER_003192,1,1,1,1,1,0
USER_003193,1,1,1,1,1,0
USER_003194,1,1,1,1,1,0
USER_003195,1,1,1,1,1,0
USER_003196,1,1,1,1,1,0
USER_003197,1,1,1,1,1,0
USER_003198,1,1,1,1,1,0
USER_003199,1,1,1,1,1,0
USER_003200,1,1,1,1,1,0
USER_003201,1,1,1,1,1,0
USER_003202,1,1,1,1,1,0
USER_003203,1,1,1,1,1,0
USER_003204,1,1,1,1,1,0
USER_003205,1,1,1,1,1,0
USER_003206,1,1,1,1,1,0
USER_003207,1,1,1,1,1,0
USER_003208,1,1,1,1,1,0
USER_003209,1,1,1,1,1,0
USER_003210,1,1,1,1,1,0
USER_003211,1,1,1,1,1,0
USER_003212,1,1,1,1,1,0
USER_003213,1,1,1,1,1,0
USER_003214,1,1,1,1,1,0
USER_003215,1,1,1,1,1,0
USER_003216,1,1,1,1,1,0
USER_003217,1,1,1,1,1,0
USER_003218,1,1,1,1,1,0
USER_003219,1,1,1,1,1,0
USER_003220,1,1,1,1,1,0
USER_003221,1,1,1,1,1,0
USER_003222,1,1,1,1,1,0
USER_003223,1,1,1,1,1,0
USER_003224,1,1,1,1,1,0
USER_003225,1,1,1,1,1,0
USER_003226,1,1,1,1,1,0
USER_003227,1,1,1,1,1,0
USER_003228,1,1,1,1,1,0
USER_003229,1,1,1,1,1,0
USER_003230,1,1,1,1,1,0
USER_003231,1,1,1,1,1,0
USER_003232,1,1,1,1,1,0
USER_003233,1,1,1,1,1,0
USER_003234,1,1,1,1,1,0
USER_003235,1,1,1,1,1,0
USER_003236,1,1,1,1,1,0
USER_003237,1,1,1,1,1,0
USER_003238,1,1,1,1,1,0
USER_003239,1,1,1,1,1,0
USER_003240,1,1,1,1,1,0
USER_003241,1,1,1,1,1,0
USER_003242,1,1,1,1,1,0
USER_003243,1,1,1,1,1,0
USER_003244,1,1,1,1,1,0
USER_003245,1,1,1,1,1,0
USER_003246,1,1,1,1,1,0
USER_003247,1,1,1,1,1,0
USER_003248,1,1,1,1,1,0
USER_003249,1,1,1,1,1,0
USER_003250,1,1,1,1,1,0
USER_003251,1,1,1,1,1,0
USER_003252,1,1,1,1,1,0
USER_003253,1,1,1,1,1,0
USER_003254,1,1,1,1,1,0
USER_003255,1,1,1,1,1,0
USER_003256,1,1,1,1,1,0
USER_003257,1,1,1,1,1,0
USER_003258,1,1,1,1,1,0
USER_003259,1,1,1,1,1,0
USER_003260,1,1,1,1,1,0
USER_003261,1,1,1,1,1,0
USER_003262,1,1,1,1,1,0
USER_003263,1,1,1,1,1,0
USER_003264,1,1,1,1,1,0
USER_003265,1,1,1,1,1,0
USER_003266,1,1,1,1,1,0
USER_003267,1,1,1,1,1,0
USER_003268,1,1,1,1,1,0
USER_003269,1,1,1,1,1,0
USER_003270,1,1,1,1,1,0
USER_003271,1,1,1,1,1,0
USER_003272,1,1,1,1,1,0
USER_003273,1,1,1,1,1,0
USER_003274,1,1,1,1,1,0
USER_003275,1,1,1,1,1,0
USER_003276,1,1,1,1,1,0
USER_003277,1,1,1,1,1,0
USER_003278,1,1,1,1,1,0
USER_003279,1,1,1,1,1,0
USER_003280,1,1,1,1,1,0
USER_003281,1,1,1,1,1,0
USER_003282,1,1,1,1,1,0
USER_003283,1,1,1,1,1,0
USER_003284,1,1,1,1,1,0
USER_003285,1,1,1,1,1,0
USER_003286,1,1,1,1,1,0
USER_003287,1,1,1,1,1,0
USER_003288,1,1,1,1,1,0
USER_003289,1,1,1,1,1,0
USER_003290,1,1,1,1,1,0
USER_003291,1,1,1,1,1,0
USER_003292,1,1,1,1,1,0
USER_003293,1,1,1,1,1,0
USER_003294,1,1,1,1,1,0
USER_003295,1,1,1,1,1,0
USER_003296,1,1,1,1,1,0
USER_003297,1,1,1,1,1,0
USER_003298,1,1,1,1,1,0
USER_003299,1,1,1,1,1,0
USER_003300,1,1,1,1,1,0
USER_003301,1,1,1,1,1,0
USER_003302,1,1,1,1,1,0
USER_003303,1,1,1,1,1,0
USER_003304,1,1,1,1,1,0
USER_003305,1,1,1,1,1,0
USER_003306,1,1,1,1,1,0
USER_003307,1,1,1,1,1,0
USER_003308,1,1,1,1,1,0
USER_003309,1,1,1,1,1,0
USER_003310,1,1,1,1,1,0
USER_003311,1,1,1,1,1,0
USER_003312,1,1,1,1,1,0
USER_003313,1,1,1,1,1,0
USER_003314,1,1,1,1,1,0
USER_003315,1,1,1,1,1,0
USER_003316,1,1,1,1,1,0
USER_003317,1,1,1,1,1,0
USER_003318,1,1,1,1,1,0
USER_003319,1,1,1,1,1,0
USER_003320,1,1,1,1,1,0
USER_003321,1,1,1,1,1,0
USER_003322,1,1,1,1,1,0
USER_003323,1,1,1,1,1,0
USER_003324,1,1,1,1,1,0
USER_003325,1,1,1,1,1,0
USER_003326,1,1,1,1,1,0
USER_003327,1,1,1,1,1,0
USER_003328,1,1,1,1,1,0
USER_003329,1,1,1,1,1,0
USER_003330,1,1,1,1,1,0
USER_003331,1,1,1,1,1,0
USER_003332,1,1,1,1,1,0
USER_003333,1,1,1,1,1,0
USER_003334,1,1,1,1,1,0
USER_003335,1,1,1,1,1,0
USER_003336,1,1,1,1,1,0
USER_003337,1,1,1,1,1,0
USER_003338,1,1,1,1,1,0
USER_003339,1,1,1,1,1,0
USER_003340,1,1,1,1,1,0
USER_003341,1,1,1,1,1,0
USER_003342,1,1,1,1,1,0
USER_003343,1,1,1,1,1,0
USER_003344,1,1,1,1,1,0
USER_003345,1,1,1,1,1,0
USER_003346,1,1,1,1,1,0
USER_003347,1,1,1,1,1,0
USER_003348,1,1,1,1,1,0
USER_003349,1,1,1,1,1,0
USER_003350,1,1,1,1,1,0
USER_003351,1,1,1,1,1,0
USER_003352,1,1,1,1,1,0
USER_003353,1,1,1,1,1,0
USER_003354,1,1,1,1,1,0
USER_003355,1,1,1,1,1,0
USER_003356,1,1,1,1,1,0
USER_003357,1,1,1,1,1,0
USER_003358,1,1,1,1,1,0
USER_003359,1,1,1,1,1,0
USER_003360,1,1,1,1,1,0
USER_003361,1,1,1,1,1,0
USER_003362,1,1,1,1,1,0
USER_003363,1,1,1,1,1,0
USER_003364,1,1,1,1,1,0
USER_003365,1,1,1,1,1,0
USER_003366,1,1,1,1,1,0
USER_003367,1,1,1,1,1,0
USER_003368,1,1,1,1,1,0
USER_003369,1,1,1,1,1,0
USER_003370,1,1,1,1,1,0
USER_003371,1,1,1,1,1,0
USER_003372,1,1,1,1,1,0
USER_003373,1,1,1,1,1,0
USER_003374,1,1,1,1,1,0
USER_003375,1,1,1,1,1,0
USER_003376,1,1,1,1,1,0
USER_003377,1,1,1,1,1,0
USER_003378,1,1,1,1,1,0
USER_003379,1,1,1,1,1,0
USER_003380,1,1,1,1,1,0
USER_003381,1,1,1,1,1,0
USER_003382,1,1,1,1,1,0
USER_003383,1,1,1,1,1,0
USER_003384,1,1,1,1,1,0
USER_003385,1,1,1,1,1,0
USER_003386,1,1,1,1,1,0
USER_003387,1,1,1,1,1,0
USER_003388,1,1,1,1,1,0
USER_003389,1,1,1,1,1,0
USER_003390,1,1,1,1,1,0
USER_003391,1,1,1,1,1,0
USER_003392,1,1,1,1,1,0
USER_003393,1,1,1,1,1,0
USER_003394,1,1,1,1,1,0
USER_003395,1,1,1,1,1,0
USER_003396,1,1,1,1,1,0
USER_003397,1,1,1,1,1,0
USER_003398,1,1,1,1,1,0
USER_003399,1,1,1,1,1,0
USER_003400,1,1,1,1,1,0
USER_003401,1,1,1,1,1,0
USER_003402,1,1,1,1,1,0
USER_003403,1,1,1,1,1,0
USER_003404,1,1,1,1,1,0
USER_003405,1,1,1,1,1,0
USER_003406,1,1,1,1,1,0
USER_003407,1,1,1,1,1,0
USER_003408,1,1,1,1,1,0
USER_003409,1,1,1,1,1,0
USER_003410,1,1,1,1,1,0
USER_003411,1,1,1,1,1,0
USER_003412,1,1,1,1,1,0
USER_003413,1,1,1,1,1,0
USER_003414,1,1,1,1,1,0
USER_003415,1,1,1,1,1,0
USER_003416,1,1,1,1,1,0
USER_003417,1,1,1,1,1,0
USER_003418,1,1,1,1,1,0
USER_003419,1,1,1,1,1,0
USER_003420,1,1,1,1,1,0
USER_003421,1,1,1,1,1,0
USER_003422,1,1,1,1,1,0
USER_003423,1,1,1,1,1,0
USER_003424,1,1,1,1,1,0
USER_003425,1,1,1,1,1,0
USER_003426,1,1,1,1,1,0
USER_003427,1,1,1,1,1,0
USER_003428,1,1,1,1,1,0
USER_003429,1,1,1,1,1,0
USER_003430,1,1,1,1,1,0
USER_003431,1,1,1,1,1,0
USER_003432,1,1,1,1,1,0
USER_003433,1,1,1,1,1,0
USER_003434,1,1,1,1,1,0
USER_003435,1,1,1,1,1,0
USER_003436,1,1,1,1,1,0
USER_003437,1,1,1,1,1,0
USER_003438,1,1,1,1,1,0
USER_003439,1,1,1,1,1,0
USER_003440,1,1,1,1,1,0
USER_003441,1,1,1,1,1,0
USER_003442,1,1,1,1,1,0
USER_003443,1,1,1,1,1,0
USER_003444,1,1,1,1,1,0
USER_003445,1,1,1,1,1,0
USER_003446,1,1,1,1,1,0
USER_003447,1,1,1,1,1,0
USER_003448,1,1,1,1,1,0
USER_003449,1,1,1,1,1,0
USER_003450,1,1,1,1,1,0
USER_003451,1,1,1,1,1,0
USER_003452,1,1,1,1,1,0
USER_003453,1,1,1,1,1,0
USER_003454,1,1,1,1,1,0
USER_003455,1,1,1,1,1,0
USER_003456,1,1,1,1,1,0
USER_003457,1,1,1,1,1,0
USER_003458,1,1,1,1,1,0
USER_003459,1,1,1,1,1,0
USER_003460,1,1,1,1,1,0
USER_003461,1,1,1,1,1,0
USER_003462,1,1,1,1,1,0
USER_003463,1,1,1,1,1,0
USER_003464,1,1,1,1,1,0
USER_003465,1,1,1,1,1,0
USER_003466,1,1,1,1,1,0
USER_003467,1,1,1,1,1,0
USER_003468,1,1,1,1,1,0
USER_003469,1,1,1,1,1,0
USER_003470,1,1,1,1,1,0
USER_003471,1,1,1,1,1,0
USER_003472,1,1,1,1,1,0
USER_003473,1,1,1,1,1,0
USER_003474,1,1,1,1,1,0
USER_003475,1,1,1,1,1,0
USER_003476,1,1,1,1,1,0
USER_003477,1,1,1,1,1,0
USER_003478,1,1,1,1,1,0
USER_003479,1,1,1,1,1,0
USER_003480,1,1,1,1,1,0
USER_003481,1,1,1,1,1,0
USER_003482,1,1,1,1,1,0
USER_003483,1,1,1,1,1,0
USER_003484,1,1,1,1,1,0
USER_003485,1,1,1,1,1,0
USER_003486,1,1,1,1,1,0
USER_003487,1,1,1,1,1,0
USER_003488,1,1,1,1,1,0
USER_003489,1,1,1,1,1,0
USER_003490,1,1,1,1,1,0
USER_003491,1,1,1,1,1,0
USER_003492,1,1,1,1,1,0
USER_003493,1,1,1,1,1,0
USER_003494,1,1,1,1,1,0
USER_003495,1,1,1,1,1,0
USER_003496,1,1,1,1,1,0
USER_003497,1,1,1,1,1,0
USER_003498,1,1,1,1,1,0
USER_003499,1,1,1,1,1,0
USER_003500,1,1,1,1,1,0
USER_003501,1,1,1,1,1,0
USER_003502,1,1,1,1,1,0
USER_003503,1,1,1,1,1,0
USER_003504,1,1,1,1,1,0
USER_003505,1,1,1,1,1,0
USER_003506,1,1,1,1,1,0
USER_003507,1,1,1,1,1,0
USER_003508,1,1,1,1,1,0
USER_003509,1,1,1,1,1,0
USER_003510,1,1,1,1,1,0
USER_003511,1,1,1,1,1,0
USER_003512,1,1,1,1,1,0
USER_003513,1,1,1,1,1,0
USER_003514,1,1,1,1,1,0
USER_003515,1,1,1,1,1,0
USER_003516,1,1,1,1,1,0
USER_003517,1,1,1,1,1,0
USER_003518,1,1,1,1,1,0
USER_003519,1,1,1,1,1,0
USER_003520,1,1,1,1,1,0
USER_003521,1,1,1,1,1,0
USER_003522,1,1,1,1,1,0
USER_003523,1,1,1,1,1,0
USER_003524,1,1,1,1,1,0
USER_003525,1,1,1,1,1,0
USER_003526,1,1,1,1,1,0
USER_003527,1,1,1,1,1,0
USER_003528,1,1,1,1,1,0
USER_003529,1,1,1,1,1,0
USER_003530,1,1,1,1,1,0
USER_003531,1,1,1,1,1,0
USER_003532,1,1,1,1,1,0
USER_003533,1,1,1,1,1,0
USER_003534,1,1,1,1,1,0
USER_003535,1,1,1,1,1,0
USER_003536,1,1,1,1,1,0
USER_003537,1,1,1,1,1,0
USER_003538,1,1,1,1,1,0
USER_003539,1,1,1,1,1,0
USER_003540,1,1,1,1,1,0
USER_003541,1,1,1,1,1,0
USER_003542,1,1,1,1,1,0
USER_003543,1,1,1,1,1,0
USER_003544,1,1,1,1,1,0
USER_003545,1,1,1,1,1,0
USER_003546,1,1,1,1,1,0
USER_003547,1,1,1,1,1,0
USER_003548,1,1,1,1,1,0
USER_003549,1,1,1,1,1,0
USER_003550,1,1,1,1,1,0
USER_003551,1,1,1,1,1,0
USER_003552,1,1,1,1,1,0
USER_003553,1,1,1,1,1,0
USER_003554,1,1,1,1,1,0
USER_003555,1,1,1,1,1,0
USER_003556,1,1,1,1,1,0
USER_003557,1,1,1,1,1,0
USER_003558,1,1,1,1,1,0
USER_003559,1,1,1,1,1,0
USER_003560,1,1,1,1,1,0
USER_003561,1,1,1,1,1,0
USER_003562,1,1,1,1,1,0
USER_003563,1,1,1,1,1,0
USER_003564,1,1,1,1,1,0
USER_003565,1,1,1,1,1,0
USER_003566,1,1,1,1,1,0
USER_003567,1,1,1,1,1,0
USER_003568,1,1,1,1,1,0
USER_003569,1,1,1,1,1,0
USER_003570,1,1,1,1,1,0
USER_003571,1,1,1,1,1,0
USER_003572,1,1,1,1,1,0
USER_003573,1,1,1,1,1,0
USER_003574,1,1,1,1,1,0
USER_003575,1,1,1,1,1,0
USER_003576,1,1,1,1,1,0
USER_003577,1,1,1,1,1,0
USER_003578,1,1,1,1,1,0
USER_003579,1,1,1,1,1,0
USER_003580,1,1,1,1,1,0
USER_003581,1,1,1,1,1,0
USER_003582,1,1,1,1,1,0
USER_003583,1,1,1,1,1,0
USER_003584,1,1,1,1,1,0
USER_003585,1,1,1,1,1,0
USER_003586,1,1,1,1,1,0
USER_003587,1,1,1,1,1,0
USER_003588,1,1,1,1,1,0
USER_003589,1,1,1,1,1,0
USER_003590,1,1,1,1,1,0
USER_003591,1,1,1,1,1,0
USER_003592,1,1,1,1,1,0
USER_003593,1,1,1,1,1,0
USER_003594,1,1,1,1,1,0
USER_003595,1,1,1,1,1,0
USER_003596,1,1,1,1,1,0
USER_003597,1,1,1,1,1,0
USER_003598,1,1,1,1,1,0
USER_003599,1,1,1,1,1,0
USER_003600,1,1,1,1,1,0
USER_003601,1,1,1,1,1,0
USER_003602,1,1,1,1,1,0
USER_003603,1,1,1,1,1,0
USER_003604,1,1,1,1,1,0
USER_003605,1,1,1,1,1,0
USER_003606,1,1,1,1,1,0
USER_003607,1,1,1,1,1,0
USER_003608,1,1,1,1,1,0
USER_003609,1,1,1,1,1,0
USER_003610,1,1,1,1,1,0
USER_003611,1,1,1,1,1,0
USER_003612,1,1,1,1,1,0
USER_003613,1,1,1,1,1,0
USER_003614,1,1,1,1,1,0
USER_003615,1,1,1,1,1,0
USER_003616,1,1,1,1,1,0
USER_003617,1,1,1,1,1,0
USER_003618,1,1,1,1,1,0
USER_003619,1,1,1,1,1,0
USER_003620,1,1,1,1,1,0
USER_003621,1,1,1,1,1,0
USER_003622,1,1,1,1,1,0
USER_003623,1,1,1,1,1,0
USER_003624,1,1,1,1,1,0
USER_003625,1,1,1,1,1,0
USER_003626,1,1,1,1,1,0
USER_003627,1,1,1,1,1,0
USER_003628,1,1,1,1,1,0
USER_003629,1,1,1,1,1,0
USER_003630,1,1,1,1,1,0
USER_003631,1,1,1,1,1,0
USER_003632,1,1,1,1,1,0
USER_003633,1,1,1,1,1,0
USER_003634,1,1,1,1,1,0
USER_003635,1,1,1,1,1,0
USER_003636,1,1,1,1,1,0
USER_003637,1,1,1,1,1,0
USER_003638,1,1,1,1,1,0
USER_003639,1,1,1,1,1,0
USER_003640,1,1,1,1,1,0
USER_003641,1,1,1,1,1,0
USER_003642,1,1,1,1,1,0
USER_003643,1,1,1,1,1,0
USER_003644,1,1,1,1,1,0
USER_003645,1,1,1,1,1,0
USER_003646,1,1,1,1,1,0
USER_003647,1,1,1,1,1,0
USER_003648,1,1,1,1,1,0
USER_003649,1,1,1,1,1,0
USER_003650,1,1,1,1,1,0
USER_003651,1,1,1,1,1,0
USER_003652,1,1,1,1,1,0
USER_003653,1,1,1,1,1,0
USER_003654,1,1,1,1,1,0
USER_003655,1,1,1,1,1,0
USER_003656,1,1,1,1,1,0
USER_003657,1,1,1,1,1,0
USER_003658,1,1,1,1,1,0
USER_003659,1,1,1,1,1,0
USER_003660,1,1,1,1,1,0
USER_003661,1,1,1,1,1,0
USER_003662,1,1,1,1,1,0
USER_003663,1,1,1,1,1,0
USER_003664,1,1,1,1,1,0
USER_003665,1,1,1,1,1,0
USER_003666,1,1,1,1,1,0
USER_003667,1,1,1,1,1,0
USER_003668,1,1,1,1,1,0
USER_003669,1,1,1,1,1,0
USER_003670,1,1,1,1,1,0
USER_003671,1,1,1,1,1,0
USER_003672,1,1,1,1,1,0
USER_003673,1,1,1,1,1,0
USER_003674,1,1,1,1,1,0
USER_003675,1,1,1,1,1,0
USER_003676,1,1,1,1,1,0
USER_003677,1,1,1,1,1,0
USER_003678,1,1,1,1,1,0
USER_003679,1,1,1,1,1,0
USER_003680,1,1,1,1,1,0
USER_003681,1,1,1,1,1,0
USER_003682,1,1,1,1,1,0
USER_003683,1,1,1,1,1,0
USER_003684,1,1,1,1,1,0
USER_003685,1,1,1,1,1,0
USER_003686,1,1,1,1,1,0
USER_003687,1,1,1,1,1,0
USER_003688,1,1,1,1,1,0
USER_003689,1,1,1,1,1,0
USER_003690,1,1,1,1,1,0
USER_003691,1,1,1,1,1,0
USER_003692,1,1,1,1,1,0
USER_003693,1,1,1,1,1,0
USER_003694,1,1,1,1,1,0
USER_003695,1,1,1,1,1,0
USER_003696,1,1,1,1,1,0
USER_003697,1,1,1,1,1,0
USER_003698,1,1,1,1,1,0
USER_003699,1,1,1,1,1,0
USER_003700,1,1,1,1,1,0
USER_003701,1,1,1,1,1,0
USER_003702,1,1,1,1,1,0
USER_003703,1,1,1,1,1,0
USER_003704,1,1,1,1,1,0
USER_003705,1,1,1,1,1,0
USER_003706,1,1,1,1,1,0
USER_003707,1,1,1,1,1,0
USER_003708,1,1,1,1,1,0
USER_003709,1,1,1,1,1,0
USER_003710,1,1,1,1,1,0
USER_003711,1,1,1,1,1,0
USER_003712,1,1,1,1,1,0
USER_003713,1,1,1,1,1,0
USER_003714,1,1,1,1,1,0
USER_003715,1,1,1,1,1,0
USER_003716,1,1,1,1,1,0
USER_003717,1,1,1,1,1,0
USER_003718,1,1,1,1,1,0
USER_003719,1,1,1,1,1,0
USER_003720,1,1,1,1,1,0
USER_003721,1,1,1,1,1,0
USER_003722,1,1,1,1,1,0
USER_003723,1,1,1,1,1,0
USER_003724,1,1,1,1,1,0
USER_003725,1,1,1,1,1,0
USER_003726,1,1,1,1,1,0
USER_003727,1,1,1,1,1,0
USER_003728,1,1,1,1,1,0
USER_003729,1,1,1,1,1,0
USER_003730,1,1,1,1,1,0
USER_003731,1,1,1,1,1,0
USER_003732,1,1,1,1,1,0
USER_003733,1,1,1,1,1,0
USER_003734,1,1,1,1,1,0
USER_003735,1,1,1,1,1,0
USER_003736,1,1,1,1,1,0
USER_003737,1,1,1,1,1,0
USER_003738,1,1,1,1,1,0
USER_003739,1,1,1,1,1,0
USER_003740,1,1,1,1,1,0
USER_003741,1,1,1,1,1,0
USER_003742,1,1,1,1,1,0
USER_003743,1,1,1,1,1,0
USER_003744,1,1,1,1,1,0
USER_003745,1,1,1,1,1,0
USER_003746,1,1,1,1,1,0
USER_003747,1,1,1,1,1,0
USER_003748,1,1,1,1,1,0
USER_003749,1,1,1,1,1,0
USER_003750,1,1,1,1,1,0
USER_003751,1,1,1,1,1,0
USER_003752,1,1,1,1,1,0
USER_003753,1,1,1,1,1,0
USER_003754,1,1,1,1,1,0
USER_003755,1,1,1,1,1,0
USER_003756,1,1,1,1,1,0
USER_003757,1,1,1,1,1,0
USER_003758,1,1,1,1,1,0
USER_003759,1,1,1,1,1,0
USER_003760,1,1,1,1,1,0
USER_003761,1,1,1,1,1,0
USER_003762,1,1,1,1,1,0
USER_003763,1,1,1,1,1,0
USER_003764,1,1,1,1,1,0
USER_003765,1,1,1,1,1,0
USER_003766,1,1,1,1,1,0
USER_003767,1,1,1,1,1,0
USER_003768,1,1,1,1,1,0
USER_003769,1,1,1,1,1,0
USER_003770,1,1,1,1,1,0
USER_003771,1,1,1,1,1,0
USER_003772,1,1,1,1,1,0
USER_003773,1,1,1,1,1,0
USER_003774,1,1,1,1,1,0
USER_003775,1,1,1,1,1,0
USER_003776,1,1,1,1,1,0
USER_003777,1,1,1,1,1,0
USER_003778,1,1,1,1,1,0
USER_003779,1,1,1,1,1,0
USER_003780,1,1,1,1,1,0
USER_003781,1,1,1,1,1,0
USER_003782,1,1,1,1,1,0
USER_003783,1,1,1,1,1,0
USER_003784,1,1,1,1,1,0
USER_003785,1,1,1,1,1,0
USER_003786,1,1,1,1,1,0
USER_003787,1,1,1,1,1,0
USER_003788,1,1,1,1,1,0
USER_003789,1,1,1,1,1,0
USER_003790,1,1,1,1,1,0
USER_003791,1,1,1,1,1,0
USER_003792,1,1,1,1,1,0
USER_003793,1,1,1,1,1,0
USER_003794,1,1,1,1,1,0
USER_003795,1,1,1,1,1,0
USER_003796,1,1,1,1,1,0
USER_003797,1,1,1,1,1,0
USER_003798,1,1,1,1,1,0
USER_003799,1,1,1,1,1,0
USER_003800,1,1,1,1,1,0
USER_003801,1,1,1,1,1,0
USER_003802,1,1,1,1,1,0
USER_003803,1,1,1,1,1,0
USER_003804,1,1,1,1,1,0
USER_003805,1,1,1,1,1,0
USER_003806,1,1,1,1,1,0
USER_003807,1,1,1,1,1,0
USER_003808,1,1,1,1,1,0
USER_003809,1,1,1,1,1,0
USER_003810,1,1,1,1,1,0
USER_003811,1,1,1,1,1,0
USER_003812,1,1,1,1,1,0
USER_003813,1,1,1,1,1,0
USER_003814,1,1,1,1,1,0
USER_003815,1,1,1,1,1,0
USER_003816,1,1,1,1,1,0
USER_003817,1,1,1,1,1,0
USER_003818,1,1,1,1,1,0
USER_003819,1,1,1,1,1,0
USER_003820,1,1,1,1,1,0
USER_003821,1,1,1,1,1,0
USER_003822,1,1,1,1,1,0
USER_003823,1,1,1,1,1,0
USER_003824,1,1,1,1,1,0
USER_003825,1,1,1,1,1,0
USER_003826,1,1,1,1,1,0
USER_003827,1,1,1,1,1,0
USER_003828,1,1,1,1,1,0
USER_003829,1,1,1,1,1,0
USER_003830,1,1,1,1,1,0
USER_003831,1,1,1,1,1,0
USER_003832,1,1,1,1,1,0
USER_003833,1,1,1,1,1,0
USER_003834,1,1,1,1,1,0
USER_003835,1,1,1,1,1,0
USER_003836,1,1,1,1,1,0
USER_003837,1,1,1,1,1,0
USER_003838,1,1,1,1,1,0
USER_003839,1,1,1,1,1,0
USER_003840,1,1,1,1,1,0
USER_003841,1,1,1,1,1,0
USER_003842,1,1,1,1,1,0
USER_003843,1,1,1,1,1,0
USER_003844,1,1,1,1,1,0
USER_003845,1,1,1,1,1,0
USER_003846,1,1,1,1,1,0
USER_003847,1,1,1,1,1,0
USER_003848,1,1,1,1,1,0
USER_003849,1,1,1,1,1,0
USER_003850,1,1,1,1,1,0
USER_003851,1,1,1,1,1,0
USER_003852,1,1,1,1,1,0
USER_003853,1,1,1,1,1,0
USER_003854,1,1,1,1,1,0
USER_003855,1,1,1,1,1,0
USER_003856,1,1,1,1,1,0
USER_003857,1,1,1,1,1,0
USER_003858,1,1,1,1,1,0
USER_003859,1,1,1,1,1,0
USER_003860,1,1,1,1,1,0
USER_003861,1,1,1,1,1,0
USER_003862,1,1,1,1,1,0
USER_003863,1,1,1,1,1,0
USER_003864,1,1,1,1,1,0
USER_003865,1,1,1,1,1,0
USER_003866,1,1,1,1,1,0
USER_003867,1,1,1,1,1,0
USER_003868,1,1,1,1,1,0
USER_003869,1,1,1,1,1,0
USER_003870,1,1,1,1,1,0
USER_003871,1,1,1,1,1,0
USER_003872,1,1,1,1,1,0
USER_003873,1,1,1,1,1,0
USER_003874,1,1,1,1,1,0
USER_003875,1,1,1,1,1,0
USER_003876,1,1,1,1,1,0
USER_003877,1,1,1,1,1,0
USER_003878,1,1,1,1,1,0
USER_003879,1,1,1,1,1,0
USER_003880,1,1,1,1,1,0
USER_003881,1,1,1,1,1,0
USER_003882,1,1,1,1,1,0
USER_003883,1,1,1,1,1,0
USER_003884,1,1,1,1,1,0
USER_003885,1,1,1,1,1,0
USER_003886,1,1,1,1,1,0
USER_003887,1,1,1,1,1,0
USER_003888,1,1,1,1,1,0
USER_003889,1,1,1,1,1,0
USER_003890,1,1,1,1,1,0
USER_003891,1,1,1,1,1,0
USER_003892,1,1,1,1,1,0
USER_003893,1,1,1,1,1,0
USER_003894,1,1,1,1,1,0
USER_003895,1,1,1,1,1,0
USER_003896,1,1,1,1,1,0
USER_003897,1,1,1,1,1,0
USER_003898,1,1,1,1,1,0
USER_003899,1,1,1,1,1,0
USER_003900,1,1,1,1,1,0
USER_003901,1,1,1,1,1,0
USER_003902,1,1,1,1,1,0
USER_003903,1,1,1,1,1,0
USER_003904,1,1,1,1,1,0
USER_003905,1,1,1,1,1,0
USER_003906,1,1,1,1,1,0
USER_003907,1,1,1,1,1,0
USER_003908,1,1,1,1,1,0
USER_003909,1,1,1,1,1,0
USER_003910,1,1,1,1,1,0
USER_003911,1,1,1,1,1,0
USER_003912,1,1,1,1,1,0
USER_003913,1,1,1,1,1,0
USER_003914,1,1,1,1,1,0
USER_003915,1,1,1,1,1,0
USER_003916,1,1,1,1,1,0
USER_003917,1,1,1,1,1,0
USER_003918,1,1,1,1,1,0
USER_003919,1,1,1,1,1,0
USER_003920,1,1,1,1,1,0
USER_003921,1,1,1,1,1,0
USER_003922,1,1,1,1,1,0
USER_003923,1,1,1,1,1,0
USER_003924,1,1,1,1,1,0
USER_003925,1,1,1,1,1,0
USER_003926,1,1,1,1,1,0
USER_003927,1,1,1,1,1,0
USER_003928,1,1,1,1,1,0
USER_003929,1,1,1,1,1,0
USER_003930,1,1,1,1,1,0
USER_003931,1,1,1,1,1,0
USER_003932,1,1,1,1,1,0
USER_003933,1,1,1,1,1,0
USER_003934,1,1,1,1,1,0
USER_003935,1,1,1,1,1,0
USER_003936,1,1,1,1,1,0
USER_003937,1,1,1,1,1,0
USER_003938,1,1,1,1,1,0
USER_003939,1,1,1,1,1,0
USER_003940,1,1,1,1,1,0
USER_003941,1,1,1,1,1,0
USER_003942,1,1,1,1,1,0
USER_003943,1,1,1,1,1,0
USER_003944,1,1,1,1,1,0
USER_003945,1,1,1,1,1,0
USER_003946,1,1,1,1,1,0
USER_003947,1,1,1,1,1,0
USER_003948,1,1,1,1,1,0
USER_003949,1,1,1,1,1,0
USER_003950,1,1,1,1,1,0
USER_003951,1,1,1,1,1,0
USER_003952,1,1,1,1,1,0
USER_003953,1,1,1,1,1,0
USER_003954,1,1,1,1,1,0
USER_003955,1,1,1,1,1,0
USER_003956,1,1,1,1,1,0
USER_003957,1,1,1,1,1,0
USER_003958,1,1,1,1,1,0
USER_003959,1,1,1,1,1,0
USER_003960,1,1,1,1,1,0
USER_003961,1,1,1,1,1,0
USER_003962,1,1,1,1,1,0
USER_003963,1,1,1,1,1,0
USER_003964,1,1,1,1,1,0
USER_003965,1,1,1,1,1,0
USER_003966,1,1,1,1,1,0
USER_003967,1,1,1,1,1,0
USER_003968,1,1,1,1,1,0
USER_003969,1,1,1,1,1,0
USER_003970,1,1,1,1,1,0
USER_003971,1,1,1,1,1,0
USER_003972,1,1,1,1,1,0
USER_003973,1,1,1,1,1,0
USER_003974,1,1,1,1,1,0
USER_003975,1,1,1,1,1,0
USER_003976,1,1,1,1,1,0
USER_003977,1,1,1,1,1,0
USER_003978,1,1,1,1,1,0
USER_003979,1,1,1,1,1,0
USER_003980,1,1,1,1,1,0
USER_003981,1,1,1,1,1,0
USER_003982,1,1,1,1,1,0
USER_003983,1,1,1,1,1,0
USER_003984,1,1,1,1,1,0
USER_003985,1,1,1,1,1,0
USER_003986,1,1,1,1,1,0
USER_003987,1,1,1,1,1,0
USER_003988,1,1,1,1,1,0
USER_003989,1,1,1,1,1,0
USER_003990,1,1,1,1,1,0
USER_003991,1,1,1,1,1,0
USER_003992,1,1,1,1,1,0
USER_003993,1,1,1,1,1,0
USER_003994,1,1,1,1,1,0
USER_003995,1,1,1,1,1,0
USER_003996,1,1,1,1,1,0
USER_003997,1,1,1,1,1,0
USER_003998,1,1,1,1,1,0
USER_003999,1,1,1,1,1,0
USER_004000,1,1,1,1,1,0
USER_004001,1,1,1,1,0,0
USER_004002,1,1,1,1,0,0
USER_004003,1,1,1,1,0,0
USER_004004,1,1,1,1,0,0
USER_004005,1,1,1,1,0,0
USER_004006,1,1,1,1,0,0
USER_004007,1,1,1,1,0,0
USER_004008,1,1,1,1,0,0
USER_004009,1,1,1,1,0,0
USER_004010,1,1,1,1,0,0
USER_004011,1,1,1,1,0,0
USER_004012,1,1,1,1,0,0
USER_004013,1,1,1,1,0,0
USER_004014,1,1,1,1,0,0
USER_004015,1,1,1,1,0,0
USER_004016,1,1,1,1,0,0
USER_004017,1,1,1,1,0,0
USER_004018,1,1,1,1,0,0
USER_004019,1,1,1,1,0,0
USER_004020,1,1,1,1,0,0
USER_004021,1,1,1,1,0,0
USER_004022,1,1,1,1,0,0
USER_004023,1,1,1,1,0,0
USER_004024,1,1,1,1,0,0
USER_004025,1,1,1,1,0,0
USER_004026,1,1,1,1,0,0
USER_004027,1,1,1,1,0,0
USER_004028,1,1,1,1,0,0
USER_004029,1,1,1,1,0,0
USER_004030,1,1,1,1,0,0
USER_004031,1,1,1,1,0,0
USER_004032,1,1,1,1,0,0
USER_004033,1,1,1,1,0,0
USER_004034,1,1,1,1,0,0
USER_004035,1,1,1,1,0,0
USER_004036,1,1,1,1,0,0
USER_004037,1,1,1,1,0,0
USER_004038,1,1,1,1,0,0
USER_004039,1,1,1,1,0,0
USER_004040,1,1,1,1,0,0
USER_004041,1,1,1,1,0,0
USER_004042,1,1,1,1,0,0
USER_004043,1,1,1,1,0,0
USER_004044,1,1,1,1,0,0
USER_004045,1,1,1,1,0,0
USER_004046,1,1,1,1,0,0
USER_004047,1,1,1,1,0,0
USER_004048,1,1,1,1,0,0
USER_004049,1,1,1,1,0,0
USER_004050,1,1,1,1,0,0
USER_004051,1,1,1,1,0,0
USER_004052,1,1,1,1,0,0
USER_004053,1,1,1,1,0,0
USER_004054,1,1,1,1,0,0
USER_004055,1,1,1,1,0,0
USER_004056,1,1,1,1,0,0
USER_004057,1,1,1,1,0,0
USER_004058,1,1,1,1,0,0
USER_004059,1,1,1,1,0,0
USER_004060,1,1,1,1,0,0
USER_004061,1,1,1,1,0,0
USER_004062,1,1,1,1,0,0
USER_004063,1,1,1,1,0,0
USER_004064,1,1,1,1,0,0
USER_004065,1,1,1,1,0,0
USER_004066,1,1,1,1,0,0
USER_004067,1,1,1,1,0,0
USER_004068,1,1,1,1,0,0
USER_004069,1,1,1,1,0,0
USER_004070,1,1,1,1,0,0
USER_004071,1,1,1,1,0,0
USER_004072,1,1,1,1,0,0
USER_004073,1,1,1,1,0,0
USER_004074,1,1,1,1,0,0
USER_004075,1,1,1,1,0,0
USER_004076,1,1,1,1,0,0
USER_004077,1,1,1,1,0,0
USER_004078,1,1,1,1,0,0
USER_004079,1,1,1,1,0,0
USER_004080,1,1,1,1,0,0
USER_004081,1,1,1,1,0,0
USER_004082,1,1,1,1,0,0
USER_004083,1,1,1,1,0,0
USER_004084,1,1,1,1,0,0
USER_004085,1,1,1,1,0,0
USER_004086,1,1,1,1,0,0
USER_004087,1,1,1,1,0,0
USER_004088,1,1,1,1,0,0
USER_004089,1,1,1,1,0,0
USER_004090,1,1,1,1,0,0
USER_004091,1,1,1,1,0,0
USER_004092,1,1,1,1,0,0
USER_004093,1,1,1,1,0,0
USER_004094,1,1,1,1,0,0
USER_004095,1,1,1,1,0,0
USER_004096,1,1,1,1,0,0
USER_004097,1,1,1,1,0,0
USER_004098,1,1,1,1,0,0
USER_004099,1,1,1,1,0,0
USER_004100,1,1,1,1,0,0
USER_004101,1,1,1,1,0,0
USER_004102,1,1,1,1,0,0
USER_004103,1,1,1,1,0,0
USER_004104,1,1,1,1,0,0
USER_004105,1,1,1,1,0,0
USER_004106,1,1,1,1,0,0
USER_004107,1,1,1,1,0,0
USER_004108,1,1,1,1,0,0
USER_004109,1,1,1,1,0,0
USER_004110,1,1,1,1,0,0
USER_004111,1,1,1,1,0,0
USER_004112,1,1,1,1,0,0
USER_004113,1,1,1,1,0,0
USER_004114,1,1,1,1,0,0
USER_004115,1,1,1,1,0,0
USER_004116,1,1,1,1,0,0
USER_004117,1,1,1,1,0,0
USER_004118,1,1,1,1,0,0
USER_004119,1,1,1,1,0,0
USER_004120,1,1,1,1,0,0
USER_004121,1,1,1,1,0,0
USER_004122,1,1,1,1,0,0
USER_004123,1,1,1,1,0,0
USER_004124,1,1,1,1,0,0
USER_004125,1,1,1,1,0,0
USER_004126,1,1,1,1,0,0
USER_004127,1,1,1,1,0,0
USER_004128,1,1,1,1,0,0
USER_004129,1,1,1,1,0,0
USER_004130,1,1,1,1,0,0
USER_004131,1,1,1,1,0,0
USER_004132,1,1,1,1,0,0
USER_004133,1,1,1,1,0,0
USER_004134,1,1,1,1,0,0
USER_004135,1,1,1,1,0,0
USER_004136,1,1,1,1,0,0
USER_004137,1,1,1,1,0,0
USER_004138,1,1,1,1,0,0
USER_004139,1,1,1,1,0,0
USER_004140,1,1,1,1,0,0
USER_004141,1,1,1,1,0,0
USER_004142,1,1,1,1,0,0
USER_004143,1,1,1,1,0,0
USER_004144,1,1,1,1,0,0
USER_004145,1,1,1,1,0,0
USER_004146,1,1,1,1,0,0
USER_004147,1,1,1,1,0,0
USER_004148,1,1,1,1,0,0
USER_004149,1,1,1,1,0,0
USER_004150,1,1,1,1,0,0
USER_004151,1,1,1,1,0,0
USER_004152,1,1,1,1,0,0
USER_004153,1,1,1,1,0,0
USER_004154,1,1,1,1,0,0
USER_004155,1,1,1,1,0,0
USER_004156,1,1,1,1,0,0
USER_004157,1,1,1,1,0,0
USER_004158,1,1,1,1,0,0
USER_004159,1,1,1,1,0,0
USER_004160,1,1,1,1,0,0
USER_004161,1,1,1,1,0,0
USER_004162,1,1,1,1,0,0
USER_004163,1,1,1,1,0,0
USER_004164,1,1,1,1,0,0
USER_004165,1,1,1,1,0,0
USER_004166,1,1,1,1,0,0
USER_004167,1,1,1,1,0,0
USER_004168,1,1,1,1,0,0
USER_004169,1,1,1,1,0,0
USER_004170,1,1,1,1,0,0
USER_004171,1,1,1,1,0,0
USER_004172,1,1,1,1,0,0
USER_004173,1,1,1,1,0,0
USER_004174,1,1,1,1,0,0
USER_004175,1,1,1,1,0,0
USER_004176,1,1,1,1,0,0
USER_004177,1,1,1,1,0,0
USER_004178,1,1,1,1,0,0
USER_004179,1,1,1,1,0,0
USER_004180,1,1,1,1,0,0
USER_004181,1,1,1,1,0,0
USER_004182,1,1,1,1,0,0
USER_004183,1,1,1,1,0,0
USER_004184,1,1,1,1,0,0
USER_004185,1,1,1,1,0,0
USER_004186,1,1,1,1,0,0
USER_004187,1,1,1,1,0,0
USER_004188,1,1,1,1,0,0
USER_004189,1,1,1,1,0,0
USER_004190,1,1,1,1,0,0
USER_004191,1,1,1,1,0,0
USER_004192,1,1,1,1,0,0
USER_004193,1,1,1,1,0,0
USER_004194,1,1,1,1,0,0
USER_004195,1,1,1,1,0,0
USER_004196,1,1,1,1,0,0
USER_004197,1,1,1,1,0,0
USER_004198,1,1,1,1,0,0
USER_004199,1,1,1,1,0,0
USER_004200,1,1,1,1,0,0
USER_004201,1,1,1,1,0,0
USER_004202,1,1,1,1,0,0
USER_004203,1,1,1,1,0,0
USER_004204,1,1,1,1,0,0
USER_004205,1,1,1,1,0,0
USER_004206,1,1,1,1,0,0
USER_004207,1,1,1,1,0,0
USER_004208,1,1,1,1,0,0
USER_004209,1,1,1,1,0,0
USER_004210,1,1,1,1,0,0
USER_004211,1,1,1,1,0,0
USER_004212,1,1,1,1,0,0
USER_004213,1,1,1,1,0,0
USER_004214,1,1,1,1,0,0
USER_004215,1,1,1,1,0,0
USER_004216,1,1,1,1,0,0
USER_004217,1,1,1,1,0,0
USER_004218,1,1,1,1,0,0
USER_004219,1,1,1,1,0,0
USER_004220,1,1,1,1,0,0
USER_004221,1,1,1,1,0,0
USER_004222,1,1,1,1,0,0
USER_004223,1,1,1,1,0,0
USER_004224,1,1,1,1,0,0
USER_004225,1,1,1,1,0,0
USER_004226,1,1,1,1,0,0
USER_004227,1,1,1,1,0,0
USER_004228,1,1,1,1,0,0
USER_004229,1,1,1,1,0,0
USER_004230,1,1,1,1,0,0
USER_004231,1,1,1,1,0,0
USER_004232,1,1,1,1,0,0
USER_004233,1,1,1,1,0,0
USER_004234,1,1,1,1,0,0
USER_004235,1,1,1,1,0,0
USER_004236,1,1,1,1,0,0
USER_004237,1,1,1,1,0,0
USER_004238,1,1,1,1,0,0
USER_004239,1,1,1,1,0,0
USER_004240,1,1,1,1,0,0
USER_004241,1,1,1,1,0,0
USER_004242,1,1,1,1,0,0
USER_004243,1,1,1,1,0,0
USER_004244,1,1,1,1,0,0
USER_004245,1,1,1,1,0,0
USER_004246,1,1,1,1,0,0
USER_004247,1,1,1,1,0,0
USER_004248,1,1,1,1,0,0
USER_004249,1,1,1,1,0,0
USER_004250,1,1,1,1,0,0
USER_004251,1,1,1,1,0,0
USER_004252,1,1,1,1,0,0
USER_004253,1,1,1,1,0,0
USER_004254,1,1,1,1,0,0
USER_004255,1,1,1,1,0,0
USER_004256,1,1,1,1,0,0
USER_004257,1,1,1,1,0,0
USER_004258,1,1,1,1,0,0
USER_004259,1,1,1,1,0,0
USER_004260,1,1,1,1,0,0
USER_004261,1,1,1,1,0,0
USER_004262,1,1,1,1,0,0
USER_004263,1,1,1,1,0,0
USER_004264,1,1,1,1,0,0
USER_004265,1,1,1,1,0,0
USER_004266,1,1,1,1,0,0
USER_004267,1,1,1,1,0,0
USER_004268,1,1,1,1,0,0
USER_004269,1,1,1,1,0,0
USER_004270,1,1,1,1,0,0
USER_004271,1,1,1,1,0,0
USER_004272,1,1,1,1,0,0
USER_004273,1,1,1,1,0,0
USER_004274,1,1,1,1,0,0
USER_004275,1,1,1,1,0,0
USER_004276,1,1,1,1,0,0
USER_004277,1,1,1,1,0,0
USER_004278,1,1,1,1,0,0
USER_004279,1,1,1,1,0,0
USER_004280,1,1,1,1,0,0
USER_004281,1,1,1,1,0,0
USER_004282,1,1,1,1,0,0
USER_004283,1,1,1,1,0,0
USER_004284,1,1,1,1,0,0
USER_004285,1,1,1,1,0,0
USER_004286,1,1,1,1,0,0
USER_004287,1,1,1,1,0,0
USER_004288,1,1,1,1,0,0
USER_004289,1,1,1,1,0,0
USER_004290,1,1,1,1,0,0
USER_004291,1,1,1,1,0,0
USER_004292,1,1,1,1,0,0
USER_004293,1,1,1,1,0,0
USER_004294,1,1,1,1,0,0
USER_004295,1,1,1,1,0,0
USER_004296,1,1,1,1,0,0
USER_004297,1,1,1,1,0,0
USER_004298,1,1,1,1,0,0
USER_004299,1,1,1,1,0,0
USER_004300,1,1,1,1,0,0
USER_004301,1,1,1,1,0,0
USER_004302,1,1,1,1,0,0
USER_004303,1,1,1,1,0,0
USER_004304,1,1,1,1,0,0
USER_004305,1,1,1,1,0,0
USER_004306,1,1,1,1,0,0
USER_004307,1,1,1,1,0,0
USER_004308,1,1,1,1,0,0
USER_004309,1,1,1,1,0,0
USER_004310,1,1,1,1,0,0
USER_004311,1,1,1,1,0,0
USER_004312,1,1,1,1,0,0
USER_004313,1,1,1,1,0,0
USER_004314,1,1,1,1,0,0
USER_004315,1,1,1,1,0,0
USER_004316,1,1,1,1,0,0
USER_004317,1,1,1,1,0,0
USER_004318,1,1,1,1,0,0
USER_004319,1,1,1,1,0,0
USER_004320,1,1,1,1,0,0
USER_004321,1,1,1,1,0,0
USER_004322,1,1,1,1,0,0
USER_004323,1,1,1,1,0,0
USER_004324,1,1,1,1,0,0
USER_004325,1,1,1,1,0,0
USER_004326,1,1,1,1,0,0
USER_004327,1,1,1,1,0,0
USER_004328,1,1,1,1,0,0
USER_004329,1,1,1,1,0,0
USER_004330,1,1,1,1,0,0
USER_004331,1,1,1,1,0,0
USER_004332,1,1,1,1,0,0
USER_004333,1,1,1,1,0,0
USER_004334,1,1,1,1,0,0
USER_004335,1,1,1,1,0,0
USER_004336,1,1,1,1,0,0
USER_004337,1,1,1,1,0,0
USER_004338,1,1,1,1,0,0
USER_004339,1,1,1,1,0,0
USER_004340,1,1,1,1,0,0
USER_004341,1,1,1,1,0,0
USER_004342,1,1,1,1,0,0
USER_004343,1,1,1,1,0,0
USER_004344,1,1,1,1,0,0
USER_004345,1,1,1,1,0,0
USER_004346,1,1,1,1,0,0
USER_004347,1,1,1,1,0,0
USER_004348,1,1,1,1,0,0
USER_004349,1,1,1,1,0,0
USER_004350,1,1,1,1,0,0
USER_004351,1,1,1,1,0,0
USER_004352,1,1,1,1,0,0
USER_004353,1,1,1,1,0,0
USER_004354,1,1,1,1,0,0
USER_004355,1,1,1,1,0,0
USER_004356,1,1,1,1,0,0
USER_004357,1,1,1,1,0,0
USER_004358,1,1,1,1,0,0
USER_004359,1,1,1,1,0,0
USER_004360,1,1,1,1,0,0
USER_004361,1,1,1,1,0,0
USER_004362,1,1,1,1,0,0
USER_004363,1,1,1,1,0,0
USER_004364,1,1,1,1,0,0
USER_004365,1,1,1,1,0,0
USER_004366,1,1,1,1,0,0
USER_004367,1,1,1,1,0,0
USER_004368,1,1,1,1,0,0
USER_004369,1,1,1,1,0,0
USER_004370,1,1,1,1,0,0
USER_004371,1,1,1,1,0,0
USER_004372,1,1,1,1,0,0
USER_004373,1,1,1,1,0,0
USER_004374,1,1,1,1,0,0
USER_004375,1,1,1,1,0,0
USER_004376,1,1,1,1,0,0
USER_004377,1,1,1,1,0,0
USER_004378,1,1,1,1,0,0
USER_004379,1,1,1,1,0,0
USER_004380,1,1,1,1,0,0
USER_004381,1,1,1,1,0,0
USER_004382,1,1,1,1,0,0
USER_004383,1,1,1,1,0,0
USER_004384,1,1,1,1,0,0
USER_004385,1,1,1,1,0,0
USER_004386,1,1,1,1,0,0
USER_004387,1,1,1,1,0,0
USER_004388,1,1,1,1,0,0
USER_004389,1,1,1,1,0,0
USER_004390,1,1,1,1,0,0
USER_004391,1,1,1,1,0,0
USER_004392,1,1,1,1,0,0
USER_004393,1,1,1,1,0,0
USER_004394,1,1,1,1,0,0
USER_004395,1,1,1,1,0,0
USER_004396,1,1,1,1,0,0
USER_004397,1,1,1,1,0,0
USER_004398,1,1,1,1,0,0
USER_004399,1,1,1,1,0,0
USER_004400,1,1,1,1,0,0
USER_004401,1,1,1,1,0,0
USER_004402,1,1,1,1,0,0
USER_004403,1,1,1,1,0,0
USER_004404,1,1,1,1,0,0
USER_004405,1,1,1,1,0,0
USER_004406,1,1,1,1,0,0
USER_004407,1,1,1,1,0,0
USER_004408,1,1,1,1,0,0
USER_004409,1,1,1,1,0,0
USER_004410,1,1,1,1,0,0
USER_004411,1,1,1,1,0,0
USER_004412,1,1,1,1,0,0
USER_004413,1,1,1,1,0,0
USER_004414,1,1,1,1,0,0
USER_004415,1,1,1,1,0,0
USER_004416,1,1,1,1,0,0
USER_004417,1,1,1,1,0,0
USER_004418,1,1,1,1,0,0
USER_004419,1,1,1,1,0,0
USER_004420,1,1,1,1,0,0
USER_004421,1,1,1,1,0,0
USER_004422,1,1,1,1,0,0
USER_004423,1,1,1,1,0,0
USER_004424,1,1,1,1,0,0
USER_004425,1,1,1,1,0,0
USER_004426,1,1,1,1,0,0
USER_004427,1,1,1,1,0,0
USER_004428,1,1,1,1,0,0
USER_004429,1,1,1,1,0,0
USER_004430,1,1,1,1,0,0
USER_004431,1,1,1,1,0,0
USER_004432,1,1,1,1,0,0
USER_004433,1,1,1,1,0,0
USER_004434,1,1,1,1,0,0
USER_004435,1,1,1,1,0,0
USER_004436,1,1,1,1,0,0
USER_004437,1,1,1,1,0,0
USER_004438,1,1,1,1,0,0
USER_004439,1,1,1,1,0,0
USER_004440,1,1,1,1,0,0
USER_004441,1,1,1,1,0,0
USER_004442,1,1,1,1,0,0
USER_004443,1,1,1,1,0,0
USER_004444,1,1,1,1,0,0
USER_004445,1,1,1,1,0,0
USER_004446,1,1,1,1,0,0
USER_004447,1,1,1,1,0,0
USER_004448,1,1,1,1,0,0
USER_004449,1,1,1,1,0,0
USER_004450,1,1,1,1,0,0
USER_004451,1,1,1,1,0,0
USER_004452,1,1,1,1,0,0
USER_004453,1,1,1,1,0,0
USER_004454,1,1,1,1,0,0
USER_004455,1,1,1,1,0,0
USER_004456,1,1,1,1,0,0
USER_004457,1,1,1,1,0,0
USER_004458,1,1,1,1,0,0
USER_004459,1,1,1,1,0,0
USER_004460,1,1,1,1,0,0
USER_004461,1,1,1,1,0,0
USER_004462,1,1,1,1,0,0
USER_004463,1,1,1,1,0,0
USER_004464,1,1,1,1,0,0
USER_004465,1,1,1,1,0,0
USER_004466,1,1,1,1,0,0
USER_004467,1,1,1,1,0,0
USER_004468,1,1,1,1,0,0
USER_004469,1,1,1,1,0,0
USER_004470,1,1,1,1,0,0
USER_004471,1,1,1,1,0,0
USER_004472,1,1,1,1,0,0
USER_004473,1,1,1,1,0,0
USER_004474,1,1,1,1,0,0
USER_004475,1,1,1,1,0,0
USER_004476,1,1,1,1,0,0
USER_004477,1,1,1,1,0,0
USER_004478,1,1,1,1,0,0
USER_004479,1,1,1,1,0,0
USER_004480,1,1,1,1,0,0
USER_004481,1,1,1,1,0,0
USER_004482,1,1,1,1,0,0
USER_004483,1,1,1,1,0,0
USER_004484,1,1,1,1,0,0
USER_004485,1,1,1,1,0,0
USER_004486,1,1,1,1,0,0
USER_004487,1,1,1,1,0,0
USER_004488,1,1,1,1,0,0
USER_004489,1,1,1,1,0,0
USER_004490,1,1,1,1,0,0
USER_004491,1,1,1,1,0,0
USER_004492,1,1,1,1,0,0
USER_004493,1,1,1,1,0,0
USER_004494,1,1,1,1,0,0
USER_004495,1,1,1,1,0,0
USER_004496,1,1,1,1,0,0
USER_004497,1,1,1,1,0,0
USER_004498,1,1,1,1,0,0
USER_004499,1,1,1,1,0,0
USER_004500,1,1,1,1,0,0
USER_004501,1,1,1,1,0,0
USER_004502,1,1,1,1,0,0
USER_004503,1,1,1,1,0,0
USER_004504,1,1,1,1,0,0
USER_004505,1,1,1,1,0,0
USER_004506,1,1,1,1,0,0
USER_004507,1,1,1,1,0,0
USER_004508,1,1,1,1,0,0
USER_004509,1,1,1,1,0,0
USER_004510,1,1,1,1,0,0
USER_004511,1,1,1,1,0,0
USER_004512,1,1,1,1,0,0
USER_004513,1,1,1,1,0,0
USER_004514,1,1,1,1,0,0
USER_004515,1,1,1,1,0,0
USER_004516,1,1,1,1,0,0
USER_004517,1,1,1,1,0,0
USER_004518,1,1,1,1,0,0
USER_004519,1,1,1,1,0,0
USER_004520,1,1,1,1,0,0
USER_004521,1,1,1,1,0,0
USER_004522,1,1,1,1,0,0
USER_004523,1,1,1,1,0,0
USER_004524,1,1,1,1,0,0
USER_004525,1,1,1,1,0,0
USER_004526,1,1,1,1,0,0
USER_004527,1,1,1,1,0,0
USER_004528,1,1,1,1,0,0
USER_004529,1,1,1,1,0,0
USER_004530,1,1,1,1,0,0
USER_004531,1,1,1,1,0,0
USER_004532,1,1,1,1,0,0
USER_004533,1,1,1,1,0,0
USER_004534,1,1,1,1,0,0
USER_004535,1,1,1,1,0,0
USER_004536,1,1,1,1,0,0
USER_004537,1,1,1,1,0,0
USER_004538,1,1,1,1,0,0
USER_004539,1,1,1,1,0,0
USER_004540,1,1,1,1,0,0
USER_004541,1,1,1,1,0,0
USER_004542,1,1,1,1,0,0
USER_004543,1,1,1,1,0,0
USER_004544,1,1,1,1,0,0
USER_004545,1,1,1,1,0,0
USER_004546,1,1,1,1,0,0
USER_004547,1,1,1,1,0,0
USER_004548,1,1,1,1,0,0
USER_004549,1,1,1,1,0,0
USER_004550,1,1,1,1,0,0
USER_004551,1,1,1,1,0,0
USER_004552,1,1,1,1,0,0
USER_004553,1,1,1,1,0,0
USER_004554,1,1,1,1,0,0
USER_004555,1,1,1,1,0,0
USER_004556,1,1,1,1,0,0
USER_004557,1,1,1,1,0,0
USER_004558,1,1,1,1,0,0
USER_004559,1,1,1,1,0,0
USER_004560,1,1,1,1,0,0
USER_004561,1,1,1,1,0,0
USER_004562,1,1,1,1,0,0
USER_004563,1,1,1,1,0,0
USER_004564,1,1,1,1,0,0
USER_004565,1,1,1,1,0,0
USER_004566,1,1,1,1,0,0
USER_004567,1,1,1,1,0,0
USER_004568,1,1,1,1,0,0
USER_004569,1,1,1,1,0,0
USER_004570,1,1,1,1,0,0
USER_004571,1,1,1,1,0,0
USER_004572,1,1,1,1,0,0
USER_004573,1,1,1,1,0,0
USER_004574,1,1,1,1,0,0
USER_004575,1,1,1,1,0,0
USER_004576,1,1,1,1,0,0
USER_004577,1,1,1,1,0,0
USER_004578,1,1,1,1,0,0
USER_004579,1,1,1,1,0,0
USER_004580,1,1,1,1,0,0
USER_004581,1,1,1,1,0,0
USER_004582,1,1,1,1,0,0
USER_004583,1,1,1,1,0,0
USER_004584,1,1,1,1,0,0
USER_004585,1,1,1,1,0,0
USER_004586,1,1,1,1,0,0
USER_004587,1,1,1,1,0,0
USER_004588,1,1,1,1,0,0
USER_004589,1,1,1,1,0,0
USER_004590,1,1,1,1,0,0
USER_004591,1,1,1,1,0,0
USER_004592,1,1,1,1,0,0
USER_004593,1,1,1,1,0,0
USER_004594,1,1,1,1,0,0
USER_004595,1,1,1,1,0,0
USER_004596,1,1,1,1,0,0
USER_004597,1,1,1,1,0,0
USER_004598,1,1,1,1,0,0
USER_004599,1,1,1,1,0,0
USER_004600,1,1,1,1,0,0
USER_004601,1,1,1,1,0,0
USER_004602,1,1,1,1,0,0
USER_004603,1,1,1,1,0,0
USER_004604,1,1,1,1,0,0
USER_004605,1,1,1,1,0,0
USER_004606,1,1,1,1,0,0
USER_004607,1,1,1,1,0,0
USER_004608,1,1,1,1,0,0
USER_004609,1,1,1,1,0,0
USER_004610,1,1,1,1,0,0
USER_004611,1,1,1,1,0,0
USER_004612,1,1,1,1,0,0
USER_004613,1,1,1,1,0,0
USER_004614,1,1,1,1,0,0
USER_004615,1,1,1,1,0,0
USER_004616,1,1,1,1,0,0
USER_004617,1,1,1,1,0,0
USER_004618,1,1,1,1,0,0
USER_004619,1,1,1,1,0,0
USER_004620,1,1,1,1,0,0
USER_004621,1,1,1,1,0,0
USER_004622,1,1,1,1,0,0
USER_004623,1,1,1,1,0,0
USER_004624,1,1,1,1,0,0
USER_004625,1,1,1,1,0,0
USER_004626,1,1,1,1,0,0
USER_004627,1,1,1,1,0,0
USER_004628,1,1,1,1,0,0
USER_004629,1,1,1,1,0,0
USER_004630,1,1,1,1,0,0
USER_004631,1,1,1,1,0,0
USER_004632,1,1,1,1,0,0
USER_004633,1,1,1,1,0,0
USER_004634,1,1,1,1,0,0
USER_004635,1,1,1,1,0,0
USER_004636,1,1,1,1,0,0
USER_004637,1,1,1,1,0,0
USER_004638,1,1,1,1,0,0
USER_004639,1,1,1,1,0,0
USER_004640,1,1,1,1,0,0
USER_004641,1,1,1,1,0,0
USER_004642,1,1,1,1,0,0
USER_004643,1,1,1,1,0,0
USER_004644,1,1,1,1,0,0
USER_004645,1,1,1,1,0,0
USER_004646,1,1,1,1,0,0
USER_004647,1,1,1,1,0,0
USER_004648,1,1,1,1,0,0
USER_004649,1,1,1,1,0,0
USER_004650,1,1,1,1,0,0
USER_004651,1,1,1,1,0,0
USER_004652,1,1,1,1,0,0
USER_004653,1,1,1,1,0,0
USER_004654,1,1,1,1,0,0
USER_004655,1,1,1,1,0,0
USER_004656,1,1,1,1,0,0
USER_004657,1,1,1,1,0,0
USER_004658,1,1,1,1,0,0
USER_004659,1,1,1,1,0,0
USER_004660,1,1,1,1,0,0
USER_004661,1,1,1,1,0,0
USER_004662,1,1,1,1,0,0
USER_004663,1,1,1,1,0,0
USER_004664,1,1,1,1,0,0
USER_004665,1,1,1,1,0,0
USER_004666,1,1,1,1,0,0
USER_004667,1,1,1,1,0,0
USER_004668,1,1,1,1,0,0
USER_004669,1,1,1,1,0,0
USER_004670,1,1,1,1,0,0
USER_004671,1,1,1,1,0,0
USER_004672,1,1,1,1,0,0
USER_004673,1,1,1,1,0,0
USER_004674,1,1,1,1,0,0
USER_004675,1,1,1,1,0,0
USER_004676,1,1,1,1,0,0
USER_004677,1,1,1,1,0,0
USER_004678,1,1,1,1,0,0
USER_004679,1,1,1,1,0,0
USER_004680,1,1,1,1,0,0
USER_004681,1,1,1,1,0,0
USER_004682,1,1,1,1,0,0
USER_004683,1,1,1,1,0,0
USER_004684,1,1,1,1,0,0
USER_004685,1,1,1,1,0,0
USER_004686,1,1,1,1,0,0
USER_004687,1,1,1,1,0,0
USER_004688,1,1,1,1,0,0
USER_004689,1,1,1,1,0,0
USER_004690,1,1,1,1,0,0
USER_004691,1,1,1,1,0,0
USER_004692,1,1,1,1,0,0
USER_004693,1,1,1,1,0,0
USER_004694,1,1,1,1,0,0
USER_004695,1,1,1,1,0,0
USER_004696,1,1,1,1,0,0
USER_004697,1,1,1,1,0,0
USER_004698,1,1,1,1,0,0
USER_004699,1,1,1,1,0,0
USER_004700,1,1,1,1,0,0
USER_004701,1,1,1,1,0,0
USER_004702,1,1,1,1,0,0
USER_004703,1,1,1,1,0,0
USER_004704,1,1,1,1,0,0
USER_004705,1,1,1,1,0,0
USER_004706,1,1,1,1,0,0
USER_004707,1,1,1,1,0,0
USER_004708,1,1,1,1,0,0
USER_004709,1,1,1,1,0,0
USER_004710,1,1,1,1,0,0
USER_004711,1,1,1,1,0,0
USER_004712,1,1,1,1,0,0
USER_004713,1,1,1,1,0,0
USER_004714,1,1,1,1,0,0
USER_004715,1,1,1,1,0,0
USER_004716,1,1,1,1,0,0
USER_004717,1,1,1,1,0,0
USER_004718,1,1,1,1,0,0
USER_004719,1,1,1,1,0,0
USER_004720,1,1,1,1,0,0
USER_004721,1,1,1,1,0,0
USER_004722,1,1,1,1,0,0
USER_004723,1,1,1,1,0,0
USER_004724,1,1,1,1,0,0
USER_004725,1,1,1,1,0,0
USER_004726,1,1,1,1,0,0
USER_004727,1,1,1,1,0,0
USER_004728,1,1,1,1,0,0
USER_004729,1,1,1,1,0,0
USER_004730,1,1,1,1,0,0
USER_004731,1,1,1,1,0,0
USER_004732,1,1,1,1,0,0
USER_004733,1,1,1,1,0,0
USER_004734,1,1,1,1,0,0
USER_004735,1,1,1,1,0,0
USER_004736,1,1,1,1,0,0
USER_004737,1,1,1,1,0,0
USER_004738,1,1,1,1,0,0
USER_004739,1,1,1,1,0,0
USER_004740,1,1,1,1,0,0
USER_004741,1,1,1,1,0,0
USER_004742,1,1,1,1,0,0
USER_004743,1,1,1,1,0,0
USER_004744,1,1,1,1,0,0
USER_004745,1,1,1,1,0,0
USER_004746,1,1,1,1,0,0
USER_004747,1,1,1,1,0,0
USER_004748,1,1,1,1,0,0
USER_004749,1,1,1,1,0,0
USER_004750,1,1,1,1,0,0
USER_004751,1,1,1,1,0,0
USER_004752,1,1,1,1,0,0
USER_004753,1,1,1,1,0,0
USER_004754,1,1,1,1,0,0
USER_004755,1,1,1,1,0,0
USER_004756,1,1,1,1,0,0
USER_004757,1,1,1,1,0,0
USER_004758,1,1,1,1,0,0
USER_004759,1,1,1,1,0,0
USER_004760,1,1,1,1,0,0
USER_004761,1,1,1,1,0,0
USER_004762,1,1,1,1,0,0
USER_004763,1,1,1,1,0,0
USER_004764,1,1,1,1,0,0
USER_004765,1,1,1,1,0,0
USER_004766,1,1,1,1,0,0
USER_004767,1,1,1,1,0,0
USER_004768,1,1,1,1,0,0
USER_004769,1,1,1,1,0,0
USER_004770,1,1,1,1,0,0
USER_004771,1,1,1,1,0,0
USER_004772,1,1,1,1,0,0
USER_004773,1,1,1,1,0,0
USER_004774,1,1,1,1,0,0
USER_004775,1,1,1,1,0,0
USER_004776,1,1,1,1,0,0
USER_004777,1,1,1,1,0,0
USER_004778,1,1,1,1,0,0
USER_004779,1,1,1,1,0,0
USER_004780,1,1,1,1,0,0
USER_004781,1,1,1,1,0,0
USER_004782,1,1,1,1,0,0
USER_004783,1,1,1,1,0,0
USER_004784,1,1,1,1,0,0
USER_004785,1,1,1,1,0,0
USER_004786,1,1,1,1,0,0
USER_004787,1,1,1,1,0,0
USER_004788,1,1,1,1,0,0
USER_004789,1,1,1,1,0,0
USER_004790,1,1,1,1,0,0
USER_004791,1,1,1,1,0,0
USER_004792,1,1,1,1,0,0
USER_004793,1,1,1,1,0,0
USER_004794,1,1,1,1,0,0
USER_004795,1,1,1,1,0,0
USER_004796,1,1,1,1,0,0
USER_004797,1,1,1,1,0,0
USER_004798,1,1,1,1,0,0
USER_004799,1,1,1,1,0,0
USER_004800,1,1,1,1,0,0
USER_004801,1,1,1,1,0,0
USER_004802,1,1,1,1,0,0
USER_004803,1,1,1,1,0,0
USER_004804,1,1,1,1,0,0
USER_004805,1,1,1,1,0,0
USER_004806,1,1,1,1,0,0
USER_004807,1,1,1,1,0,0
USER_004808,1,1,1,1,0,0
USER_004809,1,1,1,1,0,0
USER_004810,1,1,1,1,0,0
USER_004811,1,1,1,1,0,0
USER_004812,1,1,1,1,0,0
USER_004813,1,1,1,1,0,0
USER_004814,1,1,1,1,0,0
USER_004815,1,1,1,1,0,0
USER_004816,1,1,1,1,0,0
USER_004817,1,1,1,1,0,0
USER_004818,1,1,1,1,0,0
USER_004819,1,1,1,1,0,0
USER_004820,1,1,1,1,0,0
USER_004821,1,1,1,1,0,0
USER_004822,1,1,1,1,0,0
USER_004823,1,1,1,1,0,0
USER_004824,1,1,1,1,0,0
USER_004825,1,1,1,1,0,0
USER_004826,1,1,1,1,0,0
USER_004827,1,1,1,1,0,0
USER_004828,1,1,1,1,0,0
USER_004829,1,1,1,1,0,0
USER_004830,1,1,1,1,0,0
USER_004831,1,1,1,1,0,0
USER_004832,1,1,1,1,0,0
USER_004833,1,1,1,1,0,0
USER_004834,1,1,1,1,0,0
USER_004835,1,1,1,1,0,0
USER_004836,1,1,1,1,0,0
USER_004837,1,1,1,1,0,0
USER_004838,1,1,1,1,0,0
USER_004839,1,1,1,1,0,0
USER_004840,1,1,1,1,0,0
USER_004841,1,1,1,1,0,0
USER_004842,1,1,1,1,0,0
USER_004843,1,1,1,1,0,0
USER_004844,1,1,1,1,0,0
USER_004845,1,1,1,1,0,0
USER_004846,1,1,1,1,0,0
USER_004847,1,1,1,1,0,0
USER_004848,1,1,1,1,0,0
USER_004849,1,1,1,1,0,0
USER_004850,1,1,1,1,0,0
USER_004851,1,1,1,1,0,0
USER_004852,1,1,1,1,0,0
USER_004853,1,1,1,1,0,0
USER_004854,1,1,1,1,0,0
USER_004855,1,1,1,1,0,0
USER_004856,1,1,1,1,0,0
USER_004857,1,1,1,1,0,0
USER_004858,1,1,1,1,0,0
USER_004859,1,1,1,1,0,0
USER_004860,1,1,1,1,0,0
USER_004861,1,1,1,1,0,0
USER_004862,1,1,1,1,0,0
USER_004863,1,1,1,1,0,0
USER_004864,1,1,1,1,0,0
USER_004865,1,1,1,1,0,0
USER_004866,1,1,1,1,0,0
USER_004867,1,1,1,1,0,0
USER_004868,1,1,1,1,0,0
USER_004869,1,1,1,1,0,0
USER_004870,1,1,1,1,0,0
USER_004871,1,1,1,1,0,0
USER_004872,1,1,1,1,0,0
USER_004873,1,1,1,1,0,0
USER_004874,1,1,1,1,0,0
USER_004875,1,1,1,1,0,0
USER_004876,1,1,1,1,0,0
USER_004877,1,1,1,1,0,0
USER_004878,1,1,1,1,0,0
USER_004879,1,1,1,1,0,0
USER_004880,1,1,1,1,0,0
USER_004881,1,1,1,1,0,0
USER_004882,1,1,1,1,0,0
USER_004883,1,1,1,1,0,0
USER_004884,1,1,1,1,0,0
USER_004885,1,1,1,1,0,0
USER_004886,1,1,1,1,0,0
USER_004887,1,1,1,1,0,0
USER_004888,1,1,1,1,0,0
USER_004889,1,1,1,1,0,0
USER_004890,1,1,1,1,0,0
USER_004891,1,1,1,1,0,0
USER_004892,1,1,1,1,0,0
USER_004893,1,1,1,1,0,0
USER_004894,1,1,1,1,0,0
USER_004895,1,1,1,1,0,0
USER_004896,1,1,1,1,0,0
USER_004897,1,1,1,1,0,0
USER_004898,1,1,1,1,0,0
USER_004899,1,1,1,1,0,0
USER_004900,1,1,1,1,0,0
USER_004901,1,1,1,1,0,0
USER_004902,1,1,1,1,0,0
USER_004903,1,1,1,1,0,0
USER_004904,1,1,1,1,0,0
USER_004905,1,1,1,1,0,0
USER_004906,1,1,1,1,0,0
USER_004907,1,1,1,1,0,0
USER_004908,1,1,1,1,0,0
USER_004909,1,1,1,1,0,0
USER_004910,1,1,1,1,0,0
USER_004911,1,1,1,1,0,0
USER_004912,1,1,1,1,0,0
USER_004913,1,1,1,1,0,0
USER_004914,1,1,1,1,0,0
USER_004915,1,1,1,1,0,0
USER_004916,1,1,1,1,0,0
USER_004917,1,1,1,1,0,0
USER_004918,1,1,1,1,0,0
USER_004919,1,1,1,1,0,0
USER_004920,1,1,1,1,0,0
USER_004921,1,1,1,1,0,0
USER_004922,1,1,1,1,0,0
USER_004923,1,1,1,1,0,0
USER_004924,1,1,1,1,0,0
USER_004925,1,1,1,1,0,0
USER_004926,1,1,1,1,0,0
USER_004927,1,1,1,1,0,0
USER_004928,1,1,1,1,0,0
USER_004929,1,1,1,1,0,0
USER_004930,1,1,1,1,0,0
USER_004931,1,1,1,1,0,0
USER_004932,1,1,1,1,0,0
USER_004933,1,1,1,1,0,0
USER_004934,1,1,1,1,0,0
USER_004935,1,1,1,1,0,0
USER_004936,1,1,1,1,0,0
USER_004937,1,1,1,1,0,0
USER_004938,1,1,1,1,0,0
USER_004939,1,1,1,1,0,0
USER_004940,1,1,1,1,0,0
USER_004941,1,1,1,1,0,0
USER_004942,1,1,1,1,0,0
USER_004943,1,1,1,1,0,0
USER_004944,1,1,1,1,0,0
USER_004945,1,1,1,1,0,0
USER_004946,1,1,1,1,0,0
USER_004947,1,1,1,1,0,0
USER_004948,1,1,1,1,0,0
USER_004949,1,1,1,1,0,0
USER_004950,1,1,1,1,0,0
USER_004951,1,1,1,1,0,0
USER_004952,1,1,1,1,0,0
USER_004953,1,1,1,1,0,0
USER_004954,1,1,1,1,0,0
USER_004955,1,1,1,1,0,0
USER_004956,1,1,1,1,0,0
USER_004957,1,1,1,1,0,0
USER_004958,1,1,1,1,0,0
USER_004959,1,1,1,1,0,0
USER_004960,1,1,1,1,0,0
USER_004961,1,1,1,1,0,0
USER_004962,1,1,1,1,0,0
USER_004963,1,1,1,1,0,0
USER_004964,1,1,1,1,0,0
USER_004965,1,1,1,1,0,0
USER_004966,1,1,1,1,0,0
USER_004967,1,1,1,1,0,0
USER_004968,1,1,1,1,0,0
USER_004969,1,1,1,1,0,0
USER_004970,1,1,1,1,0,0
USER_004971,1,1,1,1,0,0
USER_004972,1,1,1,1,0,0
USER_004973,1,1,1,1,0,0
USER_004974,1,1,1,1,0,0
USER_004975,1,1,1,1,0,0
USER_004976,1,1,1,1,0,0
USER_004977,1,1,1,1,0,0
USER_004978,1,1,1,1,0,0
USER_004979,1,1,1,1,0,0
USER_004980,1,1,1,1,0,0
USER_004981,1,1,1,1,0,0
USER_004982,1,1,1,1,0,0
USER_004983,1,1,1,1,0,0
USER_004984,1,1,1,1,0,0
USER_004985,1,1,1,1,0,0
USER_004986,1,1,1,1,0,0
USER_004987,1,1,1,1,0,0
USER_004988,1,1,1,1,0,0
USER_004989,1,1,1,1,0,0
USER_004990,1,1,1,1,0,0
USER_004991,1,1,1,1,0,0
USER_004992,1,1,1,1,0,0
USER_004993,1,1,1,1,0,0
USER_004994,1,1,1,1,0,0
USER_004995,1,1,1,1,0,0
USER_004996,1,1,1,1,0,0
USER_004997,1,1,1,1,0,0
USER_004998,1,1,1,1,0,0
USER_004999,1,1,1,1,0,0
USER_005000,1,1,1,1,0,0
USER_005001,1,1,1,0,0,0
USER_005002,1,1,1,0,0,0
USER_005003,1,1,1,0,0,0
USER_005004,1,1,1,0,0,0
USER_005005,1,1,1,0,0,0
USER_005006,1,1,1,0,0,0
USER_005007,1,1,1,0,0,0
USER_005008,1,1,1,0,0,0
USER_005009,1,1,1,0,0,0
USER_005010,1,1,1,0,0,0
USER_005011,1,1,1,0,0,0
USER_005012,1,1,1,0,0,0
USER_005013,1,1,1,0,0,0
USER_005014,1,1,1,0,0,0
USER_005015,1,1,1,0,0,0
USER_005016,1,1,1,0,0,0
USER_005017,1,1,1,0,0,0
USER_005018,1,1,1,0,0,0
USER_005019,1,1,1,0,0,0
USER_005020,1,1,1,0,0,0
USER_005021,1,1,1,0,0,0
USER_005022,1,1,1,0,0,0
USER_005023,1,1,1,0,0,0
USER_005024,1,1,1,0,0,0
USER_005025,1,1,1,0,0,0
USER_005026,1,1,1,0,0,0
USER_005027,1,1,1,0,0,0
USER_005028,1,1,1,0,0,0
USER_005029,1,1,1,0,0,0
USER_005030,1,1,1,0,0,0
USER_005031,1,1,1,0,0,0
USER_005032,1,1,1,0,0,0
USER_005033,1,1,1,0,0,0
USER_005034,1,1,1,0,0,0
USER_005035,1,1,1,0,0,0
USER_005036,1,1,1,0,0,0
USER_005037,1,1,1,0,0,0
USER_005038,1,1,1,0,0,0
USER_005039,1,1,1,0,0,0
USER_005040,1,1,1,0,0,0
USER_005041,1,1,1,0,0,0
USER_005042,1,1,1,0,0,0
USER_005043,1,1,1,0,0,0
USER_005044,1,1,1,0,0,0
USER_005045,1,1,1,0,0,0
USER_005046,1,1,1,0,0,0
USER_005047,1,1,1,0,0,0
USER_005048,1,1,1,0,0,0
USER_005049,1,1,1,0,0,0
USER_005050,1,1,1,0,0,0
USER_005051,1,1,1,0,0,0
USER_005052,1,1,1,0,0,0
USER_005053,1,1,1,0,0,0
USER_005054,1,1,1,0,0,0
USER_005055,1,1,1,0,0,0
USER_005056,1,1,1,0,0,0
USER_005057,1,1,1,0,0,0
USER_005058,1,1,1,0,0,0
USER_005059,1,1,1,0,0,0
USER_005060,1,1,1,0,0,0
USER_005061,1,1,1,0,0,0
USER_005062,1,1,1,0,0,0
USER_005063,1,1,1,0,0,0
USER_005064,1,1,1,0,0,0
USER_005065,1,1,1,0,0,0
USER_005066,1,1,1,0,0,0
USER_005067,1,1,1,0,0,0
USER_005068,1,1,1,0,0,0
USER_005069,1,1,1,0,0,0
USER_005070,1,1,1,0,0,0
USER_005071,1,1,1,0,0,0
USER_005072,1,1,1,0,0,0
USER_005073,1,1,1,0,0,0
USER_005074,1,1,1,0,0,0
USER_005075,1,1,1,0,0,0
USER_005076,1,1,1,0,0,0
USER_005077,1,1,1,0,0,0
USER_005078,1,1,1,0,0,0
USER_005079,1,1,1,0,0,0
USER_005080,1,1,1,0,0,0
USER_005081,1,1,1,0,0,0
USER_005082,1,1,1,0,0,0
USER_005083,1,1,1,0,0,0
USER_005084,1,1,1,0,0,0
USER_005085,1,1,1,0,0,0
USER_005086,1,1,1,0,0,0
USER_005087,1,1,1,0,0,0
USER_005088,1,1,1,0,0,0
USER_005089,1,1,1,0,0,0
USER_005090,1,1,1,0,0,0
USER_005091,1,1,1,0,0,0
USER_005092,1,1,1,0,0,0
USER_005093,1,1,1,0,0,0
USER_005094,1,1,1,0,0,0
USER_005095,1,1,1,0,0,0
USER_005096,1,1,1,0,0,0
USER_005097,1,1,1,0,0,0
USER_005098,1,1,1,0,0,0
USER_005099,1,1,1,0,0,0
USER_005100,1,1,1,0,0,0
USER_005101,1,1,1,0,0,0
USER_005102,1,1,1,0,0,0
USER_005103,1,1,1,0,0,0
USER_005104,1,1,1,0,0,0
USER_005105,1,1,1,0,0,0
USER_005106,1,1,1,0,0,0
USER_005107,1,1,1,0,0,0
USER_005108,1,1,1,0,0,0
USER_005109,1,1,1,0,0,0
USER_005110,1,1,1,0,0,0
USER_005111,1,1,1,0,0,0
USER_005112,1,1,1,0,0,0
USER_005113,1,1,1,0,0,0
USER_005114,1,1,1,0,0,0
USER_005115,1,1,1,0,0,0
USER_005116,1,1,1,0,0,0
USER_005117,1,1,1,0,0,0
USER_005118,1,1,1,0,0,0
USER_005119,1,1,1,0,0,0
USER_005120,1,1,1,0,0,0
USER_005121,1,1,1,0,0,0
USER_005122,1,1,1,0,0,0
USER_005123,1,1,1,0,0,0
USER_005124,1,1,1,0,0,0
USER_005125,1,1,1,0,0,0
USER_005126,1,1,1,0,0,0
USER_005127,1,1,1,0,0,0
USER_005128,1,1,1,0,0,0
USER_005129,1,1,1,0,0,0
USER_005130,1,1,1,0,0,0
USER_005131,1,1,1,0,0,0
USER_005132,1,1,1,0,0,0
USER_005133,1,1,1,0,0,0
USER_005134,1,1,1,0,0,0
USER_005135,1,1,1,0,0,0
USER_005136,1,1,1,0,0,0
USER_005137,1,1,1,0,0,0
USER_005138,1,1,1,0,0,0
USER_005139,1,1,1,0,0,0
USER_005140,1,1,1,0,0,0
USER_005141,1,1,1,0,0,0
USER_005142,1,1,1,0,0,0
USER_005143,1,1,1,0,0,0
USER_005144,1,1,1,0,0,0
USER_005145,1,1,1,0,0,0
USER_005146,1,1,1,0,0,0
USER_005147,1,1,1,0,0,0
USER_005148,1,1,1,0,0,0
USER_005149,1,1,1,0,0,0
USER_005150,1,1,1,0,0,0
USER_005151,1,1,1,0,0,0
USER_005152,1,1,1,0,0,0
USER_005153,1,1,1,0,0,0
USER_005154,1,1,1,0,0,0
USER_005155,1,1,1,0,0,0
USER_005156,1,1,1,0,0,0
USER_005157,1,1,1,0,0,0
USER_005158,1,1,1,0,0,0
USER_005159,1,1,1,0,0,0
USER_005160,1,1,1,0,0,0
USER_005161,1,1,1,0,0,0
USER_005162,1,1,1,0,0,0
USER_005163,1,1,1,0,0,0
USER_005164,1,1,1,0,0,0
USER_005165,1,1,1,0,0,0
USER_005166,1,1,1,0,0,0
USER_005167,1,1,1,0,0,0
USER_005168,1,1,1,0,0,0
USER_005169,1,1,1,0,0,0
USER_005170,1,1,1,0,0,0
USER_005171,1,1,1,0,0,0
USER_005172,1,1,1,0,0,0
USER_005173,1,1,1,0,0,0
USER_005174,1,1,1,0,0,0
USER_005175,1,1,1,0,0,0
USER_005176,1,1,1,0,0,0
USER_005177,1,1,1,0,0,0
USER_005178,1,1,1,0,0,0
USER_005179,1,1,1,0,0,0
USER_005180,1,1,1,0,0,0
USER_005181,1,1,1,0,0,0
USER_005182,1,1,1,0,0,0
USER_005183,1,1,1,0,0,0
USER_005184,1,1,1,0,0,0
USER_005185,1,1,1,0,0,0
USER_005186,1,1,1,0,0,0
USER_005187,1,1,1,0,0,0
USER_005188,1,1,1,0,0,0
USER_005189,1,1,1,0,0,0
USER_005190,1,1,1,0,0,0
USER_005191,1,1,1,0,0,0
USER_005192,1,1,1,0,0,0
USER_005193,1,1,1,0,0,0
USER_005194,1,1,1,0,0,0
USER_005195,1,1,1,0,0,0
USER_005196,1,1,1,0,0,0
USER_005197,1,1,1,0,0,0
USER_005198,1,1,1,0,0,0
USER_005199,1,1,1,0,0,0
USER_005200,1,1,1,0,0,0
USER_005201,1,1,1,0,0,0
USER_005202,1,1,1,0,0,0
USER_005203,1,1,1,0,0,0
USER_005204,1,1,1,0,0,0
USER_005205,1,1,1,0,0,0
USER_005206,1,1,1,0,0,0
USER_005207,1,1,1,0,0,0
USER_005208,1,1,1,0,0,0
USER_005209,1,1,1,0,0,0
USER_005210,1,1,1,0,0,0
USER_005211,1,1,1,0,0,0
USER_005212,1,1,1,0,0,0
USER_005213,1,1,1,0,0,0
USER_005214,1,1,1,0,0,0
USER_005215,1,1,1,0,0,0
USER_005216,1,1,1,0,0,0
USER_005217,1,1,1,0,0,0
USER_005218,1,1,1,0,0,0
USER_005219,1,1,1,0,0,0
USER_005220,1,1,1,0,0,0
USER_005221,1,1,1,0,0,0
USER_005222,1,1,1,0,0,0
USER_005223,1,1,1,0,0,0
USER_005224,1,1,1,0,0,0
USER_005225,1,1,1,0,0,0
USER_005226,1,1,1,0,0,0
USER_005227,1,1,1,0,0,0
USER_005228,1,1,1,0,0,0
USER_005229,1,1,1,0,0,0
USER_005230,1,1,1,0,0,0
USER_005231,1,1,1,0,0,0
USER_005232,1,1,1,0,0,0
USER_005233,1,1,1,0,0,0
USER_005234,1,1,1,0,0,0
USER_005235,1,1,1,0,0,0
USER_005236,1,1,1,0,0,0
USER_005237,1,1,1,0,0,0
USER_005238,1,1,1,0,0,0
USER_005239,1,1,1,0,0,0
USER_005240,1,1,1,0,0,0
USER_005241,1,1,1,0,0,0
USER_005242,1,1,1,0,0,0
USER_005243,1,1,1,0,0,0
USER_005244,1,1,1,0,0,0
USER_005245,1,1,1,0,0,0
USER_005246,1,1,1,0,0,0
USER_005247,1,1,1,0,0,0
USER_005248,1,1,1,0,0,0
USER_005249,1,1,1,0,0,0
USER_005250,1,1,1,0,0,0
USER_005251,1,1,1,0,0,0
USER_005252,1,1,1,0,0,0
USER_005253,1,1,1,0,0,0
USER_005254,1,1,1,0,0,0
USER_005255,1,1,1,0,0,0
USER_005256,1,1,1,0,0,0
USER_005257,1,1,1,0,0,0
USER_005258,1,1,1,0,0,0
USER_005259,1,1,1,0,0,0
USER_005260,1,1,1,0,0,0
USER_005261,1,1,1,0,0,0
USER_005262,1,1,1,0,0,0
USER_005263,1,1,1,0,0,0
USER_005264,1,1,1,0,0,0
USER_005265,1,1,1,0,0,0
USER_005266,1,1,1,0,0,0
USER_005267,1,1,1,0,0,0
USER_005268,1,1,1,0,0,0
USER_005269,1,1,1,0,0,0
USER_005270,1,1,1,0,0,0
USER_005271,1,1,1,0,0,0
USER_005272,1,1,1,0,0,0
USER_005273,1,1,1,0,0,0
USER_005274,1,1,1,0,0,0
USER_005275,1,1,1,0,0,0
USER_005276,1,1,1,0,0,0
USER_005277,1,1,1,0,0,0
USER_005278,1,1,1,0,0,0
USER_005279,1,1,1,0,0,0
USER_005280,1,1,1,0,0,0
USER_005281,1,1,1,0,0,0
USER_005282,1,1,1,0,0,0
USER_005283,1,1,1,0,0,0
USER_005284,1,1,1,0,0,0
USER_005285,1,1,1,0,0,0
USER_005286,1,1,1,0,0,0
USER_005287,1,1,1,0,0,0
USER_005288,1,1,1,0,0,0
USER_005289,1,1,1,0,0,0
USER_005290,1,1,1,0,0,0
USER_005291,1,1,1,0,0,0
USER_005292,1,1,1,0,0,0
USER_005293,1,1,1,0,0,0
USER_005294,1,1,1,0,0,0
USER_005295,1,1,1,0,0,0
USER_005296,1,1,1,0,0,0
USER_005297,1,1,1,0,0,0
USER_005298,1,1,1,0,0,0
USER_005299,1,1,1,0,0,0
USER_005300,1,1,1,0,0,0
USER_005301,1,1,1,0,0,0
USER_005302,1,1,1,0,0,0
USER_005303,1,1,1,0,0,0
USER_005304,1,1,1,0,0,0
USER_005305,1,1,1,0,0,0
USER_005306,1,1,1,0,0,0
USER_005307,1,1,1,0,0,0
USER_005308,1,1,1,0,0,0
USER_005309,1,1,1,0,0,0
USER_005310,1,1,1,0,0,0
USER_005311,1,1,1,0,0,0
USER_005312,1,1,1,0,0,0
USER_005313,1,1,1,0,0,0
USER_005314,1,1,1,0,0,0
USER_005315,1,1,1,0,0,0
USER_005316,1,1,1,0,0,0
USER_005317,1,1,1,0,0,0
USER_005318,1,1,1,0,0,0
USER_005319,1,1,1,0,0,0
USER_005320,1,1,1,0,0,0
USER_005321,1,1,1,0,0,0
USER_005322,1,1,1,0,0,0
USER_005323,1,1,1,0,0,0
USER_005324,1,1,1,0,0,0
USER_005325,1,1,1,0,0,0
USER_005326,1,1,1,0,0,0
USER_005327,1,1,1,0,0,0
USER_005328,1,1,1,0,0,0
USER_005329,1,1,1,0,0,0
USER_005330,1,1,1,0,0,0
USER_005331,1,1,1,0,0,0
USER_005332,1,1,1,0,0,0
USER_005333,1,1,1,0,0,0
USER_005334,1,1,1,0,0,0
USER_005335,1,1,1,0,0,0
USER_005336,1,1,1,0,0,0
USER_005337,1,1,1,0,0,0
USER_005338,1,1,1,0,0,0
USER_005339,1,1,1,0,0,0
USER_005340,1,1,1,0,0,0
USER_005341,1,1,1,0,0,0
USER_005342,1,1,1,0,0,0
USER_005343,1,1,1,0,0,0
USER_005344,1,1,1,0,0,0
USER_005345,1,1,1,0,0,0
USER_005346,1,1,1,0,0,0
USER_005347,1,1,1,0,0,0
USER_005348,1,1,1,0,0,0
USER_005349,1,1,1,0,0,0
USER_005350,1,1,1,0,0,0
USER_005351,1,1,1,0,0,0
USER_005352,1,1,1,0,0,0
USER_005353,1,1,1,0,0,0
USER_005354,1,1,1,0,0,0
USER_005355,1,1,1,0,0,0
USER_005356,1,1,1,0,0,0
USER_005357,1,1,1,0,0,0
USER_005358,1,1,1,0,0,0
USER_005359,1,1,1,0,0,0
USER_005360,1,1,1,0,0,0
USER_005361,1,1,1,0,0,0
USER_005362,1,1,1,0,0,0
USER_005363,1,1,1,0,0,0
USER_005364,1,1,1,0,0,0
USER_005365,1,1,1,0,0,0
USER_005366,1,1,1,0,0,0
USER_005367,1,1,1,0,0,0
USER_005368,1,1,1,0,0,0
USER_005369,1,1,1,0,0,0
USER_005370,1,1,1,0,0,0
USER_005371,1,1,1,0,0,0
USER_005372,1,1,1,0,0,0
USER_005373,1,1,1,0,0,0
USER_005374,1,1,1,0,0,0
USER_005375,1,1,1,0,0,0
USER_005376,1,1,1,0,0,0
USER_005377,1,1,1,0,0,0
USER_005378,1,1,1,0,0,0
USER_005379,1,1,1,0,0,0
USER_005380,1,1,1,0,0,0
USER_005381,1,1,1,0,0,0
USER_005382,1,1,1,0,0,0
USER_005383,1,1,1,0,0,0
USER_005384,1,1,1,0,0,0
USER_005385,1,1,1,0,0,0
USER_005386,1,1,1,0,0,0
USER_005387,1,1,1,0,0,0
USER_005388,1,1,1,0,0,0
USER_005389,1,1,1,0,0,0
USER_005390,1,1,1,0,0,0
USER_005391,1,1,1,0,0,0
USER_005392,1,1,1,0,0,0
USER_005393,1,1,1,0,0,0
USER_005394,1,1,1,0,0,0
USER_005395,1,1,1,0,0,0
USER_005396,1,1,1,0,0,0
USER_005397,1,1,1,0,0,0
USER_005398,1,1,1,0,0,0
USER_005399,1,1,1,0,0,0
USER_005400,1,1,1,0,0,0
USER_005401,1,1,1,0,0,0
USER_005402,1,1,1,0,0,0
USER_005403,1,1,1,0,0,0
USER_005404,1,1,1,0,0,0
USER_005405,1,1,1,0,0,0
USER_005406,1,1,1,0,0,0
USER_005407,1,1,1,0,0,0
USER_005408,1,1,1,0,0,0
USER_005409,1,1,1,0,0,0
USER_005410,1,1,1,0,0,0
USER_005411,1,1,1,0,0,0
USER_005412,1,1,1,0,0,0
USER_005413,1,1,1,0,0,0
USER_005414,1,1,1,0,0,0
USER_005415,1,1,1,0,0,0
USER_005416,1,1,1,0,0,0
USER_005417,1,1,1,0,0,0
USER_005418,1,1,1,0,0,0
USER_005419,1,1,1,0,0,0
USER_005420,1,1,1,0,0,0
USER_005421,1,1,1,0,0,0
USER_005422,1,1,1,0,0,0
USER_005423,1,1,1,0,0,0
USER_005424,1,1,1,0,0,0
USER_005425,1,1,1,0,0,0
USER_005426,1,1,1,0,0,0
USER_005427,1,1,1,0,0,0
USER_005428,1,1,1,0,0,0
USER_005429,1,1,1,0,0,0
USER_005430,1,1,1,0,0,0
USER_005431,1,1,1,0,0,0
USER_005432,1,1,1,0,0,0
USER_005433,1,1,1,0,0,0
USER_005434,1,1,1,0,0,0
USER_005435,1,1,1,0,0,0
USER_005436,1,1,1,0,0,0
USER_005437,1,1,1,0,0,0
USER_005438,1,1,1,0,0,0
USER_005439,1,1,1,0,0,0
USER_005440,1,1,1,0,0,0
USER_005441,1,1,1,0,0,0
USER_005442,1,1,1,0,0,0
USER_005443,1,1,1,0,0,0
USER_005444,1,1,1,0,0,0
USER_005445,1,1,1,0,0,0
USER_005446,1,1,1,0,0,0
USER_005447,1,1,1,0,0,0
USER_005448,1,1,1,0,0,0
USER_005449,1,1,1,0,0,0
USER_005450,1,1,1,0,0,0
USER_005451,1,1,1,0,0,0
USER_005452,1,1,1,0,0,0
USER_005453,1,1,1,0,0,0
USER_005454,1,1,1,0,0,0
USER_005455,1,1,1,0,0,0
USER_005456,1,1,1,0,0,0
USER_005457,1,1,1,0,0,0
USER_005458,1,1,1,0,0,0
USER_005459,1,1,1,0,0,0
USER_005460,1,1,1,0,0,0
USER_005461,1,1,1,0,0,0
USER_005462,1,1,1,0,0,0
USER_005463,1,1,1,0,0,0
USER_005464,1,1,1,0,0,0
USER_005465,1,1,1,0,0,0
USER_005466,1,1,1,0,0,0
USER_005467,1,1,1,0,0,0
USER_005468,1,1,1,0,0,0
USER_005469,1,1,1,0,0,0
USER_005470,1,1,1,0,0,0
USER_005471,1,1,1,0,0,0
USER_005472,1,1,1,0,0,0
USER_005473,1,1,1,0,0,0
USER_005474,1,1,1,0,0,0
USER_005475,1,1,1,0,0,0
USER_005476,1,1,1,0,0,0
USER_005477,1,1,1,0,0,0
USER_005478,1,1,1,0,0,0
USER_005479,1,1,1,0,0,0
USER_005480,1,1,1,0,0,0
USER_005481,1,1,1,0,0,0
USER_005482,1,1,1,0,0,0
USER_005483,1,1,1,0,0,0
USER_005484,1,1,1,0,0,0
USER_005485,1,1,1,0,0,0
USER_005486,1,1,1,0,0,0
USER_005487,1,1,1,0,0,0
USER_005488,1,1,1,0,0,0
USER_005489,1,1,1,0,0,0
USER_005490,1,1,1,0,0,0
USER_005491,1,1,1,0,0,0
USER_005492,1,1,1,0,0,0
USER_005493,1,1,1,0,0,0
USER_005494,1,1,1,0,0,0
USER_005495,1,1,1,0,0,0
USER_005496,1,1,1,0,0,0
USER_005497,1,1,1,0,0,0
USER_005498,1,1,1,0,0,0
USER_005499,1,1,1,0,0,0
USER_005500,1,1,1,0,0,0
USER_005501,1,1,1,0,0,0
USER_005502,1,1,1,0,0,0
USER_005503,1,1,1,0,0,0
USER_005504,1,1,1,0,0,0
USER_005505,1,1,1,0,0,0
USER_005506,1,1,1,0,0,0
USER_005507,1,1,1,0,0,0
USER_005508,1,1,1,0,0,0
USER_005509,1,1,1,0,0,0
USER_005510,1,1,1,0,0,0
USER_005511,1,1,1,0,0,0
USER_005512,1,1,1,0,0,0
USER_005513,1,1,1,0,0,0
USER_005514,1,1,1,0,0,0
USER_005515,1,1,1,0,0,0
USER_005516,1,1,1,0,0,0
USER_005517,1,1,1,0,0,0
USER_005518,1,1,1,0,0,0
USER_005519,1,1,1,0,0,0
USER_005520,1,1,1,0,0,0
USER_005521,1,1,1,0,0,0
USER_005522,1,1,1,0,0,0
USER_005523,1,1,1,0,0,0
USER_005524,1,1,1,0,0,0
USER_005525,1,1,1,0,0,0
USER_005526,1,1,1,0,0,0
USER_005527,1,1,1,0,0,0
USER_005528,1,1,1,0,0,0
USER_005529,1,1,1,0,0,0
USER_005530,1,1,1,0,0,0
USER_005531,1,1,1,0,0,0
USER_005532,1,1,1,0,0,0
USER_005533,1,1,1,0,0,0
USER_005534,1,1,1,0,0,0
USER_005535,1,1,1,0,0,0
USER_005536,1,1,1,0,0,0
USER_005537,1,1,1,0,0,0
USER_005538,1,1,1,0,0,0
USER_005539,1,1,1,0,0,0
USER_005540,1,1,1,0,0,0
USER_005541,1,1,1,0,0,0
USER_005542,1,1,1,0,0,0
USER_005543,1,1,1,0,0,0
USER_005544,1,1,1,0,0,0
USER_005545,1,1,1,0,0,0
USER_005546,1,1,1,0,0,0
USER_005547,1,1,1,0,0,0
USER_005548,1,1,1,0,0,0
USER_005549,1,1,1,0,0,0
USER_005550,1,1,1,0,0,0
USER_005551,1,1,1,0,0,0
USER_005552,1,1,1,0,0,0
USER_005553,1,1,1,0,0,0
USER_005554,1,1,1,0,0,0
USER_005555,1,1,1,0,0,0
USER_005556,1,1,1,0,0,0
USER_005557,1,1,1,0,0,0
USER_005558,1,1,1,0,0,0
USER_005559,1,1,1,0,0,0
USER_005560,1,1,1,0,0,0
USER_005561,1,1,1,0,0,0
USER_005562,1,1,1,0,0,0
USER_005563,1,1,1,0,0,0
USER_005564,1,1,1,0,0,0
USER_005565,1,1,1,0,0,0
USER_005566,1,1,1,0,0,0
USER_005567,1,1,1,0,0,0
USER_005568,1,1,1,0,0,0
USER_005569,1,1,1,0,0,0
USER_005570,1,1,1,0,0,0
USER_005571,1,1,1,0,0,0
USER_005572,1,1,1,0,0,0
USER_005573,1,1,1,0,0,0
USER_005574,1,1,1,0,0,0
USER_005575,1,1,1,0,0,0
USER_005576,1,1,1,0,0,0
USER_005577,1,1,1,0,0,0
USER_005578,1,1,1,0,0,0
USER_005579,1,1,1,0,0,0
USER_005580,1,1,1,0,0,0
USER_005581,1,1,1,0,0,0
USER_005582,1,1,1,0,0,0
USER_005583,1,1,1,0,0,0
USER_005584,1,1,1,0,0,0
USER_005585,1,1,1,0,0,0
USER_005586,1,1,1,0,0,0
USER_005587,1,1,1,0,0,0
USER_005588,1,1,1,0,0,0
USER_005589,1,1,1,0,0,0
USER_005590,1,1,1,0,0,0
USER_005591,1,1,1,0,0,0
USER_005592,1,1,1,0,0,0
USER_005593,1,1,1,0,0,0
USER_005594,1,1,1,0,0,0
USER_005595,1,1,1,0,0,0
USER_005596,1,1,1,0,0,0
USER_005597,1,1,1,0,0,0
USER_005598,1,1,1,0,0,0
USER_005599,1,1,1,0,0,0
USER_005600,1,1,1,0,0,0
USER_005601,1,1,1,0,0,0
USER_005602,1,1,1,0,0,0
USER_005603,1,1,1,0,0,0
USER_005604,1,1,1,0,0,0
USER_005605,1,1,1,0,0,0
USER_005606,1,1,1,0,0,0
USER_005607,1,1,1,0,0,0
USER_005608,1,1,1,0,0,0
USER_005609,1,1,1,0,0,0
USER_005610,1,1,1,0,0,0
USER_005611,1,1,1,0,0,0
USER_005612,1,1,1,0,0,0
USER_005613,1,1,1,0,0,0
USER_005614,1,1,1,0,0,0
USER_005615,1,1,1,0,0,0
USER_005616,1,1,1,0,0,0
USER_005617,1,1,1,0,0,0
USER_005618,1,1,1,0,0,0
USER_005619,1,1,1,0,0,0
USER_005620,1,1,1,0,0,0
USER_005621,1,1,1,0,0,0
USER_005622,1,1,1,0,0,0
USER_005623,1,1,1,0,0,0
USER_005624,1,1,1,0,0,0
USER_005625,1,1,1,0,0,0
USER_005626,1,1,1,0,0,0
USER_005627,1,1,1,0,0,0
USER_005628,1,1,1,0,0,0
USER_005629,1,1,1,0,0,0
USER_005630,1,1,1,0,0,0
USER_005631,1,1,1,0,0,0
USER_005632,1,1,1,0,0,0
USER_005633,1,1,1,0,0,0
USER_005634,1,1,1,0,0,0
USER_005635,1,1,1,0,0,0
USER_005636,1,1,1,0,0,0
USER_005637,1,1,1,0,0,0
USER_005638,1,1,1,0,0,0
USER_005639,1,1,1,0,0,0
USER_005640,1,1,1,0,0,0
USER_005641,1,1,1,0,0,0
USER_005642,1,1,1,0,0,0
USER_005643,1,1,1,0,0,0
USER_005644,1,1,1,0,0,0
USER_005645,1,1,1,0,0,0
USER_005646,1,1,1,0,0,0
USER_005647,1,1,1,0,0,0
USER_005648,1,1,1,0,0,0
USER_005649,1,1,1,0,0,0
USER_005650,1,1,1,0,0,0
USER_005651,1,1,1,0,0,0
USER_005652,1,1,1,0,0,0
USER_005653,1,1,1,0,0,0
USER_005654,1,1,1,0,0,0
USER_005655,1,1,1,0,0,0
USER_005656,1,1,1,0,0,0
USER_005657,1,1,1,0,0,0
USER_005658,1,1,1,0,0,0
USER_005659,1,1,1,0,0,0
USER_005660,1,1,1,0,0,0
USER_005661,1,1,1,0,0,0
USER_005662,1,1,1,0,0,0
USER_005663,1,1,1,0,0,0
USER_005664,1,1,1,0,0,0
USER_005665,1,1,1,0,0,0
USER_005666,1,1,1,0,0,0
USER_005667,1,1,1,0,0,0
USER_005668,1,1,1,0,0,0
USER_005669,1,1,1,0,0,0
USER_005670,1,1,1,0,0,0
USER_005671,1,1,1,0,0,0
USER_005672,1,1,1,0,0,0
USER_005673,1,1,1,0,0,0
USER_005674,1,1,1,0,0,0
USER_005675,1,1,1,0,0,0
USER_005676,1,1,1,0,0,0
USER_005677,1,1,1,0,0,0
USER_005678,1,1,1,0,0,0
USER_005679,1,1,1,0,0,0
USER_005680,1,1,1,0,0,0
USER_005681,1,1,1,0,0,0
USER_005682,1,1,1,0,0,0
USER_005683,1,1,1,0,0,0
USER_005684,1,1,1,0,0,0
USER_005685,1,1,1,0,0,0
USER_005686,1,1,1,0,0,0
USER_005687,1,1,1,0,0,0
USER_005688,1,1,1,0,0,0
USER_005689,1,1,1,0,0,0
USER_005690,1,1,1,0,0,0
USER_005691,1,1,1,0,0,0
USER_005692,1,1,1,0,0,0
USER_005693,1,1,1,0,0,0
USER_005694,1,1,1,0,0,0
USER_005695,1,1,1,0,0,0
USER_005696,1,1,1,0,0,0
USER_005697,1,1,1,0,0,0
USER_005698,1,1,1,0,0,0
USER_005699,1,1,1,0,0,0
USER_005700,1,1,1,0,0,0
USER_005701,1,1,1,0,0,0
USER_005702,1,1,1,0,0,0
USER_005703,1,1,1,0,0,0
USER_005704,1,1,1,0,0,0
USER_005705,1,1,1,0,0,0
USER_005706,1,1,1,0,0,0
USER_005707,1,1,1,0,0,0
USER_005708,1,1,1,0,0,0
USER_005709,1,1,1,0,0,0
USER_005710,1,1,1,0,0,0
USER_005711,1,1,1,0,0,0
USER_005712,1,1,1,0,0,0
USER_005713,1,1,1,0,0,0
USER_005714,1,1,1,0,0,0
USER_005715,1,1,1,0,0,0
USER_005716,1,1,1,0,0,0
USER_005717,1,1,1,0,0,0
USER_005718,1,1,1,0,0,0
USER_005719,1,1,1,0,0,0
USER_005720,1,1,1,0,0,0
USER_005721,1,1,1,0,0,0
USER_005722,1,1,1,0,0,0
USER_005723,1,1,1,0,0,0
USER_005724,1,1,1,0,0,0
USER_005725,1,1,1,0,0,0
USER_005726,1,1,1,0,0,0
USER_005727,1,1,1,0,0,0
USER_005728,1,1,1,0,0,0
USER_005729,1,1,1,0,0,0
USER_005730,1,1,1,0,0,0
USER_005731,1,1,1,0,0,0
USER_005732,1,1,1,0,0,0
USER_005733,1,1,1,0,0,0
USER_005734,1,1,1,0,0,0
USER_005735,1,1,1,0,0,0
USER_005736,1,1,1,0,0,0
USER_005737,1,1,1,0,0,0
USER_005738,1,1,1,0,0,0
USER_005739,1,1,1,0,0,0
USER_005740,1,1,1,0,0,0
USER_005741,1,1,1,0,0,0
USER_005742,1,1,1,0,0,0
USER_005743,1,1,1,0,0,0
USER_005744,1,1,1,0,0,0
USER_005745,1,1,1,0,0,0
USER_005746,1,1,1,0,0,0
USER_005747,1,1,1,0,0,0
USER_005748,1,1,1,0,0,0
USER_005749,1,1,1,0,0,0
USER_005750,1,1,1,0,0,0
USER_005751,1,1,1,0,0,0
USER_005752,1,1,1,0,0,0
USER_005753,1,1,1,0,0,0
USER_005754,1,1,1,0,0,0
USER_005755,1,1,1,0,0,0
USER_005756,1,1,1,0,0,0
USER_005757,1,1,1,0,0,0
USER_005758,1,1,1,0,0,0
USER_005759,1,1,1,0,0,0
USER_005760,1,1,1,0,0,0
USER_005761,1,1,1,0,0,0
USER_005762,1,1,1,0,0,0
USER_005763,1,1,1,0,0,0
USER_005764,1,1,1,0,0,0
USER_005765,1,1,1,0,0,0
USER_005766,1,1,1,0,0,0
USER_005767,1,1,1,0,0,0
USER_005768,1,1,1,0,0,0
USER_005769,1,1,1,0,0,0
USER_005770,1,1,1,0,0,0
USER_005771,1,1,1,0,0,0
USER_005772,1,1,1,0,0,0
USER_005773,1,1,1,0,0,0
USER_005774,1,1,1,0,0,0
USER_005775,1,1,1,0,0,0
USER_005776,1,1,1,0,0,0
USER_005777,1,1,1,0,0,0
USER_005778,1,1,1,0,0,0
USER_005779,1,1,1,0,0,0
USER_005780,1,1,1,0,0,0
USER_005781,1,1,1,0,0,0
USER_005782,1,1,1,0,0,0
USER_005783,1,1,1,0,0,0
USER_005784,1,1,1,0,0,0
USER_005785,1,1,1,0,0,0
USER_005786,1,1,1,0,0,0
USER_005787,1,1,1,0,0,0
USER_005788,1,1,1,0,0,0
USER_005789,1,1,1,0,0,0
USER_005790,1,1,1,0,0,0
USER_005791,1,1,1,0,0,0
USER_005792,1,1,1,0,0,0
USER_005793,1,1,1,0,0,0
USER_005794,1,1,1,0,0,0
USER_005795,1,1,1,0,0,0
USER_005796,1,1,1,0,0,0
USER_005797,1,1,1,0,0,0
USER_005798,1,1,1,0,0,0
USER_005799,1,1,1,0,0,0
USER_005800,1,1,1,0,0,0
USER_005801,1,1,1,0,0,0
USER_005802,1,1,1,0,0,0
USER_005803,1,1,1,0,0,0
USER_005804,1,1,1,0,0,0
USER_005805,1,1,1,0,0,0
USER_005806,1,1,1,0,0,0
USER_005807,1,1,1,0,0,0
USER_005808,1,1,1,0,0,0
USER_005809,1,1,1,0,0,0
USER_005810,1,1,1,0,0,0
USER_005811,1,1,1,0,0,0
USER_005812,1,1,1,0,0,0
USER_005813,1,1,1,0,0,0
USER_005814,1,1,1,0,0,0
USER_005815,1,1,1,0,0,0
USER_005816,1,1,1,0,0,0
USER_005817,1,1,1,0,0,0
USER_005818,1,1,1,0,0,0
USER_005819,1,1,1,0,0,0
USER_005820,1,1,1,0,0,0
USER_005821,1,1,1,0,0,0
USER_005822,1,1,1,0,0,0
USER_005823,1,1,1,0,0,0
USER_005824,1,1,1,0,0,0
USER_005825,1,1,1,0,0,0
USER_005826,1,1,1,0,0,0
USER_005827,1,1,1,0,0,0
USER_005828,1,1,1,0,0,0
USER_005829,1,1,1,0,0,0
USER_005830,1,1,1,0,0,0
USER_005831,1,1,1,0,0,0
USER_005832,1,1,1,0,0,0
USER_005833,1,1,1,0,0,0
USER_005834,1,1,1,0,0,0
USER_005835,1,1,1,0,0,0
USER_005836,1,1,1,0,0,0
USER_005837,1,1,1,0,0,0
USER_005838,1,1,1,0,0,0
USER_005839,1,1,1,0,0,0
USER_005840,1,1,1,0,0,0
USER_005841,1,1,1,0,0,0
USER_005842,1,1,1,0,0,0
USER_005843,1,1,1,0,0,0
USER_005844,1,1,1,0,0,0
USER_005845,1,1,1,0,0,0
USER_005846,1,1,1,0,0,0
USER_005847,1,1,1,0,0,0
USER_005848,1,1,1,0,0,0
USER_005849,1,1,1,0,0,0
USER_005850,1,1,1,0,0,0
USER_005851,1,1,1,0,0,0
USER_005852,1,1,1,0,0,0
USER_005853,1,1,1,0,0,0
USER_005854,1,1,1,0,0,0
USER_005855,1,1,1,0,0,0
USER_005856,1,1,1,0,0,0
USER_005857,1,1,1,0,0,0
USER_005858,1,1,1,0,0,0
USER_005859,1,1,1,0,0,0
USER_005860,1,1,1,0,0,0
USER_005861,1,1,1,0,0,0
USER_005862,1,1,1,0,0,0
USER_005863,1,1,1,0,0,0
USER_005864,1,1,1,0,0,0
USER_005865,1,1,1,0,0,0
USER_005866,1,1,1,0,0,0
USER_005867,1,1,1,0,0,0
USER_005868,1,1,1,0,0,0
USER_005869,1,1,1,0,0,0
USER_005870,1,1,1,0,0,0
USER_005871,1,1,1,0,0,0
USER_005872,1,1,1,0,0,0
USER_005873,1,1,1,0,0,0
USER_005874,1,1,1,0,0,0
USER_005875,1,1,1,0,0,0
USER_005876,1,1,1,0,0,0
USER_005877,1,1,1,0,0,0
USER_005878,1,1,1,0,0,0
USER_005879,1,1,1,0,0,0
USER_005880,1,1,1,0,0,0
USER_005881,1,1,1,0,0,0
USER_005882,1,1,1,0,0,0
USER_005883,1,1,1,0,0,0
USER_005884,1,1,1,0,0,0
USER_005885,1,1,1,0,0,0
USER_005886,1,1,1,0,0,0
USER_005887,1,1,1,0,0,0
USER_005888,1,1,1,0,0,0
USER_005889,1,1,1,0,0,0
USER_005890,1,1,1,0,0,0
USER_005891,1,1,1,0,0,0
USER_005892,1,1,1,0,0,0
USER_005893,1,1,1,0,0,0
USER_005894,1,1,1,0,0,0
USER_005895,1,1,1,0,0,0
USER_005896,1,1,1,0,0,0
USER_005897,1,1,1,0,0,0
USER_005898,1,1,1,0,0,0
USER_005899,1,1,1,0,0,0
USER_005900,1,1,1,0,0,0
USER_005901,1,1,1,0,0,0
USER_005902,1,1,1,0,0,0
USER_005903,1,1,1,0,0,0
USER_005904,1,1,1,0,0,0
USER_005905,1,1,1,0,0,0
USER_005906,1,1,1,0,0,0
USER_005907,1,1,1,0,0,0
USER_005908,1,1,1,0,0,0
USER_005909,1,1,1,0,0,0
USER_005910,1,1,1,0,0,0
USER_005911,1,1,1,0,0,0
USER_005912,1,1,1,0,0,0
USER_005913,1,1,1,0,0,0
USER_005914,1,1,1,0,0,0
USER_005915,1,1,1,0,0,0
USER_005916,1,1,1,0,0,0
USER_005917,1,1,1,0,0,0
USER_005918,1,1,1,0,0,0
USER_005919,1,1,1,0,0,0
USER_005920,1,1,1,0,0,0
USER_005921,1,1,1,0,0,0
USER_005922,1,1,1,0,0,0
USER_005923,1,1,1,0,0,0
USER_005924,1,1,1,0,0,0
USER_005925,1,1,1,0,0,0
USER_005926,1,1,1,0,0,0
USER_005927,1,1,1,0,0,0
USER_005928,1,1,1,0,0,0
USER_005929,1,1,1,0,0,0
USER_005930,1,1,1,0,0,0
USER_005931,1,1,1,0,0,0
USER_005932,1,1,1,0,0,0
USER_005933,1,1,1,0,0,0
USER_005934,1,1,1,0,0,0
USER_005935,1,1,1,0,0,0
USER_005936,1,1,1,0,0,0
USER_005937,1,1,1,0,0,0
USER_005938,1,1,1,0,0,0
USER_005939,1,1,1,0,0,0
USER_005940,1,1,1,0,0,0
USER_005941,1,1,1,0,0,0
USER_005942,1,1,1,0,0,0
USER_005943,1,1,1,0,0,0
USER_005944,1,1,1,0,0,0
USER_005945,1,1,1,0,0,0
USER_005946,1,1,1,0,0,0
USER_005947,1,1,1,0,0,0
USER_005948,1,1,1,0,0,0
USER_005949,1,1,1,0,0,0
USER_005950,1,1,1,0,0,0
USER_005951,1,1,1,0,0,0
USER_005952,1,1,1,0,0,0
USER_005953,1,1,1,0,0,0
USER_005954,1,1,1,0,0,0
USER_005955,1,1,1,0,0,0
USER_005956,1,1,1,0,0,0
USER_005957,1,1,1,0,0,0
USER_005958,1,1,1,0,0,0
USER_005959,1,1,1,0,0,0
USER_005960,1,1,1,0,0,0
USER_005961,1,1,1,0,0,0
USER_005962,1,1,1,0,0,0
USER_005963,1,1,1,0,0,0
USER_005964,1,1,1,0,0,0
USER_005965,1,1,1,0,0,0
USER_005966,1,1,1,0,0,0
USER_005967,1,1,1,0,0,0
USER_005968,1,1,1,0,0,0
USER_005969,1,1,1,0,0,0
USER_005970,1,1,1,0,0,0
USER_005971,1,1,1,0,0,0
USER_005972,1,1,1,0,0,0
USER_005973,1,1,1,0,0,0
USER_005974,1,1,1,0,0,0
USER_005975,1,1,1,0,0,0
USER_005976,1,1,1,0,0,0
USER_005977,1,1,1,0,0,0
USER_005978,1,1,1,0,0,0
USER_005979,1,1,1,0,0,0
USER_005980,1,1,1,0,0,0
USER_005981,1,1,1,0,0,0
USER_005982,1,1,1,0,0,0
USER_005983,1,1,1,0,0,0
USER_005984,1,1,1,0,0,0
USER_005985,1,1,1,0,0,0
USER_005986,1,1,1,0,0,0
USER_005987,1,1,1,0,0,0
USER_005988,1,1,1,0,0,0
USER_005989,1,1,1,0,0,0
USER_005990,1,1,1,0,0,0
USER_005991,1,1,1,0,0,0
USER_005992,1,1,1,0,0,0
USER_005993,1,1,1,0,0,0
USER_005994,1,1,1,0,0,0
USER_005995,1,1,1,0,0,0
USER_005996,1,1,1,0,0,0
USER_005997,1,1,1,0,0,0
USER_005998,1,1,1,0,0,0
USER_005999,1,1,1,0,0,0
USER_006000,1,1,1,0,0,0
USER_006001,1,1,0,0,0,0
USER_006002,1,1,0,0,0,0
USER_006003,1,1,0,0,0,0
USER_006004,1,1,0,0,0,0
USER_006005,1,1,0,0,0,0
USER_006006,1,1,0,0,0,0
USER_006007,1,1,0,0,0,0
USER_006008,1,1,0,0,0,0
USER_006009,1,1,0,0,0,0
USER_006010,1,1,0,0,0,0
USER_006011,1,1,0,0,0,0
USER_006012,1,1,0,0,0,0
USER_006013,1,1,0,0,0,0
USER_006014,1,1,0,0,0,0
USER_006015,1,1,0,0,0,0
USER_006016,1,1,0,0,0,0
USER_006017,1,1,0,0,0,0
USER_006018,1,1,0,0,0,0
USER_006019,1,1,0,0,0,0
USER_006020,1,1,0,0,0,0
USER_006021,1,1,0,0,0,0
USER_006022,1,1,0,0,0,0
USER_006023,1,1,0,0,0,0
USER_006024,1,1,0,0,0,0
USER_006025,1,1,0,0,0,0
USER_006026,1,1,0,0,0,0
USER_006027,1,1,0,0,0,0
USER_006028,1,1,0,0,0,0
USER_006029,1,1,0,0,0,0
USER_006030,1,1,0,0,0,0
USER_006031,1,1,0,0,0,0
USER_006032,1,1,0,0,0,0
USER_006033,1,1,0,0,0,0
USER_006034,1,1,0,0,0,0
USER_006035,1,1,0,0,0,0
USER_006036,1,1,0,0,0,0
USER_006037,1,1,0,0,0,0
USER_006038,1,1,0,0,0,0
USER_006039,1,1,0,0,0,0
USER_006040,1,1,0,0,0,0
USER_006041,1,1,0,0,0,0
USER_006042,1,1,0,0,0,0
USER_006043,1,1,0,0,0,0
USER_006044,1,1,0,0,0,0
USER_006045,1,1,0,0,0,0
USER_006046,1,1,0,0,0,0
USER_006047,1,1,0,0,0,0
USER_006048,1,1,0,0,0,0
USER_006049,1,1,0,0,0,0
USER_006050,1,1,0,0,0,0
USER_006051,1,1,0,0,0,0
USER_006052,1,1,0,0,0,0
USER_006053,1,1,0,0,0,0
USER_006054,1,1,0,0,0,0
USER_006055,1,1,0,0,0,0
USER_006056,1,1,0,0,0,0
USER_006057,1,1,0,0,0,0
USER_006058,1,1,0,0,0,0
USER_006059,1,1,0,0,0,0
USER_006060,1,1,0,0,0,0
USER_006061,1,1,0,0,0,0
USER_006062,1,1,0,0,0,0
USER_006063,1,1,0,0,0,0
USER_006064,1,1,0,0,0,0
USER_006065,1,1,0,0,0,0
USER_006066,1,1,0,0,0,0
USER_006067,1,1,0,0,0,0
USER_006068,1,1,0,0,0,0
USER_006069,1,1,0,0,0,0
USER_006070,1,1,0,0,0,0
USER_006071,1,1,0,0,0,0
USER_006072,1,1,0,0,0,0
USER_006073,1,1,0,0,0,0
USER_006074,1,1,0,0,0,0
USER_006075,1,1,0,0,0,0
USER_006076,1,1,0,0,0,0
USER_006077,1,1,0,0,0,0
USER_006078,1,1,0,0,0,0
USER_006079,1,1,0,0,0,0
USER_006080,1,1,0,0,0,0
USER_006081,1,1,0,0,0,0
USER_006082,1,1,0,0,0,0
USER_006083,1,1,0,0,0,0
USER_006084,1,1,0,0,0,0
USER_006085,1,1,0,0,0,0
USER_006086,1,1,0,0,0,0
USER_006087,1,1,0,0,0,0
USER_006088,1,1,0,0,0,0
USER_006089,1,1,0,0,0,0
USER_006090,1,1,0,0,0,0
USER_006091,1,1,0,0,0,0
USER_006092,1,1,0,0,0,0
USER_006093,1,1,0,0,0,0
USER_006094,1,1,0,0,0,0
USER_006095,1,1,0,0,0,0
USER_006096,1,1,0,0,0,0
USER_006097,1,1,0,0,0,0
USER_006098,1,1,0,0,0,0
USER_006099,1,1,0,0,0,0
USER_006100,1,1,0,0,0,0
USER_006101,1,1,0,0,0,0
USER_006102,1,1,0,0,0,0
USER_006103,1,1,0,0,0,0
USER_006104,1,1,0,0,0,0
USER_006105,1,1,0,0,0,0
USER_006106,1,1,0,0,0,0
USER_006107,1,1,0,0,0,0
USER_006108,1,1,0,0,0,0
USER_006109,1,1,0,0,0,0
USER_006110,1,1,0,0,0,0
USER_006111,1,1,0,0,0,0
USER_006112,1,1,0,0,0,0
USER_006113,1,1,0,0,0,0
USER_006114,1,1,0,0,0,0
USER_006115,1,1,0,0,0,0
USER_006116,1,1,0,0,0,0
USER_006117,1,1,0,0,0,0
USER_006118,1,1,0,0,0,0
USER_006119,1,1,0,0,0,0
USER_006120,1,1,0,0,0,0
USER_006121,1,1,0,0,0,0
USER_006122,1,1,0,0,0,0
USER_006123,1,1,0,0,0,0
USER_006124,1,1,0,0,0,0
USER_006125,1,1,0,0,0,0
USER_006126,1,1,0,0,0,0
USER_006127,1,1,0,0,0,0
USER_006128,1,1,0,0,0,0
USER_006129,1,1,0,0,0,0
USER_006130,1,1,0,0,0,0
USER_006131,1,1,0,0,0,0
USER_006132,1,1,0,0,0,0
USER_006133,1,1,0,0,0,0
USER_006134,1,1,0,0,0,0
USER_006135,1,1,0,0,0,0
USER_006136,1,1,0,0,0,0
USER_006137,1,1,0,0,0,0
USER_006138,1,1,0,0,0,0
USER_006139,1,1,0,0,0,0
USER_006140,1,1,0,0,0,0
USER_006141,1,1,0,0,0,0
USER_006142,1,1,0,0,0,0
USER_006143,1,1,0,0,0,0
USER_006144,1,1,0,0,0,0
USER_006145,1,1,0,0,0,0
USER_006146,1,1,0,0,0,0
USER_006147,1,1,0,0,0,0
USER_006148,1,1,0,0,0,0
USER_006149,1,1,0,0,0,0
USER_006150,1,1,0,0,0,0
USER_006151,1,1,0,0,0,0
USER_006152,1,1,0,0,0,0
USER_006153,1,1,0,0,0,0
USER_006154,1,1,0,0,0,0
USER_006155,1,1,0,0,0,0
USER_006156,1,1,0,0,0,0
USER_006157,1,1,0,0,0,0
USER_006158,1,1,0,0,0,0
USER_006159,1,1,0,0,0,0
USER_006160,1,1,0,0,0,0
USER_006161,1,1,0,0,0,0
USER_006162,1,1,0,0,0,0
USER_006163,1,1,0,0,0,0
USER_006164,1,1,0,0,0,0
USER_006165,1,1,0,0,0,0
USER_006166,1,1,0,0,0,0
USER_006167,1,1,0,0,0,0
USER_006168,1,1,0,0,0,0
USER_006169,1,1,0,0,0,0
USER_006170,1,1,0,0,0,0
USER_006171,1,1,0,0,0,0
USER_006172,1,1,0,0,0,0
USER_006173,1,1,0,0,0,0
USER_006174,1,1,0,0,0,0
USER_006175,1,1,0,0,0,0
USER_006176,1,1,0,0,0,0
USER_006177,1,1,0,0,0,0
USER_006178,1,1,0,0,0,0
USER_006179,1,1,0,0,0,0
USER_006180,1,1,0,0,0,0
USER_006181,1,1,0,0,0,0
USER_006182,1,1,0,0,0,0
USER_006183,1,1,0,0,0,0
USER_006184,1,1,0,0,0,0
USER_006185,1,1,0,0,0,0
USER_006186,1,1,0,0,0,0
USER_006187,1,1,0,0,0,0
USER_006188,1,1,0,0,0,0
USER_006189,1,1,0,0,0,0
USER_006190,1,1,0,0,0,0
USER_006191,1,1,0,0,0,0
USER_006192,1,1,0,0,0,0
USER_006193,1,1,0,0,0,0
USER_006194,1,1,0,0,0,0
USER_006195,1,1,0,0,0,0
USER_006196,1,1,0,0,0,0
USER_006197,1,1,0,0,0,0
USER_006198,1,1,0,0,0,0
USER_006199,1,1,0,0,0,0
USER_006200,1,1,0,0,0,0
USER_006201,1,1,0,0,0,0
USER_006202,1,1,0,0,0,0
USER_006203,1,1,0,0,0,0
USER_006204,1,1,0,0,0,0
USER_006205,1,1,0,0,0,0
USER_006206,1,1,0,0,0,0
USER_006207,1,1,0,0,0,0
USER_006208,1,1,0,0,0,0
USER_006209,1,1,0,0,0,0
USER_006210,1,1,0,0,0,0
USER_006211,1,1,0,0,0,0
USER_006212,1,1,0,0,0,0
USER_006213,1,1,0,0,0,0
USER_006214,1,1,0,0,0,0
USER_006215,1,1,0,0,0,0
USER_006216,1,1,0,0,0,0
USER_006217,1,1,0,0,0,0
USER_006218,1,1,0,0,0,0
USER_006219,1,1,0,0,0,0
USER_006220,1,1,0,0,0,0
USER_006221,1,1,0,0,0,0
USER_006222,1,1,0,0,0,0
USER_006223,1,1,0,0,0,0
USER_006224,1,1,0,0,0,0
USER_006225,1,1,0,0,0,0
USER_006226,1,1,0,0,0,0
USER_006227,1,1,0,0,0,0
USER_006228,1,1,0,0,0,0
USER_006229,1,1,0,0,0,0
USER_006230,1,1,0,0,0,0
USER_006231,1,1,0,0,0,0
USER_006232,1,1,0,0,0,0
USER_006233,1,1,0,0,0,0
USER_006234,1,1,0,0,0,0
USER_006235,1,1,0,0,0,0
USER_006236,1,1,0,0,0,0
USER_006237,1,1,0,0,0,0
USER_006238,1,1,0,0,0,0
USER_006239,1,1,0,0,0,0
USER_006240,1,1,0,0,0,0
USER_006241,1,1,0,0,0,0
USER_006242,1,1,0,0,0,0
USER_006243,1,1,0,0,0,0
USER_006244,1,1,0,0,0,0
USER_006245,1,1,0,0,0,0
USER_006246,1,1,0,0,0,0
USER_006247,1,1,0,0,0,0
USER_006248,1,1,0,0,0,0
USER_006249,1,1,0,0,0,0
USER_006250,1,1,0,0,0,0
USER_006251,1,1,0,0,0,0
USER_006252,1,1,0,0,0,0
USER_006253,1,1,0,0,0,0
USER_006254,1,1,0,0,0,0
USER_006255,1,1,0,0,0,0
USER_006256,1,1,0,0,0,0
USER_006257,1,1,0,0,0,0
USER_006258,1,1,0,0,0,0
USER_006259,1,1,0,0,0,0
USER_006260,1,1,0,0,0,0
USER_006261,1,1,0,0,0,0
USER_006262,1,1,0,0,0,0
USER_006263,1,1,0,0,0,0
USER_006264,1,1,0,0,0,0
USER_006265,1,1,0,0,0,0
USER_006266,1,1,0,0,0,0
USER_006267,1,1,0,0,0,0
USER_006268,1,1,0,0,0,0
USER_006269,1,1,0,0,0,0
USER_006270,1,1,0,0,0,0
USER_006271,1,1,0,0,0,0
USER_006272,1,1,0,0,0,0
USER_006273,1,1,0,0,0,0
USER_006274,1,1,0,0,0,0
USER_006275,1,1,0,0,0,0
USER_006276,1,1,0,0,0,0
USER_006277,1,1,0,0,0,0
USER_006278,1,1,0,0,0,0
USER_006279,1,1,0,0,0,0
USER_006280,1,1,0,0,0,0
USER_006281,1,1,0,0,0,0
USER_006282,1,1,0,0,0,0
USER_006283,1,1,0,0,0,0
USER_006284,1,1,0,0,0,0
USER_006285,1,1,0,0,0,0
USER_006286,1,1,0,0,0,0
USER_006287,1,1,0,0,0,0
USER_006288,1,1,0,0,0,0
USER_006289,1,1,0,0,0,0
USER_006290,1,1,0,0,0,0
USER_006291,1,1,0,0,0,0
USER_006292,1,1,0,0,0,0
USER_006293,1,1,0,0,0,0
USER_006294,1,1,0,0,0,0
USER_006295,1,1,0,0,0,0
USER_006296,1,1,0,0,0,0
USER_006297,1,1,0,0,0,0
USER_006298,1,1,0,0,0,0
USER_006299,1,1,0,0,0,0
USER_006300,1,1,0,0,0,0
USER_006301,1,1,0,0,0,0
USER_006302,1,1,0,0,0,0
USER_006303,1,1,0,0,0,0
USER_006304,1,1,0,0,0,0
USER_006305,1,1,0,0,0,0
USER_006306,1,1,0,0,0,0
USER_006307,1,1,0,0,0,0
USER_006308,1,1,0,0,0,0
USER_006309,1,1,0,0,0,0
USER_006310,1,1,0,0,0,0
USER_006311,1,1,0,0,0,0
USER_006312,1,1,0,0,0,0
USER_006313,1,1,0,0,0,0
USER_006314,1,1,0,0,0,0
USER_006315,1,1,0,0,0,0
USER_006316,1,1,0,0,0,0
USER_006317,1,1,0,0,0,0
USER_006318,1,1,0,0,0,0
USER_006319,1,1,0,0,0,0
USER_006320,1,1,0,0,0,0
USER_006321,1,1,0,0,0,0
USER_006322,1,1,0,0,0,0
USER_006323,1,1,0,0,0,0
USER_006324,1,1,0,0,0,0
USER_006325,1,1,0,0,0,0
USER_006326,1,1,0,0,0,0
USER_006327,1,1,0,0,0,0
USER_006328,1,1,0,0,0,0
USER_006329,1,1,0,0,0,0
USER_006330,1,1,0,0,0,0
USER_006331,1,1,0,0,0,0
USER_006332,1,1,0,0,0,0
USER_006333,1,1,0,0,0,0
USER_006334,1,1,0,0,0,0
USER_006335,1,1,0,0,0,0
USER_006336,1,1,0,0,0,0
USER_006337,1,1,0,0,0,0
USER_006338,1,1,0,0,0,0
USER_006339,1,1,0,0,0,0
USER_006340,1,1,0,0,0,0
USER_006341,1,1,0,0,0,0
USER_006342,1,1,0,0,0,0
USER_006343,1,1,0,0,0,0
USER_006344,1,1,0,0,0,0
USER_006345,1,1,0,0,0,0
USER_006346,1,1,0,0,0,0
USER_006347,1,1,0,0,0,0
USER_006348,1,1,0,0,0,0
USER_006349,1,1,0,0,0,0
USER_006350,1,1,0,0,0,0
USER_006351,1,1,0,0,0,0
USER_006352,1,1,0,0,0,0
USER_006353,1,1,0,0,0,0
USER_006354,1,1,0,0,0,0
USER_006355,1,1,0,0,0,0
USER_006356,1,1,0,0,0,0
USER_006357,1,1,0,0,0,0
USER_006358,1,1,0,0,0,0
USER_006359,1,1,0,0,0,0
USER_006360,1,1,0,0,0,0
USER_006361,1,1,0,0,0,0
USER_006362,1,1,0,0,0,0
USER_006363,1,1,0,0,0,0
USER_006364,1,1,0,0,0,0
USER_006365,1,1,0,0,0,0
USER_006366,1,1,0,0,0,0
USER_006367,1,1,0,0,0,0
USER_006368,1,1,0,0,0,0
USER_006369,1,1,0,0,0,0
USER_006370,1,1,0,0,0,0
USER_006371,1,1,0,0,0,0
USER_006372,1,1,0,0,0,0
USER_006373,1,1,0,0,0,0
USER_006374,1,1,0,0,0,0
USER_006375,1,1,0,0,0,0
USER_006376,1,1,0,0,0,0
USER_006377,1,1,0,0,0,0
USER_006378,1,1,0,0,0,0
USER_006379,1,1,0,0,0,0
USER_006380,1,1,0,0,0,0
USER_006381,1,1,0,0,0,0
USER_006382,1,1,0,0,0,0
USER_006383,1,1,0,0,0,0
USER_006384,1,1,0,0,0,0
USER_006385,1,1,0,0,0,0
USER_006386,1,1,0,0,0,0
USER_006387,1,1,0,0,0,0
USER_006388,1,1,0,0,0,0
USER_006389,1,1,0,0,0,0
USER_006390,1,1,0,0,0,0
USER_006391,1,1,0,0,0,0
USER_006392,1,1,0,0,0,0
USER_006393,1,1,0,0,0,0
USER_006394,1,1,0,0,0,0
USER_006395,1,1,0,0,0,0
USER_006396,1,1,0,0,0,0
USER_006397,1,1,0,0,0,0
USER_006398,1,1,0,0,0,0
USER_006399,1,1,0,0,0,0
USER_006400,1,1,0,0,0,0
USER_006401,1,1,0,0,0,0
USER_006402,1,1,0,0,0,0
USER_006403,1,1,0,0,0,0
USER_006404,1,1,0,0,0,0
USER_006405,1,1,0,0,0,0
USER_006406,1,1,0,0,0,0
USER_006407,1,1,0,0,0,0
USER_006408,1,1,0,0,0,0
USER_006409,1,1,0,0,0,0
USER_006410,1,1,0,0,0,0
USER_006411,1,1,0,0,0,0
USER_006412,1,1,0,0,0,0
USER_006413,1,1,0,0,0,0
USER_006414,1,1,0,0,0,0
USER_006415,1,1,0,0,0,0
USER_006416,1,1,0,0,0,0
USER_006417,1,1,0,0,0,0
USER_006418,1,1,0,0,0,0
USER_006419,1,1,0,0,0,0
USER_006420,1,1,0,0,0,0
USER_006421,1,1,0,0,0,0
USER_006422,1,1,0,0,0,0
USER_006423,1,1,0,0,0,0
USER_006424,1,1,0,0,0,0
USER_006425,1,1,0,0,0,0
USER_006426,1,1,0,0,0,0
USER_006427,1,1,0,0,0,0
USER_006428,1,1,0,0,0,0
USER_006429,1,1,0,0,0,0
USER_006430,1,1,0,0,0,0
USER_006431,1,1,0,0,0,0
USER_006432,1,1,0,0,0,0
USER_006433,1,1,0,0,0,0
USER_006434,1,1,0,0,0,0
USER_006435,1,1,0,0,0,0
USER_006436,1,1,0,0,0,0
USER_006437,1,1,0,0,0,0
USER_006438,1,1,0,0,0,0
USER_006439,1,1,0,0,0,0
USER_006440,1,1,0,0,0,0
USER_006441,1,1,0,0,0,0
USER_006442,1,1,0,0,0,0
USER_006443,1,1,0,0,0,0
USER_006444,1,1,0,0,0,0
USER_006445,1,1,0,0,0,0
USER_006446,1,1,0,0,0,0
USER_006447,1,1,0,0,0,0
USER_006448,1,1,0,0,0,0
USER_006449,1,1,0,0,0,0
USER_006450,1,1,0,0,0,0
USER_006451,1,1,0,0,0,0
USER_006452,1,1,0,0,0,0
USER_006453,1,1,0,0,0,0
USER_006454,1,1,0,0,0,0
USER_006455,1,1,0,0,0,0
USER_006456,1,1,0,0,0,0
USER_006457,1,1,0,0,0,0
USER_006458,1,1,0,0,0,0
USER_006459,1,1,0,0,0,0
USER_006460,1,1,0,0,0,0
USER_006461,1,1,0,0,0,0
USER_006462,1,1,0,0,0,0
USER_006463,1,1,0,0,0,0
USER_006464,1,1,0,0,0,0
USER_006465,1,1,0,0,0,0
USER_006466,1,1,0,0,0,0
USER_006467,1,1,0,0,0,0
USER_006468,1,1,0,0,0,0
USER_006469,1,1,0,0,0,0
USER_006470,1,1,0,0,0,0
USER_006471,1,1,0,0,0,0
USER_006472,1,1,0,0,0,0
USER_006473,1,1,0,0,0,0
USER_006474,1,1,0,0,0,0
USER_006475,1,1,0,0,0,0
USER_006476,1,1,0,0,0,0
USER_006477,1,1,0,0,0,0
USER_006478,1,1,0,0,0,0
USER_006479,1,1,0,0,0,0
USER_006480,1,1,0,0,0,0
USER_006481,1,1,0,0,0,0
USER_006482,1,1,0,0,0,0
USER_006483,1,1,0,0,0,0
USER_006484,1,1,0,0,0,0
USER_006485,1,1,0,0,0,0
USER_006486,1,1,0,0,0,0
USER_006487,1,1,0,0,0,0
USER_006488,1,1,0,0,0,0
USER_006489,1,1,0,0,0,0
USER_006490,1,1,0,0,0,0
USER_006491,1,1,0,0,0,0
USER_006492,1,1,0,0,0,0
USER_006493,1,1,0,0,0,0
USER_006494,1,1,0,0,0,0
USER_006495,1,1,0,0,0,0
USER_006496,1,1,0,0,0,0
USER_006497,1,1,0,0,0,0
USER_006498,1,1,0,0,0,0
USER_006499,1,1,0,0,0,0
USER_006500,1,1,0,0,0,0
USER_006501,1,1,0,0,0,0
USER_006502,1,1,0,0,0,0
USER_006503,1,1,0,0,0,0
USER_006504,1,1,0,0,0,0
USER_006505,1,1,0,0,0,0
USER_006506,1,1,0,0,0,0
USER_006507,1,1,0,0,0,0
USER_006508,1,1,0,0,0,0
USER_006509,1,1,0,0,0,0
USER_006510,1,1,0,0,0,0
USER_006511,1,1,0,0,0,0
USER_006512,1,1,0,0,0,0
USER_006513,1,1,0,0,0,0
USER_006514,1,1,0,0,0,0
USER_006515,1,1,0,0,0,0
USER_006516,1,1,0,0,0,0
USER_006517,1,1,0,0,0,0
USER_006518,1,1,0,0,0,0
USER_006519,1,1,0,0,0,0
USER_006520,1,1,0,0,0,0
USER_006521,1,1,0,0,0,0
USER_006522,1,1,0,0,0,0
USER_006523,1,1,0,0,0,0
USER_006524,1,1,0,0,0,0
USER_006525,1,1,0,0,0,0
USER_006526,1,1,0,0,0,0
USER_006527,1,1,0,0,0,0
USER_006528,1,1,0,0,0,0
USER_006529,1,1,0,0,0,0
USER_006530,1,1,0,0,0,0
USER_006531,1,1,0,0,0,0
USER_006532,1,1,0,0,0,0
USER_006533,1,1,0,0,0,0
USER_006534,1,1,0,0,0,0
USER_006535,1,1,0,0,0,0
USER_006536,1,1,0,0,0,0
USER_006537,1,1,0,0,0,0
USER_006538,1,1,0,0,0,0
USER_006539,1,1,0,0,0,0
USER_006540,1,1,0,0,0,0
USER_006541,1,1,0,0,0,0
USER_006542,1,1,0,0,0,0
USER_006543,1,1,0,0,0,0
USER_006544,1,1,0,0,0,0
USER_006545,1,1,0,0,0,0
USER_006546,1,1,0,0,0,0
USER_006547,1,1,0,0,0,0
USER_006548,1,1,0,0,0,0
USER_006549,1,1,0,0,0,0
USER_006550,1,1,0,0,0,0
USER_006551,1,1,0,0,0,0
USER_006552,1,1,0,0,0,0
USER_006553,1,1,0,0,0,0
USER_006554,1,1,0,0,0,0
USER_006555,1,1,0,0,0,0
USER_006556,1,1,0,0,0,0
USER_006557,1,1,0,0,0,0
USER_006558,1,1,0,0,0,0
USER_006559,1,1,0,0,0,0
USER_006560,1,1,0,0,0,0
USER_006561,1,1,0,0,0,0
USER_006562,1,1,0,0,0,0
USER_006563,1,1,0,0,0,0
USER_006564,1,1,0,0,0,0
USER_006565,1,1,0,0,0,0
USER_006566,1,1,0,0,0,0
USER_006567,1,1,0,0,0,0
USER_006568,1,1,0,0,0,0
USER_006569,1,1,0,0,0,0
USER_006570,1,1,0,0,0,0
USER_006571,1,1,0,0,0,0
USER_006572,1,1,0,0,0,0
USER_006573,1,1,0,0,0,0
USER_006574,1,1,0,0,0,0
USER_006575,1,1,0,0,0,0
USER_006576,1,1,0,0,0,0
USER_006577,1,1,0,0,0,0
USER_006578,1,1,0,0,0,0
USER_006579,1,1,0,0,0,0
USER_006580,1,1,0,0,0,0
USER_006581,1,1,0,0,0,0
USER_006582,1,1,0,0,0,0
USER_006583,1,1,0,0,0,0
USER_006584,1,1,0,0,0,0
USER_006585,1,1,0,0,0,0
USER_006586,1,1,0,0,0,0
USER_006587,1,1,0,0,0,0
USER_006588,1,1,0,0,0,0
USER_006589,1,1,0,0,0,0
USER_006590,1,1,0,0,0,0
USER_006591,1,1,0,0,0,0
USER_006592,1,1,0,0,0,0
USER_006593,1,1,0,0,0,0
USER_006594,1,1,0,0,0,0
USER_006595,1,1,0,0,0,0
USER_006596,1,1,0,0,0,0
USER_006597,1,1,0,0,0,0
USER_006598,1,1,0,0,0,0
USER_006599,1,1,0,0,0,0
USER_006600,1,1,0,0,0,0
USER_006601,1,1,0,0,0,0
USER_006602,1,1,0,0,0,0
USER_006603,1,1,0,0,0,0
USER_006604,1,1,0,0,0,0
USER_006605,1,1,0,0,0,0
USER_006606,1,1,0,0,0,0
USER_006607,1,1,0,0,0,0
USER_006608,1,1,0,0,0,0
USER_006609,1,1,0,0,0,0
USER_006610,1,1,0,0,0,0
USER_006611,1,1,0,0,0,0
USER_006612,1,1,0,0,0,0
USER_006613,1,1,0,0,0,0
USER_006614,1,1,0,0,0,0
USER_006615,1,1,0,0,0,0
USER_006616,1,1,0,0,0,0
USER_006617,1,1,0,0,0,0
USER_006618,1,1,0,0,0,0
USER_006619,1,1,0,0,0,0
USER_006620,1,1,0,0,0,0
USER_006621,1,1,0,0,0,0
USER_006622,1,1,0,0,0,0
USER_006623,1,1,0,0,0,0
USER_006624,1,1,0,0,0,0
USER_006625,1,1,0,0,0,0
USER_006626,1,1,0,0,0,0
USER_006627,1,1,0,0,0,0
USER_006628,1,1,0,0,0,0
USER_006629,1,1,0,0,0,0
USER_006630,1,1,0,0,0,0
USER_006631,1,1,0,0,0,0
USER_006632,1,1,0,0,0,0
USER_006633,1,1,0,0,0,0
USER_006634,1,1,0,0,0,0
USER_006635,1,1,0,0,0,0
USER_006636,1,1,0,0,0,0
USER_006637,1,1,0,0,0,0
USER_006638,1,1,0,0,0,0
USER_006639,1,1,0,0,0,0
USER_006640,1,1,0,0,0,0
USER_006641,1,1,0,0,0,0
USER_006642,1,1,0,0,0,0
USER_006643,1,1,0,0,0,0
USER_006644,1,1,0,0,0,0
USER_006645,1,1,0,0,0,0
USER_006646,1,1,0,0,0,0
USER_006647,1,1,0,0,0,0
USER_006648,1,1,0,0,0,0
USER_006649,1,1,0,0,0,0
USER_006650,1,1,0,0,0,0
USER_006651,1,1,0,0,0,0
USER_006652,1,1,0,0,0,0
USER_006653,1,1,0,0,0,0
USER_006654,1,1,0,0,0,0
USER_006655,1,1,0,0,0,0
USER_006656,1,1,0,0,0,0
USER_006657,1,1,0,0,0,0
USER_006658,1,1,0,0,0,0
USER_006659,1,1,0,0,0,0
USER_006660,1,1,0,0,0,0
USER_006661,1,1,0,0,0,0
USER_006662,1,1,0,0,0,0
USER_006663,1,1,0,0,0,0
USER_006664,1,1,0,0,0,0
USER_006665,1,1,0,0,0,0
USER_006666,1,1,0,0,0,0
USER_006667,1,1,0,0,0,0
USER_006668,1,1,0,0,0,0
USER_006669,1,1,0,0,0,0
USER_006670,1,1,0,0,0,0
USER_006671,1,1,0,0,0,0
USER_006672,1,1,0,0,0,0
USER_006673,1,1,0,0,0,0
USER_006674,1,1,0,0,0,0
USER_006675,1,1,0,0,0,0
USER_006676,1,1,0,0,0,0
USER_006677,1,1,0,0,0,0
USER_006678,1,1,0,0,0,0
USER_006679,1,1,0,0,0,0
USER_006680,1,1,0,0,0,0
USER_006681,1,1,0,0,0,0
USER_006682,1,1,0,0,0,0
USER_006683,1,1,0,0,0,0
USER_006684,1,1,0,0,0,0
USER_006685,1,1,0,0,0,0
USER_006686,1,1,0,0,0,0
USER_006687,1,1,0,0,0,0
USER_006688,1,1,0,0,0,0
USER_006689,1,1,0,0,0,0
USER_006690,1,1,0,0,0,0
USER_006691,1,1,0,0,0,0
USER_006692,1,1,0,0,0,0
USER_006693,1,1,0,0,0,0
USER_006694,1,1,0,0,0,0
USER_006695,1,1,0,0,0,0
USER_006696,1,1,0,0,0,0
USER_006697,1,1,0,0,0,0
USER_006698,1,1,0,0,0,0
USER_006699,1,1,0,0,0,0
USER_006700,1,1,0,0,0,0
USER_006701,1,1,0,0,0,0
USER_006702,1,1,0,0,0,0
USER_006703,1,1,0,0,0,0
USER_006704,1,1,0,0,0,0
USER_006705,1,1,0,0,0,0
USER_006706,1,1,0,0,0,0
USER_006707,1,1,0,0,0,0
USER_006708,1,1,0,0,0,0
USER_006709,1,1,0,0,0,0
USER_006710,1,1,0,0,0,0
USER_006711,1,1,0,0,0,0
USER_006712,1,1,0,0,0,0
USER_006713,1,1,0,0,0,0
USER_006714,1,1,0,0,0,0
USER_006715,1,1,0,0,0,0
USER_006716,1,1,0,0,0,0
USER_006717,1,1,0,0,0,0
USER_006718,1,1,0,0,0,0
USER_006719,1,1,0,0,0,0
USER_006720,1,1,0,0,0,0
USER_006721,1,1,0,0,0,0
USER_006722,1,1,0,0,0,0
USER_006723,1,1,0,0,0,0
USER_006724,1,1,0,0,0,0
USER_006725,1,1,0,0,0,0
USER_006726,1,1,0,0,0,0
USER_006727,1,1,0,0,0,0
USER_006728,1,1,0,0,0,0
USER_006729,1,1,0,0,0,0
USER_006730,1,1,0,0,0,0
USER_006731,1,1,0,0,0,0
USER_006732,1,1,0,0,0,0
USER_006733,1,1,0,0,0,0
USER_006734,1,1,0,0,0,0
USER_006735,1,1,0,0,0,0
USER_006736,1,1,0,0,0,0
USER_006737,1,1,0,0,0,0
USER_006738,1,1,0,0,0,0
USER_006739,1,1,0,0,0,0
USER_006740,1,1,0,0,0,0
USER_006741,1,1,0,0,0,0
USER_006742,1,1,0,0,0,0
USER_006743,1,1,0,0,0,0
USER_006744,1,1,0,0,0,0
USER_006745,1,1,0,0,0,0
USER_006746,1,1,0,0,0,0
USER_006747,1,1,0,0,0,0
USER_006748,1,1,0,0,0,0
USER_006749,1,1,0,0,0,0
USER_006750,1,1,0,0,0,0
USER_006751,1,1,0,0,0,0
USER_006752,1,1,0,0,0,0
USER_006753,1,1,0,0,0,0
USER_006754,1,1,0,0,0,0
USER_006755,1,1,0,0,0,0
USER_006756,1,1,0,0,0,0
USER_006757,1,1,0,0,0,0
USER_006758,1,1,0,0,0,0
USER_006759,1,1,0,0,0,0
USER_006760,1,1,0,0,0,0
USER_006761,1,1,0,0,0,0
USER_006762,1,1,0,0,0,0
USER_006763,1,1,0,0,0,0
USER_006764,1,1,0,0,0,0
USER_006765,1,1,0,0,0,0
USER_006766,1,1,0,0,0,0
USER_006767,1,1,0,0,0,0
USER_006768,1,1,0,0,0,0
USER_006769,1,1,0,0,0,0
USER_006770,1,1,0,0,0,0
USER_006771,1,1,0,0,0,0
USER_006772,1,1,0,0,0,0
USER_006773,1,1,0,0,0,0
USER_006774,1,1,0,0,0,0
USER_006775,1,1,0,0,0,0
USER_006776,1,1,0,0,0,0
USER_006777,1,1,0,0,0,0
USER_006778,1,1,0,0,0,0
USER_006779,1,1,0,0,0,0
USER_006780,1,1,0,0,0,0
USER_006781,1,1,0,0,0,0
USER_006782,1,1,0,0,0,0
USER_006783,1,1,0,0,0,0
USER_006784,1,1,0,0,0,0
USER_006785,1,1,0,0,0,0
USER_006786,1,1,0,0,0,0
USER_006787,1,1,0,0,0,0
USER_006788,1,1,0,0,0,0
USER_006789,1,1,0,0,0,0
USER_006790,1,1,0,0,0,0
USER_006791,1,1,0,0,0,0
USER_006792,1,1,0,0,0,0
USER_006793,1,1,0,0,0,0
USER_006794,1,1,0,0,0,0
USER_006795,1,1,0,0,0,0
USER_006796,1,1,0,0,0,0
USER_006797,1,1,0,0,0,0
USER_006798,1,1,0,0,0,0
USER_006799,1,1,0,0,0,0
USER_006800,1,1,0,0,0,0
USER_006801,1,1,0,0,0,0
USER_006802,1,1,0,0,0,0
USER_006803,1,1,0,0,0,0
USER_006804,1,1,0,0,0,0
USER_006805,1,1,0,0,0,0
USER_006806,1,1,0,0,0,0
USER_006807,1,1,0,0,0,0
USER_006808,1,1,0,0,0,0
USER_006809,1,1,0,0,0,0
USER_006810,1,1,0,0,0,0
USER_006811,1,1,0,0,0,0
USER_006812,1,1,0,0,0,0
USER_006813,1,1,0,0,0,0
USER_006814,1,1,0,0,0,0
USER_006815,1,1,0,0,0,0
USER_006816,1,1,0,0,0,0
USER_006817,1,1,0,0,0,0
USER_006818,1,1,0,0,0,0
USER_006819,1,1,0,0,0,0
USER_006820,1,1,0,0,0,0
USER_006821,1,1,0,0,0,0
USER_006822,1,1,0,0,0,0
USER_006823,1,1,0,0,0,0
USER_006824,1,1,0,0,0,0
USER_006825,1,1,0,0,0,0
USER_006826,1,1,0,0,0,0
USER_006827,1,1,0,0,0,0
USER_006828,1,1,0,0,0,0
USER_006829,1,1,0,0,0,0
USER_006830,1,1,0,0,0,0
USER_006831,1,1,0,0,0,0
USER_006832,1,1,0,0,0,0
USER_006833,1,1,0,0,0,0
USER_006834,1,1,0,0,0,0
USER_006835,1,1,0,0,0,0
USER_006836,1,1,0,0,0,0
USER_006837,1,1,0,0,0,0
USER_006838,1,1,0,0,0,0
USER_006839,1,1,0,0,0,0
USER_006840,1,1,0,0,0,0
USER_006841,1,1,0,0,0,0
USER_006842,1,1,0,0,0,0
USER_006843,1,1,0,0,0,0
USER_006844,1,1,0,0,0,0
USER_006845,1,1,0,0,0,0
USER_006846,1,1,0,0,0,0
USER_006847,1,1,0,0,0,0
USER_006848,1,1,0,0,0,0
USER_006849,1,1,0,0,0,0
USER_006850,1,1,0,0,0,0
USER_006851,1,1,0,0,0,0
USER_006852,1,1,0,0,0,0
USER_006853,1,1,0,0,0,0
USER_006854,1,1,0,0,0,0
USER_006855,1,1,0,0,0,0
USER_006856,1,1,0,0,0,0
USER_006857,1,1,0,0,0,0
USER_006858,1,1,0,0,0,0
USER_006859,1,1,0,0,0,0
USER_006860,1,1,0,0,0,0
USER_006861,1,1,0,0,0,0
USER_006862,1,1,0,0,0,0
USER_006863,1,1,0,0,0,0
USER_006864,1,1,0,0,0,0
USER_006865,1,1,0,0,0,0
USER_006866,1,1,0,0,0,0
USER_006867,1,1,0,0,0,0
USER_006868,1,1,0,0,0,0
USER_006869,1,1,0,0,0,0
USER_006870,1,1,0,0,0,0
USER_006871,1,1,0,0,0,0
USER_006872,1,1,0,0,0,0
USER_006873,1,1,0,0,0,0
USER_006874,1,1,0,0,0,0
USER_006875,1,1,0,0,0,0
USER_006876,1,1,0,0,0,0
USER_006877,1,1,0,0,0,0
USER_006878,1,1,0,0,0,0
USER_006879,1,1,0,0,0,0
USER_006880,1,1,0,0,0,0
USER_006881,1,1,0,0,0,0
USER_006882,1,1,0,0,0,0
USER_006883,1,1,0,0,0,0
USER_006884,1,1,0,0,0,0
USER_006885,1,1,0,0,0,0
USER_006886,1,1,0,0,0,0
USER_006887,1,1,0,0,0,0
USER_006888,1,1,0,0,0,0
USER_006889,1,1,0,0,0,0
USER_006890,1,1,0,0,0,0
USER_006891,1,1,0,0,0,0
USER_006892,1,1,0,0,0,0
USER_006893,1,1,0,0,0,0
USER_006894,1,1,0,0,0,0
USER_006895,1,1,0,0,0,0
USER_006896,1,1,0,0,0,0
USER_006897,1,1,0,0,0,0
USER_006898,1,1,0,0,0,0
USER_006899,1,1,0,0,0,0
USER_006900,1,1,0,0,0,0
USER_006901,1,1,0,0,0,0
USER_006902,1,1,0,0,0,0
USER_006903,1,1,0,0,0,0
USER_006904,1,1,0,0,0,0
USER_006905,1,1,0,0,0,0
USER_006906,1,1,0,0,0,0
USER_006907,1,1,0,0,0,0
USER_006908,1,1,0,0,0,0
USER_006909,1,1,0,0,0,0
USER_006910,1,1,0,0,0,0
USER_006911,1,1,0,0,0,0
USER_006912,1,1,0,0,0,0
USER_006913,1,1,0,0,0,0
USER_006914,1,1,0,0,0,0
USER_006915,1,1,0,0,0,0
USER_006916,1,1,0,0,0,0
USER_006917,1,1,0,0,0,0
USER_006918,1,1,0,0,0,0
USER_006919,1,1,0,0,0,0
USER_006920,1,1,0,0,0,0
USER_006921,1,1,0,0,0,0
USER_006922,1,1,0,0,0,0
USER_006923,1,1,0,0,0,0
USER_006924,1,1,0,0,0,0
USER_006925,1,1,0,0,0,0
USER_006926,1,1,0,0,0,0
USER_006927,1,1,0,0,0,0
USER_006928,1,1,0,0,0,0
USER_006929,1,1,0,0,0,0
USER_006930,1,1,0,0,0,0
USER_006931,1,1,0,0,0,0
USER_006932,1,1,0,0,0,0
USER_006933,1,1,0,0,0,0
USER_006934,1,1,0,0,0,0
USER_006935,1,1,0,0,0,0
USER_006936,1,1,0,0,0,0
USER_006937,1,1,0,0,0,0
USER_006938,1,1,0,0,0,0
USER_006939,1,1,0,0,0,0
USER_006940,1,1,0,0,0,0
USER_006941,1,1,0,0,0,0
USER_006942,1,1,0,0,0,0
USER_006943,1,1,0,0,0,0
USER_006944,1,1,0,0,0,0
USER_006945,1,1,0,0,0,0
USER_006946,1,1,0,0,0,0
USER_006947,1,1,0,0,0,0
USER_006948,1,1,0,0,0,0
USER_006949,1,1,0,0,0,0
USER_006950,1,1,0,0,0,0
USER_006951,1,1,0,0,0,0
USER_006952,1,1,0,0,0,0
USER_006953,1,1,0,0,0,0
USER_006954,1,1,0,0,0,0
USER_006955,1,1,0,0,0,0
USER_006956,1,1,0,0,0,0
USER_006957,1,1,0,0,0,0
USER_006958,1,1,0,0,0,0
USER_006959,1,1,0,0,0,0
USER_006960,1,1,0,0,0,0
USER_006961,1,1,0,0,0,0
USER_006962,1,1,0,0,0,0
USER_006963,1,1,0,0,0,0
USER_006964,1,1,0,0,0,0
USER_006965,1,1,0,0,0,0
USER_006966,1,1,0,0,0,0
USER_006967,1,1,0,0,0,0
USER_006968,1,1,0,0,0,0
USER_006969,1,1,0,0,0,0
USER_006970,1,1,0,0,0,0
USER_006971,1,1,0,0,0,0
USER_006972,1,1,0,0,0,0
USER_006973,1,1,0,0,0,0
USER_006974,1,1,0,0,0,0
USER_006975,1,1,0,0,0,0
USER_006976,1,1,0,0,0,0
USER_006977,1,1,0,0,0,0
USER_006978,1,1,0,0,0,0
USER_006979,1,1,0,0,0,0
USER_006980,1,1,0,0,0,0
USER_006981,1,1,0,0,0,0
USER_006982,1,1,0,0,0,0
USER_006983,1,1,0,0,0,0
USER_006984,1,1,0,0,0,0
USER_006985,1,1,0,0,0,0
USER_006986,1,1,0,0,0,0
USER_006987,1,1,0,0,0,0
USER_006988,1,1,0,0,0,0
USER_006989,1,1,0,0,0,0
USER_006990,1,1,0,0,0,0
USER_006991,1,1,0,0,0,0
USER_006992,1,1,0,0,0,0
USER_006993,1,1,0,0,0,0
USER_006994,1,1,0,0,0,0
USER_006995,1,1,0,0,0,0
USER_006996,1,1,0,0,0,0
USER_006997,1,1,0,0,0,0
USER_006998,1,1,0,0,0,0
USER_006999,1,1,0,0,0,0
USER_007000,1,1,0,0,0,0
USER_007001,1,1,0,0,0,0
USER_007002,1,1,0,0,0,0
USER_007003,1,1,0,0,0,0
USER_007004,1,1,0,0,0,0
USER_007005,1,1,0,0,0,0
USER_007006,1,1,0,0,0,0
USER_007007,1,1,0,0,0,0
USER_007008,1,1,0,0,0,0
USER_007009,1,1,0,0,0,0
USER_007010,1,1,0,0,0,0
USER_007011,1,1,0,0,0,0
USER_007012,1,1,0,0,0,0
USER_007013,1,1,0,0,0,0
USER_007014,1,1,0,0,0,0
USER_007015,1,1,0,0,0,0
USER_007016,1,1,0,0,0,0
USER_007017,1,1,0,0,0,0
USER_007018,1,1,0,0,0,0
USER_007019,1,1,0,0,0,0
USER_007020,1,1,0,0,0,0
USER_007021,1,1,0,0,0,0
USER_007022,1,1,0,0,0,0
USER_007023,1,1,0,0,0,0
USER_007024,1,1,0,0,0,0
USER_007025,1,1,0,0,0,0
USER_007026,1,1,0,0,0,0
USER_007027,1,1,0,0,0,0
USER_007028,1,1,0,0,0,0
USER_007029,1,1,0,0,0,0
USER_007030,1,1,0,0,0,0
USER_007031,1,1,0,0,0,0
USER_007032,1,1,0,0,0,0
USER_007033,1,1,0,0,0,0
USER_007034,1,1,0,0,0,0
USER_007035,1,1,0,0,0,0
USER_007036,1,1,0,0,0,0
USER_007037,1,1,0,0,0,0
USER_007038,1,1,0,0,0,0
USER_007039,1,1,0,0,0,0
USER_007040,1,1,0,0,0,0
USER_007041,1,1,0,0,0,0
USER_007042,1,1,0,0,0,0
USER_007043,1,1,0,0,0,0
USER_007044,1,1,0,0,0,0
USER_007045,1,1,0,0,0,0
USER_007046,1,1,0,0,0,0
USER_007047,1,1,0,0,0,0
USER_007048,1,1,0,0,0,0
USER_007049,1,1,0,0,0,0
USER_007050,1,1,0,0,0,0
USER_007051,1,1,0,0,0,0
USER_007052,1,1,0,0,0,0
USER_007053,1,1,0,0,0,0
USER_007054,1,1,0,0,0,0
USER_007055,1,1,0,0,0,0
USER_007056,1,1,0,0,0,0
USER_007057,1,1,0,0,0,0
USER_007058,1,1,0,0,0,0
USER_007059,1,1,0,0,0,0
USER_007060,1,1,0,0,0,0
USER_007061,1,1,0,0,0,0
USER_007062,1,1,0,0,0,0
USER_007063,1,1,0,0,0,0
USER_007064,1,1,0,0,0,0
USER_007065,1,1,0,0,0,0
USER_007066,1,1,0,0,0,0
USER_007067,1,1,0,0,0,0
USER_007068,1,1,0,0,0,0
USER_007069,1,1,0,0,0,0
USER_007070,1,1,0,0,0,0
USER_007071,1,1,0,0,0,0
USER_007072,1,1,0,0,0,0
USER_007073,1,1,0,0,0,0
USER_007074,1,1,0,0,0,0
USER_007075,1,1,0,0,0,0
USER_007076,1,1,0,0,0,0
USER_007077,1,1,0,0,0,0
USER_007078,1,1,0,0,0,0
USER_007079,1,1,0,0,0,0
USER_007080,1,1,0,0,0,0
USER_007081,1,1,0,0,0,0
USER_007082,1,1,0,0,0,0
USER_007083,1,1,0,0,0,0
USER_007084,1,1,0,0,0,0
USER_007085,1,1,0,0,0,0
USER_007086,1,1,0,0,0,0
USER_007087,1,1,0,0,0,0
USER_007088,1,1,0,0,0,0
USER_007089,1,1,0,0,0,0
USER_007090,1,1,0,0,0,0
USER_007091,1,1,0,0,0,0
USER_007092,1,1,0,0,0,0
USER_007093,1,1,0,0,0,0
USER_007094,1,1,0,0,0,0
USER_007095,1,1,0,0,0,0
USER_007096,1,1,0,0,0,0
USER_007097,1,1,0,0,0,0
USER_007098,1,1,0,0,0,0
USER_007099,1,1,0,0,0,0
USER_007100,1,1,0,0,0,0
USER_007101,1,1,0,0,0,0
USER_007102,1,1,0,0,0,0
USER_007103,1,1,0,0,0,0
USER_007104,1,1,0,0,0,0
USER_007105,1,1,0,0,0,0
USER_007106,1,1,0,0,0,0
USER_007107,1,1,0,0,0,0
USER_007108,1,1,0,0,0,0
USER_007109,1,1,0,0,0,0
USER_007110,1,1,0,0,0,0
USER_007111,1,1,0,0,0,0
USER_007112,1,1,0,0,0,0
USER_007113,1,1,0,0,0,0
USER_007114,1,1,0,0,0,0
USER_007115,1,1,0,0,0,0
USER_007116,1,1,0,0,0,0
USER_007117,1,1,0,0,0,0
USER_007118,1,1,0,0,0,0
USER_007119,1,1,0,0,0,0
USER_007120,1,1,0,0,0,0
USER_007121,1,1,0,0,0,0
USER_007122,1,1,0,0,0,0
USER_007123,1,1,0,0,0,0
USER_007124,1,1,0,0,0,0
USER_007125,1,1,0,0,0,0
USER_007126,1,1,0,0,0,0
USER_007127,1,1,0,0,0,0
USER_007128,1,1,0,0,0,0
USER_007129,1,1,0,0,0,0
USER_007130,1,1,0,0,0,0
USER_007131,1,1,0,0,0,0
USER_007132,1,1,0,0,0,0
USER_007133,1,1,0,0,0,0
USER_007134,1,1,0,0,0,0
USER_007135,1,1,0,0,0,0
USER_007136,1,1,0,0,0,0
USER_007137,1,1,0,0,0,0
USER_007138,1,1,0,0,0,0
USER_007139,1,1,0,0,0,0
USER_007140,1,1,0,0,0,0
USER_007141,1,1,0,0,0,0
USER_007142,1,1,0,0,0,0
USER_007143,1,1,0,0,0,0
USER_007144,1,1,0,0,0,0
USER_007145,1,1,0,0,0,0
USER_007146,1,1,0,0,0,0
USER_007147,1,1,0,0,0,0
USER_007148,1,1,0,0,0,0
USER_007149,1,1,0,0,0,0
USER_007150,1,1,0,0,0,0
USER_007151,1,1,0,0,0,0
USER_007152,1,1,0,0,0,0
USER_007153,1,1,0,0,0,0
USER_007154,1,1,0,0,0,0
USER_007155,1,1,0,0,0,0
USER_007156,1,1,0,0,0,0
USER_007157,1,1,0,0,0,0
USER_007158,1,1,0,0,0,0
USER_007159,1,1,0,0,0,0
USER_007160,1,1,0,0,0,0
USER_007161,1,1,0,0,0,0
USER_007162,1,1,0,0,0,0
USER_007163,1,1,0,0,0,0
USER_007164,1,1,0,0,0,0
USER_007165,1,1,0,0,0,0
USER_007166,1,1,0,0,0,0
USER_007167,1,1,0,0,0,0
USER_007168,1,1,0,0,0,0
USER_007169,1,1,0,0,0,0
USER_007170,1,1,0,0,0,0
USER_007171,1,1,0,0,0,0
USER_007172,1,1,0,0,0,0
USER_007173,1,1,0,0,0,0
USER_007174,1,1,0,0,0,0
USER_007175,1,1,0,0,0,0
USER_007176,1,1,0,0,0,0
USER_007177,1,1,0,0,0,0
USER_007178,1,1,0,0,0,0
USER_007179,1,1,0,0,0,0
USER_007180,1,1,0,0,0,0
USER_007181,1,1,0,0,0,0
USER_007182,1,1,0,0,0,0
USER_007183,1,1,0,0,0,0
USER_007184,1,1,0,0,0,0
USER_007185,1,1,0,0,0,0
USER_007186,1,1,0,0,0,0
USER_007187,1,1,0,0,0,0
USER_007188,1,1,0,0,0,0
USER_007189,1,1,0,0,0,0
USER_007190,1,1,0,0,0,0
USER_007191,1,1,0,0,0,0
USER_007192,1,1,0,0,0,0
USER_007193,1,1,0,0,0,0
USER_007194,1,1,0,0,0,0
USER_007195,1,1,0,0,0,0
USER_007196,1,1,0,0,0,0
USER_007197,1,1,0,0,0,0
USER_007198,1,1,0,0,0,0
USER_007199,1,1,0,0,0,0
USER_007200,1,1,0,0,0,0
USER_007201,1,1,0,0,0,0
USER_007202,1,1,0,0,0,0
USER_007203,1,1,0,0,0,0
USER_007204,1,1,0,0,0,0
USER_007205,1,1,0,0,0,0
USER_007206,1,1,0,0,0,0
USER_007207,1,1,0,0,0,0
USER_007208,1,1,0,0,0,0
USER_007209,1,1,0,0,0,0
USER_007210,1,1,0,0,0,0
USER_007211,1,1,0,0,0,0
USER_007212,1,1,0,0,0,0
USER_007213,1,1,0,0,0,0
USER_007214,1,1,0,0,0,0
USER_007215,1,1,0,0,0,0
USER_007216,1,1,0,0,0,0
USER_007217,1,1,0,0,0,0
USER_007218,1,1,0,0,0,0
USER_007219,1,1,0,0,0,0
USER_007220,1,1,0,0,0,0
USER_007221,1,1,0,0,0,0
USER_007222,1,1,0,0,0,0
USER_007223,1,1,0,0,0,0
USER_007224,1,1,0,0,0,0
USER_007225,1,1,0,0,0,0
USER_007226,1,1,0,0,0,0
USER_007227,1,1,0,0,0,0
USER_007228,1,1,0,0,0,0
USER_007229,1,1,0,0,0,0
USER_007230,1,1,0,0,0,0
USER_007231,1,1,0,0,0,0
USER_007232,1,1,0,0,0,0
USER_007233,1,1,0,0,0,0
USER_007234,1,1,0,0,0,0
USER_007235,1,1,0,0,0,0
USER_007236,1,1,0,0,0,0
USER_007237,1,1,0,0,0,0
USER_007238,1,1,0,0,0,0
USER_007239,1,1,0,0,0,0
USER_007240,1,1,0,0,0,0
USER_007241,1,1,0,0,0,0
USER_007242,1,1,0,0,0,0
USER_007243,1,1,0,0,0,0
USER_007244,1,1,0,0,0,0
USER_007245,1,1,0,0,0,0
USER_007246,1,1,0,0,0,0
USER_007247,1,1,0,0,0,0
USER_007248,1,1,0,0,0,0
USER_007249,1,1,0,0,0,0
USER_007250,1,1,0,0,0,0
USER_007251,1,1,0,0,0,0
USER_007252,1,1,0,0,0,0
USER_007253,1,1,0,0,0,0
USER_007254,1,1,0,0,0,0
USER_007255,1,1,0,0,0,0
USER_007256,1,1,0,0,0,0
USER_007257,1,1,0,0,0,0
USER_007258,1,1,0,0,0,0
USER_007259,1,1,0,0,0,0
USER_007260,1,1,0,0,0,0
USER_007261,1,1,0,0,0,0
USER_007262,1,1,0,0,0,0
USER_007263,1,1,0,0,0,0
USER_007264,1,1,0,0,0,0
USER_007265,1,1,0,0,0,0
USER_007266,1,1,0,0,0,0
USER_007267,1,1,0,0,0,0
USER_007268,1,1,0,0,0,0
USER_007269,1,1,0,0,0,0
USER_007270,1,1,0,0,0,0
USER_007271,1,1,0,0,0,0
USER_007272,1,1,0,0,0,0
USER_007273,1,1,0,0,0,0
USER_007274,1,1,0,0,0,0
USER_007275,1,1,0,0,0,0
USER_007276,1,1,0,0,0,0
USER_007277,1,1,0,0,0,0
USER_007278,1,1,0,0,0,0
USER_007279,1,1,0,0,0,0
USER_007280,1,1,0,0,0,0
USER_007281,1,1,0,0,0,0
USER_007282,1,1,0,0,0,0
USER_007283,1,1,0,0,0,0
USER_007284,1,1,0,0,0,0
USER_007285,1,1,0,0,0,0
USER_007286,1,1,0,0,0,0
USER_007287,1,1,0,0,0,0
USER_007288,1,1,0,0,0,0
USER_007289,1,1,0,0,0,0
USER_007290,1,1,0,0,0,0
USER_007291,1,1,0,0,0,0
USER_007292,1,1,0,0,0,0
USER_007293,1,1,0,0,0,0
USER_007294,1,1,0,0,0,0
USER_007295,1,1,0,0,0,0
USER_007296,1,1,0,0,0,0
USER_007297,1,1,0,0,0,0
USER_007298,1,1,0,0,0,0
USER_007299,1,1,0,0,0,0
USER_007300,1,1,0,0,0,0
USER_007301,1,1,0,0,0,0
USER_007302,1,1,0,0,0,0
USER_007303,1,1,0,0,0,0
USER_007304,1,1,0,0,0,0
USER_007305,1,1,0,0,0,0
USER_007306,1,1,0,0,0,0
USER_007307,1,1,0,0,0,0
USER_007308,1,1,0,0,0,0
USER_007309,1,1,0,0,0,0
USER_007310,1,1,0,0,0,0
USER_007311,1,1,0,0,0,0
USER_007312,1,1,0,0,0,0
USER_007313,1,1,0,0,0,0
USER_007314,1,1,0,0,0,0
USER_007315,1,1,0,0,0,0
USER_007316,1,1,0,0,0,0
USER_007317,1,1,0,0,0,0
USER_007318,1,1,0,0,0,0
USER_007319,1,1,0,0,0,0
USER_007320,1,1,0,0,0,0
USER_007321,1,1,0,0,0,0
USER_007322,1,1,0,0,0,0
USER_007323,1,1,0,0,0,0
USER_007324,1,1,0,0,0,0
USER_007325,1,1,0,0,0,0
USER_007326,1,1,0,0,0,0
USER_007327,1,1,0,0,0,0
USER_007328,1,1,0,0,0,0
USER_007329,1,1,0,0,0,0
USER_007330,1,1,0,0,0,0
USER_007331,1,1,0,0,0,0
USER_007332,1,1,0,0,0,0
USER_007333,1,1,0,0,0,0
USER_007334,1,1,0,0,0,0
USER_007335,1,1,0,0,0,0
USER_007336,1,1,0,0,0,0
USER_007337,1,1,0,0,0,0
USER_007338,1,1,0,0,0,0
USER_007339,1,1,0,0,0,0
USER_007340,1,1,0,0,0,0
USER_007341,1,1,0,0,0,0
USER_007342,1,1,0,0,0,0
USER_007343,1,1,0,0,0,0
USER_007344,1,1,0,0,0,0
USER_007345,1,1,0,0,0,0
USER_007346,1,1,0,0,0,0
USER_007347,1,1,0,0,0,0
USER_007348,1,1,0,0,0,0
USER_007349,1,1,0,0,0,0
USER_007350,1,1,0,0,0,0
USER_007351,1,1,0,0,0,0
USER_007352,1,1,0,0,0,0
USER_007353,1,1,0,0,0,0
USER_007354,1,1,0,0,0,0
USER_007355,1,1,0,0,0,0
USER_007356,1,1,0,0,0,0
USER_007357,1,1,0,0,0,0
USER_007358,1,1,0,0,0,0
USER_007359,1,1,0,0,0,0
USER_007360,1,1,0,0,0,0
USER_007361,1,1,0,0,0,0
USER_007362,1,1,0,0,0,0
USER_007363,1,1,0,0,0,0
USER_007364,1,1,0,0,0,0
USER_007365,1,1,0,0,0,0
USER_007366,1,1,0,0,0,0
USER_007367,1,1,0,0,0,0
USER_007368,1,1,0,0,0,0
USER_007369,1,1,0,0,0,0
USER_007370,1,1,0,0,0,0
USER_007371,1,1,0,0,0,0
USER_007372,1,1,0,0,0,0
USER_007373,1,1,0,0,0,0
USER_007374,1,1,0,0,0,0
USER_007375,1,1,0,0,0,0
USER_007376,1,1,0,0,0,0
USER_007377,1,1,0,0,0,0
USER_007378,1,1,0,0,0,0
USER_007379,1,1,0,0,0,0
USER_007380,1,1,0,0,0,0
USER_007381,1,1,0,0,0,0
USER_007382,1,1,0,0,0,0
USER_007383,1,1,0,0,0,0
USER_007384,1,1,0,0,0,0
USER_007385,1,1,0,0,0,0
USER_007386,1,1,0,0,0,0
USER_007387,1,1,0,0,0,0
USER_007388,1,1,0,0,0,0
USER_007389,1,1,0,0,0,0
USER_007390,1,1,0,0,0,0
USER_007391,1,1,0,0,0,0
USER_007392,1,1,0,0,0,0
USER_007393,1,1,0,0,0,0
USER_007394,1,1,0,0,0,0
USER_007395,1,1,0,0,0,0
USER_007396,1,1,0,0,0,0
USER_007397,1,1,0,0,0,0
USER_007398,1,1,0,0,0,0
USER_007399,1,1,0,0,0,0
USER_007400,1,1,0,0,0,0
USER_007401,1,1,0,0,0,0
USER_007402,1,1,0,0,0,0
USER_007403,1,1,0,0,0,0
USER_007404,1,1,0,0,0,0
USER_007405,1,1,0,0,0,0
USER_007406,1,1,0,0,0,0
USER_007407,1,1,0,0,0,0
USER_007408,1,1,0,0,0,0
USER_007409,1,1,0,0,0,0
USER_007410,1,1,0,0,0,0
USER_007411,1,1,0,0,0,0
USER_007412,1,1,0,0,0,0
USER_007413,1,1,0,0,0,0
USER_007414,1,1,0,0,0,0
USER_007415,1,1,0,0,0,0
USER_007416,1,1,0,0,0,0
USER_007417,1,1,0,0,0,0
USER_007418,1,1,0,0,0,0
USER_007419,1,1,0,0,0,0
USER_007420,1,1,0,0,0,0
USER_007421,1,1,0,0,0,0
USER_007422,1,1,0,0,0,0
USER_007423,1,1,0,0,0,0
USER_007424,1,1,0,0,0,0
USER_007425,1,1,0,0,0,0
USER_007426,1,1,0,0,0,0
USER_007427,1,1,0,0,0,0
USER_007428,1,1,0,0,0,0
USER_007429,1,1,0,0,0,0
USER_007430,1,1,0,0,0,0
USER_007431,1,1,0,0,0,0
USER_007432,1,1,0,0,0,0
USER_007433,1,1,0,0,0,0
USER_007434,1,1,0,0,0,0
USER_007435,1,1,0,0,0,0
USER_007436,1,1,0,0,0,0
USER_007437,1,1,0,0,0,0
USER_007438,1,1,0,0,0,0
USER_007439,1,1,0,0,0,0
USER_007440,1,1,0,0,0,0
USER_007441,1,1,0,0,0,0
USER_007442,1,1,0,0,0,0
USER_007443,1,1,0,0,0,0
USER_007444,1,1,0,0,0,0
USER_007445,1,1,0,0,0,0
USER_007446,1,1,0,0,0,0
USER_007447,1,1,0,0,0,0
USER_007448,1,1,0,0,0,0
USER_007449,1,1,0,0,0,0
USER_007450,1,1,0,0,0,0
USER_007451,1,1,0,0,0,0
USER_007452,1,1,0,0,0,0
USER_007453,1,1,0,0,0,0
USER_007454,1,1,0,0,0,0
USER_007455,1,1,0,0,0,0
USER_007456,1,1,0,0,0,0
USER_007457,1,1,0,0,0,0
USER_007458,1,1,0,0,0,0
USER_007459,1,1,0,0,0,0
USER_007460,1,1,0,0,0,0
USER_007461,1,1,0,0,0,0
USER_007462,1,1,0,0,0,0
USER_007463,1,1,0,0,0,0
USER_007464,1,1,0,0,0,0
USER_007465,1,1,0,0,0,0
USER_007466,1,1,0,0,0,0
USER_007467,1,1,0,0,0,0
USER_007468,1,1,0,0,0,0
USER_007469,1,1,0,0,0,0
USER_007470,1,1,0,0,0,0
USER_007471,1,1,0,0,0,0
USER_007472,1,1,0,0,0,0
USER_007473,1,1,0,0,0,0
USER_007474,1,1,0,0,0,0
USER_007475,1,1,0,0,0,0
USER_007476,1,1,0,0,0,0
USER_007477,1,1,0,0,0,0
USER_007478,1,1,0,0,0,0
USER_007479,1,1,0,0,0,0
USER_007480,1,1,0,0,0,0
USER_007481,1,1,0,0,0,0
USER_007482,1,1,0,0,0,0
USER_007483,1,1,0,0,0,0
USER_007484,1,1,0,0,0,0
USER_007485,1,1,0,0,0,0
USER_007486,1,1,0,0,0,0
USER_007487,1,1,0,0,0,0
USER_007488,1,1,0,0,0,0
USER_007489,1,1,0,0,0,0
USER_007490,1,1,0,0,0,0
USER_007491,1,1,0,0,0,0
USER_007492,1,1,0,0,0,0
USER_007493,1,1,0,0,0,0
USER_007494,1,1,0,0,0,0
USER_007495,1,1,0,0,0,0
USER_007496,1,1,0,0,0,0
USER_007497,1,1,0,0,0,0
USER_007498,1,1,0,0,0,0
USER_007499,1,1,0,0,0,0
USER_007500,1,1,0,0,0,0
USER_007501,1,1,0,0,0,0
USER_007502,1,1,0,0,0,0
USER_007503,1,1,0,0,0,0
USER_007504,1,1,0,0,0,0
USER_007505,1,1,0,0,0,0
USER_007506,1,1,0,0,0,0
USER_007507,1,1,0,0,0,0
USER_007508,1,1,0,0,0,0
USER_007509,1,1,0,0,0,0
USER_007510,1,1,0,0,0,0
USER_007511,1,1,0,0,0,0
USER_007512,1,1,0,0,0,0
USER_007513,1,1,0,0,0,0
USER_007514,1,1,0,0,0,0
USER_007515,1,1,0,0,0,0
USER_007516,1,1,0,0,0,0
USER_007517,1,1,0,0,0,0
USER_007518,1,1,0,0,0,0
USER_007519,1,1,0,0,0,0
USER_007520,1,1,0,0,0,0
USER_007521,1,1,0,0,0,0
USER_007522,1,1,0,0,0,0
USER_007523,1,1,0,0,0,0
USER_007524,1,1,0,0,0,0
USER_007525,1,1,0,0,0,0
USER_007526,1,1,0,0,0,0
USER_007527,1,1,0,0,0,0
USER_007528,1,1,0,0,0,0
USER_007529,1,1,0,0,0,0
USER_007530,1,1,0,0,0,0
USER_007531,1,1,0,0,0,0
USER_007532,1,1,0,0,0,0
USER_007533,1,1,0,0,0,0
USER_007534,1,1,0,0,0,0
USER_007535,1,1,0,0,0,0
USER_007536,1,1,0,0,0,0
USER_007537,1,1,0,0,0,0
USER_007538,1,1,0,0,0,0
USER_007539,1,1,0,0,0,0
USER_007540,1,1,0,0,0,0
USER_007541,1,1,0,0,0,0
USER_007542,1,1,0,0,0,0
USER_007543,1,1,0,0,0,0
USER_007544,1,1,0,0,0,0
USER_007545,1,1,0,0,0,0
USER_007546,1,1,0,0,0,0
USER_007547,1,1,0,0,0,0
USER_007548,1,1,0,0,0,0
USER_007549,1,1,0,0,0,0
USER_007550,1,1,0,0,0,0
USER_007551,1,1,0,0,0,0
USER_007552,1,1,0,0,0,0
USER_007553,1,1,0,0,0,0
USER_007554,1,1,0,0,0,0
USER_007555,1,1,0,0,0,0
USER_007556,1,1,0,0,0,0
USER_007557,1,1,0,0,0,0
USER_007558,1,1,0,0,0,0
USER_007559,1,1,0,0,0,0
USER_007560,1,1,0,0,0,0
USER_007561,1,1,0,0,0,0
USER_007562,1,1,0,0,0,0
USER_007563,1,1,0,0,0,0
USER_007564,1,1,0,0,0,0
USER_007565,1,1,0,0,0,0
USER_007566,1,1,0,0,0,0
USER_007567,1,1,0,0,0,0
USER_007568,1,1,0,0,0,0
USER_007569,1,1,0,0,0,0
USER_007570,1,1,0,0,0,0
USER_007571,1,1,0,0,0,0
USER_007572,1,1,0,0,0,0
USER_007573,1,1,0,0,0,0
USER_007574,1,1,0,0,0,0
USER_007575,1,1,0,0,0,0
USER_007576,1,1,0,0,0,0
USER_007577,1,1,0,0,0,0
USER_007578,1,1,0,0,0,0
USER_007579,1,1,0,0,0,0
USER_007580,1,1,0,0,0,0
USER_007581,1,1,0,0,0,0
USER_007582,1,1,0,0,0,0
USER_007583,1,1,0,0,0,0
USER_007584,1,1,0,0,0,0
USER_007585,1,1,0,0,0,0
USER_007586,1,1,0,0,0,0
USER_007587,1,1,0,0,0,0
USER_007588,1,1,0,0,0,0
USER_007589,1,1,0,0,0,0
USER_007590,1,1,0,0,0,0
USER_007591,1,1,0,0,0,0
USER_007592,1,1,0,0,0,0
USER_007593,1,1,0,0,0,0
USER_007594,1,1,0,0,0,0
USER_007595,1,1,0,0,0,0
USER_007596,1,1,0,0,0,0
USER_007597,1,1,0,0,0,0
USER_007598,1,1,0,0,0,0
USER_007599,1,1,0,0,0,0
USER_007600,1,1,0,0,0,0
USER_007601,1,1,0,0,0,0
USER_007602,1,1,0,0,0,0
USER_007603,1,1,0,0,0,0
USER_007604,1,1,0,0,0,0
USER_007605,1,1,0,0,0,0
USER_007606,1,1,0,0,0,0
USER_007607,1,1,0,0,0,0
USER_007608,1,1,0,0,0,0
USER_007609,1,1,0,0,0,0
USER_007610,1,1,0,0,0,0
USER_007611,1,1,0,0,0,0
USER_007612,1,1,0,0,0,0
USER_007613,1,1,0,0,0,0
USER_007614,1,1,0,0,0,0
USER_007615,1,1,0,0,0,0
USER_007616,1,1,0,0,0,0
USER_007617,1,1,0,0,0,0
USER_007618,1,1,0,0,0,0
USER_007619,1,1,0,0,0,0
USER_007620,1,1,0,0,0,0
USER_007621,1,1,0,0,0,0
USER_007622,1,1,0,0,0,0
USER_007623,1,1,0,0,0,0
USER_007624,1,1,0,0,0,0
USER_007625,1,1,0,0,0,0
USER_007626,1,1,0,0,0,0
USER_007627,1,1,0,0,0,0
USER_007628,1,1,0,0,0,0
USER_007629,1,1,0,0,0,0
USER_007630,1,1,0,0,0,0
USER_007631,1,1,0,0,0,0
USER_007632,1,1,0,0,0,0
USER_007633,1,1,0,0,0,0
USER_007634,1,1,0,0,0,0
USER_007635,1,1,0,0,0,0
USER_007636,1,1,0,0,0,0
USER_007637,1,1,0,0,0,0
USER_007638,1,1,0,0,0,0
USER_007639,1,1,0,0,0,0
USER_007640,1,1,0,0,0,0
USER_007641,1,1,0,0,0,0
USER_007642,1,1,0,0,0,0
USER_007643,1,1,0,0,0,0
USER_007644,1,1,0,0,0,0
USER_007645,1,1,0,0,0,0
USER_007646,1,1,0,0,0,0
USER_007647,1,1,0,0,0,0
USER_007648,1,1,0,0,0,0
USER_007649,1,1,0,0,0,0
USER_007650,1,1,0,0,0,0
USER_007651,1,1,0,0,0,0
USER_007652,1,1,0,0,0,0
USER_007653,1,1,0,0,0,0
USER_007654,1,1,0,0,0,0
USER_007655,1,1,0,0,0,0
USER_007656,1,1,0,0,0,0
USER_007657,1,1,0,0,0,0
USER_007658,1,1,0,0,0,0
USER_007659,1,1,0,0,0,0
USER_007660,1,1,0,0,0,0
USER_007661,1,1,0,0,0,0
USER_007662,1,1,0,0,0,0
USER_007663,1,1,0,0,0,0
USER_007664,1,1,0,0,0,0
USER_007665,1,1,0,0,0,0
USER_007666,1,1,0,0,0,0
USER_007667,1,1,0,0,0,0
USER_007668,1,1,0,0,0,0
USER_007669,1,1,0,0,0,0
USER_007670,1,1,0,0,0,0
USER_007671,1,1,0,0,0,0
USER_007672,1,1,0,0,0,0
USER_007673,1,1,0,0,0,0
USER_007674,1,1,0,0,0,0
USER_007675,1,1,0,0,0,0
USER_007676,1,1,0,0,0,0
USER_007677,1,1,0,0,0,0
USER_007678,1,1,0,0,0,0
USER_007679,1,1,0,0,0,0
USER_007680,1,1,0,0,0,0
USER_007681,1,1,0,0,0,0
USER_007682,1,1,0,0,0,0
USER_007683,1,1,0,0,0,0
USER_007684,1,1,0,0,0,0
USER_007685,1,1,0,0,0,0
USER_007686,1,1,0,0,0,0
USER_007687,1,1,0,0,0,0
USER_007688,1,1,0,0,0,0
USER_007689,1,1,0,0,0,0
USER_007690,1,1,0,0,0,0
USER_007691,1,1,0,0,0,0
USER_007692,1,1,0,0,0,0
USER_007693,1,1,0,0,0,0
USER_007694,1,1,0,0,0,0
USER_007695,1,1,0,0,0,0
USER_007696,1,1,0,0,0,0
USER_007697,1,1,0,0,0,0
USER_007698,1,1,0,0,0,0
USER_007699,1,1,0,0,0,0
USER_007700,1,1,0,0,0,0
USER_007701,1,1,0,0,0,0
USER_007702,1,1,0,0,0,0
USER_007703,1,1,0,0,0,0
USER_007704,1,1,0,0,0,0
USER_007705,1,1,0,0,0,0
USER_007706,1,1,0,0,0,0
USER_007707,1,1,0,0,0,0
USER_007708,1,1,0,0,0,0
USER_007709,1,1,0,0,0,0
USER_007710,1,1,0,0,0,0
USER_007711,1,1,0,0,0,0
USER_007712,1,1,0,0,0,0
USER_007713,1,1,0,0,0,0
USER_007714,1,1,0,0,0,0
USER_007715,1,1,0,0,0,0
USER_007716,1,1,0,0,0,0
USER_007717,1,1,0,0,0,0
USER_007718,1,1,0,0,0,0
USER_007719,1,1,0,0,0,0
USER_007720,1,1,0,0,0,0
USER_007721,1,1,0,0,0,0
USER_007722,1,1,0,0,0,0
USER_007723,1,1,0,0,0,0
USER_007724,1,1,0,0,0,0
USER_007725,1,1,0,0,0,0
USER_007726,1,1,0,0,0,0
USER_007727,1,1,0,0,0,0
USER_007728,1,1,0,0,0,0
USER_007729,1,1,0,0,0,0
USER_007730,1,1,0,0,0,0
USER_007731,1,1,0,0,0,0
USER_007732,1,1,0,0,0,0
USER_007733,1,1,0,0,0,0
USER_007734,1,1,0,0,0,0
USER_007735,1,1,0,0,0,0
USER_007736,1,1,0,0,0,0
USER_007737,1,1,0,0,0,0
USER_007738,1,1,0,0,0,0
USER_007739,1,1,0,0,0,0
USER_007740,1,1,0,0,0,0
USER_007741,1,1,0,0,0,0
USER_007742,1,1,0,0,0,0
USER_007743,1,1,0,0,0,0
USER_007744,1,1,0,0,0,0
USER_007745,1,1,0,0,0,0
USER_007746,1,1,0,0,0,0
USER_007747,1,1,0,0,0,0
USER_007748,1,1,0,0,0,0
USER_007749,1,1,0,0,0,0
USER_007750,1,1,0,0,0,0
USER_007751,1,1,0,0,0,0
USER_007752,1,1,0,0,0,0
USER_007753,1,1,0,0,0,0
USER_007754,1,1,0,0,0,0
USER_007755,1,1,0,0,0,0
USER_007756,1,1,0,0,0,0
USER_007757,1,1,0,0,0,0
USER_007758,1,1,0,0,0,0
USER_007759,1,1,0,0,0,0
USER_007760,1,1,0,0,0,0
USER_007761,1,1,0,0,0,0
USER_007762,1,1,0,0,0,0
USER_007763,1,1,0,0,0,0
USER_007764,1,1,0,0,0,0
USER_007765,1,1,0,0,0,0
USER_007766,1,1,0,0,0,0
USER_007767,1,1,0,0,0,0
USER_007768,1,1,0,0,0,0
USER_007769,1,1,0,0,0,0
USER_007770,1,1,0,0,0,0
USER_007771,1,1,0,0,0,0
USER_007772,1,1,0,0,0,0
USER_007773,1,1,0,0,0,0
USER_007774,1,1,0,0,0,0
USER_007775,1,1,0,0,0,0
USER_007776,1,1,0,0,0,0
USER_007777,1,1,0,0,0,0
USER_007778,1,1,0,0,0,0
USER_007779,1,1,0,0,0,0
USER_007780,1,1,0,0,0,0
USER_007781,1,1,0,0,0,0
USER_007782,1,1,0,0,0,0
USER_007783,1,1,0,0,0,0
USER_007784,1,1,0,0,0,0
USER_007785,1,1,0,0,0,0
USER_007786,1,1,0,0,0,0
USER_007787,1,1,0,0,0,0
USER_007788,1,1,0,0,0,0
USER_007789,1,1,0,0,0,0
USER_007790,1,1,0,0,0,0
USER_007791,1,1,0,0,0,0
USER_007792,1,1,0,0,0,0
USER_007793,1,1,0,0,0,0
USER_007794,1,1,0,0,0,0
USER_007795,1,1,0,0,0,0
USER_007796,1,1,0,0,0,0
USER_007797,1,1,0,0,0,0
USER_007798,1,1,0,0,0,0
USER_007799,1,1,0,0,0,0
USER_007800,1,1,0,0,0,0
USER_007801,1,1,0,0,0,0
USER_007802,1,1,0,0,0,0
USER_007803,1,1,0,0,0,0
USER_007804,1,1,0,0,0,0
USER_007805,1,1,0,0,0,0
USER_007806,1,1,0,0,0,0
USER_007807,1,1,0,0,0,0
USER_007808,1,1,0,0,0,0
USER_007809,1,1,0,0,0,0
USER_007810,1,1,0,0,0,0
USER_007811,1,1,0,0,0,0
USER_007812,1,1,0,0,0,0
USER_007813,1,1,0,0,0,0
USER_007814,1,1,0,0,0,0
USER_007815,1,1,0,0,0,0
USER_007816,1,1,0,0,0,0
USER_007817,1,1,0,0,0,0
USER_007818,1,1,0,0,0,0
USER_007819,1,1,0,0,0,0
USER_007820,1,1,0,0,0,0
USER_007821,1,1,0,0,0,0
USER_007822,1,1,0,0,0,0
USER_007823,1,1,0,0,0,0
USER_007824,1,1,0,0,0,0
USER_007825,1,1,0,0,0,0
USER_007826,1,1,0,0,0,0
USER_007827,1,1,0,0,0,0
USER_007828,1,1,0,0,0,0
USER_007829,1,1,0,0,0,0
USER_007830,1,1,0,0,0,0
USER_007831,1,1,0,0,0,0
USER_007832,1,1,0,0,0,0
USER_007833,1,1,0,0,0,0
USER_007834,1,1,0,0,0,0
USER_007835,1,1,0,0,0,0
USER_007836,1,1,0,0,0,0
USER_007837,1,1,0,0,0,0
USER_007838,1,1,0,0,0,0
USER_007839,1,1,0,0,0,0
USER_007840,1,1,0,0,0,0
USER_007841,1,1,0,0,0,0
USER_007842,1,1,0,0,0,0
USER_007843,1,1,0,0,0,0
USER_007844,1,1,0,0,0,0
USER_007845,1,1,0,0,0,0
USER_007846,1,1,0,0,0,0
USER_007847,1,1,0,0,0,0
USER_007848,1,1,0,0,0,0
USER_007849,1,1,0,0,0,0
USER_007850,1,1,0,0,0,0
USER_007851,1,1,0,0,0,0
USER_007852,1,1,0,0,0,0
USER_007853,1,1,0,0,0,0
USER_007854,1,1,0,0,0,0
USER_007855,1,1,0,0,0,0
USER_007856,1,1,0,0,0,0
USER_007857,1,1,0,0,0,0
USER_007858,1,1,0,0,0,0
USER_007859,1,1,0,0,0,0
USER_007860,1,1,0,0,0,0
USER_007861,1,1,0,0,0,0
USER_007862,1,1,0,0,0,0
USER_007863,1,1,0,0,0,0
USER_007864,1,1,0,0,0,0
USER_007865,1,1,0,0,0,0
USER_007866,1,1,0,0,0,0
USER_007867,1,1,0,0,0,0
USER_007868,1,1,0,0,0,0
USER_007869,1,1,0,0,0,0
USER_007870,1,1,0,0,0,0
USER_007871,1,1,0,0,0,0
USER_007872,1,1,0,0,0,0
USER_007873,1,1,0,0,0,0
USER_007874,1,1,0,0,0,0
USER_007875,1,1,0,0,0,0
USER_007876,1,1,0,0,0,0
USER_007877,1,1,0,0,0,0
USER_007878,1,1,0,0,0,0
USER_007879,1,1,0,0,0,0
USER_007880,1,1,0,0,0,0
USER_007881,1,1,0,0,0,0
USER_007882,1,1,0,0,0,0
USER_007883,1,1,0,0,0,0
USER_007884,1,1,0,0,0,0
USER_007885,1,1,0,0,0,0
USER_007886,1,1,0,0,0,0
USER_007887,1,1,0,0,0,0
USER_007888,1,1,0,0,0,0
USER_007889,1,1,0,0,0,0
USER_007890,1,1,0,0,0,0
USER_007891,1,1,0,0,0,0
USER_007892,1,1,0,0,0,0
USER_007893,1,1,0,0,0,0
USER_007894,1,1,0,0,0,0
USER_007895,1,1,0,0,0,0
USER_007896,1,1,0,0,0,0
USER_007897,1,1,0,0,0,0
USER_007898,1,1,0,0,0,0
USER_007899,1,1,0,0,0,0
USER_007900,1,1,0,0,0,0
USER_007901,1,1,0,0,0,0
USER_007902,1,1,0,0,0,0
USER_007903,1,1,0,0,0,0
USER_007904,1,1,0,0,0,0
USER_007905,1,1,0,0,0,0
USER_007906,1,1,0,0,0,0
USER_007907,1,1,0,0,0,0
USER_007908,1,1,0,0,0,0
USER_007909,1,1,0,0,0,0
USER_007910,1,1,0,0,0,0
USER_007911,1,1,0,0,0,0
USER_007912,1,1,0,0,0,0
USER_007913,1,1,0,0,0,0
USER_007914,1,1,0,0,0,0
USER_007915,1,1,0,0,0,0
USER_007916,1,1,0,0,0,0
USER_007917,1,1,0,0,0,0
USER_007918,1,1,0,0,0,0
USER_007919,1,1,0,0,0,0
USER_007920,1,1,0,0,0,0
USER_007921,1,1,0,0,0,0
USER_007922,1,1,0,0,0,0
USER_007923,1,1,0,0,0,0
USER_007924,1,1,0,0,0,0
USER_007925,1,1,0,0,0,0
USER_007926,1,1,0,0,0,0
USER_007927,1,1,0,0,0,0
USER_007928,1,1,0,0,0,0
USER_007929,1,1,0,0,0,0
USER_007930,1,1,0,0,0,0
USER_007931,1,1,0,0,0,0
USER_007932,1,1,0,0,0,0
USER_007933,1,1,0,0,0,0
USER_007934,1,1,0,0,0,0
USER_007935,1,1,0,0,0,0
USER_007936,1,1,0,0,0,0
USER_007937,1,1,0,0,0,0
USER_007938,1,1,0,0,0,0
USER_007939,1,1,0,0,0,0
USER_007940,1,1,0,0,0,0
USER_007941,1,1,0,0,0,0
USER_007942,1,1,0,0,0,0
USER_007943,1,1,0,0,0,0
USER_007944,1,1,0,0,0,0
USER_007945,1,1,0,0,0,0
USER_007946,1,1,0,0,0,0
USER_007947,1,1,0,0,0,0
USER_007948,1,1,0,0,0,0
USER_007949,1,1,0,0,0,0
USER_007950,1,1,0,0,0,0
USER_007951,1,1,0,0,0,0
USER_007952,1,1,0,0,0,0
USER_007953,1,1,0,0,0,0
USER_007954,1,1,0,0,0,0
USER_007955,1,1,0,0,0,0
USER_007956,1,1,0,0,0,0
USER_007957,1,1,0,0,0,0
USER_007958,1,1,0,0,0,0
USER_007959,1,1,0,0,0,0
USER_007960,1,1,0,0,0,0
USER_007961,1,1,0,0,0,0
USER_007962,1,1,0,0,0,0
USER_007963,1,1,0,0,0,0
USER_007964,1,1,0,0,0,0
USER_007965,1,1,0,0,0,0
USER_007966,1,1,0,0,0,0
USER_007967,1,1,0,0,0,0
USER_007968,1,1,0,0,0,0
USER_007969,1,1,0,0,0,0
USER_007970,1,1,0,0,0,0
USER_007971,1,1,0,0,0,0
USER_007972,1,1,0,0,0,0
USER_007973,1,1,0,0,0,0
USER_007974,1,1,0,0,0,0
USER_007975,1,1,0,0,0,0
USER_007976,1,1,0,0,0,0
USER_007977,1,1,0,0,0,0
USER_007978,1,1,0,0,0,0
USER_007979,1,1,0,0,0,0
USER_007980,1,1,0,0,0,0
USER_007981,1,1,0,0,0,0
USER_007982,1,1,0,0,0,0
USER_007983,1,1,0,0,0,0
USER_007984,1,1,0,0,0,0
USER_007985,1,1,0,0,0,0
USER_007986,1,1,0,0,0,0
USER_007987,1,1,0,0,0,0
USER_007988,1,1,0,0,0,0
USER_007989,1,1,0,0,0,0
USER_007990,1,1,0,0,0,0
USER_007991,1,1,0,0,0,0
USER_007992,1,1,0,0,0,0
USER_007993,1,1,0,0,0,0
USER_007994,1,1,0,0,0,0
USER_007995,1,1,0,0,0,0
USER_007996,1,1,0,0,0,0
USER_007997,1,1,0,0,0,0
USER_007998,1,1,0,0,0,0
USER_007999,1,1,0,0,0,0
USER_008000,1,1,0,0,0,0
USER_008001,1,0,0,0,0,0
USER_008002,1,0,0,0,0,0
USER_008003,1,0,0,0,0,0
USER_008004,1,0,0,0,0,0
USER_008005,1,0,0,0,0,0
USER_008006,1,0,0,0,0,0
USER_008007,1,0,0,0,0,0
USER_008008,1,0,0,0,0,0
USER_008009,1,0,0,0,0,0
USER_008010,1,0,0,0,0,0
USER_008011,1,0,0,0,0,0
USER_008012,1,0,0,0,0,0
USER_008013,1,0,0,0,0,0
USER_008014,1,0,0,0,0,0
USER_008015,1,0,0,0,0,0
USER_008016,1,0,0,0,0,0
USER_008017,1,0,0,0,0,0
USER_008018,1,0,0,0,0,0
USER_008019,1,0,0,0,0,0
USER_008020,1,0,0,0,0,0
USER_008021,1,0,0,0,0,0
USER_008022,1,0,0,0,0,0
USER_008023,1,0,0,0,0,0
USER_008024,1,0,0,0,0,0
USER_008025,1,0,0,0,0,0
USER_008026,1,0,0,0,0,0
USER_008027,1,0,0,0,0,0
USER_008028,1,0,0,0,0,0
USER_008029,1,0,0,0,0,0
USER_008030,1,0,0,0,0,0
USER_008031,1,0,0,0,0,0
USER_008032,1,0,0,0,0,0
USER_008033,1,0,0,0,0,0
USER_008034,1,0,0,0,0,0
USER_008035,1,0,0,0,0,0
USER_008036,1,0,0,0,0,0
USER_008037,1,0,0,0,0,0
USER_008038,1,0,0,0,0,0
USER_008039,1,0,0,0,0,0
USER_008040,1,0,0,0,0,0
USER_008041,1,0,0,0,0,0
USER_008042,1,0,0,0,0,0
USER_008043,1,0,0,0,0,0
USER_008044,1,0,0,0,0,0
USER_008045,1,0,0,0,0,0
USER_008046,1,0,0,0,0,0
USER_008047,1,0,0,0,0,0
USER_008048,1,0,0,0,0,0
USER_008049,1,0,0,0,0,0
USER_008050,1,0,0,0,0,0
USER_008051,1,0,0,0,0,0
USER_008052,1,0,0,0,0,0
USER_008053,1,0,0,0,0,0
USER_008054,1,0,0,0,0,0
USER_008055,1,0,0,0,0,0
USER_008056,1,0,0,0,0,0
USER_008057,1,0,0,0,0,0
USER_008058,1,0,0,0,0,0
USER_008059,1,0,0,0,0,0
USER_008060,1,0,0,0,0,0
USER_008061,1,0,0,0,0,0
USER_008062,1,0,0,0,0,0
USER_008063,1,0,0,0,0,0
USER_008064,1,0,0,0,0,0
USER_008065,1,0,0,0,0,0
USER_008066,1,0,0,0,0,0
USER_008067,1,0,0,0,0,0
USER_008068,1,0,0,0,0,0
USER_008069,1,0,0,0,0,0
USER_008070,1,0,0,0,0,0
USER_008071,1,0,0,0,0,0
USER_008072,1,0,0,0,0,0
USER_008073,1,0,0,0,0,0
USER_008074,1,0,0,0,0,0
USER_008075,1,0,0,0,0,0
USER_008076,1,0,0,0,0,0
USER_008077,1,0,0,0,0,0
USER_008078,1,0,0,0,0,0
USER_008079,1,0,0,0,0,0
USER_008080,1,0,0,0,0,0
USER_008081,1,0,0,0,0,0
USER_008082,1,0,0,0,0,0
USER_008083,1,0,0,0,0,0
USER_008084,1,0,0,0,0,0
USER_008085,1,0,0,0,0,0
USER_008086,1,0,0,0,0,0
USER_008087,1,0,0,0,0,0
USER_008088,1,0,0,0,0,0
USER_008089,1,0,0,0,0,0
USER_008090,1,0,0,0,0,0
USER_008091,1,0,0,0,0,0
USER_008092,1,0,0,0,0,0
USER_008093,1,0,0,0,0,0
USER_008094,1,0,0,0,0,0
USER_008095,1,0,0,0,0,0
USER_008096,1,0,0,0,0,0
USER_008097,1,0,0,0,0,0
USER_008098,1,0,0,0,0,0
USER_008099,1,0,0,0,0,0
USER_008100,1,0,0,0,0,0
USER_008101,1,0,0,0,0,0
USER_008102,1,0,0,0,0,0
USER_008103,1,0,0,0,0,0
USER_008104,1,0,0,0,0,0
USER_008105,1,0,0,0,0,0
USER_008106,1,0,0,0,0,0
USER_008107,1,0,0,0,0,0
USER_008108,1,0,0,0,0,0
USER_008109,1,0,0,0,0,0
USER_008110,1,0,0,0,0,0
USER_008111,1,0,0,0,0,0
USER_008112,1,0,0,0,0,0
USER_008113,1,0,0,0,0,0
USER_008114,1,0,0,0,0,0
USER_008115,1,0,0,0,0,0
USER_008116,1,0,0,0,0,0
USER_008117,1,0,0,0,0,0
USER_008118,1,0,0,0,0,0
USER_008119,1,0,0,0,0,0
USER_008120,1,0,0,0,0,0
USER_008121,1,0,0,0,0,0
USER_008122,1,0,0,0,0,0
USER_008123,1,0,0,0,0,0
USER_008124,1,0,0,0,0,0
USER_008125,1,0,0,0,0,0
USER_008126,1,0,0,0,0,0
USER_008127,1,0,0,0,0,0
USER_008128,1,0,0,0,0,0
USER_008129,1,0,0,0,0,0
USER_008130,1,0,0,0,0,0
USER_008131,1,0,0,0,0,0
USER_008132,1,0,0,0,0,0
USER_008133,1,0,0,0,0,0
USER_008134,1,0,0,0,0,0
USER_008135,1,0,0,0,0,0
USER_008136,1,0,0,0,0,0
USER_008137,1,0,0,0,0,0
USER_008138,1,0,0,0,0,0
USER_008139,1,0,0,0,0,0
USER_008140,1,0,0,0,0,0
USER_008141,1,0,0,0,0,0
USER_008142,1,0,0,0,0,0
USER_008143,1,0,0,0,0,0
USER_008144,1,0,0,0,0,0
USER_008145,1,0,0,0,0,0
USER_008146,1,0,0,0,0,0
USER_008147,1,0,0,0,0,0
USER_008148,1,0,0,0,0,0
USER_008149,1,0,0,0,0,0
USER_008150,1,0,0,0,0,0
USER_008151,1,0,0,0,0,0
USER_008152,1,0,0,0,0,0
USER_008153,1,0,0,0,0,0
USER_008154,1,0,0,0,0,0
USER_008155,1,0,0,0,0,0
USER_008156,1,0,0,0,0,0
USER_008157,1,0,0,0,0,0
USER_008158,1,0,0,0,0,0
USER_008159,1,0,0,0,0,0
USER_008160,1,0,0,0,0,0
USER_008161,1,0,0,0,0,0
USER_008162,1,0,0,0,0,0
USER_008163,1,0,0,0,0,0
USER_008164,1,0,0,0,0,0
USER_008165,1,0,0,0,0,0
USER_008166,1,0,0,0,0,0
USER_008167,1,0,0,0,0,0
USER_008168,1,0,0,0,0,0
USER_008169,1,0,0,0,0,0
USER_008170,1,0,0,0,0,0
USER_008171,1,0,0,0,0,0
USER_008172,1,0,0,0,0,0
USER_008173,1,0,0,0,0,0
USER_008174,1,0,0,0,0,0
USER_008175,1,0,0,0,0,0
USER_008176,1,0,0,0,0,0
USER_008177,1,0,0,0,0,0
USER_008178,1,0,0,0,0,0
USER_008179,1,0,0,0,0,0
USER_008180,1,0,0,0,0,0
USER_008181,1,0,0,0,0,0
USER_008182,1,0,0,0,0,0
USER_008183,1,0,0,0,0,0
USER_008184,1,0,0,0,0,0
USER_008185,1,0,0,0,0,0
USER_008186,1,0,0,0,0,0
USER_008187,1,0,0,0,0,0
USER_008188,1,0,0,0,0,0
USER_008189,1,0,0,0,0,0
USER_008190,1,0,0,0,0,0
USER_008191,1,0,0,0,0,0
USER_008192,1,0,0,0,0,0
USER_008193,1,0,0,0,0,0
USER_008194,1,0,0,0,0,0
USER_008195,1,0,0,0,0,0
USER_008196,1,0,0,0,0,0
USER_008197,1,0,0,0,0,0
USER_008198,1,0,0,0,0,0
USER_008199,1,0,0,0,0,0
USER_008200,1,0,0,0,0,0
USER_008201,1,0,0,0,0,0
USER_008202,1,0,0,0,0,0
USER_008203,1,0,0,0,0,0
USER_008204,1,0,0,0,0,0
USER_008205,1,0,0,0,0,0
USER_008206,1,0,0,0,0,0
USER_008207,1,0,0,0,0,0
USER_008208,1,0,0,0,0,0
USER_008209,1,0,0,0,0,0
USER_008210,1,0,0,0,0,0
USER_008211,1,0,0,0,0,0
USER_008212,1,0,0,0,0,0
USER_008213,1,0,0,0,0,0
USER_008214,1,0,0,0,0,0
USER_008215,1,0,0,0,0,0
USER_008216,1,0,0,0,0,0
USER_008217,1,0,0,0,0,0
USER_008218,1,0,0,0,0,0
USER_008219,1,0,0,0,0,0
USER_008220,1,0,0,0,0,0
USER_008221,1,0,0,0,0,0
USER_008222,1,0,0,0,0,0
USER_008223,1,0,0,0,0,0
USER_008224,1,0,0,0,0,0
USER_008225,1,0,0,0,0,0
USER_008226,1,0,0,0,0,0
USER_008227,1,0,0,0,0,0
USER_008228,1,0,0,0,0,0
USER_008229,1,0,0,0,0,0
USER_008230,1,0,0,0,0,0
USER_008231,1,0,0,0,0,0
USER_008232,1,0,0,0,0,0
USER_008233,1,0,0,0,0,0
USER_008234,1,0,0,0,0,0
USER_008235,1,0,0,0,0,0
USER_008236,1,0,0,0,0,0
USER_008237,1,0,0,0,0,0
USER_008238,1,0,0,0,0,0
USER_008239,1,0,0,0,0,0
USER_008240,1,0,0,0,0,0
USER_008241,1,0,0,0,0,0
USER_008242,1,0,0,0,0,0
USER_008243,1,0,0,0,0,0
USER_008244,1,0,0,0,0,0
USER_008245,1,0,0,0,0,0
USER_008246,1,0,0,0,0,0
USER_008247,1,0,0,0,0,0
USER_008248,1,0,0,0,0,0
USER_008249,1,0,0,0,0,0
USER_008250,1,0,0,0,0,0
USER_008251,1,0,0,0,0,0
USER_008252,1,0,0,0,0,0
USER_008253,1,0,0,0,0,0
USER_008254,1,0,0,0,0,0
USER_008255,1,0,0,0,0,0
USER_008256,1,0,0,0,0,0
USER_008257,1,0,0,0,0,0
USER_008258,1,0,0,0,0,0
USER_008259,1,0,0,0,0,0
USER_008260,1,0,0,0,0,0
USER_008261,1,0,0,0,0,0
USER_008262,1,0,0,0,0,0
USER_008263,1,0,0,0,0,0
USER_008264,1,0,0,0,0,0
USER_008265,1,0,0,0,0,0
USER_008266,1,0,0,0,0,0
USER_008267,1,0,0,0,0,0
USER_008268,1,0,0,0,0,0
USER_008269,1,0,0,0,0,0
USER_008270,1,0,0,0,0,0
USER_008271,1,0,0,0,0,0
USER_008272,1,0,0,0,0,0
USER_008273,1,0,0,0,0,0
USER_008274,1,0,0,0,0,0
USER_008275,1,0,0,0,0,0
USER_008276,1,0,0,0,0,0
USER_008277,1,0,0,0,0,0
USER_008278,1,0,0,0,0,0
USER_008279,1,0,0,0,0,0
USER_008280,1,0,0,0,0,0
USER_008281,1,0,0,0,0,0
USER_008282,1,0,0,0,0,0
USER_008283,1,0,0,0,0,0
USER_008284,1,0,0,0,0,0
USER_008285,1,0,0,0,0,0
USER_008286,1,0,0,0,0,0
USER_008287,1,0,0,0,0,0
USER_008288,1,0,0,0,0,0
USER_008289,1,0,0,0,0,0
USER_008290,1,0,0,0,0,0
USER_008291,1,0,0,0,0,0
USER_008292,1,0,0,0,0,0
USER_008293,1,0,0,0,0,0
USER_008294,1,0,0,0,0,0
USER_008295,1,0,0,0,0,0
USER_008296,1,0,0,0,0,0
USER_008297,1,0,0,0,0,0
USER_008298,1,0,0,0,0,0
USER_008299,1,0,0,0,0,0
USER_008300,1,0,0,0,0,0
USER_008301,1,0,0,0,0,0
USER_008302,1,0,0,0,0,0
USER_008303,1,0,0,0,0,0
USER_008304,1,0,0,0,0,0
USER_008305,1,0,0,0,0,0
USER_008306,1,0,0,0,0,0
USER_008307,1,0,0,0,0,0
USER_008308,1,0,0,0,0,0
USER_008309,1,0,0,0,0,0
USER_008310,1,0,0,0,0,0
USER_008311,1,0,0,0,0,0
USER_008312,1,0,0,0,0,0
USER_008313,1,0,0,0,0,0
USER_008314,1,0,0,0,0,0
USER_008315,1,0,0,0,0,0
USER_008316,1,0,0,0,0,0
USER_008317,1,0,0,0,0,0
USER_008318,1,0,0,0,0,0
USER_008319,1,0,0,0,0,0
USER_008320,1,0,0,0,0,0
USER_008321,1,0,0,0,0,0
USER_008322,1,0,0,0,0,0
USER_008323,1,0,0,0,0,0
USER_008324,1,0,0,0,0,0
USER_008325,1,0,0,0,0,0
USER_008326,1,0,0,0,0,0
USER_008327,1,0,0,0,0,0
USER_008328,1,0,0,0,0,0
USER_008329,1,0,0,0,0,0
USER_008330,1,0,0,0,0,0
USER_008331,1,0,0,0,0,0
USER_008332,1,0,0,0,0,0
USER_008333,1,0,0,0,0,0
USER_008334,1,0,0,0,0,0
USER_008335,1,0,0,0,0,0
USER_008336,1,0,0,0,0,0
USER_008337,1,0,0,0,0,0
USER_008338,1,0,0,0,0,0
USER_008339,1,0,0,0,0,0
USER_008340,1,0,0,0,0,0
USER_008341,1,0,0,0,0,0
USER_008342,1,0,0,0,0,0
USER_008343,1,0,0,0,0,0
USER_008344,1,0,0,0,0,0
USER_008345,1,0,0,0,0,0
USER_008346,1,0,0,0,0,0
USER_008347,1,0,0,0,0,0
USER_008348,1,0,0,0,0,0
USER_008349,1,0,0,0,0,0
USER_008350,1,0,0,0,0,0
USER_008351,1,0,0,0,0,0
USER_008352,1,0,0,0,0,0
USER_008353,1,0,0,0,0,0
USER_008354,1,0,0,0,0,0
USER_008355,1,0,0,0,0,0
USER_008356,1,0,0,0,0,0
USER_008357,1,0,0,0,0,0
USER_008358,1,0,0,0,0,0
USER_008359,1,0,0,0,0,0
USER_008360,1,0,0,0,0,0
USER_008361,1,0,0,0,0,0
USER_008362,1,0,0,0,0,0
USER_008363,1,0,0,0,0,0
USER_008364,1,0,0,0,0,0
USER_008365,1,0,0,0,0,0
USER_008366,1,0,0,0,0,0
USER_008367,1,0,0,0,0,0
USER_008368,1,0,0,0,0,0
USER_008369,1,0,0,0,0,0
USER_008370,1,0,0,0,0,0
USER_008371,1,0,0,0,0,0
USER_008372,1,0,0,0,0,0
USER_008373,1,0,0,0,0,0
USER_008374,1,0,0,0,0,0
USER_008375,1,0,0,0,0,0
USER_008376,1,0,0,0,0,0
USER_008377,1,0,0,0,0,0
USER_008378,1,0,0,0,0,0
USER_008379,1,0,0,0,0,0
USER_008380,1,0,0,0,0,0
USER_008381,1,0,0,0,0,0
USER_008382,1,0,0,0,0,0
USER_008383,1,0,0,0,0,0
USER_008384,1,0,0,0,0,0
USER_008385,1,0,0,0,0,0
USER_008386,1,0,0,0,0,0
USER_008387,1,0,0,0,0,0
USER_008388,1,0,0,0,0,0
USER_008389,1,0,0,0,0,0
USER_008390,1,0,0,0,0,0
USER_008391,1,0,0,0,0,0
USER_008392,1,0,0,0,0,0
USER_008393,1,0,0,0,0,0
USER_008394,1,0,0,0,0,0
USER_008395,1,0,0,0,0,0
USER_008396,1,0,0,0,0,0
USER_008397,1,0,0,0,0,0
USER_008398,1,0,0,0,0,0
USER_008399,1,0,0,0,0,0
USER_008400,1,0,0,0,0,0
USER_008401,1,0,0,0,0,0
USER_008402,1,0,0,0,0,0
USER_008403,1,0,0,0,0,0
USER_008404,1,0,0,0,0,0
USER_008405,1,0,0,0,0,0
USER_008406,1,0,0,0,0,0
USER_008407,1,0,0,0,0,0
USER_008408,1,0,0,0,0,0
USER_008409,1,0,0,0,0,0
USER_008410,1,0,0,0,0,0
USER_008411,1,0,0,0,0,0
USER_008412,1,0,0,0,0,0
USER_008413,1,0,0,0,0,0
USER_008414,1,0,0,0,0,0
USER_008415,1,0,0,0,0,0
USER_008416,1,0,0,0,0,0
USER_008417,1,0,0,0,0,0
USER_008418,1,0,0,0,0,0
USER_008419,1,0,0,0,0,0
USER_008420,1,0,0,0,0,0
USER_008421,1,0,0,0,0,0
USER_008422,1,0,0,0,0,0
USER_008423,1,0,0,0,0,0
USER_008424,1,0,0,0,0,0
USER_008425,1,0,0,0,0,0
USER_008426,1,0,0,0,0,0
USER_008427,1,0,0,0,0,0
USER_008428,1,0,0,0,0,0
USER_008429,1,0,0,0,0,0
USER_008430,1,0,0,0,0,0
USER_008431,1,0,0,0,0,0
USER_008432,1,0,0,0,0,0
USER_008433,1,0,0,0,0,0
USER_008434,1,0,0,0,0,0
USER_008435,1,0,0,0,0,0
USER_008436,1,0,0,0,0,0
USER_008437,1,0,0,0,0,0
USER_008438,1,0,0,0,0,0
USER_008439,1,0,0,0,0,0
USER_008440,1,0,0,0,0,0
USER_008441,1,0,0,0,0,0
USER_008442,1,0,0,0,0,0
USER_008443,1,0,0,0,0,0
USER_008444,1,0,0,0,0,0
USER_008445,1,0,0,0,0,0
USER_008446,1,0,0,0,0,0
USER_008447,1,0,0,0,0,0
USER_008448,1,0,0,0,0,0
USER_008449,1,0,0,0,0,0
USER_008450,1,0,0,0,0,0
USER_008451,1,0,0,0,0,0
USER_008452,1,0,0,0,0,0
USER_008453,1,0,0,0,0,0
USER_008454,1,0,0,0,0,0
USER_008455,1,0,0,0,0,0
USER_008456,1,0,0,0,0,0
USER_008457,1,0,0,0,0,0
USER_008458,1,0,0,0,0,0
USER_008459,1,0,0,0,0,0
USER_008460,1,0,0,0,0,0
USER_008461,1,0,0,0,0,0
USER_008462,1,0,0,0,0,0
USER_008463,1,0,0,0,0,0
USER_008464,1,0,0,0,0,0
USER_008465,1,0,0,0,0,0
USER_008466,1,0,0,0,0,0
USER_008467,1,0,0,0,0,0
USER_008468,1,0,0,0,0,0
USER_008469,1,0,0,0,0,0
USER_008470,1,0,0,0,0,0
USER_008471,1,0,0,0,0,0
USER_008472,1,0,0,0,0,0
USER_008473,1,0,0,0,0,0
USER_008474,1,0,0,0,0,0
USER_008475,1,0,0,0,0,0
USER_008476,1,0,0,0,0,0
USER_008477,1,0,0,0,0,0
USER_008478,1,0,0,0,0,0
USER_008479,1,0,0,0,0,0
USER_008480,1,0,0,0,0,0
USER_008481,1,0,0,0,0,0
USER_008482,1,0,0,0,0,0
USER_008483,1,0,0,0,0,0
USER_008484,1,0,0,0,0,0
USER_008485,1,0,0,0,0,0
USER_008486,1,0,0,0,0,0
USER_008487,1,0,0,0,0,0
USER_008488,1,0,0,0,0,0
USER_008489,1,0,0,0,0,0
USER_008490,1,0,0,0,0,0
USER_008491,1,0,0,0,0,0
USER_008492,1,0,0,0,0,0
USER_008493,1,0,0,0,0,0
USER_008494,1,0,0,0,0,0
USER_008495,1,0,0,0,0,0
USER_008496,1,0,0,0,0,0
USER_008497,1,0,0,0,0,0
USER_008498,1,0,0,0,0,0
USER_008499,1,0,0,0,0,0
USER_008500,1,0,0,0,0,0
USER_008501,1,0,0,0,0,0
USER_008502,1,0,0,0,0,0
USER_008503,1,0,0,0,0,0
USER_008504,1,0,0,0,0,0
USER_008505,1,0,0,0,0,0
USER_008506,1,0,0,0,0,0
USER_008507,1,0,0,0,0,0
USER_008508,1,0,0,0,0,0
USER_008509,1,0,0,0,0,0
USER_008510,1,0,0,0,0,0
USER_008511,1,0,0,0,0,0
USER_008512,1,0,0,0,0,0
USER_008513,1,0,0,0,0,0
USER_008514,1,0,0,0,0,0
USER_008515,1,0,0,0,0,0
USER_008516,1,0,0,0,0,0
USER_008517,1,0,0,0,0,0
USER_008518,1,0,0,0,0,0
USER_008519,1,0,0,0,0,0
USER_008520,1,0,0,0,0,0
USER_008521,1,0,0,0,0,0
USER_008522,1,0,0,0,0,0
USER_008523,1,0,0,0,0,0
USER_008524,1,0,0,0,0,0
USER_008525,1,0,0,0,0,0
USER_008526,1,0,0,0,0,0
USER_008527,1,0,0,0,0,0
USER_008528,1,0,0,0,0,0
USER_008529,1,0,0,0,0,0
USER_008530,1,0,0,0,0,0
USER_008531,1,0,0,0,0,0
USER_008532,1,0,0,0,0,0
USER_008533,1,0,0,0,0,0
USER_008534,1,0,0,0,0,0
USER_008535,1,0,0,0,0,0
USER_008536,1,0,0,0,0,0
USER_008537,1,0,0,0,0,0
USER_008538,1,0,0,0,0,0
USER_008539,1,0,0,0,0,0
USER_008540,1,0,0,0,0,0
USER_008541,1,0,0,0,0,0
USER_008542,1,0,0,0,0,0
USER_008543,1,0,0,0,0,0
USER_008544,1,0,0,0,0,0
USER_008545,1,0,0,0,0,0
USER_008546,1,0,0,0,0,0
USER_008547,1,0,0,0,0,0
USER_008548,1,0,0,0,0,0
USER_008549,1,0,0,0,0,0
USER_008550,1,0,0,0,0,0
USER_008551,1,0,0,0,0,0
USER_008552,1,0,0,0,0,0
USER_008553,1,0,0,0,0,0
USER_008554,1,0,0,0,0,0
USER_008555,1,0,0,0,0,0
USER_008556,1,0,0,0,0,0
USER_008557,1,0,0,0,0,0
USER_008558,1,0,0,0,0,0
USER_008559,1,0,0,0,0,0
USER_008560,1,0,0,0,0,0
USER_008561,1,0,0,0,0,0
USER_008562,1,0,0,0,0,0
USER_008563,1,0,0,0,0,0
USER_008564,1,0,0,0,0,0
USER_008565,1,0,0,0,0,0
USER_008566,1,0,0,0,0,0
USER_008567,1,0,0,0,0,0
USER_008568,1,0,0,0,0,0
USER_008569,1,0,0,0,0,0
USER_008570,1,0,0,0,0,0
USER_008571,1,0,0,0,0,0
USER_008572,1,0,0,0,0,0
USER_008573,1,0,0,0,0,0
USER_008574,1,0,0,0,0,0
USER_008575,1,0,0,0,0,0
USER_008576,1,0,0,0,0,0
USER_008577,1,0,0,0,0,0
USER_008578,1,0,0,0,0,0
USER_008579,1,0,0,0,0,0
USER_008580,1,0,0,0,0,0
USER_008581,1,0,0,0,0,0
USER_008582,1,0,0,0,0,0
USER_008583,1,0,0,0,0,0
USER_008584,1,0,0,0,0,0
USER_008585,1,0,0,0,0,0
USER_008586,1,0,0,0,0,0
USER_008587,1,0,0,0,0,0
USER_008588,1,0,0,0,0,0
USER_008589,1,0,0,0,0,0
USER_008590,1,0,0,0,0,0
USER_008591,1,0,0,0,0,0
USER_008592,1,0,0,0,0,0
USER_008593,1,0,0,0,0,0
USER_008594,1,0,0,0,0,0
USER_008595,1,0,0,0,0,0
USER_008596,1,0,0,0,0,0
USER_008597,1,0,0,0,0,0
USER_008598,1,0,0,0,0,0
USER_008599,1,0,0,0,0,0
USER_008600,1,0,0,0,0,0
USER_008601,1,0,0,0,0,0
USER_008602,1,0,0,0,0,0
USER_008603,1,0,0,0,0,0
USER_008604,1,0,0,0,0,0
USER_008605,1,0,0,0,0,0
USER_008606,1,0,0,0,0,0
USER_008607,1,0,0,0,0,0
USER_008608,1,0,0,0,0,0
USER_008609,1,0,0,0,0,0
USER_008610,1,0,0,0,0,0
USER_008611,1,0,0,0,0,0
USER_008612,1,0,0,0,0,0
USER_008613,1,0,0,0,0,0
USER_008614,1,0,0,0,0,0
USER_008615,1,0,0,0,0,0
USER_008616,1,0,0,0,0,0
USER_008617,1,0,0,0,0,0
USER_008618,1,0,0,0,0,0
USER_008619,1,0,0,0,0,0
USER_008620,1,0,0,0,0,0
USER_008621,1,0,0,0,0,0
USER_008622,1,0,0,0,0,0
USER_008623,1,0,0,0,0,0
USER_008624,1,0,0,0,0,0
USER_008625,1,0,0,0,0,0
USER_008626,1,0,0,0,0,0
USER_008627,1,0,0,0,0,0
USER_008628,1,0,0,0,0,0
USER_008629,1,0,0,0,0,0
USER_008630,1,0,0,0,0,0
USER_008631,1,0,0,0,0,0
USER_008632,1,0,0,0,0,0
USER_008633,1,0,0,0,0,0
USER_008634,1,0,0,0,0,0
USER_008635,1,0,0,0,0,0
USER_008636,1,0,0,0,0,0
USER_008637,1,0,0,0,0,0
USER_008638,1,0,0,0,0,0
USER_008639,1,0,0,0,0,0
USER_008640,1,0,0,0,0,0
USER_008641,1,0,0,0,0,0
USER_008642,1,0,0,0,0,0
USER_008643,1,0,0,0,0,0
USER_008644,1,0,0,0,0,0
USER_008645,1,0,0,0,0,0
USER_008646,1,0,0,0,0,0
USER_008647,1,0,0,0,0,0
USER_008648,1,0,0,0,0,0
USER_008649,1,0,0,0,0,0
USER_008650,1,0,0,0,0,0
USER_008651,1,0,0,0,0,0
USER_008652,1,0,0,0,0,0
USER_008653,1,0,0,0,0,0
USER_008654,1,0,0,0,0,0
USER_008655,1,0,0,0,0,0
USER_008656,1,0,0,0,0,0
USER_008657,1,0,0,0,0,0
USER_008658,1,0,0,0,0,0
USER_008659,1,0,0,0,0,0
USER_008660,1,0,0,0,0,0
USER_008661,1,0,0,0,0,0
USER_008662,1,0,0,0,0,0
USER_008663,1,0,0,0,0,0
USER_008664,1,0,0,0,0,0
USER_008665,1,0,0,0,0,0
USER_008666,1,0,0,0,0,0
USER_008667,1,0,0,0,0,0
USER_008668,1,0,0,0,0,0
USER_008669,1,0,0,0,0,0
USER_008670,1,0,0,0,0,0
USER_008671,1,0,0,0,0,0
USER_008672,1,0,0,0,0,0
USER_008673,1,0,0,0,0,0
USER_008674,1,0,0,0,0,0
USER_008675,1,0,0,0,0,0
USER_008676,1,0,0,0,0,0
USER_008677,1,0,0,0,0,0
USER_008678,1,0,0,0,0,0
USER_008679,1,0,0,0,0,0
USER_008680,1,0,0,0,0,0
USER_008681,1,0,0,0,0,0
USER_008682,1,0,0,0,0,0
USER_008683,1,0,0,0,0,0
USER_008684,1,0,0,0,0,0
USER_008685,1,0,0,0,0,0
USER_008686,1,0,0,0,0,0
USER_008687,1,0,0,0,0,0
USER_008688,1,0,0,0,0,0
USER_008689,1,0,0,0,0,0
USER_008690,1,0,0,0,0,0
USER_008691,1,0,0,0,0,0
USER_008692,1,0,0,0,0,0
USER_008693,1,0,0,0,0,0
USER_008694,1,0,0,0,0,0
USER_008695,1,0,0,0,0,0
USER_008696,1,0,0,0,0,0
USER_008697,1,0,0,0,0,0
USER_008698,1,0,0,0,0,0
USER_008699,1,0,0,0,0,0
USER_008700,1,0,0,0,0,0
USER_008701,1,0,0,0,0,0
USER_008702,1,0,0,0,0,0
USER_008703,1,0,0,0,0,0
USER_008704,1,0,0,0,0,0
USER_008705,1,0,0,0,0,0
USER_008706,1,0,0,0,0,0
USER_008707,1,0,0,0,0,0
USER_008708,1,0,0,0,0,0
USER_008709,1,0,0,0,0,0
USER_008710,1,0,0,0,0,0
USER_008711,1,0,0,0,0,0
USER_008712,1,0,0,0,0,0
USER_008713,1,0,0,0,0,0
USER_008714,1,0,0,0,0,0
USER_008715,1,0,0,0,0,0
USER_008716,1,0,0,0,0,0
USER_008717,1,0,0,0,0,0
USER_008718,1,0,0,0,0,0
USER_008719,1,0,0,0,0,0
USER_008720,1,0,0,0,0,0
USER_008721,1,0,0,0,0,0
USER_008722,1,0,0,0,0,0
USER_008723,1,0,0,0,0,0
USER_008724,1,0,0,0,0,0
USER_008725,1,0,0,0,0,0
USER_008726,1,0,0,0,0,0
USER_008727,1,0,0,0,0,0
USER_008728,1,0,0,0,0,0
USER_008729,1,0,0,0,0,0
USER_008730,1,0,0,0,0,0
USER_008731,1,0,0,0,0,0
USER_008732,1,0,0,0,0,0
USER_008733,1,0,0,0,0,0
USER_008734,1,0,0,0,0,0
USER_008735,1,0,0,0,0,0
USER_008736,1,0,0,0,0,0
USER_008737,1,0,0,0,0,0
USER_008738,1,0,0,0,0,0
USER_008739,1,0,0,0,0,0
USER_008740,1,0,0,0,0,0
USER_008741,1,0,0,0,0,0
USER_008742,1,0,0,0,0,0
USER_008743,1,0,0,0,0,0
USER_008744,1,0,0,0,0,0
USER_008745,1,0,0,0,0,0
USER_008746,1,0,0,0,0,0
USER_008747,1,0,0,0,0,0
USER_008748,1,0,0,0,0,0
USER_008749,1,0,0,0,0,0
USER_008750,1,0,0,0,0,0
USER_008751,1,0,0,0,0,0
USER_008752,1,0,0,0,0,0
USER_008753,1,0,0,0,0,0
USER_008754,1,0,0,0,0,0
USER_008755,1,0,0,0,0,0
USER_008756,1,0,0,0,0,0
USER_008757,1,0,0,0,0,0
USER_008758,1,0,0,0,0,0
USER_008759,1,0,0,0,0,0
USER_008760,1,0,0,0,0,0
USER_008761,1,0,0,0,0,0
USER_008762,1,0,0,0,0,0
USER_008763,1,0,0,0,0,0
USER_008764,1,0,0,0,0,0
USER_008765,1,0,0,0,0,0
USER_008766,1,0,0,0,0,0
USER_008767,1,0,0,0,0,0
USER_008768,1,0,0,0,0,0
USER_008769,1,0,0,0,0,0
USER_008770,1,0,0,0,0,0
USER_008771,1,0,0,0,0,0
USER_008772,1,0,0,0,0,0
USER_008773,1,0,0,0,0,0
USER_008774,1,0,0,0,0,0
USER_008775,1,0,0,0,0,0
USER_008776,1,0,0,0,0,0
USER_008777,1,0,0,0,0,0
USER_008778,1,0,0,0,0,0
USER_008779,1,0,0,0,0,0
USER_008780,1,0,0,0,0,0
USER_008781,1,0,0,0,0,0
USER_008782,1,0,0,0,0,0
USER_008783,1,0,0,0,0,0
USER_008784,1,0,0,0,0,0
USER_008785,1,0,0,0,0,0
USER_008786,1,0,0,0,0,0
USER_008787,1,0,0,0,0,0
USER_008788,1,0,0,0,0,0
USER_008789,1,0,0,0,0,0
USER_008790,1,0,0,0,0,0
USER_008791,1,0,0,0,0,0
USER_008792,1,0,0,0,0,0
USER_008793,1,0,0,0,0,0
USER_008794,1,0,0,0,0,0
USER_008795,1,0,0,0,0,0
USER_008796,1,0,0,0,0,0
USER_008797,1,0,0,0,0,0
USER_008798,1,0,0,0,0,0
USER_008799,1,0,0,0,0,0
USER_008800,1,0,0,0,0,0
USER_008801,1,0,0,0,0,0
USER_008802,1,0,0,0,0,0
USER_008803,1,0,0,0,0,0
USER_008804,1,0,0,0,0,0
USER_008805,1,0,0,0,0,0
USER_008806,1,0,0,0,0,0
USER_008807,1,0,0,0,0,0
USER_008808,1,0,0,0,0,0
USER_008809,1,0,0,0,0,0
USER_008810,1,0,0,0,0,0
USER_008811,1,0,0,0,0,0
USER_008812,1,0,0,0,0,0
USER_008813,1,0,0,0,0,0
USER_008814,1,0,0,0,0,0
USER_008815,1,0,0,0,0,0
USER_008816,1,0,0,0,0,0
USER_008817,1,0,0,0,0,0
USER_008818,1,0,0,0,0,0
USER_008819,1,0,0,0,0,0
USER_008820,1,0,0,0,0,0
USER_008821,1,0,0,0,0,0
USER_008822,1,0,0,0,0,0
USER_008823,1,0,0,0,0,0
USER_008824,1,0,0,0,0,0
USER_008825,1,0,0,0,0,0
USER_008826,1,0,0,0,0,0
USER_008827,1,0,0,0,0,0
USER_008828,1,0,0,0,0,0
USER_008829,1,0,0,0,0,0
USER_008830,1,0,0,0,0,0
USER_008831,1,0,0,0,0,0
USER_008832,1,0,0,0,0,0
USER_008833,1,0,0,0,0,0
USER_008834,1,0,0,0,0,0
USER_008835,1,0,0,0,0,0
USER_008836,1,0,0,0,0,0
USER_008837,1,0,0,0,0,0
USER_008838,1,0,0,0,0,0
USER_008839,1,0,0,0,0,0
USER_008840,1,0,0,0,0,0
USER_008841,1,0,0,0,0,0
USER_008842,1,0,0,0,0,0
USER_008843,1,0,0,0,0,0
USER_008844,1,0,0,0,0,0
USER_008845,1,0,0,0,0,0
USER_008846,1,0,0,0,0,0
USER_008847,1,0,0,0,0,0
USER_008848,1,0,0,0,0,0
USER_008849,1,0,0,0,0,0
USER_008850,1,0,0,0,0,0
USER_008851,1,0,0,0,0,0
USER_008852,1,0,0,0,0,0
USER_008853,1,0,0,0,0,0
USER_008854,1,0,0,0,0,0
USER_008855,1,0,0,0,0,0
USER_008856,1,0,0,0,0,0
USER_008857,1,0,0,0,0,0
USER_008858,1,0,0,0,0,0
USER_008859,1,0,0,0,0,0
USER_008860,1,0,0,0,0,0
USER_008861,1,0,0,0,0,0
USER_008862,1,0,0,0,0,0
USER_008863,1,0,0,0,0,0
USER_008864,1,0,0,0,0,0
USER_008865,1,0,0,0,0,0
USER_008866,1,0,0,0,0,0
USER_008867,1,0,0,0,0,0
USER_008868,1,0,0,0,0,0
USER_008869,1,0,0,0,0,0
USER_008870,1,0,0,0,0,0
USER_008871,1,0,0,0,0,0
USER_008872,1,0,0,0,0,0
USER_008873,1,0,0,0,0,0
USER_008874,1,0,0,0,0,0
USER_008875,1,0,0,0,0,0
USER_008876,1,0,0,0,0,0
USER_008877,1,0,0,0,0,0
USER_008878,1,0,0,0,0,0
USER_008879,1,0,0,0,0,0
USER_008880,1,0,0,0,0,0
USER_008881,1,0,0,0,0,0
USER_008882,1,0,0,0,0,0
USER_008883,1,0,0,0,0,0
USER_008884,1,0,0,0,0,0
USER_008885,1,0,0,0,0,0
USER_008886,1,0,0,0,0,0
USER_008887,1,0,0,0,0,0
USER_008888,1,0,0,0,0,0
USER_008889,1,0,0,0,0,0
USER_008890,1,0,0,0,0,0
USER_008891,1,0,0,0,0,0
USER_008892,1,0,0,0,0,0
USER_008893,1,0,0,0,0,0
USER_008894,1,0,0,0,0,0
USER_008895,1,0,0,0,0,0
USER_008896,1,0,0,0,0,0
USER_008897,1,0,0,0,0,0
USER_008898,1,0,0,0,0,0
USER_008899,1,0,0,0,0,0
USER_008900,1,0,0,0,0,0
USER_008901,1,0,0,0,0,0
USER_008902,1,0,0,0,0,0
USER_008903,1,0,0,0,0,0
USER_008904,1,0,0,0,0,0
USER_008905,1,0,0,0,0,0
USER_008906,1,0,0,0,0,0
USER_008907,1,0,0,0,0,0
USER_008908,1,0,0,0,0,0
USER_008909,1,0,0,0,0,0
USER_008910,1,0,0,0,0,0
USER_008911,1,0,0,0,0,0
USER_008912,1,0,0,0,0,0
USER_008913,1,0,0,0,0,0
USER_008914,1,0,0,0,0,0
USER_008915,1,0,0,0,0,0
USER_008916,1,0,0,0,0,0
USER_008917,1,0,0,0,0,0
USER_008918,1,0,0,0,0,0
USER_008919,1,0,0,0,0,0
USER_008920,1,0,0,0,0,0
USER_008921,1,0,0,0,0,0
USER_008922,1,0,0,0,0,0
USER_008923,1,0,0,0,0,0
USER_008924,1,0,0,0,0,0
USER_008925,1,0,0,0,0,0
USER_008926,1,0,0,0,0,0
USER_008927,1,0,0,0,0,0
USER_008928,1,0,0,0,0,0
USER_008929,1,0,0,0,0,0
USER_008930,1,0,0,0,0,0
USER_008931,1,0,0,0,0,0
USER_008932,1,0,0,0,0,0
USER_008933,1,0,0,0,0,0
USER_008934,1,0,0,0,0,0
USER_008935,1,0,0,0,0,0
USER_008936,1,0,0,0,0,0
USER_008937,1,0,0,0,0,0
USER_008938,1,0,0,0,0,0
USER_008939,1,0,0,0,0,0
USER_008940,1,0,0,0,0,0
USER_008941,1,0,0,0,0,0
USER_008942,1,0,0,0,0,0
USER_008943,1,0,0,0,0,0
USER_008944,1,0,0,0,0,0
USER_008945,1,0,0,0,0,0
USER_008946,1,0,0,0,0,0
USER_008947,1,0,0,0,0,0
USER_008948,1,0,0,0,0,0
USER_008949,1,0,0,0,0,0
USER_008950,1,0,0,0,0,0
USER_008951,1,0,0,0,0,0
USER_008952,1,0,0,0,0,0
USER_008953,1,0,0,0,0,0
USER_008954,1,0,0,0,0,0
USER_008955,1,0,0,0,0,0
USER_008956,1,0,0,0,0,0
USER_008957,1,0,0,0,0,0
USER_008958,1,0,0,0,0,0
USER_008959,1,0,0,0,0,0
USER_008960,1,0,0,0,0,0
USER_008961,1,0,0,0,0,0
USER_008962,1,0,0,0,0,0
USER_008963,1,0,0,0,0,0
USER_008964,1,0,0,0,0,0
USER_008965,1,0,0,0,0,0
USER_008966,1,0,0,0,0,0
USER_008967,1,0,0,0,0,0
USER_008968,1,0,0,0,0,0
USER_008969,1,0,0,0,0,0
USER_008970,1,0,0,0,0,0
USER_008971,1,0,0,0,0,0
USER_008972,1,0,0,0,0,0
USER_008973,1,0,0,0,0,0
USER_008974,1,0,0,0,0,0
USER_008975,1,0,0,0,0,0
USER_008976,1,0,0,0,0,0
USER_008977,1,0,0,0,0,0
USER_008978,1,0,0,0,0,0
USER_008979,1,0,0,0,0,0
USER_008980,1,0,0,0,0,0
USER_008981,1,0,0,0,0,0
USER_008982,1,0,0,0,0,0
USER_008983,1,0,0,0,0,0
USER_008984,1,0,0,0,0,0
USER_008985,1,0,0,0,0,0
USER_008986,1,0,0,0,0,0
USER_008987,1,0,0,0,0,0
USER_008988,1,0,0,0,0,0
USER_008989,1,0,0,0,0,0
USER_008990,1,0,0,0,0,0
USER_008991,1,0,0,0,0,0
USER_008992,1,0,0,0,0,0
USER_008993,1,0,0,0,0,0
USER_008994,1,0,0,0,0,0
USER_008995,1,0,0,0,0,0
USER_008996,1,0,0,0,0,0
USER_008997,1,0,0,0,0,0
USER_008998,1,0,0,0,0,0
USER_008999,1,0,0,0,0,0
USER_009000,1,0,0,0,0,0
USER_009001,1,0,0,0,0,0
USER_009002,1,0,0,0,0,0
USER_009003,1,0,0,0,0,0
USER_009004,1,0,0,0,0,0
USER_009005,1,0,0,0,0,0
USER_009006,1,0,0,0,0,0
USER_009007,1,0,0,0,0,0
USER_009008,1,0,0,0,0,0
USER_009009,1,0,0,0,0,0
USER_009010,1,0,0,0,0,0
USER_009011,1,0,0,0,0,0
USER_009012,1,0,0,0,0,0
USER_009013,1,0,0,0,0,0
USER_009014,1,0,0,0,0,0
USER_009015,1,0,0,0,0,0
USER_009016,1,0,0,0,0,0
USER_009017,1,0,0,0,0,0
USER_009018,1,0,0,0,0,0
USER_009019,1,0,0,0,0,0
USER_009020,1,0,0,0,0,0
USER_009021,1,0,0,0,0,0
USER_009022,1,0,0,0,0,0
USER_009023,1,0,0,0,0,0
USER_009024,1,0,0,0,0,0
USER_009025,1,0,0,0,0,0
USER_009026,1,0,0,0,0,0
USER_009027,1,0,0,0,0,0
USER_009028,1,0,0,0,0,0
USER_009029,1,0,0,0,0,0
USER_009030,1,0,0,0,0,0
USER_009031,1,0,0,0,0,0
USER_009032,1,0,0,0,0,0
USER_009033,1,0,0,0,0,0
USER_009034,1,0,0,0,0,0
USER_009035,1,0,0,0,0,0
USER_009036,1,0,0,0,0,0
USER_009037,1,0,0,0,0,0
USER_009038,1,0,0,0,0,0
USER_009039,1,0,0,0,0,0
USER_009040,1,0,0,0,0,0
USER_009041,1,0,0,0,0,0
USER_009042,1,0,0,0,0,0
USER_009043,1,0,0,0,0,0
USER_009044,1,0,0,0,0,0
USER_009045,1,0,0,0,0,0
USER_009046,1,0,0,0,0,0
USER_009047,1,0,0,0,0,0
USER_009048,1,0,0,0,0,0
USER_009049,1,0,0,0,0,0
USER_009050,1,0,0,0,0,0
USER_009051,1,0,0,0,0,0
USER_009052,1,0,0,0,0,0
USER_009053,1,0,0,0,0,0
USER_009054,1,0,0,0,0,0
USER_009055,1,0,0,0,0,0
USER_009056,1,0,0,0,0,0
USER_009057,1,0,0,0,0,0
USER_009058,1,0,0,0,0,0
USER_009059,1,0,0,0,0,0
USER_009060,1,0,0,0,0,0
USER_009061,1,0,0,0,0,0
USER_009062,1,0,0,0,0,0
USER_009063,1,0,0,0,0,0
USER_009064,1,0,0,0,0,0
USER_009065,1,0,0,0,0,0
USER_009066,1,0,0,0,0,0
USER_009067,1,0,0,0,0,0
USER_009068,1,0,0,0,0,0
USER_009069,1,0,0,0,0,0
USER_009070,1,0,0,0,0,0
USER_009071,1,0,0,0,0,0
USER_009072,1,0,0,0,0,0
USER_009073,1,0,0,0,0,0
USER_009074,1,0,0,0,0,0
USER_009075,1,0,0,0,0,0
USER_009076,1,0,0,0,0,0
USER_009077,1,0,0,0,0,0
USER_009078,1,0,0,0,0,0
USER_009079,1,0,0,0,0,0
USER_009080,1,0,0,0,0,0
USER_009081,1,0,0,0,0,0
USER_009082,1,0,0,0,0,0
USER_009083,1,0,0,0,0,0
USER_009084,1,0,0,0,0,0
USER_009085,1,0,0,0,0,0
USER_009086,1,0,0,0,0,0
USER_009087,1,0,0,0,0,0
USER_009088,1,0,0,0,0,0
USER_009089,1,0,0,0,0,0
USER_009090,1,0,0,0,0,0
USER_009091,1,0,0,0,0,0
USER_009092,1,0,0,0,0,0
USER_009093,1,0,0,0,0,0
USER_009094,1,0,0,0,0,0
USER_009095,1,0,0,0,0,0
USER_009096,1,0,0,0,0,0
USER_009097,1,0,0,0,0,0
USER_009098,1,0,0,0,0,0
USER_009099,1,0,0,0,0,0
USER_009100,1,0,0,0,0,0
USER_009101,1,0,0,0,0,0
USER_009102,1,0,0,0,0,0
USER_009103,1,0,0,0,0,0
USER_009104,1,0,0,0,0,0
USER_009105,1,0,0,0,0,0
USER_009106,1,0,0,0,0,0
USER_009107,1,0,0,0,0,0
USER_009108,1,0,0,0,0,0
USER_009109,1,0,0,0,0,0
USER_009110,1,0,0,0,0,0
USER_009111,1,0,0,0,0,0
USER_009112,1,0,0,0,0,0
USER_009113,1,0,0,0,0,0
USER_009114,1,0,0,0,0,0
USER_009115,1,0,0,0,0,0
USER_009116,1,0,0,0,0,0
USER_009117,1,0,0,0,0,0
USER_009118,1,0,0,0,0,0
USER_009119,1,0,0,0,0,0
USER_009120,1,0,0,0,0,0
USER_009121,1,0,0,0,0,0
USER_009122,1,0,0,0,0,0
USER_009123,1,0,0,0,0,0
USER_009124,1,0,0,0,0,0
USER_009125,1,0,0,0,0,0
USER_009126,1,0,0,0,0,0
USER_009127,1,0,0,0,0,0
USER_009128,1,0,0,0,0,0
USER_009129,1,0,0,0,0,0
USER_009130,1,0,0,0,0,0
USER_009131,1,0,0,0,0,0
USER_009132,1,0,0,0,0,0
USER_009133,1,0,0,0,0,0
USER_009134,1,0,0,0,0,0
USER_009135,1,0,0,0,0,0
USER_009136,1,0,0,0,0,0
USER_009137,1,0,0,0,0,0
USER_009138,1,0,0,0,0,0
USER_009139,1,0,0,0,0,0
USER_009140,1,0,0,0,0,0
USER_009141,1,0,0,0,0,0
USER_009142,1,0,0,0,0,0
USER_009143,1,0,0,0,0,0
USER_009144,1,0,0,0,0,0
USER_009145,1,0,0,0,0,0
USER_009146,1,0,0,0,0,0
USER_009147,1,0,0,0,0,0
USER_009148,1,0,0,0,0,0
USER_009149,1,0,0,0,0,0
USER_009150,1,0,0,0,0,0
USER_009151,1,0,0,0,0,0
USER_009152,1,0,0,0,0,0
USER_009153,1,0,0,0,0,0
USER_009154,1,0,0,0,0,0
USER_009155,1,0,0,0,0,0
USER_009156,1,0,0,0,0,0
USER_009157,1,0,0,0,0,0
USER_009158,1,0,0,0,0,0
USER_009159,1,0,0,0,0,0
USER_009160,1,0,0,0,0,0
USER_009161,1,0,0,0,0,0
USER_009162,1,0,0,0,0,0
USER_009163,1,0,0,0,0,0
USER_009164,1,0,0,0,0,0
USER_009165,1,0,0,0,0,0
USER_009166,1,0,0,0,0,0
USER_009167,1,0,0,0,0,0
USER_009168,1,0,0,0,0,0
USER_009169,1,0,0,0,0,0
USER_009170,1,0,0,0,0,0
USER_009171,1,0,0,0,0,0
USER_009172,1,0,0,0,0,0
USER_009173,1,0,0,0,0,0
USER_009174,1,0,0,0,0,0
USER_009175,1,0,0,0,0,0
USER_009176,1,0,0,0,0,0
USER_009177,1,0,0,0,0,0
USER_009178,1,0,0,0,0,0
USER_009179,1,0,0,0,0,0
USER_009180,1,0,0,0,0,0
USER_009181,1,0,0,0,0,0
USER_009182,1,0,0,0,0,0
USER_009183,1,0,0,0,0,0
USER_009184,1,0,0,0,0,0
USER_009185,1,0,0,0,0,0
USER_009186,1,0,0,0,0,0
USER_009187,1,0,0,0,0,0
USER_009188,1,0,0,0,0,0
USER_009189,1,0,0,0,0,0
USER_009190,1,0,0,0,0,0
USER_009191,1,0,0,0,0,0
USER_009192,1,0,0,0,0,0
USER_009193,1,0,0,0,0,0
USER_009194,1,0,0,0,0,0
USER_009195,1,0,0,0,0,0
USER_009196,1,0,0,0,0,0
USER_009197,1,0,0,0,0,0
USER_009198,1,0,0,0,0,0
USER_009199,1,0,0,0,0,0
USER_009200,1,0,0,0,0,0
USER_009201,1,0,0,0,0,0
USER_009202,1,0,0,0,0,0
USER_009203,1,0,0,0,0,0
USER_009204,1,0,0,0,0,0
USER_009205,1,0,0,0,0,0
USER_009206,1,0,0,0,0,0
USER_009207,1,0,0,0,0,0
USER_009208,1,0,0,0,0,0
USER_009209,1,0,0,0,0,0
USER_009210,1,0,0,0,0,0
USER_009211,1,0,0,0,0,0
USER_009212,1,0,0,0,0,0
USER_009213,1,0,0,0,0,0
USER_009214,1,0,0,0,0,0
USER_009215,1,0,0,0,0,0
USER_009216,1,0,0,0,0,0
USER_009217,1,0,0,0,0,0
USER_009218,1,0,0,0,0,0
USER_009219,1,0,0,0,0,0
USER_009220,1,0,0,0,0,0
USER_009221,1,0,0,0,0,0
USER_009222,1,0,0,0,0,0
USER_009223,1,0,0,0,0,0
USER_009224,1,0,0,0,0,0
USER_009225,1,0,0,0,0,0
USER_009226,1,0,0,0,0,0
USER_009227,1,0,0,0,0,0
USER_009228,1,0,0,0,0,0
USER_009229,1,0,0,0,0,0
USER_009230,1,0,0,0,0,0
USER_009231,1,0,0,0,0,0
USER_009232,1,0,0,0,0,0
USER_009233,1,0,0,0,0,0
USER_009234,1,0,0,0,0,0
USER_009235,1,0,0,0,0,0
USER_009236,1,0,0,0,0,0
USER_009237,1,0,0,0,0,0
USER_009238,1,0,0,0,0,0
USER_009239,1,0,0,0,0,0
USER_009240,1,0,0,0,0,0
USER_009241,1,0,0,0,0,0
USER_009242,1,0,0,0,0,0
USER_009243,1,0,0,0,0,0
USER_009244,1,0,0,0,0,0
USER_009245,1,0,0,0,0,0
USER_009246,1,0,0,0,0,0
USER_009247,1,0,0,0,0,0
USER_009248,1,0,0,0,0,0
USER_009249,1,0,0,0,0,0
USER_009250,1,0,0,0,0,0
USER_009251,1,0,0,0,0,0
USER_009252,1,0,0,0,0,0
USER_009253,1,0,0,0,0,0
USER_009254,1,0,0,0,0,0
USER_009255,1,0,0,0,0,0
USER_009256,1,0,0,0,0,0
USER_009257,1,0,0,0,0,0
USER_009258,1,0,0,0,0,0
USER_009259,1,0,0,0,0,0
USER_009260,1,0,0,0,0,0
USER_009261,1,0,0,0,0,0
USER_009262,1,0,0,0,0,0
USER_009263,1,0,0,0,0,0
USER_009264,1,0,0,0,0,0
USER_009265,1,0,0,0,0,0
USER_009266,1,0,0,0,0,0
USER_009267,1,0,0,0,0,0
USER_009268,1,0,0,0,0,0
USER_009269,1,0,0,0,0,0
USER_009270,1,0,0,0,0,0
USER_009271,1,0,0,0,0,0
USER_009272,1,0,0,0,0,0
USER_009273,1,0,0,0,0,0
USER_009274,1,0,0,0,0,0
USER_009275,1,0,0,0,0,0
USER_009276,1,0,0,0,0,0
USER_009277,1,0,0,0,0,0
USER_009278,1,0,0,0,0,0
USER_009279,1,0,0,0,0,0
USER_009280,1,0,0,0,0,0
USER_009281,1,0,0,0,0,0
USER_009282,1,0,0,0,0,0
USER_009283,1,0,0,0,0,0
USER_009284,1,0,0,0,0,0
USER_009285,1,0,0,0,0,0
USER_009286,1,0,0,0,0,0
USER_009287,1,0,0,0,0,0
USER_009288,1,0,0,0,0,0
USER_009289,1,0,0,0,0,0
USER_009290,1,0,0,0,0,0
USER_009291,1,0,0,0,0,0
USER_009292,1,0,0,0,0,0
USER_009293,1,0,0,0,0,0
USER_009294,1,0,0,0,0,0
USER_009295,1,0,0,0,0,0
USER_009296,1,0,0,0,0,0
USER_009297,1,0,0,0,0,0
USER_009298,1,0,0,0,0,0
USER_009299,1,0,0,0,0,0
USER_009300,1,0,0,0,0,0
USER_009301,1,0,0,0,0,0
USER_009302,1,0,0,0,0,0
USER_009303,1,0,0,0,0,0
USER_009304,1,0,0,0,0,0
USER_009305,1,0,0,0,0,0
USER_009306,1,0,0,0,0,0
USER_009307,1,0,0,0,0,0
USER_009308,1,0,0,0,0,0
USER_009309,1,0,0,0,0,0
USER_009310,1,0,0,0,0,0
USER_009311,1,0,0,0,0,0
USER_009312,1,0,0,0,0,0
USER_009313,1,0,0,0,0,0
USER_009314,1,0,0,0,0,0
USER_009315,1,0,0,0,0,0
USER_009316,1,0,0,0,0,0
USER_009317,1,0,0,0,0,0
USER_009318,1,0,0,0,0,0
USER_009319,1,0,0,0,0,0
USER_009320,1,0,0,0,0,0
USER_009321,1,0,0,0,0,0
USER_009322,1,0,0,0,0,0
USER_009323,1,0,0,0,0,0
USER_009324,1,0,0,0,0,0
USER_009325,1,0,0,0,0,0
USER_009326,1,0,0,0,0,0
USER_009327,1,0,0,0,0,0
USER_009328,1,0,0,0,0,0
USER_009329,1,0,0,0,0,0
USER_009330,1,0,0,0,0,0
USER_009331,1,0,0,0,0,0
USER_009332,1,0,0,0,0,0
USER_009333,1,0,0,0,0,0
USER_009334,1,0,0,0,0,0
USER_009335,1,0,0,0,0,0
USER_009336,1,0,0,0,0,0
USER_009337,1,0,0,0,0,0
USER_009338,1,0,0,0,0,0
USER_009339,1,0,0,0,0,0
USER_009340,1,0,0,0,0,0
USER_009341,1,0,0,0,0,0
USER_009342,1,0,0,0,0,0
USER_009343,1,0,0,0,0,0
USER_009344,1,0,0,0,0,0
USER_009345,1,0,0,0,0,0
USER_009346,1,0,0,0,0,0
USER_009347,1,0,0,0,0,0
USER_009348,1,0,0,0,0,0
USER_009349,1,0,0,0,0,0
USER_009350,1,0,0,0,0,0
USER_009351,1,0,0,0,0,0
USER_009352,1,0,0,0,0,0
USER_009353,1,0,0,0,0,0
USER_009354,1,0,0,0,0,0
USER_009355,1,0,0,0,0,0
USER_009356,1,0,0,0,0,0
USER_009357,1,0,0,0,0,0
USER_009358,1,0,0,0,0,0
USER_009359,1,0,0,0,0,0
USER_009360,1,0,0,0,0,0
USER_009361,1,0,0,0,0,0
USER_009362,1,0,0,0,0,0
USER_009363,1,0,0,0,0,0
USER_009364,1,0,0,0,0,0
USER_009365,1,0,0,0,0,0
USER_009366,1,0,0,0,0,0
USER_009367,1,0,0,0,0,0
USER_009368,1,0,0,0,0,0
USER_009369,1,0,0,0,0,0
USER_009370,1,0,0,0,0,0
USER_009371,1,0,0,0,0,0
USER_009372,1,0,0,0,0,0
USER_009373,1,0,0,0,0,0
USER_009374,1,0,0,0,0,0
USER_009375,1,0,0,0,0,0
USER_009376,1,0,0,0,0,0
USER_009377,1,0,0,0,0,0
USER_009378,1,0,0,0,0,0
USER_009379,1,0,0,0,0,0
USER_009380,1,0,0,0,0,0
USER_009381,1,0,0,0,0,0
USER_009382,1,0,0,0,0,0
USER_009383,1,0,0,0,0,0
USER_009384,1,0,0,0,0,0
USER_009385,1,0,0,0,0,0
USER_009386,1,0,0,0,0,0
USER_009387,1,0,0,0,0,0
USER_009388,1,0,0,0,0,0
USER_009389,1,0,0,0,0,0
USER_009390,1,0,0,0,0,0
USER_009391,1,0,0,0,0,0
USER_009392,1,0,0,0,0,0
USER_009393,1,0,0,0,0,0
USER_009394,1,0,0,0,0,0
USER_009395,1,0,0,0,0,0
USER_009396,1,0,0,0,0,0
USER_009397,1,0,0,0,0,0
USER_009398,1,0,0,0,0,0
USER_009399,1,0,0,0,0,0
USER_009400,1,0,0,0,0,0
USER_009401,1,0,0,0,0,0
USER_009402,1,0,0,0,0,0
USER_009403,1,0,0,0,0,0
USER_009404,1,0,0,0,0,0
USER_009405,1,0,0,0,0,0
USER_009406,1,0,0,0,0,0
USER_009407,1,0,0,0,0,0
USER_009408,1,0,0,0,0,0
USER_009409,1,0,0,0,0,0
USER_009410,1,0,0,0,0,0
USER_009411,1,0,0,0,0,0
USER_009412,1,0,0,0,0,0
USER_009413,1,0,0,0,0,0
USER_009414,1,0,0,0,0,0
USER_009415,1,0,0,0,0,0
USER_009416,1,0,0,0,0,0
USER_009417,1,0,0,0,0,0
USER_009418,1,0,0,0,0,0
USER_009419,1,0,0,0,0,0
USER_009420,1,0,0,0,0,0
USER_009421,1,0,0,0,0,0
USER_009422,1,0,0,0,0,0
USER_009423,1,0,0,0,0,0
USER_009424,1,0,0,0,0,0
USER_009425,1,0,0,0,0,0
USER_009426,1,0,0,0,0,0
USER_009427,1,0,0,0,0,0
USER_009428,1,0,0,0,0,0
USER_009429,1,0,0,0,0,0
USER_009430,1,0,0,0,0,0
USER_009431,1,0,0,0,0,0
USER_009432,1,0,0,0,0,0
USER_009433,1,0,0,0,0,0
USER_009434,1,0,0,0,0,0
USER_009435,1,0,0,0,0,0
USER_009436,1,0,0,0,0,0
USER_009437,1,0,0,0,0,0
USER_009438,1,0,0,0,0,0
USER_009439,1,0,0,0,0,0
USER_009440,1,0,0,0,0,0
USER_009441,1,0,0,0,0,0
USER_009442,1,0,0,0,0,0
USER_009443,1,0,0,0,0,0
USER_009444,1,0,0,0,0,0
USER_009445,1,0,0,0,0,0
USER_009446,1,0,0,0,0,0
USER_009447,1,0,0,0,0,0
USER_009448,1,0,0,0,0,0
USER_009449,1,0,0,0,0,0
USER_009450,1,0,0,0,0,0
USER_009451,1,0,0,0,0,0
USER_009452,1,0,0,0,0,0
USER_009453,1,0,0,0,0,0
USER_009454,1,0,0,0,0,0
USER_009455,1,0,0,0,0,0
USER_009456,1,0,0,0,0,0
USER_009457,1,0,0,0,0,0
USER_009458,1,0,0,0,0,0
USER_009459,1,0,0,0,0,0
USER_009460,1,0,0,0,0,0
USER_009461,1,0,0,0,0,0
USER_009462,1,0,0,0,0,0
USER_009463,1,0,0,0,0,0
USER_009464,1,0,0,0,0,0
USER_009465,1,0,0,0,0,0
USER_009466,1,0,0,0,0,0
USER_009467,1,0,0,0,0,0
USER_009468,1,0,0,0,0,0
USER_009469,1,0,0,0,0,0
USER_009470,1,0,0,0,0,0
USER_009471,1,0,0,0,0,0
USER_009472,1,0,0,0,0,0
USER_009473,1,0,0,0,0,0
USER_009474,1,0,0,0,0,0
USER_009475,1,0,0,0,0,0
USER_009476,1,0,0,0,0,0
USER_009477,1,0,0,0,0,0
USER_009478,1,0,0,0,0,0
USER_009479,1,0,0,0,0,0
USER_009480,1,0,0,0,0,0
USER_009481,1,0,0,0,0,0
USER_009482,1,0,0,0,0,0
USER_009483,1,0,0,0,0,0
USER_009484,1,0,0,0,0,0
USER_009485,1,0,0,0,0,0
USER_009486,1,0,0,0,0,0
USER_009487,1,0,0,0,0,0
USER_009488,1,0,0,0,0,0
USER_009489,1,0,0,0,0,0
USER_009490,1,0,0,0,0,0
USER_009491,1,0,0,0,0,0
USER_009492,1,0,0,0,0,0
USER_009493,1,0,0,0,0,0
USER_009494,1,0,0,0,0,0
USER_009495,1,0,0,0,0,0
USER_009496,1,0,0,0,0,0
USER_009497,1,0,0,0,0,0
USER_009498,1,0,0,0,0,0
USER_009499,1,0,0,0,0,0
USER_009500,1,0,0,0,0,0
USER_009501,1,0,0,0,0,0
USER_009502,1,0,0,0,0,0
USER_009503,1,0,0,0,0,0
USER_009504,1,0,0,0,0,0
USER_009505,1,0,0,0,0,0
USER_009506,1,0,0,0,0,0
USER_009507,1,0,0,0,0,0
USER_009508,1,0,0,0,0,0
USER_009509,1,0,0,0,0,0
USER_009510,1,0,0,0,0,0
USER_009511,1,0,0,0,0,0
USER_009512,1,0,0,0,0,0
USER_009513,1,0,0,0,0,0
USER_009514,1,0,0,0,0,0
USER_009515,1,0,0,0,0,0
USER_009516,1,0,0,0,0,0
USER_009517,1,0,0,0,0,0
USER_009518,1,0,0,0,0,0
USER_009519,1,0,0,0,0,0
USER_009520,1,0,0,0,0,0
USER_009521,1,0,0,0,0,0
USER_009522,1,0,0,0,0,0
USER_009523,1,0,0,0,0,0
USER_009524,1,0,0,0,0,0
USER_009525,1,0,0,0,0,0
USER_009526,1,0,0,0,0,0
USER_009527,1,0,0,0,0,0
USER_009528,1,0,0,0,0,0
USER_009529,1,0,0,0,0,0
USER_009530,1,0,0,0,0,0
USER_009531,1,0,0,0,0,0
USER_009532,1,0,0,0,0,0
USER_009533,1,0,0,0,0,0
USER_009534,1,0,0,0,0,0
USER_009535,1,0,0,0,0,0
USER_009536,1,0,0,0,0,0
USER_009537,1,0,0,0,0,0
USER_009538,1,0,0,0,0,0
USER_009539,1,0,0,0,0,0
USER_009540,1,0,0,0,0,0
USER_009541,1,0,0,0,0,0
USER_009542,1,0,0,0,0,0
USER_009543,1,0,0,0,0,0
USER_009544,1,0,0,0,0,0
USER_009545,1,0,0,0,0,0
USER_009546,1,0,0,0,0,0
USER_009547,1,0,0,0,0,0
USER_009548,1,0,0,0,0,0
USER_009549,1,0,0,0,0,0
USER_009550,1,0,0,0,0,0
USER_009551,1,0,0,0,0,0
USER_009552,1,0,0,0,0,0
USER_009553,1,0,0,0,0,0
USER_009554,1,0,0,0,0,0
USER_009555,1,0,0,0,0,0
USER_009556,1,0,0,0,0,0
USER_009557,1,0,0,0,0,0
USER_009558,1,0,0,0,0,0
USER_009559,1,0,0,0,0,0
USER_009560,1,0,0,0,0,0
USER_009561,1,0,0,0,0,0
USER_009562,1,0,0,0,0,0
USER_009563,1,0,0,0,0,0
USER_009564,1,0,0,0,0,0
USER_009565,1,0,0,0,0,0
USER_009566,1,0,0,0,0,0
USER_009567,1,0,0,0,0,0
USER_009568,1,0,0,0,0,0
USER_009569,1,0,0,0,0,0
USER_009570,1,0,0,0,0,0
USER_009571,1,0,0,0,0,0
USER_009572,1,0,0,0,0,0
USER_009573,1,0,0,0,0,0
USER_009574,1,0,0,0,0,0
USER_009575,1,0,0,0,0,0
USER_009576,1,0,0,0,0,0
USER_009577,1,0,0,0,0,0
USER_009578,1,0,0,0,0,0
USER_009579,1,0,0,0,0,0
USER_009580,1,0,0,0,0,0
USER_009581,1,0,0,0,0,0
USER_009582,1,0,0,0,0,0
USER_009583,1,0,0,0,0,0
USER_009584,1,0,0,0,0,0
USER_009585,1,0,0,0,0,0
USER_009586,1,0,0,0,0,0
USER_009587,1,0,0,0,0,0
USER_009588,1,0,0,0,0,0
USER_009589,1,0,0,0,0,0
USER_009590,1,0,0,0,0,0
USER_009591,1,0,0,0,0,0
USER_009592,1,0,0,0,0,0
USER_009593,1,0,0,0,0,0
USER_009594,1,0,0,0,0,0
USER_009595,1,0,0,0,0,0
USER_009596,1,0,0,0,0,0
USER_009597,1,0,0,0,0,0
USER_009598,1,0,0,0,0,0
USER_009599,1,0,0,0,0,0
USER_009600,1,0,0,0,0,0
USER_009601,1,0,0,0,0,0
USER_009602,1,0,0,0,0,0
USER_009603,1,0,0,0,0,0
USER_009604,1,0,0,0,0,0
USER_009605,1,0,0,0,0,0
USER_009606,1,0,0,0,0,0
USER_009607,1,0,0,0,0,0
USER_009608,1,0,0,0,0,0
USER_009609,1,0,0,0,0,0
USER_009610,1,0,0,0,0,0
USER_009611,1,0,0,0,0,0
USER_009612,1,0,0,0,0,0
USER_009613,1,0,0,0,0,0
USER_009614,1,0,0,0,0,0
USER_009615,1,0,0,0,0,0
USER_009616,1,0,0,0,0,0
USER_009617,1,0,0,0,0,0
USER_009618,1,0,0,0,0,0
USER_009619,1,0,0,0,0,0
USER_009620,1,0,0,0,0,0
USER_009621,1,0,0,0,0,0
USER_009622,1,0,0,0,0,0
USER_009623,1,0,0,0,0,0
USER_009624,1,0,0,0,0,0
USER_009625,1,0,0,0,0,0
USER_009626,1,0,0,0,0,0
USER_009627,1,0,0,0,0,0
USER_009628,1,0,0,0,0,0
USER_009629,1,0,0,0,0,0
USER_009630,1,0,0,0,0,0
USER_009631,1,0,0,0,0,0
USER_009632,1,0,0,0,0,0
USER_009633,1,0,0,0,0,0
USER_009634,1,0,0,0,0,0
USER_009635,1,0,0,0,0,0
USER_009636,1,0,0,0,0,0
USER_009637,1,0,0,0,0,0
USER_009638,1,0,0,0,0,0
USER_009639,1,0,0,0,0,0
USER_009640,1,0,0,0,0,0
USER_009641,1,0,0,0,0,0
USER_009642,1,0,0,0,0,0
USER_009643,1,0,0,0,0,0
USER_009644,1,0,0,0,0,0
USER_009645,1,0,0,0,0,0
USER_009646,1,0,0,0,0,0
USER_009647,1,0,0,0,0,0
USER_009648,1,0,0,0,0,0
USER_009649,1,0,0,0,0,0
USER_009650,1,0,0,0,0,0
USER_009651,1,0,0,0,0,0
USER_009652,1,0,0,0,0,0
USER_009653,1,0,0,0,0,0
USER_009654,1,0,0,0,0,0
USER_009655,1,0,0,0,0,0
USER_009656,1,0,0,0,0,0
USER_009657,1,0,0,0,0,0
USER_009658,1,0,0,0,0,0
USER_009659,1,0,0,0,0,0
USER_009660,1,0,0,0,0,0
USER_009661,1,0,0,0,0,0
USER_009662,1,0,0,0,0,0
USER_009663,1,0,0,0,0,0
USER_009664,1,0,0,0,0,0
USER_009665,1,0,0,0,0,0
USER_009666,1,0,0,0,0,0
USER_009667,1,0,0,0,0,0
USER_009668,1,0,0,0,0,0
USER_009669,1,0,0,0,0,0
USER_009670,1,0,0,0,0,0
USER_009671,1,0,0,0,0,0
USER_009672,1,0,0,0,0,0
USER_009673,1,0,0,0,0,0
USER_009674,1,0,0,0,0,0
USER_009675,1,0,0,0,0,0
USER_009676,1,0,0,0,0,0
USER_009677,1,0,0,0,0,0
USER_009678,1,0,0,0,0,0
USER_009679,1,0,0,0,0,0
USER_009680,1,0,0,0,0,0
USER_009681,1,0,0,0,0,0
USER_009682,1,0,0,0,0,0
USER_009683,1,0,0,0,0,0
USER_009684,1,0,0,0,0,0
USER_009685,1,0,0,0,0,0
USER_009686,1,0,0,0,0,0
USER_009687,1,0,0,0,0,0
USER_009688,1,0,0,0,0,0
USER_009689,1,0,0,0,0,0
USER_009690,1,0,0,0,0,0
USER_009691,1,0,0,0,0,0
USER_009692,1,0,0,0,0,0
USER_009693,1,0,0,0,0,0
USER_009694,1,0,0,0,0,0
USER_009695,1,0,0,0,0,0
USER_009696,1,0,0,0,0,0
USER_009697,1,0,0,0,0,0
USER_009698,1,0,0,0,0,0
USER_009699,1,0,0,0,0,0
USER_009700,1,0,0,0,0,0
USER_009701,1,0,0,0,0,0
USER_009702,1,0,0,0,0,0
USER_009703,1,0,0,0,0,0
USER_009704,1,0,0,0,0,0
USER_009705,1,0,0,0,0,0
USER_009706,1,0,0,0,0,0
USER_009707,1,0,0,0,0,0
USER_009708,1,0,0,0,0,0
USER_009709,1,0,0,0,0,0
USER_009710,1,0,0,0,0,0
USER_009711,1,0,0,0,0,0
USER_009712,1,0,0,0,0,0
USER_009713,1,0,0,0,0,0
USER_009714,1,0,0,0,0,0
USER_009715,1,0,0,0,0,0
USER_009716,1,0,0,0,0,0
USER_009717,1,0,0,0,0,0
USER_009718,1,0,0,0,0,0
USER_009719,1,0,0,0,0,0
USER_009720,1,0,0,0,0,0
USER_009721,1,0,0,0,0,0
USER_009722,1,0,0,0,0,0
USER_009723,1,0,0,0,0,0
USER_009724,1,0,0,0,0,0
USER_009725,1,0,0,0,0,0
USER_009726,1,0,0,0,0,0
USER_009727,1,0,0,0,0,0
USER_009728,1,0,0,0,0,0
USER_009729,1,0,0,0,0,0
USER_009730,1,0,0,0,0,0
USER_009731,1,0,0,0,0,0
USER_009732,1,0,0,0,0,0
USER_009733,1,0,0,0,0,0
USER_009734,1,0,0,0,0,0
USER_009735,1,0,0,0,0,0
USER_009736,1,0,0,0,0,0
USER_009737,1,0,0,0,0,0
USER_009738,1,0,0,0,0,0
USER_009739,1,0,0,0,0,0
USER_009740,1,0,0,0,0,0
USER_009741,1,0,0,0,0,0
USER_009742,1,0,0,0,0,0
USER_009743,1,0,0,0,0,0
USER_009744,1,0,0,0,0,0
USER_009745,1,0,0,0,0,0
USER_009746,1,0,0,0,0,0
USER_009747,1,0,0,0,0,0
USER_009748,1,0,0,0,0,0
USER_009749,1,0,0,0,0,0
USER_009750,1,0,0,0,0,0
USER_009751,1,0,0,0,0,0
USER_009752,1,0,0,0,0,0
USER_009753,1,0,0,0,0,0
USER_009754,1,0,0,0,0,0
USER_009755,1,0,0,0,0,0
USER_009756,1,0,0,0,0,0
USER_009757,1,0,0,0,0,0
USER_009758,1,0,0,0,0,0
USER_009759,1,0,0,0,0,0
USER_009760,1,0,0,0,0,0
USER_009761,1,0,0,0,0,0
USER_009762,1,0,0,0,0,0
USER_009763,1,0,0,0,0,0
USER_009764,1,0,0,0,0,0
USER_009765,1,0,0,0,0,0
USER_009766,1,0,0,0,0,0
USER_009767,1,0,0,0,0,0
USER_009768,1,0,0,0,0,0
USER_009769,1,0,0,0,0,0
USER_009770,1,0,0,0,0,0
USER_009771,1,0,0,0,0,0
USER_009772,1,0,0,0,0,0
USER_009773,1,0,0,0,0,0
USER_009774,1,0,0,0,0,0
USER_009775,1,0,0,0,0,0
USER_009776,1,0,0,0,0,0
USER_009777,1,0,0,0,0,0
USER_009778,1,0,0,0,0,0
USER_009779,1,0,0,0,0,0
USER_009780,1,0,0,0,0,0
USER_009781,1,0,0,0,0,0
USER_009782,1,0,0,0,0,0
USER_009783,1,0,0,0,0,0
USER_009784,1,0,0,0,0,0
USER_009785,1,0,0,0,0,0
USER_009786,1,0,0,0,0,0
USER_009787,1,0,0,0,0,0
USER_009788,1,0,0,0,0,0
USER_009789,1,0,0,0,0,0
USER_009790,1,0,0,0,0,0
USER_009791,1,0,0,0,0,0
USER_009792,1,0,0,0,0,0
USER_009793,1,0,0,0,0,0
USER_009794,1,0,0,0,0,0
USER_009795,1,0,0,0,0,0
USER_009796,1,0,0,0,0,0
USER_009797,1,0,0,0,0,0
USER_009798,1,0,0,0,0,0
USER_009799,1,0,0,0,0,0
USER_009800,1,0,0,0,0,0
USER_009801,1,0,0,0,0,0
USER_009802,1,0,0,0,0,0
USER_009803,1,0,0,0,0,0
USER_009804,1,0,0,0,0,0
USER_009805,1,0,0,0,0,0
USER_009806,1,0,0,0,0,0
USER_009807,1,0,0,0,0,0
USER_009808,1,0,0,0,0,0
USER_009809,1,0,0,0,0,0
USER_009810,1,0,0,0,0,0
USER_009811,1,0,0,0,0,0
USER_009812,1,0,0,0,0,0
USER_009813,1,0,0,0,0,0
USER_009814,1,0,0,0,0,0
USER_009815,1,0,0,0,0,0
USER_009816,1,0,0,0,0,0
USER_009817,1,0,0,0,0,0
USER_009818,1,0,0,0,0,0
USER_009819,1,0,0,0,0,0
USER_009820,1,0,0,0,0,0
USER_009821,1,0,0,0,0,0
USER_009822,1,0,0,0,0,0
USER_009823,1,0,0,0,0,0
USER_009824,1,0,0,0,0,0
USER_009825,1,0,0,0,0,0
USER_009826,1,0,0,0,0,0
USER_009827,1,0,0,0,0,0
USER_009828,1,0,0,0,0,0
USER_009829,1,0,0,0,0,0
USER_009830,1,0,0,0,0,0
USER_009831,1,0,0,0,0,0
USER_009832,1,0,0,0,0,0
USER_009833,1,0,0,0,0,0
USER_009834,1,0,0,0,0,0
USER_009835,1,0,0,0,0,0
USER_009836,1,0,0,0,0,0
USER_009837,1,0,0,0,0,0
USER_009838,1,0,0,0,0,0
USER_009839,1,0,0,0,0,0
USER_009840,1,0,0,0,0,0
USER_009841,1,0,0,0,0,0
USER_009842,1,0,0,0,0,0
USER_009843,1,0,0,0,0,0
USER_009844,1,0,0,0,0,0
USER_009845,1,0,0,0,0,0
USER_009846,1,0,0,0,0,0
USER_009847,1,0,0,0,0,0
USER_009848,1,0,0,0,0,0
USER_009849,1,0,0,0,0,0
USER_009850,1,0,0,0,0,0
USER_009851,1,0,0,0,0,0
USER_009852,1,0,0,0,0,0
USER_009853,1,0,0,0,0,0
USER_009854,1,0,0,0,0,0
USER_009855,1,0,0,0,0,0
USER_009856,1,0,0,0,0,0
USER_009857,1,0,0,0,0,0
USER_009858,1,0,0,0,0,0
USER_009859,1,0,0,0,0,0
USER_009860,1,0,0,0,0,0
USER_009861,1,0,0,0,0,0
USER_009862,1,0,0,0,0,0
USER_009863,1,0,0,0,0,0
USER_009864,1,0,0,0,0,0
USER_009865,1,0,0,0,0,0
USER_009866,1,0,0,0,0,0
USER_009867,1,0,0,0,0,0
USER_009868,1,0,0,0,0,0
USER_009869,1,0,0,0,0,0
USER_009870,1,0,0,0,0,0
USER_009871,1,0,0,0,0,0
USER_009872,1,0,0,0,0,0
USER_009873,1,0,0,0,0,0
USER_009874,1,0,0,0,0,0
USER_009875,1,0,0,0,0,0
USER_009876,1,0,0,0,0,0
USER_009877,1,0,0,0,0,0
USER_009878,1,0,0,0,0,0
USER_009879,1,0,0,0,0,0
USER_009880,1,0,0,0,0,0
USER_009881,1,0,0,0,0,0
USER_009882,1,0,0,0,0,0
USER_009883,1,0,0,0,0,0
USER_009884,1,0,0,0,0,0
USER_009885,1,0,0,0,0,0
USER_009886,1,0,0,0,0,0
USER_009887,1,0,0,0,0,0
USER_009888,1,0,0,0,0,0
USER_009889,1,0,0,0,0,0
USER_009890,1,0,0,0,0,0
USER_009891,1,0,0,0,0,0
USER_009892,1,0,0,0,0,0
USER_009893,1,0,0,0,0,0
USER_009894,1,0,0,0,0,0
USER_009895,1,0,0,0,0,0
USER_009896,1,0,0,0,0,0
USER_009897,1,0,0,0,0,0
USER_009898,1,0,0,0,0,0
USER_009899,1,0,0,0,0,0
USER_009900,1,0,0,0,0,0
USER_009901,1,0,0,0,0,0
USER_009902,1,0,0,0,0,0
USER_009903,1,0,0,0,0,0
USER_009904,1,0,0,0,0,0
USER_009905,1,0,0,0,0,0
USER_009906,1,0,0,0,0,0
USER_009907,1,0,0,0,0,0
USER_009908,1,0,0,0,0,0
USER_009909,1,0,0,0,0,0
USER_009910,1,0,0,0,0,0
USER_009911,1,0,0,0,0,0
USER_009912,1,0,0,0,0,0
USER_009913,1,0,0,0,0,0
USER_009914,1,0,0,0,0,0
USER_009915,1,0,0,0,0,0
USER_009916,1,0,0,0,0,0
USER_009917,1,0,0,0,0,0
USER_009918,1,0,0,0,0,0
USER_009919,1,0,0,0,0,0
USER_009920,1,0,0,0,0,0
USER_009921,1,0,0,0,0,0
USER_009922,1,0,0,0,0,0
USER_009923,1,0,0,0,0,0
USER_009924,1,0,0,0,0,0
USER_009925,1,0,0,0,0,0
USER_009926,1,0,0,0,0,0
USER_009927,1,0,0,0,0,0
USER_009928,1,0,0,0,0,0
USER_009929,1,0,0,0,0,0
USER_009930,1,0,0,0,0,0
USER_009931,1,0,0,0,0,0
USER_009932,1,0,0,0,0,0
USER_009933,1,0,0,0,0,0
USER_009934,1,0,0,0,0,0
USER_009935,1,0,0,0,0,0
USER_009936,1,0,0,0,0,0
USER_009937,1,0,0,0,0,0
USER_009938,1,0,0,0,0,0
USER_009939,1,0,0,0,0,0
USER_009940,1,0,0,0,0,0
USER_009941,1,0,0,0,0,0
USER_009942,1,0,0,0,0,0
USER_009943,1,0,0,0,0,0
USER_009944,1,0,0,0,0,0
USER_009945,1,0,0,0,0,0
USER_009946,1,0,0,0,0,0
USER_009947,1,0,0,0,0,0
USER_009948,1,0,0,0,0,0
USER_009949,1,0,0,0,0,0
USER_009950,1,0,0,0,0,0
USER_009951,1,0,0,0,0,0
USER_009952,1,0,0,0,0,0
USER_009953,1,0,0,0,0,0
USER_009954,1,0,0,0,0,0
USER_009955,1,0,0,0,0,0
USER_009956,1,0,0,0,0,0
USER_009957,1,0,0,0,0,0
USER_009958,1,0,0,0,0,0
USER_009959,1,0,0,0,0,0
USER_009960,1,0,0,0,0,0
USER_009961,1,0,0,0,0,0
USER_009962,1,0,0,0,0,0
USER_009963,1,0,0,0,0,0
USER_009964,1,0,0,0,0,0
USER_009965,1,0,0,0,0,0
USER_009966,1,0,0,0,0,0
USER_009967,1,0,0,0,0,0
USER_009968,1,0,0,0,0,0
USER_009969,1,0,0,0,0,0
USER_009970,1,0,0,0,0,0
USER_009971,1,0,0,0,0,0
USER_009972,1,0,0,0,0,0
USER_009973,1,0,0,0,0,0
USER_009974,1,0,0,0,0,0
USER_009975,1,0,0,0,0,0
USER_009976,1,0,0,0,0,0
USER_009977,1,0,0,0,0,0
USER_009978,1,0,0,0,0,0
USER_009979,1,0,0,0,0,0
USER_009980,1,0,0,0,0,0
USER_009981,1,0,0,0,0,0
USER_009982,1,0,0,0,0,0
USER_009983,1,0,0,0,0,0
USER_009984,1,0,0,0,0,0
USER_009985,1,0,0,0,0,0
USER_009986,1,0,0,0,0,0
USER_009987,1,0,0,0,0,0
USER_009988,1,0,0,0,0,0
USER_009989,1,0,0,0,0,0
USER_009990,1,0,0,0,0,0
USER_009991,1,0,0,0,0,0
USER_009992,1,0,0,0,0,0
USER_009993,1,0,0,0,0,0
USER_009994,1,0,0,0,0,0
USER_009995,1,0,0,0,0,0
USER_009996,1,0,0,0,0,0
USER_009997,1,0,0,0,0,0
USER_009998,1,0,0,0,0,0
USER_009999,1,0,0,0,0,0
USER_010000,1,0,0,0,0,0
