customer_id,revenue,segment_tier
200001,444.96,mid_value
200002,219.78,mid_value
200003,18828.79,high_value
200004,1353.44,high_value
200005,18269.37,high_value
200006,210.48,mid_value
200007,503.24,mid_value
200008,26804.9,high_value
200009,1577.5,high_value
200010,411.64,mid_value
200011,311.06,mid_value
200012,466.64,mid_value
200013,162.42,low_value
200014,56.31,low_value
200015,127.76,low_value
200016,439.19,mid_value
200017,22656.29,high_value
200018,142.48,low_value
200019,452.38,mid_value
200020,558.45,mid_value
200021,309.33,mid_value
200022,406.15,mid_value
200023,931.35,mid_value
200024,979.23,mid_value
200025,203.35,mid_value
200026,57.94,low_value
200027,389.85,mid_value
200028,466.93,mid_value
200029,624.69,mid_value
200030,133.05,low_value
200031,23339.6,high_value
200032,29423.6,high_value
200033,418.86,mid_value
200034,65.05,low_value
200035,280.25,mid_value
200036,436.01,mid_value
200037,585.81,mid_value
200038,474.37,mid_value
200039,26583.28,high_value
200040,154.51,low_value
200041,118.18,low_value
200042,77.34,low_value
200043,477.12,mid_value
200044,26672.82,high_value
200045,196.4,mid_value
200046,305.03,mid_value
200047,279.53,mid_value
200048,23350.34,high_value
200049,78.96,low_value
200050,734.19,mid_value
200051,622.14,mid_value
200052,285.41,mid_value
200053,24553.96,high_value
200054,205.01,mid_value
200055,161.26,low_value
200056,92.56,low_value
200057,72.66,low_value
200058,23415.08,high_value
200059,27554.64,high_value
200060,562.75,mid_value
200061,359.45,mid_value
200062,256.97,mid_value
200063,310.67,mid_value
200064,326.92,mid_value
200065,19082.22,high_value
200066,1260.09,high_value
200067,29281.46,high_value
200068,1338.22,high_value
200069,575.43,mid_value
200070,108.68,low_value
200071,31359.36,high_value
200072,896.41,mid_value
200073,207.43,mid_value
200074,22922.41,high_value
200075,611.18,mid_value
200076,94.7,low_value
200077,53.23,low_value
200078,137.52,low_value
200079,732.1,mid_value
200080,181.28,mid_value
200081,403.99,mid_value
200082,375.79,mid_value
200083,121.68,low_value
200084,19942.01,high_value
200085,259.59,mid_value
200086,465.77,mid_value
200087,301.46,mid_value
200088,247.76,mid_value
200089,66.2,low_value
200090,24743.69,high_value
200091,275.03,mid_value
200092,93.3,low_value
200093,417.76,mid_value
200094,789.13,mid_value
200095,78.78,low_value
200096,23823.03,high_value
200097,227.05,mid_value
200098,20395.39,high_value
200099,907.83,mid_value
200100,354.98,mid_value
200101,169.89,low_value
200102,627.81,mid_value
200103,1076.36,high_value
200104,799.21,mid_value
200105,22489.06,high_value
200106,173.02,low_value
200107,429.36,mid_value
200108,1499.73,high_value
200109,99.37,low_value
200110,743.69,mid_value
200111,384.09,mid_value
200112,78.6,low_value
200113,29920.0,high_value
200114,73.78,low_value
200115,364.58,mid_value
200116,618.64,mid_value
200117,659.4,mid_value
200118,29006.53,high_value
200119,395.64,mid_value
200120,593.9,mid_value
200121,116.64,low_value
200122,23960.8,high_value
200123,19536.7,high_value
200124,260.65,mid_value
200125,212.29,mid_value
200126,26230.45,high_value
200127,97.73,low_value
200128,100.47,low_value
200129,203.08,mid_value
200130,431.51,mid_value
200131,196.73,mid_value
200132,339.09,mid_value
200133,417.07,mid_value
200134,99.24,low_value
200135,818.59,mid_value
200136,765.94,mid_value
200137,536.86,mid_value
200138,192.94,mid_value
200139,572.9,mid_value
200140,161.89,low_value
200141,404.07,mid_value
200142,337.06,mid_value
200143,103.66,low_value
200144,765.88,mid_value
200145,193.11,mid_value
200146,121.54,low_value
200147,29998.48,high_value
200148,352.19,mid_value
200149,823.85,mid_value
200150,24146.17,high_value
200151,15026.92,high_value
200152,248.02,mid_value
200153,1037.38,high_value
200154,265.54,mid_value
200155,452.37,mid_value
200156,384.85,mid_value
200157,77.97,low_value
200158,16739.67,high_value
200159,120.91,low_value
200160,340.6,mid_value
200161,1095.17,high_value
200162,56.97,low_value
200163,27343.62,high_value
200164,25527.71,high_value
200165,1044.91,high_value
200166,381.88,mid_value
200167,186.63,mid_value
200168,63.03,low_value
200169,142.56,low_value
200170,21033.21,high_value
200171,128.33,low_value
200172,187.31,mid_value
200173,996.66,mid_value
200174,409.56,mid_value
200175,121.74,low_value
200176,878.51,mid_value
200177,75.16,low_value
200178,520.22,mid_value
200179,337.69,mid_value
200180,82.47,low_value
200181,26031.9,high_value
200182,510.21,mid_value
200183,22104.04,high_value
200184,1031.78,high_value
200185,109.36,low_value
200186,1439.34,high_value
200187,120.36,low_value
200188,193.95,mid_value
200189,431.38,mid_value
200190,291.51,mid_value
200191,32693.78,high_value
200192,52.42,low_value
200193,165.88,low_value
200194,315.97,mid_value
200195,91.8,low_value
200196,27849.29,high_value
200197,959.26,mid_value
200198,24762.34,high_value
200199,164.32,low_value
200200,56.5,low_value
200201,29762.19,high_value
200202,619.45,mid_value
200203,87.86,low_value
200204,68.43,low_value
200205,667.05,mid_value
200206,224.79,mid_value
200207,562.85,mid_value
200208,21098.54,high_value
200209,993.75,mid_value
200210,104.79,low_value
200211,316.07,mid_value
200212,781.52,mid_value
200213,413.28,mid_value
200214,91.18,low_value
200215,423.91,mid_value
200216,184.52,mid_value
200217,23654.45,high_value
200218,1240.29,high_value
200219,627.31,mid_value
200220,24776.32,high_value
200221,918.69,mid_value
200222,13282.21,high_value
200223,148.81,low_value
200224,439.7,mid_value
200225,213.52,mid_value
200226,206.3,mid_value
200227,164.37,low_value
200228,892.56,mid_value
200229,654.92,mid_value
200230,27381.96,high_value
200231,23679.52,high_value
200232,462.49,mid_value
200233,700.74,mid_value
200234,449.35,mid_value
200235,426.08,mid_value
200236,241.88,mid_value
200237,23447.03,high_value
200238,141.14,low_value
200239,87.88,low_value
200240,108.92,low_value
200241,154.78,low_value
200242,182.57,mid_value
200243,62.89,low_value
200244,16240.31,high_value
200245,289.73,mid_value
200246,27715.73,high_value
200247,479.39,mid_value
200248,56.76,low_value
200249,430.1,mid_value
200250,567.82,mid_value
200251,51.94,low_value
200252,146.24,low_value
200253,518.84,mid_value
200254,93.58,low_value
200255,279.22,mid_value
200256,139.9,low_value
200257,1486.99,high_value
200258,85.59,low_value
200259,24109.12,high_value
200260,771.57,mid_value
200261,1367.27,high_value
200262,102.82,low_value
200263,378.06,mid_value
200264,435.66,mid_value
200265,231.44,mid_value
200266,51.86,low_value
200267,158.2,low_value
200268,199.75,mid_value
200269,217.42,mid_value
200270,296.48,mid_value
200271,354.02,mid_value
200272,1253.18,high_value
200273,192.74,mid_value
200274,91.07,low_value
200275,306.94,mid_value
200276,117.28,low_value
200277,358.47,mid_value
200278,197.54,mid_value
200279,221.96,mid_value
200280,344.02,mid_value
200281,266.78,mid_value
200282,60.83,low_value
200283,88.8,low_value
200284,487.32,mid_value
200285,729.47,mid_value
200286,56.83,low_value
200287,19601.7,high_value
200288,100.95,low_value
200289,75.87,low_value
200290,110.83,low_value
200291,372.85,mid_value
200292,136.02,low_value
200293,419.08,mid_value
200294,477.82,mid_value
200295,470.97,mid_value
200296,333.73,mid_value
200297,1255.54,high_value
200298,300.21,mid_value
200299,282.94,mid_value
200300,245.8,mid_value
200301,337.48,mid_value
200302,606.79,mid_value
200303,580.78,mid_value
200304,134.46,low_value
200305,26170.86,high_value
200306,111.22,low_value
200307,668.94,mid_value
200308,1353.24,high_value
200309,532.95,mid_value
200310,446.42,mid_value
200311,170.48,low_value
200312,465.14,mid_value
200313,65.0,low_value
200314,26274.08,high_value
200315,349.05,mid_value
200316,26553.25,high_value
200317,127.66,low_value
200318,27585.96,high_value
200319,182.74,mid_value
200320,25794.72,high_value
200321,76.19,low_value
200322,656.03,mid_value
200323,338.53,mid_value
200324,37972.37,high_value
200325,29691.03,high_value
200326,391.09,mid_value
200327,302.71,mid_value
200328,50.47,low_value
200329,210.8,mid_value
200330,272.98,mid_value
200331,24620.7,high_value
200332,225.96,mid_value
200333,886.75,mid_value
200334,114.21,low_value
200335,17568.39,high_value
200336,71.12,low_value
200337,297.97,mid_value
200338,64.02,low_value
200339,31614.47,high_value
200340,20427.92,high_value
200341,403.67,mid_value
200342,1059.1,high_value
200343,537.13,mid_value
200344,611.06,mid_value
200345,363.15,mid_value
200346,146.94,low_value
200347,905.8,mid_value
200348,130.6,low_value
200349,54.26,low_value
200350,76.93,low_value
200351,575.28,mid_value
200352,352.28,mid_value
200353,145.83,low_value
200354,1105.07,high_value
200355,879.19,mid_value
200356,756.18,mid_value
200357,1290.99,high_value
200358,362.26,mid_value
200359,30789.22,high_value
200360,813.4,mid_value
200361,21687.21,high_value
200362,702.03,mid_value
200363,282.05,mid_value
200364,245.23,mid_value
200365,111.03,low_value
200366,249.22,mid_value
200367,18373.51,high_value
200368,370.09,mid_value
200369,28075.36,high_value
200370,316.79,mid_value
200371,94.2,low_value
200372,384.2,mid_value
200373,2013.06,high_value
200374,580.53,mid_value
200375,23949.36,high_value
200376,137.01,low_value
200377,447.82,mid_value
200378,24218.44,high_value
200379,60.84,low_value
200380,133.0,low_value
200381,706.99,mid_value
200382,392.58,mid_value
200383,1223.61,high_value
200384,30803.71,high_value
200385,169.75,low_value
200386,329.65,mid_value
200387,665.09,mid_value
200388,19894.78,high_value
200389,249.58,mid_value
200390,563.33,mid_value
200391,288.29,mid_value
200392,1090.79,high_value
200393,56.77,low_value
200394,27212.6,high_value
200395,378.24,mid_value
200396,162.41,low_value
200397,27412.99,high_value
200398,268.22,mid_value
200399,291.07,mid_value
200400,187.74,mid_value
200401,17367.99,high_value
200402,415.95,mid_value
200403,28029.98,high_value
200404,412.22,mid_value
200405,831.15,mid_value
200406,21747.94,high_value
200407,190.28,mid_value
200408,30115.46,high_value
200409,603.83,mid_value
200410,511.83,mid_value
200411,331.59,mid_value
200412,52.44,low_value
200413,94.9,low_value
200414,76.95,low_value
200415,177.98,mid_value
200416,287.41,mid_value
200417,32589.15,high_value
200418,67.81,low_value
200419,1516.61,high_value
200420,542.33,mid_value
200421,400.14,mid_value
200422,219.09,mid_value
200423,1223.5,high_value
200424,465.58,mid_value
200425,160.54,low_value
200426,381.11,mid_value
200427,1060.51,high_value
200428,699.48,mid_value
200429,253.21,mid_value
200430,219.87,mid_value
200431,207.25,mid_value
200432,28574.79,high_value
200433,188.5,mid_value
200434,310.19,mid_value
200435,201.43,mid_value
200436,452.11,mid_value
200437,176.05,low_value
200438,75.78,low_value
200439,240.22,mid_value
200440,1017.38,mid_value
200441,392.93,mid_value
200442,441.92,mid_value
200443,68.57,low_value
200444,176.48,low_value
200445,71.71,low_value
200446,134.59,low_value
200447,600.85,mid_value
200448,23693.22,high_value
200449,404.11,mid_value
200450,432.97,mid_value
200451,130.92,low_value
200452,22285.43,high_value
200453,258.63,mid_value
200454,21486.71,high_value
200455,557.62,mid_value
200456,390.82,mid_value
200457,59.0,low_value
200458,105.77,low_value
200459,472.72,mid_value
200460,322.01,mid_value
200461,291.38,mid_value
200462,667.6,mid_value
200463,153.72,low_value
200464,321.77,mid_value
200465,28517.67,high_value
200466,89.96,low_value
200467,87.61,low_value
200468,749.21,mid_value
200469,653.76,mid_value
200470,294.77,mid_value
200471,256.71,mid_value
200472,24546.08,high_value
200473,550.33,mid_value
200474,142.11,low_value
200475,25009.15,high_value
200476,913.04,mid_value
200477,434.22,mid_value
200478,382.53,mid_value
200479,293.02,mid_value
200480,488.18,mid_value
200481,443.15,mid_value
200482,224.41,mid_value
200483,464.4,mid_value
200484,1103.54,high_value
200485,334.78,mid_value
200486,173.4,low_value
200487,21381.54,high_value
200488,701.76,mid_value
200489,74.3,low_value
200490,712.18,mid_value
200491,121.82,low_value
200492,490.54,mid_value
200493,33499.09,high_value
200494,1440.61,high_value
200495,437.18,mid_value
200496,107.08,low_value
200497,176.3,low_value
200498,323.03,mid_value
200499,27748.26,high_value
200500,53.49,low_value
200501,64.99,low_value
200502,27533.31,high_value
200503,321.28,mid_value
200504,203.42,mid_value
200505,659.53,mid_value
200506,242.92,mid_value
200507,167.76,low_value
200508,271.35,mid_value
200509,1025.0,mid_value
200510,73.96,low_value
200511,356.17,mid_value
200512,283.8,mid_value
200513,127.96,low_value
200514,94.65,low_value
200515,87.26,low_value
200516,538.58,mid_value
200517,29939.01,high_value
200518,522.12,mid_value
200519,782.47,mid_value
200520,19607.81,high_value
200521,252.77,mid_value
200522,541.2,mid_value
200523,141.4,low_value
200524,188.62,mid_value
200525,24283.63,high_value
200526,25897.36,high_value
200527,23168.61,high_value
200528,66.08,low_value
200529,84.5,low_value
200530,445.47,mid_value
200531,30087.57,high_value
200532,68.69,low_value
200533,324.5,mid_value
200534,511.16,mid_value
200535,623.95,mid_value
200536,154.41,low_value
200537,432.81,mid_value
200538,70.75,low_value
200539,52.02,low_value
200540,165.44,low_value
200541,192.39,mid_value
200542,73.15,low_value
200543,400.48,mid_value
200544,387.05,mid_value
200545,152.14,low_value
200546,435.83,mid_value
200547,177.65,low_value
200548,138.58,low_value
200549,33061.1,high_value
200550,163.44,low_value
200551,292.85,mid_value
200552,345.02,mid_value
200553,63.08,low_value
200554,1156.42,high_value
200555,28280.63,high_value
200556,23089.42,high_value
200557,1156.06,high_value
200558,32185.44,high_value
200559,68.16,low_value
200560,200.61,mid_value
200561,674.61,mid_value
200562,261.34,mid_value
200563,2753.24,high_value
200564,726.97,mid_value
200565,25319.21,high_value
200566,59.14,low_value
200567,840.58,mid_value
200568,130.29,low_value
200569,345.89,mid_value
200570,972.43,mid_value
200571,229.29,mid_value
200572,839.98,mid_value
200573,24452.02,high_value
200574,82.19,low_value
200575,2105.15,high_value
200576,479.94,mid_value
200577,176.81,low_value
200578,87.12,low_value
200579,617.17,mid_value
200580,180.06,mid_value
200581,79.85,low_value
200582,238.11,mid_value
200583,130.15,low_value
200584,217.19,mid_value
200585,572.46,mid_value
200586,26124.04,high_value
200587,609.36,mid_value
200588,150.53,low_value
200589,416.65,mid_value
200590,24308.79,high_value
200591,371.15,mid_value
200592,22446.87,high_value
200593,85.09,low_value
200594,680.49,mid_value
200595,279.47,mid_value
200596,120.24,low_value
200597,26470.48,high_value
200598,31518.57,high_value
200599,678.82,mid_value
200600,462.68,mid_value
200601,224.57,mid_value
200602,109.56,low_value
200603,80.54,low_value
200604,173.86,low_value
200605,294.45,mid_value
200606,16671.61,high_value
200607,957.75,mid_value
200608,377.55,mid_value
200609,159.0,low_value
200610,25537.19,high_value
200611,68.97,low_value
200612,20263.88,high_value
200613,203.27,mid_value
200614,971.29,mid_value
200615,257.6,mid_value
200616,125.99,low_value
200617,1016.67,mid_value
200618,734.02,mid_value
200619,171.51,low_value
200620,20872.18,high_value
200621,149.34,low_value
200622,695.88,mid_value
200623,485.9,mid_value
200624,22529.43,high_value
200625,207.89,mid_value
200626,17353.44,high_value
200627,866.19,mid_value
200628,17592.63,high_value
200629,28128.52,high_value
200630,88.52,low_value
200631,225.96,mid_value
200632,65.03,low_value
200633,198.21,mid_value
200634,285.25,mid_value
200635,1440.45,high_value
200636,428.63,mid_value
200637,29770.94,high_value
200638,97.24,low_value
200639,462.78,mid_value
200640,26857.48,high_value
200641,25896.94,high_value
200642,113.04,low_value
200643,334.87,mid_value
200644,70.97,low_value
200645,105.39,low_value
200646,69.19,low_value
200647,172.49,low_value
200648,25831.21,high_value
200649,216.8,mid_value
200650,657.63,mid_value
200651,20716.59,high_value
200652,617.86,mid_value
200653,77.71,low_value
200654,695.8,mid_value
200655,509.11,mid_value
200656,115.44,low_value
200657,794.64,mid_value
200658,523.69,mid_value
200659,498.94,mid_value
200660,745.71,mid_value
200661,21141.85,high_value
200662,1009.3,mid_value
200663,18999.11,high_value
200664,24438.5,high_value
200665,271.62,mid_value
200666,1272.48,high_value
200667,395.69,mid_value
200668,33344.19,high_value
200669,136.18,low_value
200670,446.64,mid_value
200671,759.46,mid_value
200672,23409.77,high_value
200673,208.54,mid_value
200674,315.22,mid_value
200675,239.1,mid_value
200676,29229.47,high_value
200677,158.91,low_value
200678,239.31,mid_value
200679,175.53,low_value
200680,596.28,mid_value
200681,550.99,mid_value
200682,81.22,low_value
200683,200.35,mid_value
200684,81.89,low_value
200685,368.67,mid_value
200686,1135.85,high_value
200687,474.04,mid_value
200688,21597.86,high_value
200689,287.27,mid_value
200690,29144.35,high_value
200691,346.1,mid_value
200692,22807.2,high_value
200693,122.27,low_value
200694,174.62,low_value
200695,424.24,mid_value
200696,690.97,mid_value
200697,75.85,low_value
200698,62.84,low_value
200699,198.52,mid_value
200700,30745.34,high_value
200701,391.14,mid_value
200702,884.47,mid_value
200703,586.03,mid_value
200704,52.69,low_value
200705,191.74,mid_value
200706,137.5,low_value
200707,121.37,low_value
200708,149.21,low_value
200709,189.22,mid_value
200710,28732.51,high_value
200711,1111.42,high_value
200712,26344.58,high_value
200713,418.32,mid_value
200714,434.72,mid_value
200715,400.98,mid_value
200716,58.36,low_value
200717,241.76,mid_value
200718,119.32,low_value
200719,510.33,mid_value
200720,1108.77,high_value
200721,214.25,mid_value
200722,126.76,low_value
200723,186.85,mid_value
200724,751.64,mid_value
200725,358.12,mid_value
200726,26553.5,high_value
200727,198.14,mid_value
200728,76.6,low_value
200729,603.94,mid_value
200730,717.33,mid_value
200731,83.47,low_value
200732,71.76,low_value
200733,369.27,mid_value
200734,338.09,mid_value
200735,460.36,mid_value
200736,280.93,mid_value
200737,1127.15,high_value
200738,159.46,low_value
200739,604.34,mid_value
200740,620.04,mid_value
200741,64.31,low_value
200742,30482.14,high_value
200743,279.9,mid_value
200744,26252.53,high_value
200745,80.75,low_value
200746,695.43,mid_value
200747,1154.96,high_value
200748,235.28,mid_value
200749,712.12,mid_value
200750,24274.2,high_value
200751,895.14,mid_value
200752,258.17,mid_value
200753,665.15,mid_value
200754,29028.53,high_value
200755,245.27,mid_value
200756,26330.43,high_value
200757,29722.56,high_value
200758,177.61,low_value
200759,15735.42,high_value
200760,22799.54,high_value
200761,28550.02,high_value
200762,18924.36,high_value
200763,382.64,mid_value
200764,440.3,mid_value
200765,196.55,mid_value
200766,23449.2,high_value
200767,18859.84,high_value
200768,367.96,mid_value
200769,101.41,low_value
200770,354.42,mid_value
200771,70.57,low_value
200772,26573.23,high_value
200773,60.17,low_value
200774,206.23,mid_value
200775,380.26,mid_value
200776,440.98,mid_value
200777,25197.23,high_value
200778,224.44,mid_value
200779,543.06,mid_value
200780,537.66,mid_value
200781,22073.47,high_value
200782,315.13,mid_value
200783,590.08,mid_value
200784,771.51,mid_value
200785,617.96,mid_value
200786,23636.37,high_value
200787,78.79,low_value
200788,501.55,mid_value
200789,221.66,mid_value
200790,297.7,mid_value
200791,276.42,mid_value
200792,530.33,mid_value
200793,165.76,low_value
200794,206.28,mid_value
200795,28800.06,high_value
200796,301.57,mid_value
200797,205.42,mid_value
200798,28982.33,high_value
200799,382.64,mid_value
200800,316.19,mid_value
200801,24758.39,high_value
200802,88.48,low_value
200803,25631.05,high_value
200804,246.12,mid_value
200805,20829.69,high_value
200806,53.88,low_value
200807,390.58,mid_value
200808,29415.51,high_value
200809,253.03,mid_value
200810,24029.27,high_value
200811,19883.88,high_value
200812,27294.98,high_value
200813,544.01,mid_value
200814,645.26,mid_value
200815,909.91,mid_value
200816,146.74,low_value
200817,220.77,mid_value
200818,76.49,low_value
200819,140.2,low_value
200820,606.02,mid_value
200821,54.02,low_value
200822,432.68,mid_value
200823,99.43,low_value
200824,23777.52,high_value
200825,402.84,mid_value
200826,172.16,low_value
200827,234.28,mid_value
200828,163.12,low_value
200829,850.3,mid_value
200830,731.16,mid_value
200831,1439.82,high_value
200832,119.7,low_value
200833,94.08,low_value
200834,21026.57,high_value
200835,262.27,mid_value
200836,510.21,mid_value
200837,444.65,mid_value
200838,312.06,mid_value
200839,52.92,low_value
200840,33168.3,high_value
200841,23810.07,high_value
200842,116.57,low_value
200843,186.2,mid_value
200844,72.6,low_value
200845,24582.63,high_value
200846,22624.75,high_value
200847,219.7,mid_value
200848,128.22,low_value
200849,516.72,mid_value
200850,560.7,mid_value
200851,689.0,mid_value
200852,702.79,mid_value
200853,109.37,low_value
200854,542.47,mid_value
200855,810.6,mid_value
200856,448.96,mid_value
200857,75.04,low_value
200858,257.16,mid_value
200859,315.43,mid_value
200860,96.6,low_value
200861,477.97,mid_value
200862,221.14,mid_value
200863,24047.56,high_value
200864,705.95,mid_value
200865,1298.73,high_value
200866,24784.38,high_value
200867,68.48,low_value
200868,514.08,mid_value
200869,877.97,mid_value
200870,1293.96,high_value
200871,144.64,low_value
200872,21070.79,high_value
200873,24027.76,high_value
200874,2910.36,high_value
200875,271.32,mid_value
200876,174.2,low_value
200877,21217.97,high_value
200878,22231.0,high_value
200879,139.96,low_value
200880,23216.23,high_value
200881,598.83,mid_value
200882,609.06,mid_value
200883,123.12,low_value
200884,512.33,mid_value
200885,1063.47,high_value
200886,148.53,low_value
200887,29029.78,high_value
200888,594.45,mid_value
200889,1157.78,high_value
200890,1050.96,high_value
200891,1506.22,high_value
200892,74.36,low_value
200893,155.07,low_value
200894,27106.15,high_value
200895,31676.28,high_value
200896,1189.91,high_value
200897,302.44,mid_value
200898,373.47,mid_value
200899,1213.76,high_value
200900,53.12,low_value
200901,145.99,low_value
200902,26246.61,high_value
200903,574.75,mid_value
200904,1108.66,high_value
200905,174.8,low_value
200906,462.74,mid_value
200907,1711.68,high_value
200908,93.18,low_value
200909,377.55,mid_value
200910,114.1,low_value
200911,192.07,mid_value
200912,563.55,mid_value
200913,19980.31,high_value
200914,405.09,mid_value
200915,465.19,mid_value
200916,94.27,low_value
200917,1140.49,high_value
200918,146.12,low_value
200919,774.71,mid_value
200920,328.49,mid_value
200921,532.78,mid_value
200922,24505.07,high_value
200923,319.59,mid_value
200924,772.1,mid_value
200925,302.53,mid_value
200926,144.97,low_value
200927,607.54,mid_value
200928,347.06,mid_value
200929,540.04,mid_value
200930,227.0,mid_value
200931,111.18,low_value
200932,107.73,low_value
200933,22901.35,high_value
200934,607.3,mid_value
200935,288.72,mid_value
200936,20921.22,high_value
200937,87.28,low_value
200938,228.01,mid_value
200939,19508.56,high_value
200940,91.54,low_value
200941,228.91,mid_value
200942,628.33,mid_value
200943,126.28,low_value
200944,1264.44,high_value
200945,490.63,mid_value
200946,483.55,mid_value
200947,303.75,mid_value
200948,350.55,mid_value
200949,106.39,low_value
200950,910.37,mid_value
200951,81.01,low_value
200952,175.32,low_value
200953,24807.65,high_value
200954,21459.01,high_value
200955,76.23,low_value
200956,536.42,mid_value
200957,504.47,mid_value
200958,25886.23,high_value
200959,155.11,low_value
200960,488.85,mid_value
200961,829.95,mid_value
200962,22131.94,high_value
200963,174.53,low_value
200964,120.26,low_value
200965,31459.12,high_value
200966,886.81,mid_value
200967,19092.3,high_value
200968,31377.77,high_value
200969,21879.2,high_value
200970,155.3,low_value
200971,445.01,mid_value
200972,604.98,mid_value
200973,102.65,low_value
200974,253.41,mid_value
200975,199.67,mid_value
200976,334.81,mid_value
200977,473.9,mid_value
200978,61.94,low_value
200979,151.14,low_value
200980,203.74,mid_value
200981,1213.65,high_value
200982,33187.45,high_value
200983,24029.21,high_value
200984,199.31,mid_value
200985,625.47,mid_value
200986,145.68,low_value
200987,75.84,low_value
200988,258.36,mid_value
200989,29255.76,high_value
200990,22612.1,high_value
200991,259.4,mid_value
200992,115.17,low_value
200993,180.54,mid_value
200994,826.2,mid_value
200995,24998.75,high_value
200996,67.28,low_value
200997,153.87,low_value
200998,395.47,mid_value
200999,173.51,low_value
201000,308.72,mid_value
201001,862.17,mid_value
201002,27282.03,high_value
201003,199.84,mid_value
201004,533.56,mid_value
201005,21672.18,high_value
201006,122.09,low_value
201007,218.41,mid_value
201008,142.4,low_value
201009,58.24,low_value
201010,24113.95,high_value
201011,784.76,mid_value
201012,1041.29,high_value
201013,953.79,mid_value
201014,268.33,mid_value
201015,638.94,mid_value
201016,24650.26,high_value
201017,220.2,mid_value
201018,214.69,mid_value
201019,727.64,mid_value
201020,88.61,low_value
201021,449.05,mid_value
201022,264.57,mid_value
201023,522.99,mid_value
201024,51.93,low_value
201025,198.59,mid_value
201026,578.52,mid_value
201027,203.44,mid_value
201028,155.05,low_value
201029,284.88,mid_value
201030,1139.48,high_value
201031,966.91,mid_value
201032,71.48,low_value
201033,309.16,mid_value
201034,306.44,mid_value
201035,424.28,mid_value
201036,25916.3,high_value
201037,822.86,mid_value
201038,988.6,mid_value
201039,24910.8,high_value
201040,19979.46,high_value
201041,22757.57,high_value
201042,113.93,low_value
201043,525.8,mid_value
201044,155.52,low_value
201045,1108.61,high_value
201046,141.3,low_value
201047,24634.4,high_value
201048,507.42,mid_value
201049,1209.81,high_value
201050,23387.7,high_value
201051,19631.49,high_value
201052,76.27,low_value
201053,101.31,low_value
201054,173.61,low_value
201055,420.61,mid_value
201056,1053.11,high_value
201057,515.69,mid_value
201058,192.0,mid_value
201059,331.07,mid_value
201060,349.87,mid_value
201061,194.37,mid_value
201062,203.69,mid_value
201063,159.6,low_value
201064,325.04,mid_value
201065,556.03,mid_value
201066,310.11,mid_value
201067,1761.73,high_value
201068,838.25,mid_value
201069,103.95,low_value
201070,800.7,mid_value
201071,73.01,low_value
201072,196.0,mid_value
201073,66.79,low_value
201074,446.15,mid_value
201075,356.78,mid_value
201076,98.77,low_value
201077,243.95,mid_value
201078,50.52,low_value
201079,342.97,mid_value
201080,25781.93,high_value
201081,92.67,low_value
201082,245.95,mid_value
201083,2112.12,high_value
201084,1777.61,high_value
201085,139.03,low_value
201086,84.2,low_value
201087,26900.67,high_value
201088,131.57,low_value
201089,25346.79,high_value
201090,59.15,low_value
201091,136.61,low_value
201092,205.78,mid_value
201093,112.5,low_value
201094,804.58,mid_value
201095,550.64,mid_value
201096,784.51,mid_value
201097,1432.39,high_value
201098,99.44,low_value
201099,366.54,mid_value
201100,314.48,mid_value
201101,31013.68,high_value
201102,212.24,mid_value
201103,1204.98,high_value
201104,26739.08,high_value
201105,192.9,mid_value
201106,246.09,mid_value
201107,1063.45,high_value
201108,320.28,mid_value
201109,32890.17,high_value
201110,89.68,low_value
201111,773.42,mid_value
201112,235.72,mid_value
201113,518.62,mid_value
201114,233.24,mid_value
201115,76.07,low_value
201116,81.83,low_value
201117,126.02,low_value
201118,18869.2,high_value
201119,875.27,mid_value
201120,61.81,low_value
201121,449.05,mid_value
201122,28841.22,high_value
201123,21620.23,high_value
201124,29746.94,high_value
201125,364.12,mid_value
201126,498.23,mid_value
201127,1196.15,high_value
201128,749.99,mid_value
201129,248.28,mid_value
201130,368.45,mid_value
201131,119.96,low_value
201132,79.84,low_value
201133,28616.07,high_value
201134,475.73,mid_value
201135,237.13,mid_value
201136,91.38,low_value
201137,25390.68,high_value
201138,26291.9,high_value
201139,91.26,low_value
201140,375.8,mid_value
201141,376.22,mid_value
201142,24450.76,high_value
201143,28117.4,high_value
201144,1418.69,high_value
201145,244.4,mid_value
201146,25597.45,high_value
201147,825.28,mid_value
201148,91.04,low_value
201149,391.97,mid_value
201150,21438.73,high_value
201151,204.0,mid_value
201152,16577.41,high_value
201153,27976.74,high_value
201154,362.36,mid_value
201155,24803.88,high_value
201156,417.08,mid_value
201157,641.46,mid_value
201158,76.32,low_value
201159,84.16,low_value
201160,25784.53,high_value
201161,404.1,mid_value
201162,20212.85,high_value
201163,21890.51,high_value
201164,289.24,mid_value
201165,16688.75,high_value
201166,81.22,low_value
201167,322.32,mid_value
201168,199.35,mid_value
201169,109.54,low_value
201170,198.56,mid_value
201171,625.17,mid_value
201172,408.18,mid_value
201173,546.97,mid_value
201174,962.21,mid_value
201175,25641.96,high_value
201176,167.79,low_value
201177,25825.45,high_value
201178,27203.19,high_value
201179,192.53,mid_value
201180,63.08,low_value
201181,28312.92,high_value
201182,412.64,mid_value
201183,236.56,mid_value
201184,187.66,mid_value
201185,21475.73,high_value
201186,506.32,mid_value
201187,20605.52,high_value
201188,467.09,mid_value
201189,30505.99,high_value
201190,21019.41,high_value
201191,481.77,mid_value
201192,129.99,low_value
201193,498.38,mid_value
201194,278.79,mid_value
201195,318.71,mid_value
201196,393.09,mid_value
201197,220.49,mid_value
201198,20896.99,high_value
201199,588.28,mid_value
201200,518.04,mid_value
201201,61.23,low_value
201202,215.21,mid_value
201203,61.97,low_value
201204,326.92,mid_value
201205,284.2,mid_value
201206,124.05,low_value
201207,88.98,low_value
201208,54.58,low_value
201209,392.12,mid_value
201210,27000.96,high_value
201211,113.65,low_value
201212,426.92,mid_value
201213,126.26,low_value
201214,214.43,mid_value
201215,17992.68,high_value
201216,995.68,mid_value
201217,140.54,low_value
201218,278.83,mid_value
201219,25971.53,high_value
201220,742.63,mid_value
201221,55.07,low_value
201222,213.9,mid_value
201223,26743.9,high_value
201224,1103.96,high_value
201225,32764.87,high_value
201226,352.52,mid_value
201227,108.26,low_value
201228,163.43,low_value
201229,100.14,low_value
201230,306.2,mid_value
201231,218.9,mid_value
201232,654.44,mid_value
201233,261.79,mid_value
201234,144.92,low_value
201235,615.84,mid_value
201236,27022.36,high_value
201237,56.2,low_value
201238,90.01,low_value
201239,25580.25,high_value
201240,107.67,low_value
201241,454.02,mid_value
201242,186.05,mid_value
201243,29727.56,high_value
201244,138.96,low_value
201245,21190.73,high_value
201246,458.12,mid_value
201247,293.66,mid_value
201248,25848.37,high_value
201249,473.69,mid_value
201250,603.32,mid_value
201251,316.52,mid_value
201252,1561.01,high_value
201253,142.36,low_value
201254,27432.98,high_value
201255,29403.29,high_value
201256,102.8,low_value
201257,130.36,low_value
201258,161.72,low_value
201259,747.12,mid_value
201260,400.93,mid_value
201261,495.58,mid_value
201262,187.72,mid_value
201263,149.14,low_value
201264,21217.02,high_value
201265,404.87,mid_value
201266,230.67,mid_value
201267,27562.17,high_value
201268,292.88,mid_value
201269,966.65,mid_value
201270,205.92,mid_value
201271,264.37,mid_value
201272,1372.95,high_value
201273,439.84,mid_value
201274,753.93,mid_value
201275,373.77,mid_value
201276,51.34,low_value
201277,204.5,mid_value
201278,425.13,mid_value
201279,503.06,mid_value
201280,140.78,low_value
201281,25766.31,high_value
201282,103.95,low_value
201283,28984.47,high_value
201284,613.31,mid_value
201285,221.02,mid_value
201286,27216.23,high_value
201287,685.16,mid_value
201288,150.91,low_value
201289,309.13,mid_value
201290,500.54,mid_value
201291,70.02,low_value
201292,401.89,mid_value
201293,400.15,mid_value
201294,292.68,mid_value
201295,227.53,mid_value
201296,461.11,mid_value
201297,34085.8,high_value
201298,603.0,mid_value
201299,128.7,low_value
201300,146.91,low_value
201301,28655.09,high_value
201302,21817.77,high_value
201303,332.49,mid_value
201304,140.46,low_value
201305,160.34,low_value
201306,288.57,mid_value
201307,70.81,low_value
201308,115.0,low_value
201309,470.17,mid_value
201310,160.86,low_value
201311,20757.58,high_value
201312,136.76,low_value
201313,120.07,low_value
201314,413.38,mid_value
201315,24056.12,high_value
201316,27658.81,high_value
201317,122.94,low_value
201318,33271.63,high_value
201319,22929.23,high_value
201320,25492.31,high_value
201321,1231.66,high_value
201322,28432.06,high_value
201323,213.21,mid_value
201324,120.22,low_value
201325,297.83,mid_value
201326,886.1,mid_value
201327,282.66,mid_value
201328,486.43,mid_value
201329,18009.45,high_value
201330,25702.14,high_value
201331,72.33,low_value
201332,171.6,low_value
201333,287.24,mid_value
201334,1375.01,high_value
201335,501.85,mid_value
201336,465.55,mid_value
201337,74.26,low_value
201338,112.15,low_value
201339,152.86,low_value
201340,22896.48,high_value
201341,646.25,mid_value
201342,28134.36,high_value
201343,127.0,low_value
201344,517.94,mid_value
201345,303.69,mid_value
201346,57.1,low_value
201347,1051.0,high_value
201348,628.32,mid_value
201349,432.75,mid_value
201350,84.02,low_value
201351,21990.26,high_value
201352,525.38,mid_value
201353,448.39,mid_value
201354,17827.57,high_value
201355,490.36,mid_value
201356,201.27,mid_value
201357,149.45,low_value
201358,119.14,low_value
201359,67.27,low_value
201360,98.55,low_value
201361,588.02,mid_value
201362,100.83,low_value
201363,17854.5,high_value
201364,408.38,mid_value
201365,219.93,mid_value
201366,60.7,low_value
201367,58.85,low_value
201368,359.18,mid_value
201369,373.29,mid_value
201370,113.44,low_value
201371,654.29,mid_value
201372,506.16,mid_value
201373,72.92,low_value
201374,646.34,mid_value
201375,154.26,low_value
201376,196.44,mid_value
201377,260.03,mid_value
201378,735.06,mid_value
201379,17467.4,high_value
201380,295.0,mid_value
201381,29327.94,high_value
201382,30674.13,high_value
201383,20903.89,high_value
201384,70.85,low_value
201385,466.32,mid_value
201386,140.88,low_value
201387,616.34,mid_value
201388,23339.14,high_value
201389,22554.46,high_value
201390,202.53,mid_value
201391,417.64,mid_value
201392,835.16,mid_value
201393,54.09,low_value
201394,75.26,low_value
201395,568.86,mid_value
201396,167.8,low_value
201397,59.61,low_value
201398,95.34,low_value
201399,75.03,low_value
201400,811.9,mid_value
201401,541.62,mid_value
201402,102.53,low_value
201403,33850.12,high_value
201404,140.86,low_value
201405,262.14,mid_value
201406,22874.18,high_value
201407,429.32,mid_value
201408,518.14,mid_value
201409,24990.38,high_value
201410,164.18,low_value
201411,544.75,mid_value
201412,222.71,mid_value
201413,28004.4,high_value
201414,133.68,low_value
201415,875.15,mid_value
201416,306.72,mid_value
201417,365.2,mid_value
201418,524.52,mid_value
201419,119.18,low_value
201420,168.86,low_value
201421,314.96,mid_value
201422,24547.49,high_value
201423,402.35,mid_value
201424,27784.67,high_value
201425,204.43,mid_value
201426,31120.78,high_value
201427,68.37,low_value
201428,1052.09,high_value
201429,79.41,low_value
201430,240.01,mid_value
201431,442.32,mid_value
201432,63.09,low_value
201433,234.48,mid_value
201434,326.09,mid_value
201435,792.55,mid_value
201436,639.79,mid_value
201437,479.21,mid_value
201438,169.2,low_value
201439,815.32,mid_value
201440,593.93,mid_value
201441,290.88,mid_value
201442,242.67,mid_value
201443,26452.46,high_value
201444,125.43,low_value
201445,18609.6,high_value
201446,135.19,low_value
201447,849.08,mid_value
201448,23076.66,high_value
201449,973.96,mid_value
201450,103.29,low_value
201451,91.59,low_value
201452,388.19,mid_value
201453,100.29,low_value
201454,789.53,mid_value
201455,371.64,mid_value
201456,150.53,low_value
201457,135.09,low_value
201458,30314.56,high_value
201459,198.56,mid_value
201460,1679.95,high_value
201461,201.65,mid_value
201462,259.28,mid_value
201463,291.82,mid_value
201464,1184.75,high_value
201465,126.54,low_value
201466,64.15,low_value
201467,19668.89,high_value
201468,149.94,low_value
201469,1560.16,high_value
201470,332.78,mid_value
201471,187.67,mid_value
201472,267.41,mid_value
201473,214.24,mid_value
201474,414.92,mid_value
201475,28578.59,high_value
201476,31668.9,high_value
201477,176.82,low_value
201478,26886.17,high_value
201479,206.33,mid_value
201480,846.8,mid_value
201481,287.44,mid_value
201482,505.96,mid_value
201483,27728.28,high_value
201484,263.13,mid_value
201485,32127.2,high_value
201486,36473.61,high_value
201487,122.77,low_value
201488,28056.12,high_value
201489,697.39,mid_value
201490,370.72,mid_value
201491,89.01,low_value
201492,65.71,low_value
201493,457.35,mid_value
201494,750.15,mid_value
201495,50.05,low_value
201496,19372.74,high_value
201497,23440.31,high_value
201498,74.78,low_value
201499,58.4,low_value
201500,103.7,low_value
201501,337.88,mid_value
201502,701.07,mid_value
201503,31513.87,high_value
201504,187.77,mid_value
201505,173.12,low_value
201506,28488.79,high_value
201507,468.15,mid_value
201508,21141.18,high_value
201509,283.91,mid_value
201510,109.05,low_value
201511,1535.41,high_value
201512,890.15,mid_value
201513,310.37,mid_value
201514,21196.36,high_value
201515,119.88,low_value
201516,131.17,low_value
201517,534.72,mid_value
201518,106.33,low_value
201519,28362.94,high_value
201520,139.04,low_value
201521,338.32,mid_value
201522,429.48,mid_value
201523,29355.08,high_value
201524,280.88,mid_value
201525,507.2,mid_value
201526,155.23,low_value
201527,26286.71,high_value
201528,21492.9,high_value
201529,385.96,mid_value
201530,769.84,mid_value
201531,937.38,mid_value
201532,494.54,mid_value
201533,389.26,mid_value
201534,335.23,mid_value
201535,238.55,mid_value
201536,212.07,mid_value
201537,431.52,mid_value
201538,384.35,mid_value
201539,2043.21,high_value
201540,58.27,low_value
201541,183.01,mid_value
201542,543.94,mid_value
201543,307.95,mid_value
201544,545.55,mid_value
201545,343.21,mid_value
201546,239.31,mid_value
201547,104.01,low_value
201548,665.18,mid_value
201549,436.6,mid_value
201550,23573.31,high_value
201551,352.21,mid_value
201552,249.09,mid_value
201553,964.08,mid_value
201554,474.93,mid_value
201555,206.43,mid_value
201556,977.63,mid_value
201557,93.3,low_value
201558,21106.48,high_value
201559,72.5,low_value
201560,1207.64,high_value
201561,180.75,mid_value
201562,482.11,mid_value
201563,52.76,low_value
201564,991.5,mid_value
201565,810.65,mid_value
201566,74.07,low_value
201567,226.78,mid_value
201568,30715.43,high_value
201569,260.66,mid_value
201570,31354.51,high_value
201571,322.27,mid_value
201572,189.22,mid_value
201573,24358.56,high_value
201574,323.8,mid_value
201575,18325.6,high_value
201576,2291.92,high_value
201577,72.48,low_value
201578,281.57,mid_value
201579,333.55,mid_value
201580,127.78,low_value
201581,28911.26,high_value
201582,74.52,low_value
201583,237.54,mid_value
201584,464.02,mid_value
201585,53.18,low_value
201586,741.58,mid_value
201587,156.86,low_value
201588,597.43,mid_value
201589,25184.01,high_value
201590,997.14,mid_value
201591,819.78,mid_value
201592,139.89,low_value
201593,154.29,low_value
201594,362.82,mid_value
201595,790.87,mid_value
201596,1784.89,high_value
201597,212.67,mid_value
201598,655.04,mid_value
201599,31705.57,high_value
201600,579.71,mid_value
201601,668.72,mid_value
201602,80.25,low_value
201603,29245.48,high_value
201604,27412.38,high_value
201605,647.74,mid_value
201606,261.8,mid_value
201607,88.48,low_value
201608,24420.38,high_value
201609,231.21,mid_value
201610,22181.09,high_value
201611,945.11,mid_value
201612,1016.12,mid_value
201613,429.3,mid_value
201614,23468.73,high_value
201615,793.01,mid_value
201616,146.76,low_value
201617,155.5,low_value
201618,21697.39,high_value
201619,58.57,low_value
201620,682.39,mid_value
201621,424.54,mid_value
201622,85.53,low_value
201623,33199.25,high_value
201624,140.24,low_value
201625,576.82,mid_value
201626,248.44,mid_value
201627,438.81,mid_value
201628,250.97,mid_value
201629,661.68,mid_value
201630,250.19,mid_value
201631,19308.1,high_value
201632,106.85,low_value
201633,24655.72,high_value
201634,322.86,mid_value
201635,27619.9,high_value
201636,183.72,mid_value
201637,1025.14,mid_value
201638,77.61,low_value
201639,26446.64,high_value
201640,164.32,low_value
201641,163.53,low_value
201642,623.45,mid_value
201643,146.93,low_value
201644,110.17,low_value
201645,25830.41,high_value
201646,71.79,low_value
201647,178.08,mid_value
201648,1078.71,high_value
201649,425.99,mid_value
201650,291.34,mid_value
201651,946.28,mid_value
201652,203.3,mid_value
201653,23512.57,high_value
201654,776.97,mid_value
201655,68.68,low_value
201656,458.37,mid_value
201657,254.37,mid_value
201658,22542.71,high_value
201659,74.82,low_value
201660,618.26,mid_value
201661,198.68,mid_value
201662,723.36,mid_value
201663,23697.56,high_value
201664,442.44,mid_value
201665,130.88,low_value
201666,278.32,mid_value
201667,81.29,low_value
201668,404.36,mid_value
201669,157.59,low_value
201670,229.83,mid_value
201671,475.92,mid_value
201672,435.49,mid_value
201673,298.65,mid_value
201674,323.86,mid_value
201675,339.17,mid_value
201676,128.51,low_value
201677,169.5,low_value
201678,357.24,mid_value
201679,719.99,mid_value
201680,31362.33,high_value
201681,445.34,mid_value
201682,644.98,mid_value
201683,15438.78,high_value
201684,733.61,mid_value
201685,25206.64,high_value
201686,691.64,mid_value
201687,620.3,mid_value
201688,667.22,mid_value
201689,194.51,mid_value
201690,290.68,mid_value
201691,63.32,low_value
201692,23328.36,high_value
201693,385.84,mid_value
201694,1355.6,high_value
201695,86.66,low_value
201696,113.43,low_value
201697,14587.45,high_value
201698,787.79,mid_value
201699,24131.48,high_value
201700,18692.01,high_value
201701,558.53,mid_value
201702,2049.51,high_value
201703,314.0,mid_value
201704,1512.27,high_value
201705,919.59,mid_value
201706,551.01,mid_value
201707,194.92,mid_value
201708,246.93,mid_value
201709,276.76,mid_value
201710,27024.96,high_value
201711,192.39,mid_value
201712,622.33,mid_value
201713,287.13,mid_value
201714,366.62,mid_value
201715,493.2,mid_value
201716,22640.42,high_value
201717,129.25,low_value
201718,163.19,low_value
201719,693.4,mid_value
201720,115.51,low_value
201721,256.27,mid_value
201722,254.26,mid_value
201723,25632.21,high_value
201724,285.3,mid_value
201725,78.6,low_value
201726,23207.1,high_value
201727,426.6,mid_value
201728,415.76,mid_value
201729,510.2,mid_value
201730,132.21,low_value
201731,23181.81,high_value
201732,26823.62,high_value
201733,29234.91,high_value
201734,70.85,low_value
201735,59.64,low_value
201736,25050.0,high_value
201737,21875.37,high_value
201738,164.62,low_value
201739,522.51,mid_value
201740,117.92,low_value
201741,1218.15,high_value
201742,350.89,mid_value
201743,79.25,low_value
201744,305.22,mid_value
201745,143.17,low_value
201746,27659.71,high_value
201747,25725.0,high_value
201748,77.12,low_value
201749,437.0,mid_value
201750,236.78,mid_value
201751,28489.26,high_value
201752,601.02,mid_value
201753,25874.14,high_value
201754,221.47,mid_value
201755,573.03,mid_value
201756,715.35,mid_value
201757,565.86,mid_value
201758,247.29,mid_value
201759,85.78,low_value
201760,1114.41,high_value
201761,132.14,low_value
201762,199.44,mid_value
201763,786.23,mid_value
201764,113.51,low_value
201765,204.58,mid_value
201766,19803.13,high_value
201767,388.72,mid_value
201768,58.71,low_value
201769,335.53,mid_value
201770,28847.95,high_value
201771,472.76,mid_value
201772,23510.72,high_value
201773,653.38,mid_value
201774,29883.29,high_value
201775,1233.98,high_value
201776,238.34,mid_value
201777,1330.01,high_value
201778,735.19,mid_value
201779,479.76,mid_value
201780,93.67,low_value
201781,26206.8,high_value
201782,92.69,low_value
201783,22939.13,high_value
201784,330.96,mid_value
201785,360.16,mid_value
201786,80.76,low_value
201787,25070.45,high_value
201788,615.02,mid_value
201789,639.97,mid_value
201790,177.22,low_value
201791,28729.74,high_value
201792,202.82,mid_value
201793,22573.99,high_value
201794,121.27,low_value
201795,21040.17,high_value
201796,582.05,mid_value
201797,139.36,low_value
201798,713.93,mid_value
201799,223.52,mid_value
201800,235.38,mid_value
201801,146.99,low_value
201802,19578.21,high_value
201803,26965.72,high_value
201804,143.59,low_value
201805,552.86,mid_value
201806,26323.41,high_value
201807,20801.38,high_value
201808,119.98,low_value
201809,640.48,mid_value
201810,26713.27,high_value
201811,569.2,mid_value
201812,425.37,mid_value
201813,22713.02,high_value
201814,274.33,mid_value
201815,283.03,mid_value
201816,356.07,mid_value
201817,86.13,low_value
201818,72.55,low_value
201819,580.95,mid_value
201820,27925.52,high_value
201821,490.97,mid_value
201822,380.12,mid_value
201823,23880.03,high_value
201824,28087.68,high_value
201825,794.94,mid_value
201826,188.22,mid_value
201827,276.79,mid_value
201828,98.29,low_value
201829,73.6,low_value
201830,22086.15,high_value
201831,192.89,mid_value
201832,32228.79,high_value
201833,355.46,mid_value
201834,165.72,low_value
201835,70.53,low_value
201836,21788.7,high_value
201837,32645.68,high_value
201838,219.52,mid_value
201839,217.66,mid_value
201840,1062.7,high_value
201841,1499.14,high_value
201842,268.07,mid_value
201843,179.76,mid_value
201844,454.94,mid_value
201845,117.49,low_value
201846,162.67,low_value
201847,168.41,low_value
201848,478.75,mid_value
201849,281.94,mid_value
201850,158.05,low_value
201851,613.16,mid_value
201852,122.48,low_value
201853,797.76,mid_value
201854,752.19,mid_value
201855,1490.35,high_value
201856,351.24,mid_value
201857,20108.42,high_value
201858,764.34,mid_value
201859,20543.81,high_value
201860,26456.56,high_value
201861,26686.18,high_value
201862,418.67,mid_value
201863,274.97,mid_value
201864,284.01,mid_value
201865,70.95,low_value
201866,276.48,mid_value
201867,86.25,low_value
201868,550.94,mid_value
201869,976.9,mid_value
201870,27145.16,high_value
201871,23090.36,high_value
201872,403.65,mid_value
201873,252.41,mid_value
201874,422.12,mid_value
201875,560.13,mid_value
201876,608.83,mid_value
201877,474.48,mid_value
201878,30011.37,high_value
201879,22047.77,high_value
201880,26354.75,high_value
201881,135.06,low_value
201882,756.28,mid_value
201883,725.79,mid_value
201884,181.84,mid_value
201885,371.68,mid_value
201886,61.82,low_value
201887,501.33,mid_value
201888,622.94,mid_value
201889,318.5,mid_value
201890,17479.96,high_value
201891,308.89,mid_value
201892,426.44,mid_value
201893,239.2,mid_value
201894,134.06,low_value
201895,253.89,mid_value
201896,22067.38,high_value
201897,551.13,mid_value
201898,235.83,mid_value
201899,25016.92,high_value
201900,1401.82,high_value
201901,22994.39,high_value
201902,108.59,low_value
201903,25187.74,high_value
201904,94.97,low_value
201905,135.92,low_value
201906,226.45,mid_value
201907,256.65,mid_value
201908,367.95,mid_value
201909,535.17,mid_value
201910,184.34,mid_value
201911,92.4,low_value
201912,274.51,mid_value
201913,162.11,low_value
201914,25724.25,high_value
201915,98.1,low_value
201916,20218.82,high_value
201917,133.23,low_value
201918,617.95,mid_value
201919,95.91,low_value
201920,287.64,mid_value
201921,1244.31,high_value
201922,286.42,mid_value
201923,441.09,mid_value
201924,287.47,mid_value
201925,774.12,mid_value
201926,326.83,mid_value
201927,137.04,low_value
201928,166.04,low_value
201929,289.46,mid_value
201930,290.48,mid_value
201931,23847.84,high_value
201932,369.53,mid_value
201933,25572.2,high_value
201934,184.63,mid_value
201935,346.92,mid_value
201936,300.87,mid_value
201937,273.72,mid_value
201938,293.5,mid_value
201939,552.28,mid_value
201940,727.54,mid_value
201941,305.67,mid_value
201942,215.59,mid_value
201943,79.7,low_value
201944,94.15,low_value
201945,28960.66,high_value
201946,18536.45,high_value
201947,28915.56,high_value
201948,424.46,mid_value
201949,546.93,mid_value
201950,87.58,low_value
201951,131.42,low_value
201952,68.08,low_value
201953,813.79,mid_value
201954,161.11,low_value
201955,28826.81,high_value
201956,698.76,mid_value
201957,1172.92,high_value
201958,24337.47,high_value
201959,215.0,mid_value
201960,247.5,mid_value
201961,394.12,mid_value
201962,173.48,low_value
201963,300.63,mid_value
201964,474.28,mid_value
201965,24632.62,high_value
201966,540.79,mid_value
201967,22052.92,high_value
201968,29037.89,high_value
201969,922.44,mid_value
201970,55.43,low_value
201971,20086.22,high_value
201972,252.44,mid_value
201973,103.59,low_value
201974,185.38,mid_value
201975,28831.17,high_value
201976,176.48,low_value
201977,28172.7,high_value
201978,258.26,mid_value
201979,18243.27,high_value
201980,24586.28,high_value
201981,1087.84,high_value
201982,763.8,mid_value
201983,99.0,low_value
201984,601.5,mid_value
201985,21880.59,high_value
201986,159.79,low_value
201987,662.18,mid_value
201988,549.82,mid_value
201989,24691.12,high_value
201990,22677.41,high_value
201991,645.99,mid_value
201992,53.81,low_value
201993,25344.44,high_value
201994,462.26,mid_value
201995,385.58,mid_value
201996,493.61,mid_value
201997,55.98,low_value
201998,373.8,mid_value
201999,20610.53,high_value
202000,436.14,mid_value
202001,68.79,low_value
202002,186.88,mid_value
202003,174.74,low_value
202004,233.58,mid_value
202005,21750.39,high_value
202006,60.36,low_value
202007,133.14,low_value
202008,265.1,mid_value
202009,225.58,mid_value
202010,198.27,mid_value
202011,1276.25,high_value
202012,29279.09,high_value
202013,87.43,low_value
202014,765.5,mid_value
202015,270.5,mid_value
202016,251.48,mid_value
202017,642.17,mid_value
202018,574.57,mid_value
202019,700.65,mid_value
202020,738.45,mid_value
202021,468.06,mid_value
202022,388.28,mid_value
202023,830.78,mid_value
202024,24153.33,high_value
202025,555.93,mid_value
202026,24362.55,high_value
202027,293.04,mid_value
202028,87.85,low_value
202029,267.94,mid_value
202030,63.92,low_value
202031,262.29,mid_value
202032,561.77,mid_value
202033,705.81,mid_value
202034,109.89,low_value
202035,27088.57,high_value
202036,315.84,mid_value
202037,95.94,low_value
202038,171.27,low_value
202039,26147.82,high_value
202040,24110.1,high_value
202041,431.23,mid_value
202042,618.6,mid_value
202043,154.39,low_value
202044,137.91,low_value
202045,673.7,mid_value
202046,412.31,mid_value
202047,287.48,mid_value
202048,817.5,mid_value
202049,427.08,mid_value
202050,716.82,mid_value
202051,608.6,mid_value
202052,685.69,mid_value
202053,25972.02,high_value
202054,1206.0,high_value
202055,24393.14,high_value
202056,75.18,low_value
202057,74.46,low_value
202058,131.21,low_value
202059,20585.32,high_value
202060,23643.51,high_value
202061,167.76,low_value
202062,55.13,low_value
202063,129.19,low_value
202064,28438.34,high_value
202065,203.16,mid_value
202066,25689.02,high_value
202067,58.37,low_value
202068,1275.88,high_value
202069,714.8,mid_value
202070,160.67,low_value
202071,20936.48,high_value
202072,93.1,low_value
202073,210.35,mid_value
202074,632.88,mid_value
202075,342.64,mid_value
202076,129.62,low_value
202077,24870.88,high_value
202078,368.87,mid_value
202079,74.92,low_value
202080,275.92,mid_value
202081,107.54,low_value
202082,175.28,low_value
202083,529.28,mid_value
202084,20386.67,high_value
202085,642.39,mid_value
202086,22543.51,high_value
202087,33679.75,high_value
202088,25925.78,high_value
202089,1370.4,high_value
202090,788.12,mid_value
202091,522.69,mid_value
202092,16291.74,high_value
202093,26278.1,high_value
202094,336.08,mid_value
202095,132.46,low_value
202096,373.73,mid_value
202097,246.72,mid_value
202098,426.27,mid_value
202099,18817.08,high_value
202100,571.54,mid_value
202101,25637.85,high_value
202102,364.77,mid_value
202103,23046.9,high_value
202104,314.0,mid_value
202105,630.37,mid_value
202106,181.57,mid_value
202107,21574.01,high_value
202108,994.66,mid_value
202109,501.0,mid_value
202110,1269.25,high_value
202111,469.25,mid_value
202112,102.46,low_value
202113,190.99,mid_value
202114,61.54,low_value
202115,399.33,mid_value
202116,102.31,low_value
202117,457.71,mid_value
202118,680.52,mid_value
202119,63.92,low_value
202120,246.73,mid_value
202121,765.64,mid_value
202122,488.52,mid_value
202123,938.38,mid_value
202124,29363.45,high_value
202125,498.37,mid_value
202126,27128.02,high_value
202127,257.37,mid_value
202128,66.39,low_value
202129,132.8,low_value
202130,572.29,mid_value
202131,380.44,mid_value
202132,202.37,mid_value
202133,151.11,low_value
202134,290.13,mid_value
202135,319.49,mid_value
202136,265.4,mid_value
202137,657.16,mid_value
202138,29916.86,high_value
202139,784.79,mid_value
202140,74.59,low_value
202141,105.76,low_value
202142,25504.71,high_value
202143,25903.05,high_value
202144,361.99,mid_value
202145,171.05,low_value
202146,173.11,low_value
202147,910.93,mid_value
202148,54.61,low_value
202149,307.59,mid_value
202150,382.81,mid_value
202151,105.42,low_value
202152,80.05,low_value
202153,161.62,low_value
202154,180.74,mid_value
202155,756.87,mid_value
202156,31112.13,high_value
202157,784.8,mid_value
202158,345.3,mid_value
202159,150.23,low_value
202160,264.33,mid_value
202161,435.44,mid_value
202162,24208.25,high_value
202163,692.94,mid_value
202164,27046.0,high_value
202165,153.75,low_value
202166,689.96,mid_value
202167,70.94,low_value
202168,23554.76,high_value
202169,32561.76,high_value
202170,1588.45,high_value
202171,1394.31,high_value
202172,24749.44,high_value
202173,775.22,mid_value
202174,290.63,mid_value
202175,427.08,mid_value
202176,247.0,mid_value
202177,159.22,low_value
202178,200.14,mid_value
202179,113.89,low_value
202180,70.28,low_value
202181,25757.92,high_value
202182,122.07,low_value
202183,22123.56,high_value
202184,541.23,mid_value
202185,243.99,mid_value
202186,759.11,mid_value
202187,130.05,low_value
202188,26188.98,high_value
202189,194.03,mid_value
202190,745.99,mid_value
202191,842.48,mid_value
202192,230.47,mid_value
202193,64.55,low_value
202194,25524.26,high_value
202195,188.86,mid_value
202196,21024.55,high_value
202197,517.29,mid_value
202198,392.98,mid_value
202199,202.06,mid_value
202200,137.85,low_value
202201,673.02,mid_value
202202,619.79,mid_value
202203,556.69,mid_value
202204,384.98,mid_value
202205,28448.89,high_value
202206,176.96,low_value
202207,248.19,mid_value
202208,82.1,low_value
202209,146.37,low_value
202210,111.53,low_value
202211,65.44,low_value
202212,365.14,mid_value
202213,1000.01,mid_value
202214,94.82,low_value
202215,284.74,mid_value
202216,22902.21,high_value
202217,121.66,low_value
202218,991.03,mid_value
202219,30325.36,high_value
202220,179.77,mid_value
202221,299.57,mid_value
202222,413.91,mid_value
202223,163.47,low_value
202224,21671.75,high_value
202225,675.09,mid_value
202226,746.57,mid_value
202227,26866.18,high_value
202228,22886.81,high_value
202229,23509.3,high_value
202230,162.18,low_value
202231,28293.12,high_value
202232,149.55,low_value
202233,22797.79,high_value
202234,179.55,mid_value
202235,23382.41,high_value
202236,30101.56,high_value
202237,358.86,mid_value
202238,16697.65,high_value
202239,245.63,mid_value
202240,767.34,mid_value
202241,24574.65,high_value
202242,25730.0,high_value
202243,389.5,mid_value
202244,430.19,mid_value
202245,397.82,mid_value
202246,222.6,mid_value
202247,215.8,mid_value
202248,376.96,mid_value
202249,499.87,mid_value
202250,22059.2,high_value
202251,312.53,mid_value
202252,1591.8,high_value
202253,1599.05,high_value
202254,538.54,mid_value
202255,261.66,mid_value
202256,354.21,mid_value
202257,1038.68,high_value
202258,456.08,mid_value
202259,195.65,mid_value
202260,466.72,mid_value
202261,408.52,mid_value
202262,24269.72,high_value
202263,823.39,mid_value
202264,844.76,mid_value
202265,709.61,mid_value
202266,117.46,low_value
202267,59.41,low_value
202268,328.59,mid_value
202269,134.82,low_value
202270,19919.76,high_value
202271,87.41,low_value
202272,23163.64,high_value
202273,143.12,low_value
202274,890.67,mid_value
202275,30573.82,high_value
202276,396.99,mid_value
202277,1276.27,high_value
202278,17639.69,high_value
202279,83.5,low_value
202280,32318.48,high_value
202281,330.38,mid_value
202282,105.68,low_value
202283,247.07,mid_value
202284,211.19,mid_value
202285,78.32,low_value
202286,235.77,mid_value
202287,281.63,mid_value
202288,1061.66,high_value
202289,113.97,low_value
202290,28339.01,high_value
202291,25289.12,high_value
202292,447.17,mid_value
202293,74.06,low_value
202294,60.8,low_value
202295,28398.45,high_value
202296,90.5,low_value
202297,476.74,mid_value
202298,440.05,mid_value
202299,107.72,low_value
202300,254.53,mid_value
202301,94.82,low_value
202302,247.35,mid_value
202303,19305.27,high_value
202304,174.81,low_value
202305,307.94,mid_value
202306,68.04,low_value
202307,163.93,low_value
202308,1566.95,high_value
202309,25582.08,high_value
202310,1198.7,high_value
202311,1643.11,high_value
202312,29767.6,high_value
202313,1708.79,high_value
202314,78.96,low_value
202315,644.82,mid_value
202316,121.44,low_value
202317,963.49,mid_value
202318,548.61,mid_value
202319,227.55,mid_value
202320,301.26,mid_value
202321,1203.82,high_value
202322,59.35,low_value
202323,782.46,mid_value
202324,780.29,mid_value
202325,87.45,low_value
202326,503.98,mid_value
202327,94.58,low_value
202328,16970.17,high_value
202329,117.26,low_value
202330,27330.29,high_value
202331,493.46,mid_value
202332,487.15,mid_value
202333,26249.51,high_value
202334,23425.88,high_value
202335,248.95,mid_value
202336,760.39,mid_value
202337,597.08,mid_value
202338,488.64,mid_value
202339,294.4,mid_value
202340,24743.26,high_value
202341,90.81,low_value
202342,111.05,low_value
202343,369.15,mid_value
202344,346.84,mid_value
202345,905.62,mid_value
202346,113.23,low_value
202347,456.56,mid_value
202348,268.93,mid_value
202349,232.96,mid_value
202350,125.76,low_value
202351,383.14,mid_value
202352,26717.36,high_value
202353,27842.2,high_value
202354,107.57,low_value
202355,458.11,mid_value
202356,332.88,mid_value
202357,138.9,low_value
202358,23351.12,high_value
202359,110.81,low_value
202360,288.3,mid_value
202361,229.66,mid_value
202362,155.17,low_value
202363,1069.62,high_value
202364,308.53,mid_value
202365,1025.95,high_value
202366,26519.07,high_value
202367,28131.49,high_value
202368,233.34,mid_value
202369,839.22,mid_value
202370,1895.18,high_value
202371,269.31,mid_value
202372,23791.28,high_value
202373,341.97,mid_value
202374,90.68,low_value
202375,35046.23,high_value
202376,188.32,mid_value
202377,651.54,mid_value
202378,391.4,mid_value
202379,581.16,mid_value
202380,63.9,low_value
202381,107.88,low_value
202382,623.83,mid_value
202383,683.01,mid_value
202384,111.72,low_value
202385,289.22,mid_value
202386,567.93,mid_value
202387,1149.67,high_value
202388,27781.61,high_value
202389,17673.27,high_value
202390,862.76,mid_value
202391,27824.32,high_value
202392,112.54,low_value
202393,53.18,low_value
202394,27133.44,high_value
202395,195.42,mid_value
202396,380.87,mid_value
202397,17441.4,high_value
202398,21208.43,high_value
202399,34231.67,high_value
202400,22292.02,high_value
202401,594.54,mid_value
202402,343.54,mid_value
202403,23345.54,high_value
202404,396.5,mid_value
202405,26779.1,high_value
202406,114.16,low_value
202407,243.81,mid_value
202408,230.9,mid_value
202409,250.83,mid_value
202410,388.78,mid_value
202411,19513.03,high_value
202412,169.47,low_value
202413,322.77,mid_value
202414,183.07,mid_value
202415,1353.56,high_value
202416,50.7,low_value
202417,356.46,mid_value
202418,27344.66,high_value
202419,326.71,mid_value
202420,447.35,mid_value
202421,479.63,mid_value
202422,147.0,low_value
202423,341.36,mid_value
202424,73.79,low_value
202425,26010.28,high_value
202426,244.34,mid_value
202427,585.94,mid_value
202428,187.72,mid_value
202429,27884.54,high_value
202430,24971.82,high_value
202431,499.87,mid_value
202432,1252.11,high_value
202433,489.47,mid_value
202434,337.06,mid_value
202435,760.33,mid_value
202436,211.8,mid_value
202437,191.31,mid_value
202438,21060.03,high_value
202439,234.9,mid_value
202440,27885.92,high_value
202441,466.47,mid_value
202442,23863.38,high_value
202443,205.56,mid_value
202444,1098.94,high_value
202445,937.73,mid_value
202446,226.6,mid_value
202447,426.24,mid_value
202448,83.54,low_value
202449,380.88,mid_value
202450,227.21,mid_value
202451,26405.92,high_value
202452,373.9,mid_value
202453,75.79,low_value
202454,101.78,low_value
202455,24505.08,high_value
202456,151.74,low_value
202457,19829.5,high_value
202458,354.66,mid_value
202459,23352.71,high_value
202460,118.36,low_value
202461,20282.52,high_value
202462,1147.26,high_value
202463,31553.44,high_value
202464,54.12,low_value
202465,286.77,mid_value
202466,19731.47,high_value
202467,329.99,mid_value
202468,208.72,mid_value
202469,66.65,low_value
202470,24955.63,high_value
202471,26849.93,high_value
202472,26352.09,high_value
202473,870.77,mid_value
202474,417.4,mid_value
202475,372.11,mid_value
202476,394.43,mid_value
202477,104.01,low_value
202478,1560.41,high_value
202479,135.03,low_value
202480,480.47,mid_value
202481,423.98,mid_value
202482,234.05,mid_value
202483,140.93,low_value
202484,621.26,mid_value
202485,28571.82,high_value
202486,585.07,mid_value
202487,877.89,mid_value
202488,625.9,mid_value
202489,591.1,mid_value
202490,33736.39,high_value
202491,1076.51,high_value
202492,382.21,mid_value
202493,549.91,mid_value
202494,480.13,mid_value
202495,797.06,mid_value
202496,18447.88,high_value
202497,230.67,mid_value
202498,24214.88,high_value
202499,923.17,mid_value
202500,168.71,low_value
202501,30450.25,high_value
202502,26386.84,high_value
202503,243.59,mid_value
202504,25312.57,high_value
202505,264.65,mid_value
202506,134.7,low_value
202507,555.9,mid_value
202508,36258.62,high_value
202509,457.81,mid_value
202510,434.7,mid_value
202511,26890.52,high_value
202512,341.41,mid_value
202513,386.68,mid_value
202514,149.4,low_value
202515,331.55,mid_value
202516,379.29,mid_value
202517,188.47,mid_value
202518,848.85,mid_value
202519,435.71,mid_value
202520,57.28,low_value
202521,274.81,mid_value
202522,160.83,low_value
202523,51.73,low_value
202524,516.67,mid_value
202525,62.09,low_value
202526,464.4,mid_value
202527,96.45,low_value
202528,249.11,mid_value
202529,82.39,low_value
202530,137.31,low_value
202531,103.85,low_value
202532,784.02,mid_value
202533,26794.54,high_value
202534,21836.4,high_value
202535,160.93,low_value
202536,400.56,mid_value
202537,648.36,mid_value
202538,21738.5,high_value
202539,18849.66,high_value
202540,217.14,mid_value
202541,23400.4,high_value
202542,356.69,mid_value
202543,318.23,mid_value
202544,234.45,mid_value
202545,296.27,mid_value
202546,28751.66,high_value
202547,127.54,low_value
202548,452.43,mid_value
202549,21652.32,high_value
202550,25974.12,high_value
202551,356.44,mid_value
202552,768.24,mid_value
202553,273.58,mid_value
202554,835.84,mid_value
202555,106.2,low_value
202556,53.51,low_value
202557,1012.95,mid_value
202558,255.39,mid_value
202559,759.45,mid_value
202560,168.17,low_value
202561,76.56,low_value
202562,783.71,mid_value
202563,28320.77,high_value
202564,1673.64,high_value
202565,379.17,mid_value
202566,229.89,mid_value
202567,536.06,mid_value
202568,912.15,mid_value
202569,26696.27,high_value
202570,61.99,low_value
202571,822.56,mid_value
202572,168.6,low_value
202573,26109.43,high_value
202574,160.6,low_value
202575,766.1,mid_value
202576,138.68,low_value
202577,488.06,mid_value
202578,774.18,mid_value
202579,244.97,mid_value
202580,504.62,mid_value
202581,334.8,mid_value
202582,305.44,mid_value
202583,25075.28,high_value
202584,474.3,mid_value
202585,81.34,low_value
202586,335.0,mid_value
202587,341.61,mid_value
202588,52.66,low_value
202589,477.44,mid_value
202590,29872.78,high_value
202591,103.01,low_value
202592,1275.21,high_value
202593,21842.65,high_value
202594,294.48,mid_value
202595,364.59,mid_value
202596,152.88,low_value
202597,144.78,low_value
202598,171.46,low_value
202599,74.11,low_value
202600,21137.34,high_value
202601,690.97,mid_value
202602,121.39,low_value
202603,296.93,mid_value
202604,359.37,mid_value
202605,124.02,low_value
202606,102.92,low_value
202607,19377.75,high_value
202608,613.05,mid_value
202609,37608.23,high_value
202610,267.16,mid_value
202611,56.76,low_value
202612,652.52,mid_value
202613,74.4,low_value
202614,95.55,low_value
202615,187.62,mid_value
202616,22300.26,high_value
202617,74.37,low_value
202618,410.08,mid_value
202619,21081.12,high_value
202620,259.47,mid_value
202621,353.77,mid_value
202622,519.76,mid_value
202623,108.72,low_value
202624,439.6,mid_value
202625,21553.19,high_value
202626,111.96,low_value
202627,85.08,low_value
202628,583.19,mid_value
202629,56.4,low_value
202630,112.81,low_value
202631,525.14,mid_value
202632,636.8,mid_value
202633,368.22,mid_value
202634,480.94,mid_value
202635,82.74,low_value
202636,30322.3,high_value
202637,29585.76,high_value
202638,279.78,mid_value
202639,23180.82,high_value
202640,27686.12,high_value
202641,25138.85,high_value
202642,387.38,mid_value
202643,108.4,low_value
202644,98.78,low_value
202645,304.4,mid_value
202646,631.46,mid_value
202647,224.84,mid_value
202648,222.25,mid_value
202649,192.47,mid_value
202650,1731.69,high_value
202651,619.67,mid_value
202652,421.6,mid_value
202653,172.57,low_value
202654,73.54,low_value
202655,1557.17,high_value
202656,511.92,mid_value
202657,153.19,low_value
202658,1109.1,high_value
202659,505.93,mid_value
202660,72.51,low_value
202661,521.35,mid_value
202662,792.32,mid_value
202663,350.73,mid_value
202664,170.69,low_value
202665,1013.64,mid_value
202666,20304.48,high_value
202667,22744.21,high_value
202668,60.22,low_value
202669,382.08,mid_value
202670,16654.09,high_value
202671,226.56,mid_value
202672,266.17,mid_value
202673,235.38,mid_value
202674,80.01,low_value
202675,161.41,low_value
202676,210.99,mid_value
202677,26442.59,high_value
202678,388.22,mid_value
202679,30107.86,high_value
202680,545.21,mid_value
202681,1319.17,high_value
202682,333.67,mid_value
202683,689.62,mid_value
202684,66.84,low_value
202685,24400.24,high_value
202686,431.95,mid_value
202687,1059.21,high_value
202688,27661.67,high_value
202689,99.84,low_value
202690,371.22,mid_value
202691,743.28,mid_value
202692,23718.81,high_value
202693,25204.79,high_value
202694,61.57,low_value
202695,752.37,mid_value
202696,97.77,low_value
202697,281.93,mid_value
202698,149.98,low_value
202699,81.86,low_value
202700,217.54,mid_value
202701,557.67,mid_value
202702,31516.67,high_value
202703,24399.03,high_value
202704,670.64,mid_value
202705,151.52,low_value
202706,346.81,mid_value
202707,117.42,low_value
202708,22163.92,high_value
202709,1214.25,high_value
202710,55.45,low_value
202711,729.59,mid_value
202712,114.09,low_value
202713,56.78,low_value
202714,823.37,mid_value
202715,167.06,low_value
202716,24741.25,high_value
202717,394.44,mid_value
202718,30118.07,high_value
202719,18728.56,high_value
202720,566.33,mid_value
202721,24647.64,high_value
202722,21301.74,high_value
202723,376.37,mid_value
202724,570.51,mid_value
202725,27062.51,high_value
202726,535.15,mid_value
202727,472.52,mid_value
202728,570.34,mid_value
202729,182.63,mid_value
202730,304.49,mid_value
202731,338.36,mid_value
202732,141.67,low_value
202733,1072.32,high_value
202734,25452.56,high_value
202735,306.18,mid_value
202736,22858.73,high_value
202737,200.17,mid_value
202738,219.76,mid_value
202739,95.15,low_value
202740,264.58,mid_value
202741,26984.8,high_value
202742,235.32,mid_value
202743,266.68,mid_value
202744,652.09,mid_value
202745,1332.74,high_value
202746,230.53,mid_value
202747,511.39,mid_value
202748,222.18,mid_value
202749,849.16,mid_value
202750,53.62,low_value
202751,510.86,mid_value
202752,620.03,mid_value
202753,126.64,low_value
202754,26525.24,high_value
202755,320.52,mid_value
202756,476.89,mid_value
202757,61.07,low_value
202758,427.57,mid_value
202759,17087.1,high_value
202760,128.67,low_value
202761,22468.98,high_value
202762,440.91,mid_value
202763,61.29,low_value
202764,88.66,low_value
202765,227.4,mid_value
202766,26028.8,high_value
202767,29117.83,high_value
202768,80.52,low_value
202769,112.28,low_value
202770,115.1,low_value
202771,111.59,low_value
202772,30682.02,high_value
202773,1024.94,mid_value
202774,467.6,mid_value
202775,186.54,mid_value
202776,539.03,mid_value
202777,356.35,mid_value
202778,149.63,low_value
202779,25556.24,high_value
202780,638.65,mid_value
202781,434.3,mid_value
202782,275.89,mid_value
202783,856.2,mid_value
202784,140.68,low_value
202785,96.81,low_value
202786,26034.64,high_value
202787,848.7,mid_value
202788,1143.62,high_value
202789,2195.09,high_value
202790,139.38,low_value
202791,344.88,mid_value
202792,21119.5,high_value
202793,511.62,mid_value
202794,1056.98,high_value
202795,316.47,mid_value
202796,1315.17,high_value
202797,882.04,mid_value
202798,1324.7,high_value
202799,128.81,low_value
202800,185.75,mid_value
202801,664.67,mid_value
202802,532.67,mid_value
202803,644.53,mid_value
202804,19846.77,high_value
202805,164.99,low_value
202806,636.64,mid_value
202807,24041.99,high_value
202808,211.31,mid_value
202809,212.68,mid_value
202810,99.03,low_value
202811,185.58,mid_value
202812,23275.5,high_value
202813,1255.43,high_value
202814,621.16,mid_value
202815,929.34,mid_value
202816,423.65,mid_value
202817,225.97,mid_value
202818,57.83,low_value
202819,29215.94,high_value
202820,532.91,mid_value
202821,167.34,low_value
202822,591.87,mid_value
202823,25090.52,high_value
202824,92.09,low_value
202825,264.18,mid_value
202826,170.12,low_value
202827,552.12,mid_value
202828,24411.9,high_value
202829,409.5,mid_value
202830,426.21,mid_value
202831,132.73,low_value
202832,249.22,mid_value
202833,89.6,low_value
202834,217.87,mid_value
202835,21756.0,high_value
202836,430.73,mid_value
202837,266.97,mid_value
202838,17098.05,high_value
202839,676.06,mid_value
202840,210.48,mid_value
202841,178.07,mid_value
202842,24137.56,high_value
202843,127.27,low_value
202844,31235.16,high_value
202845,1587.92,high_value
202846,240.32,mid_value
202847,214.25,mid_value
202848,29950.62,high_value
202849,551.7,mid_value
202850,189.52,mid_value
202851,63.71,low_value
202852,324.49,mid_value
202853,1242.3,high_value
202854,85.14,low_value
202855,394.09,mid_value
202856,536.28,mid_value
202857,321.79,mid_value
202858,62.25,low_value
202859,368.01,mid_value
202860,565.78,mid_value
202861,288.11,mid_value
202862,112.86,low_value
202863,559.12,mid_value
202864,448.42,mid_value
202865,511.78,mid_value
202866,25927.37,high_value
202867,239.54,mid_value
202868,160.06,low_value
202869,823.0,mid_value
202870,23446.61,high_value
202871,155.19,low_value
202872,88.96,low_value
202873,172.08,low_value
202874,165.47,low_value
202875,217.82,mid_value
202876,128.31,low_value
202877,147.66,low_value
202878,1848.82,high_value
202879,592.17,mid_value
202880,18598.92,high_value
202881,243.82,mid_value
202882,265.19,mid_value
202883,465.26,mid_value
202884,532.52,mid_value
202885,27938.55,high_value
202886,445.96,mid_value
202887,966.22,mid_value
202888,52.94,low_value
202889,1440.73,high_value
202890,98.4,low_value
202891,151.53,low_value
202892,408.43,mid_value
202893,110.44,low_value
202894,119.95,low_value
202895,24604.62,high_value
202896,448.92,mid_value
202897,262.55,mid_value
202898,78.64,low_value
202899,351.3,mid_value
202900,409.27,mid_value
202901,76.04,low_value
202902,386.93,mid_value
202903,25701.15,high_value
202904,1429.3,high_value
202905,28565.21,high_value
202906,485.7,mid_value
202907,140.97,low_value
202908,22992.86,high_value
202909,429.0,mid_value
202910,610.33,mid_value
202911,291.83,mid_value
202912,1274.09,high_value
202913,21229.77,high_value
202914,212.33,mid_value
202915,22683.5,high_value
202916,366.69,mid_value
202917,389.09,mid_value
202918,424.26,mid_value
202919,25028.71,high_value
202920,1425.72,high_value
202921,1891.98,high_value
202922,116.81,low_value
202923,20840.77,high_value
202924,228.23,mid_value
202925,29584.12,high_value
202926,392.26,mid_value
202927,313.47,mid_value
202928,114.38,low_value
202929,556.58,mid_value
202930,340.05,mid_value
202931,645.9,mid_value
202932,307.96,mid_value
202933,255.29,mid_value
202934,622.0,mid_value
202935,133.54,low_value
202936,67.29,low_value
202937,64.57,low_value
202938,121.91,low_value
202939,16896.77,high_value
202940,252.56,mid_value
202941,679.73,mid_value
202942,30408.81,high_value
202943,157.92,low_value
202944,878.09,mid_value
202945,141.48,low_value
202946,1018.89,mid_value
202947,224.21,mid_value
202948,19825.97,high_value
202949,251.36,mid_value
202950,141.78,low_value
202951,397.57,mid_value
202952,336.26,mid_value
202953,321.15,mid_value
202954,321.75,mid_value
202955,22244.46,high_value
202956,81.03,low_value
202957,57.72,low_value
202958,97.82,low_value
202959,279.64,mid_value
202960,24875.19,high_value
202961,28262.0,high_value
202962,103.14,low_value
202963,26632.21,high_value
202964,30162.58,high_value
202965,451.68,mid_value
202966,240.49,mid_value
202967,144.92,low_value
202968,331.43,mid_value
202969,198.19,mid_value
202970,434.44,mid_value
202971,25072.07,high_value
202972,19736.74,high_value
202973,366.47,mid_value
202974,177.15,low_value
202975,26067.27,high_value
202976,324.99,mid_value
202977,339.0,mid_value
202978,92.73,low_value
202979,628.02,mid_value
202980,329.38,mid_value
202981,116.86,low_value
202982,149.93,low_value
202983,412.94,mid_value
202984,121.71,low_value
202985,25626.77,high_value
202986,94.01,low_value
202987,306.1,mid_value
202988,821.02,mid_value
202989,347.87,mid_value
202990,296.57,mid_value
202991,232.78,mid_value
202992,902.09,mid_value
202993,56.36,low_value
202994,107.4,low_value
202995,66.28,low_value
202996,585.23,mid_value
202997,171.43,low_value
202998,78.03,low_value
202999,24820.43,high_value
203000,802.35,mid_value
203001,535.58,mid_value
203002,147.19,low_value
203003,29920.89,high_value
203004,824.23,mid_value
203005,13643.69,high_value
203006,28446.54,high_value
203007,212.53,mid_value
203008,385.7,mid_value
203009,63.15,low_value
203010,749.74,mid_value
203011,480.65,mid_value
203012,540.66,mid_value
203013,68.18,low_value
203014,100.36,low_value
203015,122.25,low_value
203016,498.14,mid_value
203017,21662.87,high_value
203018,290.07,mid_value
203019,245.64,mid_value
203020,347.52,mid_value
203021,51.53,low_value
203022,27150.52,high_value
203023,78.04,low_value
203024,107.93,low_value
203025,122.64,low_value
203026,186.51,mid_value
203027,22221.6,high_value
203028,531.87,mid_value
203029,184.46,mid_value
203030,167.46,low_value
203031,181.84,mid_value
203032,20435.97,high_value
203033,109.45,low_value
203034,661.46,mid_value
203035,514.9,mid_value
203036,30545.4,high_value
203037,403.15,mid_value
203038,329.11,mid_value
203039,151.16,low_value
203040,69.55,low_value
203041,96.66,low_value
203042,978.39,mid_value
203043,742.39,mid_value
203044,297.58,mid_value
203045,249.46,mid_value
203046,200.51,mid_value
203047,22788.32,high_value
203048,21909.36,high_value
203049,25002.73,high_value
203050,23727.05,high_value
203051,217.55,mid_value
203052,181.82,mid_value
203053,492.55,mid_value
203054,27288.03,high_value
203055,27023.86,high_value
203056,634.53,mid_value
203057,457.54,mid_value
203058,101.52,low_value
203059,486.95,mid_value
203060,197.11,mid_value
203061,21334.9,high_value
203062,132.85,low_value
203063,672.14,mid_value
203064,112.19,low_value
203065,1436.93,high_value
203066,654.84,mid_value
203067,364.49,mid_value
203068,187.35,mid_value
203069,1160.51,high_value
203070,53.28,low_value
203071,393.17,mid_value
203072,209.7,mid_value
203073,29778.37,high_value
203074,229.23,mid_value
203075,640.26,mid_value
203076,1746.89,high_value
203077,1079.99,high_value
203078,53.98,low_value
203079,31562.46,high_value
203080,265.9,mid_value
203081,32430.81,high_value
203082,394.78,mid_value
203083,26135.0,high_value
203084,356.29,mid_value
203085,362.77,mid_value
203086,1705.31,high_value
203087,30184.25,high_value
203088,60.67,low_value
203089,68.82,low_value
203090,241.41,mid_value
203091,141.19,low_value
203092,145.49,low_value
203093,1285.28,high_value
203094,54.44,low_value
203095,512.27,mid_value
203096,143.39,low_value
203097,64.6,low_value
203098,667.89,mid_value
203099,198.45,mid_value
203100,362.31,mid_value
203101,80.5,low_value
203102,994.56,mid_value
203103,101.34,low_value
203104,590.19,mid_value
203105,118.24,low_value
203106,98.29,low_value
203107,976.46,mid_value
203108,531.68,mid_value
203109,82.67,low_value
203110,227.39,mid_value
203111,363.03,mid_value
203112,303.21,mid_value
203113,845.93,mid_value
203114,416.95,mid_value
203115,19510.14,high_value
203116,871.51,mid_value
203117,139.7,low_value
203118,169.09,low_value
203119,20171.91,high_value
203120,79.23,low_value
203121,30848.78,high_value
203122,213.11,mid_value
203123,28063.51,high_value
203124,784.42,mid_value
203125,26059.1,high_value
203126,25291.5,high_value
203127,17439.96,high_value
203128,384.09,mid_value
203129,231.32,mid_value
203130,411.07,mid_value
203131,201.05,mid_value
203132,21248.3,high_value
203133,27850.85,high_value
203134,99.34,low_value
203135,506.79,mid_value
203136,293.67,mid_value
203137,246.53,mid_value
203138,572.62,mid_value
203139,315.27,mid_value
203140,60.9,low_value
203141,27010.98,high_value
203142,252.4,mid_value
203143,203.84,mid_value
203144,716.65,mid_value
203145,550.73,mid_value
203146,146.93,low_value
203147,609.67,mid_value
203148,69.66,low_value
203149,411.49,mid_value
203150,645.18,mid_value
203151,87.31,low_value
203152,195.64,mid_value
203153,444.26,mid_value
203154,194.17,mid_value
203155,24665.13,high_value
203156,163.75,low_value
203157,136.54,low_value
203158,22871.33,high_value
203159,806.55,mid_value
203160,170.93,low_value
203161,482.44,mid_value
203162,52.24,low_value
203163,585.98,mid_value
203164,144.79,low_value
203165,180.49,mid_value
203166,556.16,mid_value
203167,727.54,mid_value
203168,457.97,mid_value
203169,16132.72,high_value
203170,80.76,low_value
203171,61.62,low_value
203172,20631.35,high_value
203173,111.7,low_value
203174,539.96,mid_value
203175,23192.2,high_value
203176,82.43,low_value
203177,26316.43,high_value
203178,296.8,mid_value
203179,25120.13,high_value
203180,68.57,low_value
203181,76.83,low_value
203182,446.01,mid_value
203183,325.94,mid_value
203184,30247.93,high_value
203185,22468.48,high_value
203186,290.35,mid_value
203187,25819.04,high_value
203188,259.48,mid_value
203189,267.31,mid_value
203190,93.51,low_value
203191,503.09,mid_value
203192,29558.22,high_value
203193,702.23,mid_value
203194,284.92,mid_value
203195,97.96,low_value
203196,112.55,low_value
203197,30866.16,high_value
203198,23602.24,high_value
203199,175.36,low_value
203200,27771.43,high_value
203201,21780.13,high_value
203202,743.21,mid_value
203203,221.76,mid_value
203204,385.26,mid_value
203205,803.31,mid_value
203206,518.68,mid_value
203207,195.75,mid_value
203208,20243.07,high_value
203209,20940.96,high_value
203210,137.16,low_value
203211,107.05,low_value
203212,616.0,mid_value
203213,1102.78,high_value
203214,399.47,mid_value
203215,839.52,mid_value
203216,297.87,mid_value
203217,168.51,low_value
203218,19103.47,high_value
203219,1391.54,high_value
203220,224.79,mid_value
203221,1098.23,high_value
203222,225.64,mid_value
203223,342.29,mid_value
203224,26797.9,high_value
203225,108.06,low_value
203226,248.42,mid_value
203227,377.69,mid_value
203228,199.6,mid_value
203229,671.46,mid_value
203230,99.76,low_value
203231,1549.35,high_value
203232,667.96,mid_value
203233,329.11,mid_value
203234,298.5,mid_value
203235,19456.05,high_value
203236,753.64,mid_value
203237,113.43,low_value
203238,490.76,mid_value
203239,1345.94,high_value
203240,564.63,mid_value
203241,618.33,mid_value
203242,289.99,mid_value
203243,518.64,mid_value
203244,1280.31,high_value
203245,20201.21,high_value
203246,89.45,low_value
203247,70.78,low_value
203248,312.55,mid_value
203249,467.5,mid_value
203250,179.1,mid_value
203251,111.53,low_value
203252,707.95,mid_value
203253,86.03,low_value
203254,524.04,mid_value
203255,203.65,mid_value
203256,27361.69,high_value
203257,397.42,mid_value
203258,208.19,mid_value
203259,21884.65,high_value
203260,800.93,mid_value
203261,373.77,mid_value
203262,823.23,mid_value
203263,857.37,mid_value
203264,1207.32,high_value
203265,26680.77,high_value
203266,20287.84,high_value
203267,204.63,mid_value
203268,318.62,mid_value
203269,162.15,low_value
203270,22012.31,high_value
203271,64.33,low_value
203272,143.5,low_value
203273,28043.39,high_value
203274,239.82,mid_value
203275,1036.04,high_value
203276,643.97,mid_value
203277,518.66,mid_value
203278,773.85,mid_value
203279,74.5,low_value
203280,226.78,mid_value
203281,239.65,mid_value
203282,398.86,mid_value
203283,68.63,low_value
203284,498.98,mid_value
203285,591.9,mid_value
203286,356.73,mid_value
203287,257.47,mid_value
203288,295.97,mid_value
203289,124.44,low_value
203290,462.89,mid_value
203291,25592.36,high_value
203292,468.39,mid_value
203293,1660.42,high_value
203294,29958.34,high_value
203295,65.45,low_value
203296,26198.59,high_value
203297,26230.71,high_value
203298,300.09,mid_value
203299,1245.28,high_value
203300,139.68,low_value
203301,1270.51,high_value
203302,51.13,low_value
203303,506.95,mid_value
203304,684.93,mid_value
203305,247.98,mid_value
203306,609.5,mid_value
203307,228.51,mid_value
203308,1000.67,mid_value
203309,117.54,low_value
203310,21762.48,high_value
203311,526.35,mid_value
203312,155.46,low_value
203313,844.84,mid_value
203314,691.1,mid_value
203315,24090.09,high_value
203316,19439.11,high_value
203317,22901.73,high_value
203318,284.47,mid_value
203319,19445.83,high_value
203320,1229.72,high_value
203321,137.19,low_value
203322,418.41,mid_value
203323,25285.01,high_value
203324,64.42,low_value
203325,24367.38,high_value
203326,26422.68,high_value
203327,322.39,mid_value
203328,74.82,low_value
203329,133.88,low_value
203330,93.39,low_value
203331,277.1,mid_value
203332,360.53,mid_value
203333,713.17,mid_value
203334,252.29,mid_value
203335,1063.66,high_value
203336,176.4,low_value
203337,655.27,mid_value
203338,1799.63,high_value
203339,21961.19,high_value
203340,332.11,mid_value
203341,835.82,mid_value
203342,426.48,mid_value
203343,31812.69,high_value
203344,28653.89,high_value
203345,829.24,mid_value
203346,24479.76,high_value
203347,117.38,low_value
203348,95.49,low_value
203349,79.8,low_value
203350,531.64,mid_value
203351,27089.0,high_value
203352,24404.12,high_value
203353,234.32,mid_value
203354,424.23,mid_value
203355,1056.45,high_value
203356,198.46,mid_value
203357,25972.49,high_value
203358,403.8,mid_value
203359,190.64,mid_value
203360,78.29,low_value
203361,173.46,low_value
203362,88.97,low_value
203363,427.79,mid_value
203364,427.9,mid_value
203365,31714.7,high_value
203366,269.78,mid_value
203367,30804.01,high_value
203368,24137.33,high_value
203369,33211.89,high_value
203370,59.4,low_value
203371,83.62,low_value
203372,161.08,low_value
203373,80.97,low_value
203374,116.69,low_value
203375,1101.4,high_value
203376,207.51,mid_value
203377,710.34,mid_value
203378,467.93,mid_value
203379,74.71,low_value
203380,259.08,mid_value
203381,759.82,mid_value
203382,26765.23,high_value
203383,54.37,low_value
203384,172.37,low_value
203385,214.09,mid_value
203386,30404.29,high_value
203387,454.46,mid_value
203388,129.75,low_value
203389,1230.9,high_value
203390,63.4,low_value
203391,86.56,low_value
203392,198.81,mid_value
203393,551.86,mid_value
203394,142.15,low_value
203395,739.97,mid_value
203396,90.97,low_value
203397,269.77,mid_value
203398,84.51,low_value
203399,799.64,mid_value
203400,55.33,low_value
203401,131.84,low_value
203402,633.33,mid_value
203403,25757.31,high_value
203404,1074.54,high_value
203405,544.79,mid_value
203406,65.65,low_value
203407,83.8,low_value
203408,418.59,mid_value
203409,147.52,low_value
203410,494.35,mid_value
203411,126.4,low_value
203412,229.92,mid_value
203413,219.48,mid_value
203414,376.64,mid_value
203415,24394.8,high_value
203416,26831.22,high_value
203417,233.76,mid_value
203418,106.42,low_value
203419,2432.01,high_value
203420,400.18,mid_value
203421,24556.75,high_value
203422,27279.04,high_value
203423,453.46,mid_value
203424,23880.76,high_value
203425,32194.9,high_value
203426,29680.79,high_value
203427,153.76,low_value
203428,56.4,low_value
203429,57.41,low_value
203430,27054.46,high_value
203431,156.46,low_value
203432,144.87,low_value
203433,26923.63,high_value
203434,446.12,mid_value
203435,550.96,mid_value
203436,94.69,low_value
203437,366.22,mid_value
203438,20590.92,high_value
203439,1419.78,high_value
203440,82.51,low_value
203441,30538.13,high_value
203442,86.97,low_value
203443,103.11,low_value
203444,574.28,mid_value
203445,509.33,mid_value
203446,161.9,low_value
203447,115.61,low_value
203448,1177.8,high_value
203449,773.14,mid_value
203450,227.15,mid_value
203451,182.09,mid_value
203452,600.58,mid_value
203453,512.18,mid_value
203454,267.37,mid_value
203455,29050.55,high_value
203456,92.16,low_value
203457,297.02,mid_value
203458,19861.66,high_value
203459,223.6,mid_value
203460,768.03,mid_value
203461,24676.49,high_value
203462,28601.59,high_value
203463,632.28,mid_value
203464,23409.28,high_value
203465,109.7,low_value
203466,864.96,mid_value
203467,280.31,mid_value
203468,114.16,low_value
203469,199.47,mid_value
203470,687.55,mid_value
203471,31435.12,high_value
203472,205.77,mid_value
203473,401.22,mid_value
203474,402.44,mid_value
203475,392.5,mid_value
203476,179.63,mid_value
203477,188.42,mid_value
203478,871.08,mid_value
203479,424.87,mid_value
203480,20894.52,high_value
203481,30598.38,high_value
203482,375.67,mid_value
203483,745.2,mid_value
203484,681.28,mid_value
203485,56.77,low_value
203486,141.46,low_value
203487,22569.41,high_value
203488,408.04,mid_value
203489,154.74,low_value
203490,17675.42,high_value
203491,183.4,mid_value
203492,55.18,low_value
203493,836.14,mid_value
203494,20617.92,high_value
203495,446.11,mid_value
203496,187.66,mid_value
203497,379.86,mid_value
203498,284.64,mid_value
203499,62.44,low_value
203500,123.8,low_value
203501,275.28,mid_value
203502,24471.32,high_value
203503,652.89,mid_value
203504,92.06,low_value
203505,184.4,mid_value
203506,421.64,mid_value
203507,327.61,mid_value
203508,132.01,low_value
203509,24856.7,high_value
203510,70.39,low_value
203511,236.23,mid_value
203512,213.45,mid_value
203513,116.19,low_value
203514,29511.12,high_value
203515,178.76,mid_value
203516,180.79,mid_value
203517,27771.42,high_value
203518,160.8,low_value
203519,26697.58,high_value
203520,595.59,mid_value
203521,17624.83,high_value
203522,168.46,low_value
203523,59.01,low_value
203524,193.84,mid_value
203525,458.66,mid_value
203526,136.39,low_value
203527,21056.78,high_value
203528,27011.14,high_value
203529,68.04,low_value
203530,264.53,mid_value
203531,210.77,mid_value
203532,190.87,mid_value
203533,106.9,low_value
203534,2213.77,high_value
203535,519.59,mid_value
203536,17915.73,high_value
203537,477.96,mid_value
203538,21871.99,high_value
203539,87.57,low_value
203540,1315.19,high_value
203541,352.63,mid_value
203542,142.83,low_value
203543,259.11,mid_value
203544,445.67,mid_value
203545,526.23,mid_value
203546,89.09,low_value
203547,129.09,low_value
203548,392.23,mid_value
203549,529.71,mid_value
203550,294.51,mid_value
203551,84.42,low_value
203552,116.7,low_value
203553,695.66,mid_value
203554,840.71,mid_value
203555,211.11,mid_value
203556,189.25,mid_value
203557,391.81,mid_value
203558,593.65,mid_value
203559,410.39,mid_value
203560,166.82,low_value
203561,518.03,mid_value
203562,305.41,mid_value
203563,227.92,mid_value
203564,157.31,low_value
203565,386.03,mid_value
203566,478.75,mid_value
203567,27385.76,high_value
203568,624.98,mid_value
203569,112.25,low_value
203570,152.74,low_value
203571,54.0,low_value
203572,26749.25,high_value
203573,273.67,mid_value
203574,118.23,low_value
203575,828.55,mid_value
203576,233.92,mid_value
203577,604.34,mid_value
203578,224.29,mid_value
203579,737.63,mid_value
203580,236.84,mid_value
203581,201.22,mid_value
203582,26712.74,high_value
203583,25850.96,high_value
203584,914.8,mid_value
203585,846.29,mid_value
203586,83.58,low_value
203587,262.04,mid_value
203588,74.28,low_value
203589,482.58,mid_value
203590,306.22,mid_value
203591,102.58,low_value
203592,969.68,mid_value
203593,631.02,mid_value
203594,50.0,low_value
203595,213.12,mid_value
203596,20553.68,high_value
203597,20272.5,high_value
203598,92.91,low_value
203599,24431.41,high_value
203600,26192.63,high_value
203601,392.03,mid_value
203602,27067.79,high_value
203603,23494.8,high_value
203604,583.08,mid_value
203605,298.88,mid_value
203606,122.27,low_value
203607,942.3,mid_value
203608,1497.6,high_value
203609,1686.43,high_value
203610,227.72,mid_value
203611,26974.62,high_value
203612,399.23,mid_value
203613,462.19,mid_value
203614,318.58,mid_value
203615,151.83,low_value
203616,583.76,mid_value
203617,78.03,low_value
203618,376.96,mid_value
203619,460.97,mid_value
203620,29007.3,high_value
203621,21428.85,high_value
203622,151.23,low_value
203623,645.24,mid_value
203624,355.97,mid_value
203625,351.05,mid_value
203626,126.26,low_value
203627,342.48,mid_value
203628,353.05,mid_value
203629,1015.43,mid_value
203630,16485.06,high_value
203631,1295.65,high_value
203632,319.81,mid_value
203633,479.03,mid_value
203634,165.43,low_value
203635,79.53,low_value
203636,1118.79,high_value
203637,401.22,mid_value
203638,709.45,mid_value
203639,116.28,low_value
203640,97.88,low_value
203641,95.29,low_value
203642,185.01,mid_value
203643,23554.15,high_value
203644,303.27,mid_value
203645,1665.64,high_value
203646,411.39,mid_value
203647,516.84,mid_value
203648,67.94,low_value
203649,191.45,mid_value
203650,19267.39,high_value
203651,94.96,low_value
203652,51.84,low_value
203653,148.53,low_value
203654,26701.78,high_value
203655,223.88,mid_value
203656,365.11,mid_value
203657,398.22,mid_value
203658,260.37,mid_value
203659,372.35,mid_value
203660,66.23,low_value
203661,565.79,mid_value
203662,598.87,mid_value
203663,27370.27,high_value
203664,60.39,low_value
203665,85.97,low_value
203666,19256.36,high_value
203667,476.18,mid_value
203668,20043.79,high_value
203669,126.03,low_value
203670,1003.29,mid_value
203671,367.45,mid_value
203672,24489.38,high_value
203673,19003.94,high_value
203674,193.79,mid_value
203675,29998.02,high_value
203676,744.8,mid_value
203677,29614.36,high_value
203678,526.83,mid_value
203679,22207.2,high_value
203680,482.12,mid_value
203681,26518.56,high_value
203682,111.31,low_value
203683,2013.02,high_value
203684,267.4,mid_value
203685,142.62,low_value
203686,248.18,mid_value
203687,20313.38,high_value
203688,80.92,low_value
203689,494.73,mid_value
203690,264.71,mid_value
203691,28913.69,high_value
203692,96.93,low_value
203693,436.52,mid_value
203694,145.2,low_value
203695,22141.28,high_value
203696,372.06,mid_value
203697,120.14,low_value
203698,272.2,mid_value
203699,22462.86,high_value
203700,85.21,low_value
203701,502.76,mid_value
203702,263.23,mid_value
203703,233.22,mid_value
203704,273.86,mid_value
203705,989.62,mid_value
203706,25713.91,high_value
203707,24189.9,high_value
203708,879.32,mid_value
203709,26351.83,high_value
203710,481.29,mid_value
203711,355.27,mid_value
203712,89.18,low_value
203713,211.97,mid_value
203714,503.71,mid_value
203715,129.51,low_value
203716,21127.82,high_value
203717,366.91,mid_value
203718,955.17,mid_value
203719,498.62,mid_value
203720,207.6,mid_value
203721,16215.49,high_value
203722,157.86,low_value
203723,724.38,mid_value
203724,971.77,mid_value
203725,273.25,mid_value
203726,439.26,mid_value
203727,323.13,mid_value
203728,639.59,mid_value
203729,222.66,mid_value
203730,178.46,mid_value
203731,589.05,mid_value
203732,26841.09,high_value
203733,194.08,mid_value
203734,25180.89,high_value
203735,247.54,mid_value
203736,985.52,mid_value
203737,325.22,mid_value
203738,258.41,mid_value
203739,883.44,mid_value
203740,613.43,mid_value
203741,64.9,low_value
203742,384.86,mid_value
203743,95.29,low_value
203744,212.36,mid_value
203745,26776.79,high_value
203746,1033.72,high_value
203747,23450.55,high_value
203748,512.98,mid_value
203749,227.03,mid_value
203750,419.4,mid_value
203751,84.54,low_value
203752,24859.97,high_value
203753,493.97,mid_value
203754,77.51,low_value
203755,164.94,low_value
203756,464.1,mid_value
203757,122.22,low_value
203758,966.06,mid_value
203759,346.42,mid_value
203760,364.07,mid_value
203761,66.48,low_value
203762,401.93,mid_value
203763,405.34,mid_value
203764,687.39,mid_value
203765,224.42,mid_value
203766,310.36,mid_value
203767,187.22,mid_value
203768,210.57,mid_value
203769,296.75,mid_value
203770,287.4,mid_value
203771,475.72,mid_value
203772,306.04,mid_value
203773,241.47,mid_value
203774,111.36,low_value
203775,279.27,mid_value
203776,595.72,mid_value
203777,619.45,mid_value
203778,183.32,mid_value
203779,22940.87,high_value
203780,28104.11,high_value
203781,26077.18,high_value
203782,59.77,low_value
203783,26480.24,high_value
203784,462.36,mid_value
203785,554.79,mid_value
203786,402.14,mid_value
203787,105.62,low_value
203788,88.15,low_value
203789,160.51,low_value
203790,677.77,mid_value
203791,262.58,mid_value
203792,335.58,mid_value
203793,78.07,low_value
203794,721.09,mid_value
203795,323.23,mid_value
203796,296.44,mid_value
203797,109.42,low_value
203798,23711.89,high_value
203799,1104.6,high_value
203800,20571.37,high_value
203801,187.4,mid_value
203802,22151.12,high_value
203803,255.47,mid_value
203804,150.67,low_value
203805,99.09,low_value
203806,149.28,low_value
203807,56.44,low_value
203808,180.83,mid_value
203809,23517.67,high_value
203810,884.7,mid_value
203811,23336.13,high_value
203812,209.75,mid_value
203813,206.97,mid_value
203814,205.5,mid_value
203815,24267.4,high_value
203816,298.11,mid_value
203817,403.88,mid_value
203818,294.45,mid_value
203819,644.64,mid_value
203820,17824.43,high_value
203821,108.88,low_value
203822,643.63,mid_value
203823,1029.3,high_value
203824,2654.6,high_value
203825,766.7,mid_value
203826,346.7,mid_value
203827,103.08,low_value
203828,75.58,low_value
203829,162.74,low_value
203830,62.81,low_value
203831,303.13,mid_value
203832,426.26,mid_value
203833,21612.6,high_value
203834,92.3,low_value
203835,24398.72,high_value
203836,80.23,low_value
203837,548.46,mid_value
203838,864.6,mid_value
203839,211.48,mid_value
203840,348.62,mid_value
203841,163.46,low_value
203842,360.66,mid_value
203843,790.14,mid_value
203844,25113.83,high_value
203845,30421.77,high_value
203846,282.32,mid_value
203847,519.95,mid_value
203848,93.21,low_value
203849,29260.69,high_value
203850,211.61,mid_value
203851,694.58,mid_value
203852,234.91,mid_value
203853,854.42,mid_value
203854,629.46,mid_value
203855,353.61,mid_value
203856,133.59,low_value
203857,161.08,low_value
203858,587.82,mid_value
203859,25559.55,high_value
203860,1142.6,high_value
203861,198.91,mid_value
203862,111.31,low_value
203863,569.71,mid_value
203864,127.9,low_value
203865,1186.1,high_value
203866,25711.0,high_value
203867,488.16,mid_value
203868,328.88,mid_value
203869,440.65,mid_value
203870,25779.37,high_value
203871,77.55,low_value
203872,210.47,mid_value
203873,61.09,low_value
203874,24683.73,high_value
203875,889.59,mid_value
203876,644.96,mid_value
203877,28243.19,high_value
203878,50.55,low_value
203879,829.12,mid_value
203880,238.59,mid_value
203881,166.18,low_value
203882,122.85,low_value
203883,125.91,low_value
203884,889.04,mid_value
203885,29487.43,high_value
203886,34940.76,high_value
203887,168.62,low_value
203888,441.69,mid_value
203889,366.42,mid_value
203890,196.42,mid_value
203891,22480.46,high_value
203892,528.88,mid_value
203893,322.75,mid_value
203894,301.36,mid_value
203895,1208.65,high_value
203896,196.09,mid_value
203897,28798.38,high_value
203898,589.96,mid_value
203899,222.55,mid_value
203900,64.86,low_value
203901,26288.33,high_value
203902,266.01,mid_value
203903,159.67,low_value
203904,360.0,mid_value
203905,612.27,mid_value
203906,225.64,mid_value
203907,421.76,mid_value
203908,21901.54,high_value
203909,24628.22,high_value
203910,89.56,low_value
203911,20799.44,high_value
203912,966.58,mid_value
203913,533.31,mid_value
203914,321.1,mid_value
203915,239.6,mid_value
203916,600.58,mid_value
203917,912.23,mid_value
203918,192.29,mid_value
203919,25776.21,high_value
203920,204.07,mid_value
203921,21704.26,high_value
203922,440.8,mid_value
203923,87.18,low_value
203924,1079.18,high_value
203925,365.6,mid_value
203926,110.57,low_value
203927,18553.73,high_value
203928,72.65,low_value
203929,53.44,low_value
203930,377.54,mid_value
203931,25031.52,high_value
203932,401.8,mid_value
203933,228.21,mid_value
203934,101.63,low_value
203935,1442.68,high_value
203936,56.44,low_value
203937,864.45,mid_value
203938,399.71,mid_value
203939,108.49,low_value
203940,388.94,mid_value
203941,419.11,mid_value
203942,73.66,low_value
203943,29467.34,high_value
203944,381.23,mid_value
203945,89.17,low_value
203946,97.56,low_value
203947,28833.54,high_value
203948,60.65,low_value
203949,767.91,mid_value
203950,25745.66,high_value
203951,115.92,low_value
203952,70.83,low_value
203953,22865.6,high_value
203954,610.33,mid_value
203955,120.15,low_value
203956,34126.61,high_value
203957,195.86,mid_value
203958,104.45,low_value
203959,241.52,mid_value
203960,125.76,low_value
203961,1403.88,high_value
203962,133.82,low_value
203963,444.48,mid_value
203964,30301.73,high_value
203965,491.06,mid_value
203966,248.88,mid_value
203967,192.85,mid_value
203968,178.82,mid_value
203969,155.88,low_value
203970,24910.88,high_value
203971,384.28,mid_value
203972,178.5,mid_value
203973,112.29,low_value
203974,118.62,low_value
203975,362.6,mid_value
203976,459.92,mid_value
203977,66.2,low_value
203978,213.64,mid_value
203979,1175.41,high_value
203980,353.7,mid_value
203981,138.88,low_value
203982,118.37,low_value
203983,165.31,low_value
203984,630.08,mid_value
203985,72.98,low_value
203986,294.8,mid_value
203987,222.56,mid_value
203988,304.9,mid_value
203989,663.78,mid_value
203990,481.74,mid_value
203991,21327.49,high_value
203992,22058.79,high_value
203993,227.63,mid_value
203994,228.39,mid_value
203995,93.85,low_value
203996,399.73,mid_value
203997,212.92,mid_value
203998,984.55,mid_value
203999,160.27,low_value
204000,124.74,low_value
204001,648.44,mid_value
204002,32740.62,high_value
204003,1100.17,high_value
204004,435.09,mid_value
204005,28505.82,high_value
204006,226.03,mid_value
204007,239.25,mid_value
204008,24511.77,high_value
204009,73.23,low_value
204010,138.89,low_value
204011,139.72,low_value
204012,913.16,mid_value
204013,57.95,low_value
204014,442.29,mid_value
204015,312.33,mid_value
204016,122.9,low_value
204017,565.01,mid_value
204018,250.52,mid_value
204019,325.63,mid_value
204020,29779.05,high_value
204021,1102.24,high_value
204022,1136.28,high_value
204023,306.01,mid_value
204024,563.21,mid_value
204025,361.59,mid_value
204026,660.14,mid_value
204027,143.22,low_value
204028,475.68,mid_value
204029,158.0,low_value
204030,219.49,mid_value
204031,22319.54,high_value
204032,130.24,low_value
204033,1026.22,high_value
204034,73.9,low_value
204035,299.26,mid_value
204036,90.96,low_value
204037,58.65,low_value
204038,202.58,mid_value
204039,644.34,mid_value
204040,566.87,mid_value
204041,376.74,mid_value
204042,75.75,low_value
204043,27942.49,high_value
204044,883.61,mid_value
204045,327.89,mid_value
204046,172.49,low_value
204047,425.69,mid_value
204048,612.28,mid_value
204049,147.62,low_value
204050,210.27,mid_value
204051,681.65,mid_value
204052,553.09,mid_value
204053,166.18,low_value
204054,53.8,low_value
204055,93.63,low_value
204056,18250.62,high_value
204057,25136.11,high_value
204058,158.73,low_value
204059,87.61,low_value
204060,165.35,low_value
204061,72.57,low_value
204062,24051.95,high_value
204063,419.67,mid_value
204064,755.49,mid_value
204065,107.32,low_value
204066,422.72,mid_value
204067,196.54,mid_value
204068,170.59,low_value
204069,161.18,low_value
204070,182.09,mid_value
204071,507.63,mid_value
204072,30036.93,high_value
204073,23411.22,high_value
204074,143.75,low_value
204075,518.13,mid_value
204076,76.44,low_value
204077,14871.02,high_value
204078,758.88,mid_value
204079,142.24,low_value
204080,429.56,mid_value
204081,29766.83,high_value
204082,488.22,mid_value
204083,31092.95,high_value
204084,686.86,mid_value
204085,137.34,low_value
204086,31394.15,high_value
204087,116.95,low_value
204088,23009.72,high_value
204089,371.27,mid_value
204090,24613.51,high_value
204091,514.71,mid_value
204092,17125.98,high_value
204093,132.09,low_value
204094,424.13,mid_value
204095,696.07,mid_value
204096,499.07,mid_value
204097,687.3,mid_value
204098,23559.84,high_value
204099,128.17,low_value
204100,63.2,low_value
204101,1336.8,high_value
204102,26901.72,high_value
204103,74.14,low_value
204104,636.45,mid_value
204105,341.22,mid_value
204106,431.24,mid_value
204107,24037.34,high_value
204108,307.01,mid_value
204109,396.01,mid_value
204110,206.73,mid_value
204111,256.42,mid_value
204112,140.61,low_value
204113,305.49,mid_value
204114,137.24,low_value
204115,401.29,mid_value
204116,137.18,low_value
204117,1138.0,high_value
204118,299.98,mid_value
204119,931.96,mid_value
204120,176.0,low_value
204121,719.31,mid_value
204122,130.44,low_value
204123,601.7,mid_value
204124,88.09,low_value
204125,27534.64,high_value
204126,387.02,mid_value
204127,149.13,low_value
204128,1289.86,high_value
204129,214.76,mid_value
204130,25209.03,high_value
204131,26265.43,high_value
204132,84.91,low_value
204133,25738.84,high_value
204134,376.63,mid_value
204135,1108.47,high_value
204136,285.28,mid_value
204137,105.63,low_value
204138,325.21,mid_value
204139,594.85,mid_value
204140,467.25,mid_value
204141,1101.74,high_value
204142,22775.53,high_value
204143,332.74,mid_value
204144,307.01,mid_value
204145,546.36,mid_value
204146,655.15,mid_value
204147,462.06,mid_value
204148,59.29,low_value
204149,255.06,mid_value
204150,862.13,mid_value
204151,121.88,low_value
204152,196.84,mid_value
204153,128.91,low_value
204154,963.11,mid_value
204155,166.19,low_value
204156,1186.69,high_value
204157,1496.82,high_value
204158,855.32,mid_value
204159,23862.46,high_value
204160,260.72,mid_value
204161,61.01,low_value
204162,759.98,mid_value
204163,244.37,mid_value
204164,675.25,mid_value
204165,69.71,low_value
204166,722.94,mid_value
204167,252.63,mid_value
204168,878.88,mid_value
204169,57.52,low_value
204170,58.93,low_value
204171,332.45,mid_value
204172,460.91,mid_value
204173,27999.6,high_value
204174,1301.51,high_value
204175,346.02,mid_value
204176,15048.77,high_value
204177,176.94,low_value
204178,286.78,mid_value
204179,162.1,low_value
204180,25672.24,high_value
204181,160.03,low_value
204182,136.38,low_value
204183,213.56,mid_value
204184,1182.14,high_value
204185,72.06,low_value
204186,22087.69,high_value
204187,113.97,low_value
204188,377.37,mid_value
204189,217.17,mid_value
204190,79.27,low_value
204191,314.21,mid_value
204192,27802.8,high_value
204193,64.04,low_value
204194,466.78,mid_value
204195,212.84,mid_value
204196,253.14,mid_value
204197,138.02,low_value
204198,830.67,mid_value
204199,265.45,mid_value
204200,53.56,low_value
204201,568.69,mid_value
204202,506.98,mid_value
204203,693.32,mid_value
204204,1082.69,high_value
204205,96.48,low_value
204206,26117.07,high_value
204207,168.16,low_value
204208,162.46,low_value
204209,30956.45,high_value
204210,230.83,mid_value
204211,379.57,mid_value
204212,369.87,mid_value
204213,406.72,mid_value
204214,926.38,mid_value
204215,26516.61,high_value
204216,982.74,mid_value
204217,225.23,mid_value
204218,453.06,mid_value
204219,241.69,mid_value
204220,421.98,mid_value
204221,27085.12,high_value
204222,1160.14,high_value
204223,1202.1,high_value
204224,1256.83,high_value
204225,272.84,mid_value
204226,652.63,mid_value
204227,34214.56,high_value
204228,128.98,low_value
204229,22567.09,high_value
204230,1019.78,mid_value
204231,391.33,mid_value
204232,27193.28,high_value
204233,199.14,mid_value
204234,96.96,low_value
204235,64.08,low_value
204236,364.13,mid_value
204237,676.27,mid_value
204238,167.35,low_value
204239,24704.11,high_value
204240,409.94,mid_value
204241,758.52,mid_value
204242,422.65,mid_value
204243,1320.57,high_value
204244,311.59,mid_value
204245,20130.87,high_value
204246,55.07,low_value
204247,145.5,low_value
204248,165.49,low_value
204249,25850.3,high_value
204250,169.23,low_value
204251,626.57,mid_value
204252,19653.1,high_value
204253,240.41,mid_value
204254,120.93,low_value
204255,419.74,mid_value
204256,82.47,low_value
204257,100.52,low_value
204258,545.59,mid_value
204259,1039.3,high_value
204260,303.88,mid_value
204261,464.63,mid_value
204262,2098.04,high_value
204263,147.9,low_value
204264,843.31,mid_value
204265,264.98,mid_value
204266,205.36,mid_value
204267,1203.2,high_value
204268,172.07,low_value
204269,367.29,mid_value
204270,282.85,mid_value
204271,27330.95,high_value
204272,307.84,mid_value
204273,114.77,low_value
204274,53.87,low_value
204275,669.65,mid_value
204276,1013.27,mid_value
204277,623.33,mid_value
204278,743.5,mid_value
204279,177.18,low_value
204280,20382.55,high_value
204281,144.61,low_value
204282,75.01,low_value
204283,130.85,low_value
204284,266.62,mid_value
204285,117.98,low_value
204286,253.06,mid_value
204287,619.55,mid_value
204288,150.36,low_value
204289,227.54,mid_value
204290,300.48,mid_value
204291,115.11,low_value
204292,30213.11,high_value
204293,324.09,mid_value
204294,395.83,mid_value
204295,72.16,low_value
204296,536.85,mid_value
204297,689.22,mid_value
204298,94.23,low_value
204299,93.77,low_value
204300,341.45,mid_value
204301,24690.23,high_value
204302,251.44,mid_value
204303,21508.16,high_value
204304,265.31,mid_value
204305,850.9,mid_value
204306,24342.66,high_value
204307,454.81,mid_value
204308,21735.13,high_value
204309,178.24,mid_value
204310,188.57,mid_value
204311,662.0,mid_value
204312,326.73,mid_value
204313,23012.27,high_value
204314,30810.47,high_value
204315,161.79,low_value
204316,1187.18,high_value
204317,26703.37,high_value
204318,22570.58,high_value
204319,1831.86,high_value
204320,236.23,mid_value
204321,68.63,low_value
204322,24755.98,high_value
204323,29273.52,high_value
204324,64.38,low_value
204325,404.12,mid_value
204326,252.07,mid_value
204327,625.22,mid_value
204328,605.43,mid_value
204329,201.11,mid_value
204330,20690.5,high_value
204331,181.89,mid_value
204332,262.86,mid_value
204333,435.78,mid_value
204334,102.48,low_value
204335,287.61,mid_value
204336,28357.87,high_value
204337,937.84,mid_value
204338,205.0,mid_value
204339,435.45,mid_value
204340,626.05,mid_value
204341,333.46,mid_value
204342,231.78,mid_value
204343,26493.39,high_value
204344,268.22,mid_value
204345,257.77,mid_value
204346,27272.41,high_value
204347,364.82,mid_value
204348,1516.21,high_value
204349,58.99,low_value
204350,785.82,mid_value
204351,120.07,low_value
204352,302.61,mid_value
204353,118.84,low_value
204354,552.84,mid_value
204355,106.95,low_value
204356,357.35,mid_value
204357,73.66,low_value
204358,1044.71,high_value
204359,115.59,low_value
204360,658.98,mid_value
204361,782.78,mid_value
204362,502.17,mid_value
204363,32681.47,high_value
204364,126.35,low_value
204365,542.66,mid_value
204366,404.58,mid_value
204367,29107.95,high_value
204368,26354.21,high_value
204369,18754.03,high_value
204370,55.85,low_value
204371,259.78,mid_value
204372,766.11,mid_value
204373,64.05,low_value
204374,54.28,low_value
204375,317.22,mid_value
204376,580.54,mid_value
204377,23614.29,high_value
204378,315.34,mid_value
204379,202.62,mid_value
204380,21972.94,high_value
204381,75.44,low_value
204382,390.88,mid_value
204383,26283.14,high_value
204384,20521.82,high_value
204385,389.51,mid_value
204386,376.15,mid_value
204387,201.16,mid_value
204388,207.22,mid_value
204389,159.52,low_value
204390,603.29,mid_value
204391,114.46,low_value
204392,245.38,mid_value
204393,353.7,mid_value
204394,238.96,mid_value
204395,174.53,low_value
204396,420.19,mid_value
204397,93.76,low_value
204398,536.52,mid_value
204399,32813.04,high_value
204400,133.41,low_value
204401,761.14,mid_value
204402,666.6,mid_value
204403,150.8,low_value
204404,14477.08,high_value
204405,388.28,mid_value
204406,459.31,mid_value
204407,479.48,mid_value
204408,509.39,mid_value
204409,336.6,mid_value
204410,24198.59,high_value
204411,245.2,mid_value
204412,27365.4,high_value
204413,154.4,low_value
204414,832.52,mid_value
204415,1029.3,high_value
204416,1349.76,high_value
204417,25308.63,high_value
204418,21048.51,high_value
204419,459.38,mid_value
204420,197.23,mid_value
204421,410.79,mid_value
204422,322.47,mid_value
204423,210.85,mid_value
204424,567.46,mid_value
204425,155.27,low_value
204426,112.12,low_value
204427,146.74,low_value
204428,21334.72,high_value
204429,171.65,low_value
204430,1128.08,high_value
204431,24697.34,high_value
204432,251.8,mid_value
204433,183.41,mid_value
204434,124.15,low_value
204435,102.49,low_value
204436,450.03,mid_value
204437,150.48,low_value
204438,704.6,mid_value
204439,242.24,mid_value
204440,28544.76,high_value
204441,58.62,low_value
204442,29405.29,high_value
204443,61.18,low_value
204444,269.06,mid_value
204445,164.29,low_value
204446,195.14,mid_value
204447,20295.31,high_value
204448,663.47,mid_value
204449,809.98,mid_value
204450,835.48,mid_value
204451,235.28,mid_value
204452,466.14,mid_value
204453,34089.74,high_value
204454,77.52,low_value
204455,240.02,mid_value
204456,107.75,low_value
204457,79.58,low_value
204458,624.33,mid_value
204459,343.74,mid_value
204460,120.67,low_value
204461,25931.15,high_value
204462,660.87,mid_value
204463,124.56,low_value
204464,582.86,mid_value
204465,413.27,mid_value
204466,437.49,mid_value
204467,54.27,low_value
204468,715.43,mid_value
204469,889.76,mid_value
204470,92.19,low_value
204471,841.08,mid_value
204472,181.35,mid_value
204473,858.37,mid_value
204474,571.51,mid_value
204475,1463.52,high_value
204476,284.05,mid_value
204477,20794.76,high_value
204478,983.73,mid_value
204479,111.59,low_value
204480,348.27,mid_value
204481,117.06,low_value
204482,170.97,low_value
204483,1276.44,high_value
204484,351.63,mid_value
204485,268.26,mid_value
204486,24351.5,high_value
204487,271.39,mid_value
204488,157.42,low_value
204489,564.38,mid_value
204490,81.85,low_value
204491,228.1,mid_value
204492,579.28,mid_value
204493,323.08,mid_value
204494,768.91,mid_value
204495,203.47,mid_value
204496,26601.93,high_value
204497,146.61,low_value
204498,155.34,low_value
204499,27780.81,high_value
204500,614.33,mid_value
204501,156.19,low_value
204502,270.93,mid_value
204503,22160.84,high_value
204504,24843.92,high_value
204505,316.95,mid_value
204506,855.99,mid_value
204507,606.25,mid_value
204508,16469.62,high_value
204509,21909.73,high_value
204510,351.37,mid_value
204511,566.1,mid_value
204512,97.98,low_value
204513,283.39,mid_value
204514,29549.26,high_value
204515,26832.67,high_value
204516,340.06,mid_value
204517,260.07,mid_value
204518,23361.25,high_value
204519,210.89,mid_value
204520,76.72,low_value
204521,1237.81,high_value
204522,243.16,mid_value
204523,891.33,mid_value
204524,275.0,mid_value
204525,144.89,low_value
204526,933.37,mid_value
204527,186.72,mid_value
204528,29686.87,high_value
204529,702.23,mid_value
204530,1200.58,high_value
204531,316.21,mid_value
204532,103.16,low_value
204533,465.65,mid_value
204534,17124.31,high_value
204535,24102.72,high_value
204536,468.45,mid_value
204537,217.6,mid_value
204538,358.55,mid_value
204539,725.93,mid_value
204540,1002.95,mid_value
204541,82.78,low_value
204542,214.83,mid_value
204543,518.24,mid_value
204544,254.69,mid_value
204545,30214.03,high_value
204546,550.99,mid_value
204547,102.7,low_value
204548,234.32,mid_value
204549,784.45,mid_value
204550,212.92,mid_value
204551,19132.86,high_value
204552,655.3,mid_value
204553,91.41,low_value
204554,1148.17,high_value
204555,24125.39,high_value
204556,77.99,low_value
204557,328.25,mid_value
204558,284.07,mid_value
204559,21662.71,high_value
204560,32966.21,high_value
204561,19968.53,high_value
204562,2068.83,high_value
204563,351.66,mid_value
204564,354.12,mid_value
204565,307.11,mid_value
204566,325.22,mid_value
204567,30426.33,high_value
204568,95.58,low_value
204569,400.26,mid_value
204570,489.04,mid_value
204571,94.99,low_value
204572,1003.66,mid_value
204573,1519.66,high_value
204574,429.62,mid_value
204575,775.63,mid_value
204576,22490.75,high_value
204577,519.39,mid_value
204578,264.49,mid_value
204579,32591.07,high_value
204580,579.75,mid_value
204581,859.98,mid_value
204582,152.22,low_value
204583,137.89,low_value
204584,25157.79,high_value
204585,115.93,low_value
204586,25445.49,high_value
204587,216.77,mid_value
204588,57.75,low_value
204589,805.73,mid_value
204590,242.2,mid_value
204591,653.82,mid_value
204592,68.5,low_value
204593,251.06,mid_value
204594,20506.02,high_value
204595,431.21,mid_value
204596,145.22,low_value
204597,687.77,mid_value
204598,855.97,mid_value
204599,345.44,mid_value
204600,83.92,low_value
204601,386.96,mid_value
204602,183.96,mid_value
204603,22672.87,high_value
204604,19416.84,high_value
204605,66.35,low_value
204606,301.58,mid_value
204607,421.81,mid_value
204608,159.45,low_value
204609,426.33,mid_value
204610,162.69,low_value
204611,20311.06,high_value
204612,165.97,low_value
204613,563.62,mid_value
204614,1260.63,high_value
204615,348.9,mid_value
204616,23537.98,high_value
204617,337.15,mid_value
204618,318.83,mid_value
204619,318.42,mid_value
204620,25563.93,high_value
204621,399.07,mid_value
204622,260.13,mid_value
204623,26252.74,high_value
204624,185.84,mid_value
204625,265.11,mid_value
204626,276.23,mid_value
204627,54.28,low_value
204628,281.02,mid_value
204629,24273.99,high_value
204630,22086.91,high_value
204631,29094.12,high_value
204632,227.44,mid_value
204633,1589.99,high_value
204634,221.95,mid_value
204635,505.61,mid_value
204636,274.83,mid_value
204637,33383.37,high_value
204638,548.04,mid_value
204639,23114.95,high_value
204640,707.2,mid_value
204641,462.59,mid_value
204642,133.39,low_value
204643,1544.07,high_value
204644,455.79,mid_value
204645,27416.48,high_value
204646,25740.7,high_value
204647,34280.16,high_value
204648,54.84,low_value
204649,330.15,mid_value
204650,112.99,low_value
204651,119.19,low_value
204652,129.87,low_value
204653,221.85,mid_value
204654,16390.47,high_value
204655,175.47,low_value
204656,343.72,mid_value
204657,28556.15,high_value
204658,214.28,mid_value
204659,409.85,mid_value
204660,294.8,mid_value
204661,210.45,mid_value
204662,937.26,mid_value
204663,249.72,mid_value
204664,22511.86,high_value
204665,665.11,mid_value
204666,290.3,mid_value
204667,224.07,mid_value
204668,201.09,mid_value
204669,365.9,mid_value
204670,684.99,mid_value
204671,837.34,mid_value
204672,789.73,mid_value
204673,138.16,low_value
204674,158.04,low_value
204675,485.34,mid_value
204676,621.11,mid_value
204677,98.61,low_value
204678,149.11,low_value
204679,337.87,mid_value
204680,59.02,low_value
204681,351.87,mid_value
204682,401.34,mid_value
204683,51.62,low_value
204684,265.17,mid_value
204685,507.76,mid_value
204686,391.71,mid_value
204687,588.3,mid_value
204688,180.82,mid_value
204689,260.8,mid_value
204690,16926.05,high_value
204691,270.03,mid_value
204692,150.09,low_value
204693,169.32,low_value
204694,242.3,mid_value
204695,177.5,low_value
204696,381.21,mid_value
204697,326.93,mid_value
204698,230.2,mid_value
204699,14182.43,high_value
204700,391.2,mid_value
204701,383.11,mid_value
204702,28208.51,high_value
204703,323.49,mid_value
204704,29232.47,high_value
204705,231.3,mid_value
204706,481.06,mid_value
204707,22042.51,high_value
204708,80.53,low_value
204709,246.7,mid_value
204710,135.5,low_value
204711,480.52,mid_value
204712,146.96,low_value
204713,360.98,mid_value
204714,415.26,mid_value
204715,300.58,mid_value
204716,294.3,mid_value
204717,301.6,mid_value
204718,23547.53,high_value
204719,655.14,mid_value
204720,663.16,mid_value
204721,895.79,mid_value
204722,55.86,low_value
204723,73.47,low_value
204724,273.06,mid_value
204725,297.48,mid_value
204726,364.67,mid_value
204727,1276.3,high_value
204728,215.32,mid_value
204729,64.07,low_value
204730,25240.34,high_value
204731,301.17,mid_value
204732,215.78,mid_value
204733,2165.45,high_value
204734,240.43,mid_value
204735,341.93,mid_value
204736,65.53,low_value
204737,163.71,low_value
204738,209.32,mid_value
204739,355.65,mid_value
204740,195.36,mid_value
204741,136.16,low_value
204742,976.49,mid_value
204743,605.12,mid_value
204744,677.78,mid_value
204745,23739.65,high_value
204746,1023.02,mid_value
204747,1314.31,high_value
204748,291.46,mid_value
204749,281.18,mid_value
204750,499.84,mid_value
204751,144.24,low_value
204752,818.31,mid_value
204753,100.53,low_value
204754,25915.99,high_value
204755,17895.95,high_value
204756,323.84,mid_value
204757,24608.34,high_value
204758,27475.55,high_value
204759,54.26,low_value
204760,239.93,mid_value
204761,296.72,mid_value
204762,75.61,low_value
204763,276.2,mid_value
204764,32422.01,high_value
204765,111.34,low_value
204766,237.43,mid_value
204767,937.71,mid_value
204768,1996.59,high_value
204769,18878.15,high_value
204770,26987.49,high_value
204771,79.62,low_value
204772,26390.25,high_value
204773,160.55,low_value
204774,27061.18,high_value
204775,355.44,mid_value
204776,703.88,mid_value
204777,31848.16,high_value
204778,239.91,mid_value
204779,145.85,low_value
204780,553.08,mid_value
204781,26244.44,high_value
204782,258.83,mid_value
204783,30244.67,high_value
204784,77.76,low_value
204785,214.35,mid_value
204786,100.9,low_value
204787,1134.34,high_value
204788,380.05,mid_value
204789,753.72,mid_value
204790,281.59,mid_value
204791,343.39,mid_value
204792,19338.93,high_value
204793,164.97,low_value
204794,70.24,low_value
204795,610.48,mid_value
204796,1097.11,high_value
204797,84.46,low_value
204798,22642.91,high_value
204799,372.39,mid_value
204800,749.4,mid_value
204801,20735.06,high_value
204802,1266.98,high_value
204803,429.42,mid_value
204804,183.74,mid_value
204805,189.47,mid_value
204806,316.13,mid_value
204807,29297.27,high_value
204808,20386.6,high_value
204809,284.19,mid_value
204810,450.45,mid_value
204811,830.78,mid_value
204812,1016.63,mid_value
204813,25413.75,high_value
204814,21546.03,high_value
204815,19532.57,high_value
204816,116.61,low_value
204817,441.19,mid_value
204818,68.67,low_value
204819,23758.77,high_value
204820,31624.83,high_value
204821,63.9,low_value
204822,30384.9,high_value
204823,769.08,mid_value
204824,405.21,mid_value
204825,21383.73,high_value
204826,61.08,low_value
204827,176.3,low_value
204828,662.97,mid_value
204829,134.69,low_value
204830,306.32,mid_value
204831,155.29,low_value
204832,1158.98,high_value
204833,62.35,low_value
204834,939.77,mid_value
204835,72.61,low_value
204836,701.5,mid_value
204837,925.69,mid_value
204838,1487.97,high_value
204839,220.44,mid_value
204840,23148.24,high_value
204841,103.96,low_value
204842,103.81,low_value
204843,309.37,mid_value
204844,332.38,mid_value
204845,1224.53,high_value
204846,305.73,mid_value
204847,59.09,low_value
204848,202.42,mid_value
204849,613.93,mid_value
204850,763.99,mid_value
204851,149.01,low_value
204852,1271.17,high_value
204853,62.58,low_value
204854,65.17,low_value
204855,25314.31,high_value
204856,167.86,low_value
204857,173.0,low_value
204858,281.27,mid_value
204859,162.93,low_value
204860,625.71,mid_value
204861,816.61,mid_value
204862,200.84,mid_value
204863,927.19,mid_value
204864,101.61,low_value
204865,440.71,mid_value
204866,738.49,mid_value
204867,102.83,low_value
204868,105.83,low_value
204869,885.96,mid_value
204870,194.83,mid_value
204871,838.22,mid_value
204872,733.23,mid_value
204873,23427.79,high_value
204874,51.78,low_value
204875,568.63,mid_value
204876,351.02,mid_value
204877,249.11,mid_value
204878,70.31,low_value
204879,408.7,mid_value
204880,74.08,low_value
204881,234.62,mid_value
204882,574.34,mid_value
204883,23487.97,high_value
204884,283.66,mid_value
204885,304.2,mid_value
204886,1936.46,high_value
204887,379.77,mid_value
204888,374.04,mid_value
204889,248.48,mid_value
204890,850.88,mid_value
204891,538.68,mid_value
204892,416.08,mid_value
204893,25714.78,high_value
204894,1898.02,high_value
204895,149.45,low_value
204896,316.84,mid_value
204897,25292.79,high_value
204898,648.61,mid_value
204899,26950.24,high_value
204900,744.1,mid_value
204901,466.79,mid_value
204902,119.14,low_value
204903,27715.79,high_value
204904,321.4,mid_value
204905,178.01,mid_value
204906,682.72,mid_value
204907,156.93,low_value
204908,193.63,mid_value
204909,595.05,mid_value
204910,638.32,mid_value
204911,377.69,mid_value
204912,308.77,mid_value
204913,294.14,mid_value
204914,369.81,mid_value
204915,84.72,low_value
204916,29733.97,high_value
204917,111.12,low_value
204918,274.73,mid_value
204919,19878.18,high_value
204920,101.5,low_value
204921,23691.93,high_value
204922,21800.24,high_value
204923,579.7,mid_value
204924,859.28,mid_value
204925,719.12,mid_value
204926,31573.51,high_value
204927,30989.73,high_value
204928,810.33,mid_value
204929,130.67,low_value
204930,21476.98,high_value
204931,623.37,mid_value
204932,28525.63,high_value
204933,157.78,low_value
204934,97.14,low_value
204935,147.0,low_value
204936,25318.39,high_value
204937,147.16,low_value
204938,55.05,low_value
204939,1951.64,high_value
204940,89.45,low_value
204941,268.42,mid_value
204942,27296.28,high_value
204943,33660.22,high_value
204944,487.19,mid_value
204945,363.51,mid_value
204946,23676.84,high_value
204947,812.9,mid_value
204948,1663.7,high_value
204949,547.62,mid_value
204950,240.16,mid_value
204951,20991.13,high_value
204952,50.23,low_value
204953,1079.76,high_value
204954,392.36,mid_value
204955,91.18,low_value
204956,159.91,low_value
204957,81.13,low_value
204958,547.71,mid_value
204959,132.82,low_value
204960,108.74,low_value
204961,688.12,mid_value
204962,18804.16,high_value
204963,52.24,low_value
204964,25866.5,high_value
204965,180.37,mid_value
204966,262.02,mid_value
204967,152.03,low_value
204968,141.97,low_value
204969,80.09,low_value
204970,1201.71,high_value
204971,232.84,mid_value
204972,223.62,mid_value
204973,224.67,mid_value
204974,243.21,mid_value
204975,20957.61,high_value
204976,25889.16,high_value
204977,20698.75,high_value
204978,305.94,mid_value
204979,19335.09,high_value
204980,32044.75,high_value
204981,205.2,mid_value
204982,154.56,low_value
204983,657.3,mid_value
204984,1043.34,high_value
204985,247.94,mid_value
204986,120.28,low_value
204987,64.09,low_value
204988,26665.78,high_value
204989,154.81,low_value
204990,348.2,mid_value
204991,296.3,mid_value
204992,22217.22,high_value
204993,320.8,mid_value
204994,78.04,low_value
204995,70.56,low_value
204996,83.12,low_value
204997,326.88,mid_value
204998,31782.89,high_value
204999,416.76,mid_value
205000,28901.25,high_value
