customer_id,customer_name,customer_segment,signup_date,order_id,order_amount,order_date
1,Customer_1,B2C,2024-01-01,,,
2,Customer_2,SMB,2024-01-02,,,
3,Customer_3,B2C,2024-01-03,,,
4,Customer_4,B2C,2024-01-04,,,
5,Customer_5,B2B,2024-01-05,,,
6,Customer_6,B2B,2024-01-06,,,
7,Customer_7,B2B,2024-01-07,,,
8,Customer_8,SMB,2024-01-08,,,
9,Customer_9,B2C,2024-01-09,,,
10,Customer_10,B2C,2024-01-10,,,
11,Customer_11,B2B,2024-01-11,,,
12,Customer_12,SMB,2024-01-12,,,
13,Customer_13,SMB,2024-01-13,,,
14,Customer_14,B2B,2024-01-14,,,
15,Customer_15,B2B,2024-01-15,,,
16,Customer_16,B2B,2024-01-16,,,
17,Customer_17,B2C,2024-01-17,,,
18,Customer_18,B2C,2024-01-18,,,
19,Customer_19,B2C,2024-01-19,,,
20,Customer_20,B2B,2024-01-20,,,
21,Customer_21,B2C,2024-01-21,,,
22,Customer_22,B2B,2024-01-22,,,
23,Customer_23,B2B,2024-01-23,,,
24,Customer_24,B2C,2024-01-24,,,
25,Customer_25,B2C,2024-01-25,,,
26,Customer_26,B2C,2024-01-26,,,
27,Customer_27,B2B,2024-01-27,,,
28,Customer_28,B2C,2024-01-28,,,
29,Customer_29,B2C,2024-01-29,,,
30,Customer_30,B2B,2024-01-30,,,
31,Customer_31,B2C,2024-01-31,,,
32,Customer_32,B2B,2024-02-01,,,
33,Customer_33,B2B,2024-02-02,,,
34,Customer_34,SMB,2024-02-03,,,
35,Customer_35,SMB,2024-02-04,,,
36,Customer_36,SMB,2024-02-05,,,
37,Customer_37,B2C,2024-02-06,,,
38,Customer_38,B2B,2024-02-07,,,
39,Customer_39,B2C,2024-02-08,,,
40,Customer_40,B2C,2024-02-09,,,
41,Customer_41,B2B,2024-02-10,,,
42,Customer_42,B2C,2024-02-11,,,
43,Customer_43,B2B,2024-02-12,,,
44,Customer_44,SMB,2024-02-13,,,
45,Customer_45,B2B,2024-02-14,,,
46,Customer_46,B2C,2024-02-15,,,
47,Customer_47,B2C,2024-02-16,,,
48,Customer_48,B2C,2024-02-17,,,
49,Customer_49,B2C,2024-02-18,,,
50,Customer_50,B2B,2024-02-19,5813.0,109.12,2025-02-03 20:00:00
50,Customer_50,B2B,2024-02-19,5892.0,368.13,2025-02-07 03:00:00
50,Customer_50,B2B,2024-02-19,7289.0,113.64,2025-04-06 08:00:00
50,Customer_50,B2B,2024-02-19,7567.0,403.11,2025-04-17 22:00:00
50,Customer_50,B2B,2024-02-19,7990.0,256.36,2025-05-05 13:00:00
50,Customer_50,B2B,2024-02-19,8815.0,58.75,2025-06-08 22:00:00
51,Customer_51,SMB,2024-02-20,5555.0,44.0,2025-01-24 02:00:00
51,Customer_51,SMB,2024-02-20,5724.0,369.84,2025-01-31 03:00:00
51,Customer_51,SMB,2024-02-20,6036.0,162.97,2025-02-13 03:00:00
52,Customer_52,B2C,2024-02-21,5132.0,19.39,2025-01-06 11:00:00
52,Customer_52,B2C,2024-02-21,5214.0,452.18,2025-01-09 21:00:00
52,Customer_52,B2C,2024-02-21,5970.0,457.39,2025-02-10 09:00:00
52,Customer_52,B2C,2024-02-21,8252.0,165.07,2025-05-16 11:00:00
52,Customer_52,B2C,2024-02-21,8466.0,398.4,2025-05-25 09:00:00
52,Customer_52,B2C,2024-02-21,9235.0,220.15,2025-06-26 10:00:00
52,Customer_52,B2C,2024-02-21,9498.0,204.84,2025-07-07 09:00:00
53,Customer_53,SMB,2024-02-22,8696.0,452.94,2025-06-03 23:00:00
54,Customer_54,SMB,2024-02-23,8435.0,127.57,2025-05-24 02:00:00
55,Customer_55,B2C,2024-02-24,9294.0,352.02,2025-06-28 21:00:00
56,Customer_56,SMB,2024-02-25,5306.0,135.11,2025-01-13 17:00:00
56,Customer_56,SMB,2024-02-25,5393.0,21.62,2025-01-17 08:00:00
56,Customer_56,SMB,2024-02-25,5604.0,51.68,2025-01-26 03:00:00
56,Customer_56,SMB,2024-02-25,6315.0,106.38,2025-02-24 18:00:00
56,Customer_56,SMB,2024-02-25,7713.0,181.5,2025-04-24 00:00:00
56,Customer_56,SMB,2024-02-25,9079.0,170.04,2025-06-19 22:00:00
56,Customer_56,SMB,2024-02-25,9411.0,215.96,2025-07-03 18:00:00
57,Customer_57,B2B,2024-02-26,5858.0,249.93,2025-02-05 17:00:00
57,Customer_57,B2B,2024-02-26,6549.0,189.73,2025-03-06 12:00:00
57,Customer_57,B2B,2024-02-26,7132.0,326.5,2025-03-30 19:00:00
57,Customer_57,B2B,2024-02-26,7444.0,94.47,2025-04-12 19:00:00
57,Customer_57,B2B,2024-02-26,8528.0,19.0,2025-05-27 23:00:00
57,Customer_57,B2B,2024-02-26,9862.0,83.43,2025-07-22 13:00:00
58,Customer_58,B2B,2024-02-27,5585.0,56.27,2025-01-25 08:00:00
59,Customer_59,B2B,2024-02-28,5761.0,208.66,2025-02-01 16:00:00
59,Customer_59,B2B,2024-02-28,6083.0,473.42,2025-02-15 02:00:00
59,Customer_59,B2B,2024-02-28,6521.0,246.91,2025-03-05 08:00:00
59,Customer_59,B2B,2024-02-28,6745.0,383.33,2025-03-14 16:00:00
59,Customer_59,B2B,2024-02-28,8086.0,448.43,2025-05-09 13:00:00
59,Customer_59,B2B,2024-02-28,8576.0,89.47,2025-05-29 23:00:00
59,Customer_59,B2B,2024-02-28,8785.0,349.99,2025-06-07 16:00:00
60,Customer_60,B2C,2024-02-29,5165.0,468.39,2025-01-07 20:00:00
60,Customer_60,B2C,2024-02-29,5526.0,376.07,2025-01-22 21:00:00
60,Customer_60,B2C,2024-02-29,9355.0,273.37,2025-07-01 10:00:00
60,Customer_60,B2C,2024-02-29,9982.0,440.28,2025-07-27 13:00:00
61,Customer_61,B2C,2024-03-01,5002.0,235.2,2025-01-01 01:00:00
61,Customer_61,B2C,2024-03-01,5622.0,159.81,2025-01-26 21:00:00
61,Customer_61,B2C,2024-03-01,5824.0,44.87,2025-02-04 07:00:00
61,Customer_61,B2C,2024-03-01,5982.0,53.02,2025-02-10 21:00:00
61,Customer_61,B2C,2024-03-01,6229.0,439.19,2025-02-21 04:00:00
61,Customer_61,B2C,2024-03-01,6300.0,469.65,2025-02-24 03:00:00
61,Customer_61,B2C,2024-03-01,6365.0,302.74,2025-02-26 20:00:00
61,Customer_61,B2C,2024-03-01,6764.0,146.71,2025-03-15 11:00:00
61,Customer_61,B2C,2024-03-01,8110.0,374.78,2025-05-10 13:00:00
61,Customer_61,B2C,2024-03-01,8341.0,166.83,2025-05-20 04:00:00
61,Customer_61,B2C,2024-03-01,8925.0,225.34,2025-06-13 12:00:00
62,Customer_62,B2B,2024-03-02,6466.0,362.43,2025-03-03 01:00:00
62,Customer_62,B2B,2024-03-02,6755.0,464.18,2025-03-15 02:00:00
62,Customer_62,B2B,2024-03-02,7945.0,242.48,2025-05-03 16:00:00
62,Customer_62,B2B,2024-03-02,8046.0,405.48,2025-05-07 21:00:00
62,Customer_62,B2B,2024-03-02,8186.0,432.3,2025-05-13 17:00:00
62,Customer_62,B2B,2024-03-02,8224.0,246.13,2025-05-15 07:00:00
62,Customer_62,B2B,2024-03-02,9845.0,295.83,2025-07-21 20:00:00
62,Customer_62,B2B,2024-03-02,9962.0,424.63,2025-07-26 17:00:00
63,Customer_63,SMB,2024-03-03,5619.0,295.53,2025-01-26 18:00:00
63,Customer_63,SMB,2024-03-03,5735.0,287.27,2025-01-31 14:00:00
63,Customer_63,SMB,2024-03-03,6767.0,36.93,2025-03-15 14:00:00
63,Customer_63,SMB,2024-03-03,8094.0,433.85,2025-05-09 21:00:00
63,Customer_63,SMB,2024-03-03,9783.0,412.57,2025-07-19 06:00:00
64,Customer_64,B2C,2024-03-04,8447.0,181.81,2025-05-24 14:00:00
65,Customer_65,B2B,2024-03-05,5030.0,383.6,2025-01-02 05:00:00
65,Customer_65,B2B,2024-03-05,5089.0,248.76,2025-01-04 16:00:00
65,Customer_65,B2B,2024-03-05,7187.0,90.17,2025-04-02 02:00:00
65,Customer_65,B2B,2024-03-05,7412.0,414.51,2025-04-11 11:00:00
66,Customer_66,B2C,2024-03-06,5337.0,368.43,2025-01-15 00:00:00
66,Customer_66,B2C,2024-03-06,5370.0,333.16,2025-01-16 09:00:00
66,Customer_66,B2C,2024-03-06,6511.0,461.06,2025-03-04 22:00:00
66,Customer_66,B2C,2024-03-06,6561.0,381.31,2025-03-07 00:00:00
66,Customer_66,B2C,2024-03-06,8294.0,466.43,2025-05-18 05:00:00
66,Customer_66,B2C,2024-03-06,8603.0,367.65,2025-05-31 02:00:00
66,Customer_66,B2C,2024-03-06,8984.0,40.0,2025-06-15 23:00:00
66,Customer_66,B2C,2024-03-06,9404.0,164.32,2025-07-03 11:00:00
67,Customer_67,B2B,2024-03-07,9334.0,256.75,2025-06-30 13:00:00
68,Customer_68,SMB,2024-03-08,5927.0,112.95,2025-02-08 14:00:00
68,Customer_68,SMB,2024-03-08,6715.0,155.95,2025-03-13 10:00:00
68,Customer_68,SMB,2024-03-08,6846.0,131.34,2025-03-18 21:00:00
68,Customer_68,SMB,2024-03-08,7570.0,157.03,2025-04-18 01:00:00
68,Customer_68,SMB,2024-03-08,7976.0,14.46,2025-05-04 23:00:00
68,Customer_68,SMB,2024-03-08,8502.0,456.3,2025-05-26 21:00:00
68,Customer_68,SMB,2024-03-08,8948.0,473.73,2025-06-14 11:00:00
68,Customer_68,SMB,2024-03-08,9376.0,175.23,2025-07-02 07:00:00
68,Customer_68,SMB,2024-03-08,9751.0,215.04,2025-07-17 22:00:00
69,Customer_69,B2B,2024-03-09,5202.0,417.17,2025-01-09 09:00:00
69,Customer_69,B2B,2024-03-09,5810.0,226.5,2025-02-03 17:00:00
69,Customer_69,B2B,2024-03-09,6772.0,260.13,2025-03-15 19:00:00
69,Customer_69,B2B,2024-03-09,6786.0,89.11,2025-03-16 09:00:00
69,Customer_69,B2B,2024-03-09,6805.0,276.46,2025-03-17 04:00:00
69,Customer_69,B2B,2024-03-09,7882.0,269.47,2025-05-01 01:00:00
69,Customer_69,B2B,2024-03-09,9022.0,355.69,2025-06-17 13:00:00
70,Customer_70,SMB,2024-03-10,5437.0,251.34,2025-01-19 04:00:00
70,Customer_70,SMB,2024-03-10,5710.0,40.11,2025-01-30 13:00:00
70,Customer_70,SMB,2024-03-10,6000.0,342.74,2025-02-11 15:00:00
70,Customer_70,SMB,2024-03-10,6505.0,256.16,2025-03-04 16:00:00
70,Customer_70,SMB,2024-03-10,7005.0,139.14,2025-03-25 12:00:00
70,Customer_70,SMB,2024-03-10,9248.0,62.43,2025-06-26 23:00:00
71,Customer_71,B2C,2024-03-11,5377.0,160.54,2025-01-16 16:00:00
71,Customer_71,B2C,2024-03-11,5427.0,410.48,2025-01-18 18:00:00
71,Customer_71,B2C,2024-03-11,5611.0,164.31,2025-01-26 10:00:00
71,Customer_71,B2C,2024-03-11,7054.0,338.67,2025-03-27 13:00:00
71,Customer_71,B2C,2024-03-11,7953.0,35.64,2025-05-04 00:00:00
71,Customer_71,B2C,2024-03-11,8101.0,76.14,2025-05-10 04:00:00
71,Customer_71,B2C,2024-03-11,8765.0,246.35,2025-06-06 20:00:00
71,Customer_71,B2C,2024-03-11,8904.0,189.97,2025-06-12 15:00:00
71,Customer_71,B2C,2024-03-11,9013.0,189.91,2025-06-17 04:00:00
72,Customer_72,B2B,2024-03-12,6716.0,392.22,2025-03-13 11:00:00
72,Customer_72,B2B,2024-03-12,7697.0,206.16,2025-04-23 08:00:00
72,Customer_72,B2B,2024-03-12,8082.0,230.4,2025-05-09 09:00:00
72,Customer_72,B2B,2024-03-12,8182.0,469.84,2025-05-13 13:00:00
73,Customer_73,B2B,2024-03-13,5672.0,103.07,2025-01-28 23:00:00
74,Customer_74,SMB,2024-03-14,6352.0,277.87,2025-02-26 07:00:00
74,Customer_74,SMB,2024-03-14,7988.0,52.2,2025-05-05 11:00:00
74,Customer_74,SMB,2024-03-14,8403.0,270.36,2025-05-22 18:00:00
74,Customer_74,SMB,2024-03-14,9073.0,249.42,2025-06-19 16:00:00
74,Customer_74,SMB,2024-03-14,9432.0,420.92,2025-07-04 15:00:00
75,Customer_75,B2C,2024-03-15,6080.0,334.53,2025-02-14 23:00:00
75,Customer_75,B2C,2024-03-15,7104.0,61.77,2025-03-29 15:00:00
75,Customer_75,B2C,2024-03-15,7457.0,232.93,2025-04-13 08:00:00
75,Customer_75,B2C,2024-03-15,8402.0,478.43,2025-05-22 17:00:00
76,Customer_76,B2C,2024-03-16,5475.0,49.8,2025-01-20 18:00:00
76,Customer_76,B2C,2024-03-16,8060.0,191.92,2025-05-08 11:00:00
76,Customer_76,B2C,2024-03-16,9691.0,457.47,2025-07-15 10:00:00
77,Customer_77,B2C,2024-03-17,5746.0,297.45,2025-02-01 01:00:00
77,Customer_77,B2C,2024-03-17,7036.0,486.56,2025-03-26 19:00:00
77,Customer_77,B2C,2024-03-17,8253.0,389.26,2025-05-16 12:00:00
78,Customer_78,B2B,2024-03-18,5111.0,22.24,2025-01-05 14:00:00
78,Customer_78,B2B,2024-03-18,5394.0,419.12,2025-01-17 09:00:00
78,Customer_78,B2B,2024-03-18,6519.0,310.95,2025-03-05 06:00:00
78,Customer_78,B2B,2024-03-18,8972.0,137.13,2025-06-15 11:00:00
78,Customer_78,B2B,2024-03-18,9863.0,290.2,2025-07-22 14:00:00
79,Customer_79,B2C,2024-03-19,6718.0,121.47,2025-03-13 13:00:00
79,Customer_79,B2C,2024-03-19,7685.0,276.62,2025-04-22 20:00:00
79,Customer_79,B2C,2024-03-19,8102.0,155.13,2025-05-10 05:00:00
80,Customer_80,B2B,2024-03-20,5312.0,44.35,2025-01-13 23:00:00
80,Customer_80,B2B,2024-03-20,7746.0,391.18,2025-04-25 09:00:00
80,Customer_80,B2B,2024-03-20,8079.0,454.36,2025-05-09 06:00:00
80,Customer_80,B2B,2024-03-20,8229.0,469.97,2025-05-15 12:00:00
80,Customer_80,B2B,2024-03-20,9980.0,444.91,2025-07-27 11:00:00
81,Customer_81,SMB,2024-03-21,7079.0,298.02,2025-03-28 14:00:00
81,Customer_81,SMB,2024-03-21,8776.0,264.06,2025-06-07 07:00:00
82,Customer_82,B2C,2024-03-22,5396.0,76.38,2025-01-17 11:00:00
82,Customer_82,B2C,2024-03-22,8334.0,451.37,2025-05-19 21:00:00
82,Customer_82,B2C,2024-03-22,8943.0,276.01,2025-06-14 06:00:00
83,Customer_83,B2C,2024-03-23,,,
84,Customer_84,B2B,2024-03-24,5657.0,322.51,2025-01-28 08:00:00
84,Customer_84,B2B,2024-03-24,5815.0,35.06,2025-02-03 22:00:00
84,Customer_84,B2B,2024-03-24,7419.0,34.43,2025-04-11 18:00:00
84,Customer_84,B2B,2024-03-24,7438.0,345.37,2025-04-12 13:00:00
84,Customer_84,B2B,2024-03-24,7783.0,131.26,2025-04-26 22:00:00
85,Customer_85,B2C,2024-03-25,6059.0,406.32,2025-02-14 02:00:00
85,Customer_85,B2C,2024-03-25,6165.0,110.08,2025-02-18 12:00:00
85,Customer_85,B2C,2024-03-25,9964.0,217.95,2025-07-26 19:00:00
86,Customer_86,B2C,2024-03-26,5259.0,186.01,2025-01-11 18:00:00
86,Customer_86,B2C,2024-03-26,5359.0,366.9,2025-01-15 22:00:00
87,Customer_87,B2C,2024-03-27,5251.0,34.67,2025-01-11 10:00:00
87,Customer_87,B2C,2024-03-27,6799.0,92.89,2025-03-16 22:00:00
87,Customer_87,B2C,2024-03-27,8737.0,88.75,2025-06-05 16:00:00
87,Customer_87,B2C,2024-03-27,9242.0,139.1,2025-06-26 17:00:00
88,Customer_88,B2C,2024-03-28,5078.0,248.2,2025-01-04 05:00:00
88,Customer_88,B2C,2024-03-28,5109.0,421.2,2025-01-05 12:00:00
88,Customer_88,B2C,2024-03-28,5415.0,144.87,2025-01-18 06:00:00
88,Customer_88,B2C,2024-03-28,5838.0,422.66,2025-02-04 21:00:00
88,Customer_88,B2C,2024-03-28,6048.0,449.53,2025-02-13 15:00:00
88,Customer_88,B2C,2024-03-28,6664.0,242.41,2025-03-11 07:00:00
88,Customer_88,B2C,2024-03-28,8536.0,72.28,2025-05-28 07:00:00
88,Customer_88,B2C,2024-03-28,9129.0,376.14,2025-06-22 00:00:00
88,Customer_88,B2C,2024-03-28,9297.0,252.87,2025-06-29 00:00:00
88,Customer_88,B2C,2024-03-28,9957.0,166.47,2025-07-26 12:00:00
89,Customer_89,SMB,2024-03-29,5242.0,288.31,2025-01-11 01:00:00
89,Customer_89,SMB,2024-03-29,5268.0,51.5,2025-01-12 03:00:00
89,Customer_89,SMB,2024-03-29,5277.0,234.97,2025-01-12 12:00:00
89,Customer_89,SMB,2024-03-29,5279.0,466.95,2025-01-12 14:00:00
89,Customer_89,SMB,2024-03-29,7163.0,61.28,2025-04-01 02:00:00
89,Customer_89,SMB,2024-03-29,8688.0,33.06,2025-06-03 15:00:00
89,Customer_89,SMB,2024-03-29,9502.0,280.4,2025-07-07 13:00:00
89,Customer_89,SMB,2024-03-29,9587.0,475.96,2025-07-11 02:00:00
90,Customer_90,B2C,2024-03-30,7254.0,493.23,2025-04-04 21:00:00
90,Customer_90,B2C,2024-03-30,7397.0,31.98,2025-04-10 20:00:00
90,Customer_90,B2C,2024-03-30,7555.0,462.41,2025-04-17 10:00:00
90,Customer_90,B2C,2024-03-30,7618.0,268.23,2025-04-20 01:00:00
90,Customer_90,B2C,2024-03-30,7695.0,175.36,2025-04-23 06:00:00
90,Customer_90,B2C,2024-03-30,8625.0,392.24,2025-06-01 00:00:00
90,Customer_90,B2C,2024-03-30,9123.0,469.4,2025-06-21 18:00:00
91,Customer_91,B2B,2024-03-31,6303.0,316.46,2025-02-24 06:00:00
92,Customer_92,B2C,2024-04-01,5991.0,337.75,2025-02-11 06:00:00
92,Customer_92,B2C,2024-04-01,6381.0,383.47,2025-02-27 12:00:00
92,Customer_92,B2C,2024-04-01,6554.0,433.88,2025-03-06 17:00:00
92,Customer_92,B2C,2024-04-01,7038.0,244.16,2025-03-26 21:00:00
92,Customer_92,B2C,2024-04-01,8857.0,247.78,2025-06-10 16:00:00
92,Customer_92,B2C,2024-04-01,9121.0,46.05,2025-06-21 16:00:00
92,Customer_92,B2C,2024-04-01,9832.0,54.2,2025-07-21 07:00:00
93,Customer_93,B2C,2024-04-02,6704.0,414.97,2025-03-12 23:00:00
93,Customer_93,B2C,2024-04-02,7113.0,426.92,2025-03-30 00:00:00
93,Customer_93,B2C,2024-04-02,8274.0,53.61,2025-05-17 09:00:00
93,Customer_93,B2C,2024-04-02,8545.0,479.92,2025-05-28 16:00:00
93,Customer_93,B2C,2024-04-02,9550.0,252.47,2025-07-09 13:00:00
94,Customer_94,B2C,2024-04-03,8027.0,337.89,2025-05-07 02:00:00
94,Customer_94,B2C,2024-04-03,8361.0,311.52,2025-05-21 00:00:00
94,Customer_94,B2C,2024-04-03,9325.0,279.31,2025-06-30 04:00:00
94,Customer_94,B2C,2024-04-03,9878.0,130.91,2025-07-23 05:00:00
95,Customer_95,B2C,2024-04-04,5333.0,378.67,2025-01-14 20:00:00
95,Customer_95,B2C,2024-04-04,5541.0,136.71,2025-01-23 12:00:00
95,Customer_95,B2C,2024-04-04,9089.0,262.14,2025-06-20 08:00:00
96,Customer_96,B2C,2024-04-05,5027.0,209.33,2025-01-02 02:00:00
96,Customer_96,B2C,2024-04-05,5197.0,143.1,2025-01-09 04:00:00
96,Customer_96,B2C,2024-04-05,6873.0,307.59,2025-03-20 00:00:00
96,Customer_96,B2C,2024-04-05,7283.0,214.52,2025-04-06 02:00:00
96,Customer_96,B2C,2024-04-05,8759.0,29.25,2025-06-06 14:00:00
96,Customer_96,B2C,2024-04-05,9136.0,300.56,2025-06-22 07:00:00
97,Customer_97,B2C,2024-04-06,7927.0,105.47,2025-05-02 22:00:00
97,Customer_97,B2C,2024-04-06,9530.0,367.54,2025-07-08 17:00:00
97,Customer_97,B2C,2024-04-06,9759.0,434.8,2025-07-18 06:00:00
98,Customer_98,B2C,2024-04-07,6092.0,92.74,2025-02-15 11:00:00
98,Customer_98,B2C,2024-04-07,6913.0,346.74,2025-03-21 16:00:00
98,Customer_98,B2C,2024-04-07,7522.0,184.71,2025-04-16 01:00:00
98,Customer_98,B2C,2024-04-07,7664.0,356.54,2025-04-21 23:00:00
98,Customer_98,B2C,2024-04-07,8269.0,106.65,2025-05-17 04:00:00
98,Customer_98,B2C,2024-04-07,8419.0,376.85,2025-05-23 10:00:00
98,Customer_98,B2C,2024-04-07,9483.0,490.07,2025-07-06 18:00:00
98,Customer_98,B2C,2024-04-07,9959.0,478.4,2025-07-26 14:00:00
99,Customer_99,B2B,2024-04-08,6097.0,197.86,2025-02-15 16:00:00
99,Customer_99,B2B,2024-04-08,6890.0,313.92,2025-03-20 17:00:00
99,Customer_99,B2B,2024-04-08,8480.0,229.83,2025-05-25 23:00:00
99,Customer_99,B2B,2024-04-08,8945.0,71.29,2025-06-14 08:00:00
99,Customer_99,B2B,2024-04-08,9929.0,54.83,2025-07-25 08:00:00
100,Customer_100,B2B,2024-04-09,6011.0,77.68,2025-02-12 02:00:00
101,Customer_101,B2B,2024-04-10,9272.0,56.58,2025-06-27 23:00:00
102,Customer_102,B2C,2024-04-11,5897.0,434.55,2025-02-07 08:00:00
102,Customer_102,B2C,2024-04-11,8074.0,77.81,2025-05-09 01:00:00
102,Customer_102,B2C,2024-04-11,8098.0,214.8,2025-05-10 01:00:00
102,Customer_102,B2C,2024-04-11,8276.0,460.08,2025-05-17 11:00:00
103,Customer_103,B2C,2024-04-12,5196.0,348.62,2025-01-09 03:00:00
103,Customer_103,B2C,2024-04-12,8271.0,341.29,2025-05-17 06:00:00
103,Customer_103,B2C,2024-04-12,9100.0,338.0,2025-06-20 19:00:00
103,Customer_103,B2C,2024-04-12,9581.0,274.1,2025-07-10 20:00:00
104,Customer_104,B2C,2024-04-13,6227.0,214.52,2025-02-21 02:00:00
104,Customer_104,B2C,2024-04-13,6817.0,247.24,2025-03-17 16:00:00
104,Customer_104,B2C,2024-04-13,8335.0,465.7,2025-05-19 22:00:00
105,Customer_105,SMB,2024-04-14,6399.0,184.92,2025-02-28 06:00:00
105,Customer_105,SMB,2024-04-14,9670.0,71.64,2025-07-14 13:00:00
105,Customer_105,SMB,2024-04-14,9945.0,147.51,2025-07-26 00:00:00
106,Customer_106,B2B,2024-04-15,6803.0,305.59,2025-03-17 02:00:00
106,Customer_106,B2B,2024-04-15,7056.0,129.88,2025-03-27 15:00:00
106,Customer_106,B2B,2024-04-15,7972.0,422.39,2025-05-04 19:00:00
106,Customer_106,B2B,2024-04-15,9463.0,253.96,2025-07-05 22:00:00
107,Customer_107,B2C,2024-04-16,6196.0,259.36,2025-02-19 19:00:00
107,Customer_107,B2C,2024-04-16,7102.0,317.89,2025-03-29 13:00:00
107,Customer_107,B2C,2024-04-16,8616.0,377.37,2025-05-31 15:00:00
108,Customer_108,B2C,2024-04-17,5652.0,37.94,2025-01-28 03:00:00
108,Customer_108,B2C,2024-04-17,5819.0,197.56,2025-02-04 02:00:00
108,Customer_108,B2C,2024-04-17,7792.0,357.77,2025-04-27 07:00:00
108,Customer_108,B2C,2024-04-17,8106.0,375.76,2025-05-10 09:00:00
108,Customer_108,B2C,2024-04-17,8363.0,467.86,2025-05-21 02:00:00
108,Customer_108,B2C,2024-04-17,8942.0,337.69,2025-06-14 05:00:00
108,Customer_108,B2C,2024-04-17,9050.0,316.15,2025-06-18 17:00:00
108,Customer_108,B2C,2024-04-17,9503.0,319.57,2025-07-07 14:00:00
108,Customer_108,B2C,2024-04-17,9585.0,325.98,2025-07-11 00:00:00
108,Customer_108,B2C,2024-04-17,9831.0,301.57,2025-07-21 06:00:00
109,Customer_109,B2B,2024-04-18,5467.0,339.82,2025-01-20 10:00:00
109,Customer_109,B2B,2024-04-18,6101.0,102.71,2025-02-15 20:00:00
109,Customer_109,B2B,2024-04-18,6384.0,222.51,2025-02-27 15:00:00
109,Customer_109,B2B,2024-04-18,6829.0,228.3,2025-03-18 04:00:00
109,Customer_109,B2B,2024-04-18,9955.0,359.17,2025-07-26 10:00:00
110,Customer_110,B2B,2024-04-19,5155.0,356.06,2025-01-07 10:00:00
110,Customer_110,B2B,2024-04-19,9146.0,184.09,2025-06-22 17:00:00
110,Customer_110,B2B,2024-04-19,9269.0,472.61,2025-06-27 20:00:00
110,Customer_110,B2B,2024-04-19,9620.0,367.95,2025-07-12 11:00:00
111,Customer_111,B2B,2024-04-20,5166.0,101.01,2025-01-07 21:00:00
111,Customer_111,B2B,2024-04-20,5211.0,90.56,2025-01-09 18:00:00
111,Customer_111,B2B,2024-04-20,7414.0,108.45,2025-04-11 13:00:00
111,Customer_111,B2B,2024-04-20,9519.0,308.67,2025-07-08 06:00:00
111,Customer_111,B2B,2024-04-20,9612.0,105.45,2025-07-12 03:00:00
112,Customer_112,B2B,2024-04-21,6433.0,487.95,2025-03-01 16:00:00
112,Customer_112,B2B,2024-04-21,7365.0,95.64,2025-04-09 12:00:00
112,Customer_112,B2B,2024-04-21,7696.0,18.86,2025-04-23 07:00:00
112,Customer_112,B2B,2024-04-21,9215.0,131.98,2025-06-25 14:00:00
113,Customer_113,SMB,2024-04-22,5512.0,424.97,2025-01-22 07:00:00
113,Customer_113,SMB,2024-04-22,7864.0,237.99,2025-04-30 07:00:00
113,Customer_113,SMB,2024-04-22,9810.0,397.03,2025-07-20 09:00:00
113,Customer_113,SMB,2024-04-22,9914.0,148.15,2025-07-24 17:00:00
114,Customer_114,SMB,2024-04-23,5944.0,261.72,2025-02-09 07:00:00
114,Customer_114,SMB,2024-04-23,6465.0,477.03,2025-03-03 00:00:00
114,Customer_114,SMB,2024-04-23,7443.0,327.65,2025-04-12 18:00:00
114,Customer_114,SMB,2024-04-23,7986.0,141.61,2025-05-05 09:00:00
114,Customer_114,SMB,2024-04-23,8261.0,431.16,2025-05-16 20:00:00
114,Customer_114,SMB,2024-04-23,8844.0,348.4,2025-06-10 03:00:00
114,Customer_114,SMB,2024-04-23,9055.0,451.94,2025-06-18 22:00:00
115,Customer_115,B2C,2024-04-24,5747.0,415.93,2025-02-01 02:00:00
115,Customer_115,B2C,2024-04-24,6752.0,448.03,2025-03-14 23:00:00
115,Customer_115,B2C,2024-04-24,7057.0,216.44,2025-03-27 16:00:00
115,Customer_115,B2C,2024-04-24,7107.0,312.96,2025-03-29 18:00:00
115,Customer_115,B2C,2024-04-24,7278.0,301.75,2025-04-05 21:00:00
115,Customer_115,B2C,2024-04-24,8033.0,232.44,2025-05-07 08:00:00
116,Customer_116,SMB,2024-04-25,6193.0,177.21,2025-02-19 16:00:00
116,Customer_116,SMB,2024-04-25,6313.0,197.24,2025-02-24 16:00:00
117,Customer_117,SMB,2024-04-26,7085.0,170.1,2025-03-28 20:00:00
117,Customer_117,SMB,2024-04-26,7399.0,161.37,2025-04-10 22:00:00
117,Customer_117,SMB,2024-04-26,7800.0,234.52,2025-04-27 15:00:00
117,Customer_117,SMB,2024-04-26,8413.0,107.48,2025-05-23 04:00:00
117,Customer_117,SMB,2024-04-26,9078.0,31.48,2025-06-19 21:00:00
117,Customer_117,SMB,2024-04-26,9747.0,29.76,2025-07-17 18:00:00
118,Customer_118,B2B,2024-04-27,5899.0,349.1,2025-02-07 10:00:00
118,Customer_118,B2B,2024-04-27,7801.0,473.06,2025-04-27 16:00:00
118,Customer_118,B2B,2024-04-27,8939.0,45.56,2025-06-14 02:00:00
118,Customer_118,B2B,2024-04-27,9140.0,347.87,2025-06-22 11:00:00
118,Customer_118,B2B,2024-04-27,9258.0,262.81,2025-06-27 09:00:00
119,Customer_119,SMB,2024-04-28,6175.0,364.77,2025-02-18 22:00:00
119,Customer_119,SMB,2024-04-28,6777.0,483.61,2025-03-16 00:00:00
119,Customer_119,SMB,2024-04-28,6983.0,62.29,2025-03-24 14:00:00
119,Customer_119,SMB,2024-04-28,9656.0,283.33,2025-07-13 23:00:00
120,Customer_120,B2C,2024-04-29,9405.0,73.2,2025-07-03 12:00:00
120,Customer_120,B2C,2024-04-29,9923.0,11.48,2025-07-25 02:00:00
121,Customer_121,SMB,2024-04-30,5515.0,301.18,2025-01-22 10:00:00
121,Customer_121,SMB,2024-04-30,7140.0,208.68,2025-03-31 03:00:00
122,Customer_122,SMB,2024-05-01,5587.0,460.01,2025-01-25 10:00:00
122,Customer_122,SMB,2024-05-01,6171.0,373.72,2025-02-18 18:00:00
122,Customer_122,SMB,2024-05-01,6318.0,324.97,2025-02-24 21:00:00
122,Customer_122,SMB,2024-05-01,7366.0,327.53,2025-04-09 13:00:00
122,Customer_122,SMB,2024-05-01,7681.0,434.74,2025-04-22 16:00:00
122,Customer_122,SMB,2024-05-01,8827.0,346.84,2025-06-09 10:00:00
122,Customer_122,SMB,2024-05-01,9042.0,147.73,2025-06-18 09:00:00
122,Customer_122,SMB,2024-05-01,9087.0,90.71,2025-06-20 06:00:00
122,Customer_122,SMB,2024-05-01,9114.0,285.06,2025-06-21 09:00:00
122,Customer_122,SMB,2024-05-01,9181.0,335.98,2025-06-24 04:00:00
122,Customer_122,SMB,2024-05-01,9435.0,144.27,2025-07-04 18:00:00
122,Customer_122,SMB,2024-05-01,9889.0,286.89,2025-07-23 16:00:00
123,Customer_123,B2C,2024-05-02,6915.0,39.84,2025-03-21 18:00:00
123,Customer_123,B2C,2024-05-02,8085.0,252.35,2025-05-09 12:00:00
123,Customer_123,B2C,2024-05-02,8548.0,42.83,2025-05-28 19:00:00
123,Customer_123,B2C,2024-05-02,9754.0,142.63,2025-07-18 01:00:00
124,Customer_124,B2B,2024-05-03,5420.0,279.44,2025-01-18 11:00:00
124,Customer_124,B2B,2024-05-03,6880.0,422.39,2025-03-20 07:00:00
124,Customer_124,B2B,2024-05-03,7259.0,68.99,2025-04-05 02:00:00
124,Customer_124,B2B,2024-05-03,7699.0,313.6,2025-04-23 10:00:00
124,Customer_124,B2B,2024-05-03,7757.0,145.99,2025-04-25 20:00:00
124,Customer_124,B2B,2024-05-03,8017.0,48.16,2025-05-06 16:00:00
124,Customer_124,B2B,2024-05-03,8119.0,320.55,2025-05-10 22:00:00
124,Customer_124,B2B,2024-05-03,9795.0,427.7,2025-07-19 18:00:00
125,Customer_125,B2B,2024-05-04,5945.0,151.21,2025-02-09 08:00:00
125,Customer_125,B2B,2024-05-04,6838.0,192.3,2025-03-18 13:00:00
125,Customer_125,B2B,2024-05-04,7476.0,124.51,2025-04-14 03:00:00
125,Customer_125,B2B,2024-05-04,8838.0,40.19,2025-06-09 21:00:00
125,Customer_125,B2B,2024-05-04,9305.0,14.51,2025-06-29 08:00:00
126,Customer_126,B2C,2024-05-05,6134.0,185.02,2025-02-17 05:00:00
126,Customer_126,B2C,2024-05-05,7791.0,302.17,2025-04-27 06:00:00
126,Customer_126,B2C,2024-05-05,9679.0,354.34,2025-07-14 22:00:00
127,Customer_127,SMB,2024-05-06,6878.0,372.39,2025-03-20 05:00:00
127,Customer_127,SMB,2024-05-06,8861.0,52.1,2025-06-10 20:00:00
128,Customer_128,SMB,2024-05-07,5399.0,463.97,2025-01-17 14:00:00
128,Customer_128,SMB,2024-05-07,6361.0,382.31,2025-02-26 16:00:00
128,Customer_128,SMB,2024-05-07,6536.0,67.81,2025-03-05 23:00:00
128,Customer_128,SMB,2024-05-07,7093.0,373.43,2025-03-29 04:00:00
128,Customer_128,SMB,2024-05-07,8374.0,55.82,2025-05-21 13:00:00
128,Customer_128,SMB,2024-05-07,9061.0,485.9,2025-06-19 04:00:00
129,Customer_129,B2B,2024-05-08,6413.0,242.8,2025-02-28 20:00:00
130,Customer_130,B2C,2024-05-09,5010.0,336.93,2025-01-01 09:00:00
130,Customer_130,B2C,2024-05-09,7651.0,207.11,2025-04-21 10:00:00
130,Customer_130,B2C,2024-05-09,8804.0,232.38,2025-06-08 11:00:00
131,Customer_131,B2C,2024-05-10,5322.0,123.38,2025-01-14 09:00:00
131,Customer_131,B2C,2024-05-10,7006.0,146.77,2025-03-25 13:00:00
131,Customer_131,B2C,2024-05-10,7918.0,463.08,2025-05-02 13:00:00
131,Customer_131,B2C,2024-05-10,8611.0,138.58,2025-05-31 10:00:00
131,Customer_131,B2C,2024-05-10,8993.0,473.38,2025-06-16 08:00:00
131,Customer_131,B2C,2024-05-10,9485.0,30.08,2025-07-06 20:00:00
132,Customer_132,B2B,2024-05-11,6403.0,277.39,2025-02-28 10:00:00
132,Customer_132,B2B,2024-05-11,7353.0,209.1,2025-04-09 00:00:00
132,Customer_132,B2B,2024-05-11,8029.0,240.64,2025-05-07 04:00:00
132,Customer_132,B2B,2024-05-11,8161.0,123.06,2025-05-12 16:00:00
132,Customer_132,B2B,2024-05-11,9083.0,230.51,2025-06-20 02:00:00
133,Customer_133,B2B,2024-05-12,5426.0,120.78,2025-01-18 17:00:00
133,Customer_133,B2B,2024-05-12,5442.0,89.07,2025-01-19 09:00:00
133,Customer_133,B2B,2024-05-12,5599.0,274.75,2025-01-25 22:00:00
133,Customer_133,B2B,2024-05-12,5606.0,196.19,2025-01-26 05:00:00
133,Customer_133,B2B,2024-05-12,5739.0,80.3,2025-01-31 18:00:00
133,Customer_133,B2B,2024-05-12,6060.0,438.99,2025-02-14 03:00:00
133,Customer_133,B2B,2024-05-12,6253.0,92.72,2025-02-22 04:00:00
133,Customer_133,B2B,2024-05-12,7611.0,37.4,2025-04-19 18:00:00
133,Customer_133,B2B,2024-05-12,7639.0,129.29,2025-04-20 22:00:00
133,Customer_133,B2B,2024-05-12,8661.0,469.48,2025-06-02 12:00:00
133,Customer_133,B2B,2024-05-12,8959.0,149.77,2025-06-14 22:00:00
133,Customer_133,B2B,2024-05-12,9937.0,101.06,2025-07-25 16:00:00
134,Customer_134,B2C,2024-05-13,5971.0,290.34,2025-02-10 10:00:00
134,Customer_134,B2C,2024-05-13,8726.0,315.05,2025-06-05 05:00:00
135,Customer_135,SMB,2024-05-14,5036.0,293.86,2025-01-02 11:00:00
135,Customer_135,SMB,2024-05-14,5546.0,95.58,2025-01-23 17:00:00
135,Customer_135,SMB,2024-05-14,5867.0,164.53,2025-02-06 02:00:00
135,Customer_135,SMB,2024-05-14,7065.0,412.05,2025-03-28 00:00:00
135,Customer_135,SMB,2024-05-14,8544.0,108.69,2025-05-28 15:00:00
135,Customer_135,SMB,2024-05-14,9967.0,273.33,2025-07-26 22:00:00
136,Customer_136,B2C,2024-05-15,5623.0,207.32,2025-01-26 22:00:00
136,Customer_136,B2C,2024-05-15,6547.0,164.61,2025-03-06 10:00:00
136,Customer_136,B2C,2024-05-15,6553.0,485.34,2025-03-06 16:00:00
136,Customer_136,B2C,2024-05-15,7489.0,61.84,2025-04-14 16:00:00
136,Customer_136,B2C,2024-05-15,7784.0,326.17,2025-04-26 23:00:00
136,Customer_136,B2C,2024-05-15,9303.0,37.11,2025-06-29 06:00:00
137,Customer_137,B2C,2024-05-16,5536.0,465.14,2025-01-23 07:00:00
137,Customer_137,B2C,2024-05-16,6703.0,109.96,2025-03-12 22:00:00
137,Customer_137,B2C,2024-05-16,8135.0,341.75,2025-05-11 14:00:00
137,Customer_137,B2C,2024-05-16,8807.0,245.27,2025-06-08 14:00:00
137,Customer_137,B2C,2024-05-16,9229.0,177.55,2025-06-26 04:00:00
137,Customer_137,B2C,2024-05-16,9886.0,213.95,2025-07-23 13:00:00
138,Customer_138,B2C,2024-05-17,5019.0,105.63,2025-01-01 18:00:00
138,Customer_138,B2C,2024-05-17,5221.0,331.94,2025-01-10 04:00:00
138,Customer_138,B2C,2024-05-17,5911.0,475.14,2025-02-07 22:00:00
138,Customer_138,B2C,2024-05-17,7388.0,177.37,2025-04-10 11:00:00
138,Customer_138,B2C,2024-05-17,8896.0,305.96,2025-06-12 07:00:00
139,Customer_139,B2C,2024-05-18,5570.0,473.5,2025-01-24 17:00:00
139,Customer_139,B2C,2024-05-18,6040.0,123.79,2025-02-13 07:00:00
139,Customer_139,B2C,2024-05-18,8397.0,411.51,2025-05-22 12:00:00
139,Customer_139,B2C,2024-05-18,8495.0,465.64,2025-05-26 14:00:00
139,Customer_139,B2C,2024-05-18,9843.0,254.53,2025-07-21 18:00:00
140,Customer_140,SMB,2024-05-19,7865.0,38.54,2025-04-30 08:00:00
140,Customer_140,SMB,2024-05-19,8610.0,234.54,2025-05-31 09:00:00
140,Customer_140,SMB,2024-05-19,9697.0,212.29,2025-07-15 16:00:00
141,Customer_141,SMB,2024-05-20,5289.0,485.86,2025-01-13 00:00:00
141,Customer_141,SMB,2024-05-20,5547.0,155.01,2025-01-23 18:00:00
141,Customer_141,SMB,2024-05-20,6369.0,237.87,2025-02-27 00:00:00
141,Customer_141,SMB,2024-05-20,6442.0,302.68,2025-03-02 01:00:00
141,Customer_141,SMB,2024-05-20,9212.0,362.32,2025-06-25 11:00:00
141,Customer_141,SMB,2024-05-20,9554.0,159.56,2025-07-09 17:00:00
142,Customer_142,B2B,2024-05-21,5659.0,30.37,2025-01-28 10:00:00
142,Customer_142,B2B,2024-05-21,7507.0,126.79,2025-04-15 10:00:00
142,Customer_142,B2B,2024-05-21,8469.0,29.63,2025-05-25 12:00:00
142,Customer_142,B2B,2024-05-21,8543.0,14.49,2025-05-28 14:00:00
142,Customer_142,B2B,2024-05-21,9390.0,367.15,2025-07-02 21:00:00
142,Customer_142,B2B,2024-05-21,9439.0,112.66,2025-07-04 22:00:00
142,Customer_142,B2B,2024-05-21,9822.0,217.49,2025-07-20 21:00:00
142,Customer_142,B2B,2024-05-21,9952.0,151.09,2025-07-26 07:00:00
143,Customer_143,B2C,2024-05-22,9844.0,466.45,2025-07-21 19:00:00
144,Customer_144,B2C,2024-05-23,6339.0,82.11,2025-02-25 18:00:00
144,Customer_144,B2C,2024-05-23,8898.0,499.46,2025-06-12 09:00:00
145,Customer_145,B2B,2024-05-24,8130.0,182.34,2025-05-11 09:00:00
145,Customer_145,B2B,2024-05-24,8811.0,102.65,2025-06-08 18:00:00
145,Customer_145,B2B,2024-05-24,9514.0,213.27,2025-07-08 01:00:00
145,Customer_145,B2B,2024-05-24,9985.0,404.09,2025-07-27 16:00:00
146,Customer_146,B2B,2024-05-25,6520.0,125.94,2025-03-05 07:00:00
146,Customer_146,B2B,2024-05-25,7114.0,150.21,2025-03-30 01:00:00
146,Customer_146,B2B,2024-05-25,8934.0,204.67,2025-06-13 21:00:00
146,Customer_146,B2B,2024-05-25,9289.0,417.76,2025-06-28 16:00:00
147,Customer_147,B2C,2024-05-26,5069.0,10.32,2025-01-03 20:00:00
147,Customer_147,B2C,2024-05-26,7059.0,439.79,2025-03-27 18:00:00
147,Customer_147,B2C,2024-05-26,9004.0,335.26,2025-06-16 19:00:00
147,Customer_147,B2C,2024-05-26,9921.0,330.29,2025-07-25 00:00:00
148,Customer_148,B2C,2024-05-27,5201.0,220.68,2025-01-09 08:00:00
148,Customer_148,B2C,2024-05-27,5412.0,204.87,2025-01-18 03:00:00
148,Customer_148,B2C,2024-05-27,6405.0,153.04,2025-02-28 12:00:00
148,Customer_148,B2C,2024-05-27,7844.0,442.4,2025-04-29 11:00:00
148,Customer_148,B2C,2024-05-27,8643.0,190.82,2025-06-01 18:00:00
149,Customer_149,B2B,2024-05-28,5716.0,243.93,2025-01-30 19:00:00
149,Customer_149,B2B,2024-05-28,8228.0,438.63,2025-05-15 11:00:00
149,Customer_149,B2B,2024-05-28,8240.0,163.29,2025-05-15 23:00:00
149,Customer_149,B2B,2024-05-28,8849.0,338.11,2025-06-10 08:00:00
149,Customer_149,B2B,2024-05-28,9049.0,102.07,2025-06-18 16:00:00
150,Customer_150,B2B,2024-05-29,6297.0,317.56,2025-02-24 00:00:00
150,Customer_150,B2B,2024-05-29,6422.0,29.24,2025-03-01 05:00:00
150,Customer_150,B2B,2024-05-29,6548.0,62.25,2025-03-06 11:00:00
150,Customer_150,B2B,2024-05-29,6780.0,289.72,2025-03-16 03:00:00
150,Customer_150,B2B,2024-05-29,8187.0,243.78,2025-05-13 18:00:00
150,Customer_150,B2B,2024-05-29,8206.0,149.74,2025-05-14 13:00:00
150,Customer_150,B2B,2024-05-29,9965.0,86.81,2025-07-26 20:00:00
151,Customer_151,SMB,2024-05-30,5530.0,306.94,2025-01-23 01:00:00
151,Customer_151,SMB,2024-05-30,5923.0,89.11,2025-02-08 10:00:00
151,Customer_151,SMB,2024-05-30,5959.0,265.47,2025-02-09 22:00:00
151,Customer_151,SMB,2024-05-30,6160.0,497.91,2025-02-18 07:00:00
151,Customer_151,SMB,2024-05-30,7198.0,197.59,2025-04-02 13:00:00
151,Customer_151,SMB,2024-05-30,7900.0,208.8,2025-05-01 19:00:00
151,Customer_151,SMB,2024-05-30,8281.0,88.1,2025-05-17 16:00:00
151,Customer_151,SMB,2024-05-30,8422.0,29.02,2025-05-23 13:00:00
151,Customer_151,SMB,2024-05-30,8797.0,92.54,2025-06-08 04:00:00
152,Customer_152,B2B,2024-05-31,5566.0,451.13,2025-01-24 13:00:00
152,Customer_152,B2B,2024-05-31,7582.0,402.89,2025-04-18 13:00:00
152,Customer_152,B2B,2024-05-31,9414.0,322.15,2025-07-03 21:00:00
153,Customer_153,B2B,2024-06-01,6242.0,321.1,2025-02-21 17:00:00
153,Customer_153,B2B,2024-06-01,6737.0,389.5,2025-03-14 08:00:00
153,Customer_153,B2B,2024-06-01,7147.0,458.49,2025-03-31 10:00:00
153,Customer_153,B2B,2024-06-01,7847.0,39.28,2025-04-29 14:00:00
153,Customer_153,B2B,2024-06-01,8006.0,292.7,2025-05-06 05:00:00
153,Customer_153,B2B,2024-06-01,8314.0,50.63,2025-05-19 01:00:00
153,Customer_153,B2B,2024-06-01,8381.0,253.99,2025-05-21 20:00:00
153,Customer_153,B2B,2024-06-01,8809.0,251.69,2025-06-08 16:00:00
153,Customer_153,B2B,2024-06-01,9678.0,278.53,2025-07-14 21:00:00
154,Customer_154,B2C,2024-06-02,6509.0,242.64,2025-03-04 20:00:00
154,Customer_154,B2C,2024-06-02,7623.0,300.81,2025-04-20 06:00:00
154,Customer_154,B2C,2024-06-02,8626.0,387.9,2025-06-01 01:00:00
155,Customer_155,SMB,2024-06-03,5575.0,334.3,2025-01-24 22:00:00
155,Customer_155,SMB,2024-06-03,6032.0,367.36,2025-02-12 23:00:00
156,Customer_156,B2B,2024-06-04,5184.0,410.53,2025-01-08 15:00:00
156,Customer_156,B2B,2024-06-04,5785.0,412.04,2025-02-02 16:00:00
156,Customer_156,B2B,2024-06-04,7675.0,281.51,2025-04-22 10:00:00
157,Customer_157,B2C,2024-06-05,5092.0,499.78,2025-01-04 19:00:00
157,Customer_157,B2C,2024-06-05,6046.0,191.41,2025-02-13 13:00:00
157,Customer_157,B2C,2024-06-05,6116.0,65.17,2025-02-16 11:00:00
157,Customer_157,B2C,2024-06-05,6720.0,173.04,2025-03-13 15:00:00
157,Customer_157,B2C,2024-06-05,9027.0,271.93,2025-06-17 18:00:00
158,Customer_158,B2C,2024-06-06,6837.0,361.83,2025-03-18 12:00:00
158,Customer_158,B2C,2024-06-06,7190.0,490.18,2025-04-02 05:00:00
158,Customer_158,B2C,2024-06-06,7575.0,274.43,2025-04-18 06:00:00
158,Customer_158,B2C,2024-06-06,7797.0,461.18,2025-04-27 12:00:00
158,Customer_158,B2C,2024-06-06,7817.0,112.58,2025-04-28 08:00:00
158,Customer_158,B2C,2024-06-06,8648.0,99.95,2025-06-01 23:00:00
158,Customer_158,B2C,2024-06-06,8665.0,74.47,2025-06-02 16:00:00
158,Customer_158,B2C,2024-06-06,8841.0,346.15,2025-06-10 00:00:00
158,Customer_158,B2C,2024-06-06,9295.0,397.23,2025-06-28 22:00:00
159,Customer_159,B2B,2024-06-07,6342.0,456.3,2025-02-25 21:00:00
159,Customer_159,B2B,2024-06-07,9949.0,10.2,2025-07-26 04:00:00
160,Customer_160,B2C,2024-06-08,5601.0,479.24,2025-01-26 00:00:00
160,Customer_160,B2C,2024-06-08,6725.0,97.79,2025-03-13 20:00:00
160,Customer_160,B2C,2024-06-08,7837.0,495.41,2025-04-29 04:00:00
160,Customer_160,B2C,2024-06-08,8048.0,67.21,2025-05-07 23:00:00
160,Customer_160,B2C,2024-06-08,8292.0,45.15,2025-05-18 03:00:00
160,Customer_160,B2C,2024-06-08,8792.0,470.91,2025-06-07 23:00:00
160,Customer_160,B2C,2024-06-08,9133.0,45.46,2025-06-22 04:00:00
161,Customer_161,B2C,2024-06-09,6754.0,311.38,2025-03-15 01:00:00
161,Customer_161,B2C,2024-06-09,7055.0,412.42,2025-03-27 14:00:00
161,Customer_161,B2C,2024-06-09,8671.0,474.24,2025-06-02 22:00:00
161,Customer_161,B2C,2024-06-09,8751.0,396.75,2025-06-06 06:00:00
161,Customer_161,B2C,2024-06-09,9828.0,250.84,2025-07-21 03:00:00
161,Customer_161,B2C,2024-06-09,9997.0,208.75,2025-07-28 04:00:00
162,Customer_162,B2C,2024-06-10,5335.0,341.94,2025-01-14 22:00:00
162,Customer_162,B2C,2024-06-10,6656.0,380.53,2025-03-10 23:00:00
162,Customer_162,B2C,2024-06-10,6852.0,267.79,2025-03-19 03:00:00
162,Customer_162,B2C,2024-06-10,6858.0,199.28,2025-03-19 09:00:00
162,Customer_162,B2C,2024-06-10,7612.0,79.67,2025-04-19 19:00:00
162,Customer_162,B2C,2024-06-10,7980.0,445.25,2025-05-05 03:00:00
162,Customer_162,B2C,2024-06-10,8924.0,77.74,2025-06-13 11:00:00
162,Customer_162,B2C,2024-06-10,9778.0,236.6,2025-07-19 01:00:00
163,Customer_163,B2C,2024-06-11,5267.0,112.44,2025-01-12 02:00:00
163,Customer_163,B2C,2024-06-11,5877.0,45.64,2025-02-06 12:00:00
163,Customer_163,B2C,2024-06-11,6271.0,162.05,2025-02-22 22:00:00
163,Customer_163,B2C,2024-06-11,7951.0,428.71,2025-05-03 22:00:00
163,Customer_163,B2C,2024-06-11,8614.0,444.55,2025-05-31 13:00:00
163,Customer_163,B2C,2024-06-11,9728.0,425.18,2025-07-16 23:00:00
164,Customer_164,B2C,2024-06-12,5273.0,196.69,2025-01-12 08:00:00
164,Customer_164,B2C,2024-06-12,7320.0,337.94,2025-04-07 15:00:00
164,Customer_164,B2C,2024-06-12,9349.0,73.87,2025-07-01 04:00:00
165,Customer_165,B2B,2024-06-13,5563.0,153.74,2025-01-24 10:00:00
165,Customer_165,B2B,2024-06-13,6210.0,57.71,2025-02-20 09:00:00
165,Customer_165,B2B,2024-06-13,7931.0,217.94,2025-05-03 02:00:00
165,Customer_165,B2B,2024-06-13,8606.0,352.66,2025-05-31 05:00:00
165,Customer_165,B2B,2024-06-13,9481.0,179.77,2025-07-06 16:00:00
166,Customer_166,SMB,2024-06-14,5507.0,434.13,2025-01-22 02:00:00
166,Customer_166,SMB,2024-06-14,5689.0,132.93,2025-01-29 16:00:00
166,Customer_166,SMB,2024-06-14,6005.0,441.08,2025-02-11 20:00:00
166,Customer_166,SMB,2024-06-14,6354.0,281.46,2025-02-26 09:00:00
166,Customer_166,SMB,2024-06-14,6842.0,434.86,2025-03-18 17:00:00
166,Customer_166,SMB,2024-06-14,7866.0,138.51,2025-04-30 09:00:00
167,Customer_167,B2C,2024-06-15,6075.0,403.17,2025-02-14 18:00:00
167,Customer_167,B2C,2024-06-15,6865.0,487.7,2025-03-19 16:00:00
167,Customer_167,B2C,2024-06-15,7633.0,351.74,2025-04-20 16:00:00
167,Customer_167,B2C,2024-06-15,7703.0,69.04,2025-04-23 14:00:00
167,Customer_167,B2C,2024-06-15,8270.0,114.63,2025-05-17 05:00:00
167,Customer_167,B2C,2024-06-15,8940.0,426.66,2025-06-14 03:00:00
167,Customer_167,B2C,2024-06-15,9363.0,327.44,2025-07-01 18:00:00
167,Customer_167,B2C,2024-06-15,9836.0,360.67,2025-07-21 11:00:00
168,Customer_168,B2B,2024-06-16,5814.0,199.49,2025-02-03 21:00:00
168,Customer_168,B2B,2024-06-16,5872.0,400.78,2025-02-06 07:00:00
168,Customer_168,B2B,2024-06-16,6612.0,386.84,2025-03-09 03:00:00
168,Customer_168,B2B,2024-06-16,6807.0,262.43,2025-03-17 06:00:00
168,Customer_168,B2B,2024-06-16,8309.0,202.49,2025-05-18 20:00:00
169,Customer_169,B2B,2024-06-17,5219.0,412.28,2025-01-10 02:00:00
169,Customer_169,B2B,2024-06-17,5379.0,214.42,2025-01-16 18:00:00
169,Customer_169,B2B,2024-06-17,6512.0,15.88,2025-03-04 23:00:00
169,Customer_169,B2B,2024-06-17,7375.0,131.66,2025-04-09 22:00:00
169,Customer_169,B2B,2024-06-17,9664.0,104.36,2025-07-14 07:00:00
170,Customer_170,B2C,2024-06-18,5784.0,33.7,2025-02-02 15:00:00
170,Customer_170,B2C,2024-06-18,9239.0,469.06,2025-06-26 14:00:00
171,Customer_171,B2C,2024-06-19,5572.0,10.54,2025-01-24 19:00:00
171,Customer_171,B2C,2024-06-19,5629.0,72.88,2025-01-27 04:00:00
171,Customer_171,B2C,2024-06-19,6660.0,373.76,2025-03-11 03:00:00
171,Customer_171,B2C,2024-06-19,7777.0,129.13,2025-04-26 16:00:00
171,Customer_171,B2C,2024-06-19,8450.0,10.12,2025-05-24 17:00:00
171,Customer_171,B2C,2024-06-19,9511.0,230.07,2025-07-07 22:00:00
172,Customer_172,B2B,2024-06-20,8030.0,34.08,2025-05-07 05:00:00
172,Customer_172,B2B,2024-06-20,9202.0,106.26,2025-06-25 01:00:00
173,Customer_173,B2C,2024-06-21,5249.0,221.3,2025-01-11 08:00:00
173,Customer_173,B2C,2024-06-21,6006.0,34.12,2025-02-11 21:00:00
173,Customer_173,B2C,2024-06-21,6429.0,366.78,2025-03-01 12:00:00
173,Customer_173,B2C,2024-06-21,6645.0,324.96,2025-03-10 12:00:00
173,Customer_173,B2C,2024-06-21,6879.0,113.38,2025-03-20 06:00:00
173,Customer_173,B2C,2024-06-21,7288.0,125.87,2025-04-06 07:00:00
173,Customer_173,B2C,2024-06-21,7781.0,235.75,2025-04-26 20:00:00
173,Customer_173,B2C,2024-06-21,8375.0,219.29,2025-05-21 14:00:00
173,Customer_173,B2C,2024-06-21,8922.0,228.9,2025-06-13 09:00:00
173,Customer_173,B2C,2024-06-21,9525.0,114.76,2025-07-08 12:00:00
174,Customer_174,B2B,2024-06-22,7771.0,238.67,2025-04-26 10:00:00
174,Customer_174,B2B,2024-06-22,7778.0,374.93,2025-04-26 17:00:00
174,Customer_174,B2B,2024-06-22,8515.0,315.35,2025-05-27 10:00:00
174,Customer_174,B2B,2024-06-22,9743.0,396.25,2025-07-17 14:00:00
175,Customer_175,B2C,2024-06-23,5832.0,31.59,2025-02-04 15:00:00
175,Customer_175,B2C,2024-06-23,7731.0,483.63,2025-04-24 18:00:00
175,Customer_175,B2C,2024-06-23,7962.0,86.29,2025-05-04 09:00:00
175,Customer_175,B2C,2024-06-23,8926.0,253.2,2025-06-13 13:00:00
176,Customer_176,B2B,2024-06-24,5615.0,227.61,2025-01-26 14:00:00
176,Customer_176,B2B,2024-06-24,7409.0,454.8,2025-04-11 08:00:00
176,Customer_176,B2B,2024-06-24,7564.0,65.69,2025-04-17 19:00:00
176,Customer_176,B2B,2024-06-24,7665.0,103.29,2025-04-22 00:00:00
176,Customer_176,B2B,2024-06-24,8000.0,35.94,2025-05-05 23:00:00
176,Customer_176,B2B,2024-06-24,9106.0,255.18,2025-06-21 01:00:00
176,Customer_176,B2B,2024-06-24,9361.0,65.74,2025-07-01 16:00:00
177,Customer_177,B2C,2024-06-25,6367.0,34.31,2025-02-26 22:00:00
177,Customer_177,B2C,2024-06-25,6723.0,494.18,2025-03-13 18:00:00
177,Customer_177,B2C,2024-06-25,7998.0,359.38,2025-05-05 21:00:00
177,Customer_177,B2C,2024-06-25,8852.0,302.59,2025-06-10 11:00:00
177,Customer_177,B2C,2024-06-25,8967.0,183.87,2025-06-15 06:00:00
177,Customer_177,B2C,2024-06-25,9992.0,56.89,2025-07-27 23:00:00
178,Customer_178,B2C,2024-06-26,5860.0,21.76,2025-02-05 19:00:00
178,Customer_178,B2C,2024-06-26,6515.0,247.66,2025-03-05 02:00:00
178,Customer_178,B2C,2024-06-26,6731.0,57.38,2025-03-14 02:00:00
178,Customer_178,B2C,2024-06-26,7167.0,73.86,2025-04-01 06:00:00
178,Customer_178,B2C,2024-06-26,7188.0,348.97,2025-04-02 03:00:00
178,Customer_178,B2C,2024-06-26,8585.0,389.59,2025-05-30 08:00:00
178,Customer_178,B2C,2024-06-26,9233.0,278.98,2025-06-26 08:00:00
178,Customer_178,B2C,2024-06-26,9259.0,134.21,2025-06-27 10:00:00
178,Customer_178,B2C,2024-06-26,9621.0,29.76,2025-07-12 12:00:00
179,Customer_179,SMB,2024-06-27,5423.0,417.86,2025-01-18 14:00:00
179,Customer_179,SMB,2024-06-27,5740.0,84.21,2025-01-31 19:00:00
179,Customer_179,SMB,2024-06-27,6200.0,391.24,2025-02-19 23:00:00
179,Customer_179,SMB,2024-06-27,6324.0,239.83,2025-02-25 03:00:00
179,Customer_179,SMB,2024-06-27,6383.0,177.51,2025-02-27 14:00:00
179,Customer_179,SMB,2024-06-27,6516.0,51.85,2025-03-05 03:00:00
180,Customer_180,B2B,2024-06-28,5070.0,436.63,2025-01-03 21:00:00
180,Customer_180,B2B,2024-06-28,7008.0,22.08,2025-03-25 15:00:00
180,Customer_180,B2B,2024-06-28,7207.0,438.62,2025-04-02 22:00:00
180,Customer_180,B2B,2024-06-28,7239.0,76.52,2025-04-04 06:00:00
181,Customer_181,B2C,2024-06-29,6782.0,13.03,2025-03-16 05:00:00
181,Customer_181,B2C,2024-06-29,6785.0,54.75,2025-03-16 08:00:00
181,Customer_181,B2C,2024-06-29,7469.0,438.64,2025-04-13 20:00:00
181,Customer_181,B2C,2024-06-29,8658.0,309.71,2025-06-02 09:00:00
182,Customer_182,B2B,2024-06-30,5307.0,61.88,2025-01-13 18:00:00
182,Customer_182,B2B,2024-06-30,5773.0,147.36,2025-02-02 04:00:00
182,Customer_182,B2B,2024-06-30,5983.0,94.2,2025-02-10 22:00:00
183,Customer_183,SMB,2024-07-01,6312.0,409.05,2025-02-24 15:00:00
183,Customer_183,SMB,2024-07-01,8328.0,466.55,2025-05-19 15:00:00
183,Customer_183,SMB,2024-07-01,9038.0,495.21,2025-06-18 05:00:00
184,Customer_184,SMB,2024-07-02,9225.0,440.81,2025-06-26 00:00:00
185,Customer_185,B2B,2024-07-03,6726.0,446.66,2025-03-13 21:00:00
185,Customer_185,B2B,2024-07-03,7526.0,136.53,2025-04-16 05:00:00
185,Customer_185,B2B,2024-07-03,9533.0,432.71,2025-07-08 20:00:00
186,Customer_186,B2C,2024-07-04,5043.0,79.2,2025-01-02 18:00:00
186,Customer_186,B2C,2024-07-04,6882.0,423.47,2025-03-20 09:00:00
186,Customer_186,B2C,2024-07-04,8151.0,334.12,2025-05-12 06:00:00
186,Customer_186,B2C,2024-07-04,8546.0,310.57,2025-05-28 17:00:00
186,Customer_186,B2C,2024-07-04,9081.0,37.6,2025-06-20 00:00:00
186,Customer_186,B2C,2024-07-04,9293.0,158.58,2025-06-28 20:00:00
186,Customer_186,B2C,2024-07-04,9371.0,388.54,2025-07-02 02:00:00
187,Customer_187,SMB,2024-07-05,6586.0,385.51,2025-03-08 01:00:00
187,Customer_187,SMB,2024-07-05,6889.0,180.43,2025-03-20 16:00:00
187,Customer_187,SMB,2024-07-05,8288.0,104.88,2025-05-17 23:00:00
187,Customer_187,SMB,2024-07-05,9744.0,136.93,2025-07-17 15:00:00
188,Customer_188,B2C,2024-07-06,7826.0,130.86,2025-04-28 17:00:00
188,Customer_188,B2C,2024-07-06,7839.0,254.11,2025-04-29 06:00:00
188,Customer_188,B2C,2024-07-06,8498.0,68.68,2025-05-26 17:00:00
188,Customer_188,B2C,2024-07-06,9218.0,22.61,2025-06-25 17:00:00
188,Customer_188,B2C,2024-07-06,9459.0,241.87,2025-07-05 18:00:00
189,Customer_189,B2C,2024-07-07,5152.0,482.05,2025-01-07 07:00:00
189,Customer_189,B2C,2024-07-07,7872.0,299.49,2025-04-30 15:00:00
189,Customer_189,B2C,2024-07-07,8931.0,303.65,2025-06-13 18:00:00
189,Customer_189,B2C,2024-07-07,9261.0,453.91,2025-06-27 12:00:00
190,Customer_190,B2B,2024-07-08,5103.0,259.83,2025-01-05 06:00:00
190,Customer_190,B2B,2024-07-08,6015.0,127.14,2025-02-12 06:00:00
190,Customer_190,B2B,2024-07-08,6072.0,260.18,2025-02-14 15:00:00
190,Customer_190,B2B,2024-07-08,7993.0,173.71,2025-05-05 16:00:00
190,Customer_190,B2B,2024-07-08,8160.0,224.51,2025-05-12 15:00:00
190,Customer_190,B2B,2024-07-08,8526.0,247.25,2025-05-27 21:00:00
190,Customer_190,B2B,2024-07-08,8828.0,169.45,2025-06-09 11:00:00
190,Customer_190,B2B,2024-07-08,8958.0,412.08,2025-06-14 21:00:00
190,Customer_190,B2B,2024-07-08,9386.0,90.32,2025-07-02 17:00:00
191,Customer_191,B2B,2024-07-09,5134.0,267.12,2025-01-06 13:00:00
191,Customer_191,B2B,2024-07-09,7001.0,144.8,2025-03-25 08:00:00
191,Customer_191,B2B,2024-07-09,7332.0,231.05,2025-04-08 03:00:00
191,Customer_191,B2B,2024-07-09,7512.0,127.03,2025-04-15 15:00:00
192,Customer_192,SMB,2024-07-10,5573.0,143.26,2025-01-24 20:00:00
192,Customer_192,SMB,2024-07-10,5947.0,253.16,2025-02-09 10:00:00
192,Customer_192,SMB,2024-07-10,6294.0,196.99,2025-02-23 21:00:00
192,Customer_192,SMB,2024-07-10,7301.0,19.79,2025-04-06 20:00:00
192,Customer_192,SMB,2024-07-10,8390.0,122.05,2025-05-22 05:00:00
193,Customer_193,SMB,2024-07-11,6031.0,339.14,2025-02-12 22:00:00
193,Customer_193,SMB,2024-07-11,7060.0,129.16,2025-03-27 19:00:00
193,Customer_193,SMB,2024-07-11,9431.0,398.17,2025-07-04 14:00:00
193,Customer_193,SMB,2024-07-11,9872.0,73.86,2025-07-22 23:00:00
194,Customer_194,B2C,2024-07-12,5212.0,67.13,2025-01-09 19:00:00
194,Customer_194,B2C,2024-07-12,5743.0,49.5,2025-01-31 22:00:00
194,Customer_194,B2C,2024-07-12,5879.0,181.47,2025-02-06 14:00:00
195,Customer_195,B2C,2024-07-13,5138.0,24.75,2025-01-06 17:00:00
195,Customer_195,B2C,2024-07-13,6105.0,235.84,2025-02-16 00:00:00
195,Customer_195,B2C,2024-07-13,6855.0,370.87,2025-03-19 06:00:00
196,Customer_196,B2C,2024-07-14,5286.0,209.8,2025-01-12 21:00:00
196,Customer_196,B2C,2024-07-14,5630.0,293.46,2025-01-27 05:00:00
196,Customer_196,B2C,2024-07-14,5893.0,215.81,2025-02-07 04:00:00
196,Customer_196,B2C,2024-07-14,7889.0,484.72,2025-05-01 08:00:00
196,Customer_196,B2C,2024-07-14,7939.0,192.2,2025-05-03 10:00:00
196,Customer_196,B2C,2024-07-14,8670.0,63.91,2025-06-02 21:00:00
196,Customer_196,B2C,2024-07-14,9362.0,211.37,2025-07-01 17:00:00
197,Customer_197,B2C,2024-07-15,6563.0,165.84,2025-03-07 02:00:00
197,Customer_197,B2C,2024-07-15,6990.0,34.16,2025-03-24 21:00:00
197,Customer_197,B2C,2024-07-15,7720.0,188.64,2025-04-24 07:00:00
197,Customer_197,B2C,2024-07-15,9026.0,68.88,2025-06-17 17:00:00
198,Customer_198,SMB,2024-07-16,6188.0,36.38,2025-02-19 11:00:00
198,Customer_198,SMB,2024-07-16,6252.0,431.23,2025-02-22 03:00:00
198,Customer_198,SMB,2024-07-16,6406.0,376.82,2025-02-28 13:00:00
198,Customer_198,SMB,2024-07-16,6617.0,228.45,2025-03-09 08:00:00
198,Customer_198,SMB,2024-07-16,6670.0,443.33,2025-03-11 13:00:00
198,Customer_198,SMB,2024-07-16,8256.0,399.82,2025-05-16 15:00:00
199,Customer_199,SMB,2024-07-17,9860.0,289.63,2025-07-22 11:00:00
200,Customer_200,B2C,2024-07-18,5848.0,345.31,2025-02-05 07:00:00
200,Customer_200,B2C,2024-07-18,8901.0,120.35,2025-06-12 12:00:00
200,Customer_200,B2C,2024-07-18,9132.0,420.54,2025-06-22 03:00:00
201,Customer_201,B2C,2024-07-19,5064.0,118.05,2025-01-03 15:00:00
201,Customer_201,B2C,2024-07-19,5681.0,354.03,2025-01-29 08:00:00
201,Customer_201,B2C,2024-07-19,6090.0,133.63,2025-02-15 09:00:00
202,Customer_202,B2B,2024-07-20,5169.0,40.29,2025-01-08 00:00:00
202,Customer_202,B2B,2024-07-20,5491.0,426.78,2025-01-21 10:00:00
202,Customer_202,B2B,2024-07-20,7587.0,393.75,2025-04-18 18:00:00
202,Customer_202,B2B,2024-07-20,8793.0,171.37,2025-06-08 00:00:00
202,Customer_202,B2B,2024-07-20,9274.0,212.6,2025-06-28 01:00:00
203,Customer_203,B2B,2024-07-21,5980.0,311.56,2025-02-10 19:00:00
203,Customer_203,B2B,2024-07-21,6093.0,36.28,2025-02-15 12:00:00
203,Customer_203,B2B,2024-07-21,6790.0,136.24,2025-03-16 13:00:00
203,Customer_203,B2B,2024-07-21,7083.0,290.66,2025-03-28 18:00:00
203,Customer_203,B2B,2024-07-21,7348.0,315.25,2025-04-08 19:00:00
203,Customer_203,B2B,2024-07-21,8128.0,17.9,2025-05-11 07:00:00
203,Customer_203,B2B,2024-07-21,8508.0,304.47,2025-05-27 03:00:00
203,Customer_203,B2B,2024-07-21,8617.0,57.44,2025-05-31 16:00:00
203,Customer_203,B2B,2024-07-21,8653.0,233.6,2025-06-02 04:00:00
203,Customer_203,B2B,2024-07-21,9014.0,275.73,2025-06-17 05:00:00
203,Customer_203,B2B,2024-07-21,9057.0,130.19,2025-06-19 00:00:00
204,Customer_204,SMB,2024-07-22,6441.0,409.72,2025-03-02 00:00:00
204,Customer_204,SMB,2024-07-22,7761.0,327.38,2025-04-26 00:00:00
204,Customer_204,SMB,2024-07-22,8569.0,44.53,2025-05-29 16:00:00
204,Customer_204,SMB,2024-07-22,9789.0,407.47,2025-07-19 12:00:00
204,Customer_204,SMB,2024-07-22,9883.0,142.33,2025-07-23 10:00:00
205,Customer_205,B2C,2024-07-23,5796.0,479.39,2025-02-03 03:00:00
205,Customer_205,B2C,2024-07-23,6028.0,483.16,2025-02-12 19:00:00
205,Customer_205,B2C,2024-07-23,6408.0,115.86,2025-02-28 15:00:00
205,Customer_205,B2C,2024-07-23,7245.0,143.14,2025-04-04 12:00:00
205,Customer_205,B2C,2024-07-23,7282.0,318.71,2025-04-06 01:00:00
205,Customer_205,B2C,2024-07-23,7692.0,52.21,2025-04-23 03:00:00
205,Customer_205,B2C,2024-07-23,8310.0,98.03,2025-05-18 21:00:00
205,Customer_205,B2C,2024-07-23,8553.0,362.96,2025-05-29 00:00:00
205,Customer_205,B2C,2024-07-23,9625.0,43.81,2025-07-12 16:00:00
205,Customer_205,B2C,2024-07-23,9841.0,430.6,2025-07-21 16:00:00
206,Customer_206,B2B,2024-07-24,5419.0,193.61,2025-01-18 10:00:00
206,Customer_206,B2B,2024-07-24,8144.0,375.24,2025-05-11 23:00:00
206,Customer_206,B2B,2024-07-24,8369.0,207.49,2025-05-21 08:00:00
207,Customer_207,B2B,2024-07-25,6308.0,321.47,2025-02-24 11:00:00
208,Customer_208,B2C,2024-07-26,5063.0,339.65,2025-01-03 14:00:00
208,Customer_208,B2C,2024-07-26,5669.0,188.76,2025-01-28 20:00:00
208,Customer_208,B2C,2024-07-26,5917.0,337.92,2025-02-08 04:00:00
208,Customer_208,B2C,2024-07-26,6050.0,99.58,2025-02-13 17:00:00
208,Customer_208,B2C,2024-07-26,6827.0,327.67,2025-03-18 02:00:00
208,Customer_208,B2C,2024-07-26,8428.0,158.57,2025-05-23 19:00:00
209,Customer_209,B2B,2024-07-27,5215.0,178.54,2025-01-09 22:00:00
209,Customer_209,B2B,2024-07-27,6129.0,78.23,2025-02-17 00:00:00
209,Customer_209,B2B,2024-07-27,6187.0,124.04,2025-02-19 10:00:00
209,Customer_209,B2B,2024-07-27,6626.0,468.34,2025-03-09 17:00:00
209,Customer_209,B2B,2024-07-27,8092.0,430.9,2025-05-09 19:00:00
209,Customer_209,B2B,2024-07-27,8353.0,213.87,2025-05-20 16:00:00
210,Customer_210,B2B,2024-07-28,5088.0,85.7,2025-01-04 15:00:00
210,Customer_210,B2B,2024-07-28,5821.0,81.21,2025-02-04 04:00:00
210,Customer_210,B2B,2024-07-28,5909.0,75.17,2025-02-07 20:00:00
210,Customer_210,B2B,2024-07-28,6260.0,411.62,2025-02-22 11:00:00
210,Customer_210,B2B,2024-07-28,6867.0,227.91,2025-03-19 18:00:00
210,Customer_210,B2B,2024-07-28,7022.0,225.17,2025-03-26 05:00:00
210,Customer_210,B2B,2024-07-28,8475.0,297.03,2025-05-25 18:00:00
210,Customer_210,B2B,2024-07-28,9151.0,273.32,2025-06-22 22:00:00
210,Customer_210,B2B,2024-07-28,9649.0,72.25,2025-07-13 16:00:00
211,Customer_211,B2C,2024-07-29,5454.0,202.04,2025-01-19 21:00:00
211,Customer_211,B2C,2024-07-29,6823.0,119.95,2025-03-17 22:00:00
211,Customer_211,B2C,2024-07-29,7195.0,62.44,2025-04-02 10:00:00
211,Customer_211,B2C,2024-07-29,7483.0,300.85,2025-04-14 10:00:00
211,Customer_211,B2C,2024-07-29,8037.0,377.01,2025-05-07 12:00:00
211,Customer_211,B2C,2024-07-29,8245.0,117.5,2025-05-16 04:00:00
211,Customer_211,B2C,2024-07-29,8778.0,124.69,2025-06-07 09:00:00
212,Customer_212,B2C,2024-07-30,5456.0,104.78,2025-01-19 23:00:00
212,Customer_212,B2C,2024-07-30,5748.0,49.29,2025-02-01 03:00:00
212,Customer_212,B2C,2024-07-30,6952.0,237.35,2025-03-23 07:00:00
212,Customer_212,B2C,2024-07-30,7926.0,14.92,2025-05-02 21:00:00
212,Customer_212,B2C,2024-07-30,7975.0,463.83,2025-05-04 22:00:00
213,Customer_213,B2C,2024-07-31,6338.0,49.48,2025-02-25 17:00:00
213,Customer_213,B2C,2024-07-31,6477.0,91.47,2025-03-03 12:00:00
213,Customer_213,B2C,2024-07-31,7137.0,379.87,2025-03-31 00:00:00
213,Customer_213,B2C,2024-07-31,7861.0,383.35,2025-04-30 04:00:00
213,Customer_213,B2C,2024-07-31,8691.0,89.82,2025-06-03 18:00:00
213,Customer_213,B2C,2024-07-31,9082.0,21.7,2025-06-20 01:00:00
213,Customer_213,B2C,2024-07-31,9163.0,281.49,2025-06-23 10:00:00
214,Customer_214,B2B,2024-08-01,5790.0,281.8,2025-02-02 21:00:00
214,Customer_214,B2B,2024-08-01,7003.0,177.07,2025-03-25 10:00:00
214,Customer_214,B2B,2024-08-01,7802.0,340.07,2025-04-27 17:00:00
214,Customer_214,B2B,2024-08-01,7853.0,33.41,2025-04-29 20:00:00
215,Customer_215,B2C,2024-08-02,5524.0,124.33,2025-01-22 19:00:00
215,Customer_215,B2C,2024-08-02,5568.0,341.42,2025-01-24 15:00:00
215,Customer_215,B2C,2024-08-02,8234.0,158.72,2025-05-15 17:00:00
215,Customer_215,B2C,2024-08-02,9012.0,28.47,2025-06-17 03:00:00
215,Customer_215,B2C,2024-08-02,9095.0,45.89,2025-06-20 14:00:00
215,Customer_215,B2C,2024-08-02,9724.0,488.25,2025-07-16 19:00:00
215,Customer_215,B2C,2024-08-02,9839.0,298.97,2025-07-21 14:00:00
215,Customer_215,B2C,2024-08-02,9972.0,321.23,2025-07-27 03:00:00
216,Customer_216,B2B,2024-08-03,6102.0,362.99,2025-02-15 21:00:00
216,Customer_216,B2B,2024-08-03,6149.0,394.68,2025-02-17 20:00:00
216,Customer_216,B2B,2024-08-03,6163.0,179.06,2025-02-18 10:00:00
216,Customer_216,B2B,2024-08-03,8818.0,48.56,2025-06-09 01:00:00
217,Customer_217,B2C,2024-08-04,5288.0,331.64,2025-01-12 23:00:00
217,Customer_217,B2C,2024-08-04,7568.0,395.49,2025-04-17 23:00:00
217,Customer_217,B2C,2024-08-04,8877.0,21.29,2025-06-11 12:00:00
218,Customer_218,B2C,2024-08-05,6609.0,112.46,2025-03-09 00:00:00
218,Customer_218,B2C,2024-08-05,8741.0,188.42,2025-06-05 20:00:00
219,Customer_219,B2C,2024-08-06,5097.0,24.93,2025-01-05 00:00:00
219,Customer_219,B2C,2024-08-06,5239.0,270.82,2025-01-10 22:00:00
219,Customer_219,B2C,2024-08-06,5300.0,279.83,2025-01-13 11:00:00
219,Customer_219,B2C,2024-08-06,7780.0,103.07,2025-04-26 19:00:00
219,Customer_219,B2C,2024-08-06,8559.0,404.14,2025-05-29 06:00:00
219,Customer_219,B2C,2024-08-06,9124.0,269.64,2025-06-21 19:00:00
219,Customer_219,B2C,2024-08-06,9779.0,471.07,2025-07-19 02:00:00
220,Customer_220,SMB,2024-08-07,5072.0,317.39,2025-01-03 23:00:00
220,Customer_220,SMB,2024-08-07,8300.0,144.84,2025-05-18 11:00:00
220,Customer_220,SMB,2024-08-07,8556.0,103.73,2025-05-29 03:00:00
220,Customer_220,SMB,2024-08-07,9420.0,381.16,2025-07-04 03:00:00
221,Customer_221,B2C,2024-08-08,6066.0,348.26,2025-02-14 09:00:00
221,Customer_221,B2C,2024-08-08,6202.0,494.53,2025-02-20 01:00:00
221,Customer_221,B2C,2024-08-08,6652.0,98.52,2025-03-10 19:00:00
221,Customer_221,B2C,2024-08-08,7693.0,237.27,2025-04-23 04:00:00
222,Customer_222,B2C,2024-08-09,6363.0,476.51,2025-02-26 18:00:00
222,Customer_222,B2C,2024-08-09,6475.0,286.56,2025-03-03 10:00:00
222,Customer_222,B2C,2024-08-09,6541.0,216.64,2025-03-06 04:00:00
222,Customer_222,B2C,2024-08-09,7362.0,297.05,2025-04-09 09:00:00
222,Customer_222,B2C,2024-08-09,8243.0,37.98,2025-05-16 02:00:00
222,Customer_222,B2C,2024-08-09,8575.0,338.94,2025-05-29 22:00:00
223,Customer_223,B2B,2024-08-10,7452.0,134.07,2025-04-13 03:00:00
223,Customer_223,B2B,2024-08-10,7589.0,261.01,2025-04-18 20:00:00
224,Customer_224,B2C,2024-08-11,5868.0,202.64,2025-02-06 03:00:00
224,Customer_224,B2C,2024-08-11,8181.0,126.68,2025-05-13 12:00:00
224,Customer_224,B2C,2024-08-11,8323.0,385.94,2025-05-19 10:00:00
224,Customer_224,B2C,2024-08-11,8840.0,448.57,2025-06-09 23:00:00
224,Customer_224,B2C,2024-08-11,9372.0,92.73,2025-07-02 03:00:00
224,Customer_224,B2C,2024-08-11,9380.0,296.78,2025-07-02 11:00:00
225,Customer_225,B2B,2024-08-12,5255.0,121.0,2025-01-11 14:00:00
225,Customer_225,B2B,2024-08-12,7262.0,253.4,2025-04-05 05:00:00
225,Customer_225,B2B,2024-08-12,9094.0,82.25,2025-06-20 13:00:00
226,Customer_226,B2B,2024-08-13,7042.0,360.51,2025-03-27 01:00:00
226,Customer_226,B2B,2024-08-13,8162.0,152.69,2025-05-12 17:00:00
226,Customer_226,B2B,2024-08-13,9284.0,225.36,2025-06-28 11:00:00
227,Customer_227,SMB,2024-08-14,5843.0,70.41,2025-02-05 02:00:00
227,Customer_227,SMB,2024-08-14,7023.0,29.57,2025-03-26 06:00:00
227,Customer_227,SMB,2024-08-14,7123.0,125.34,2025-03-30 10:00:00
227,Customer_227,SMB,2024-08-14,8095.0,167.1,2025-05-09 22:00:00
227,Customer_227,SMB,2024-08-14,9602.0,393.81,2025-07-11 17:00:00
228,Customer_228,B2C,2024-08-15,7468.0,138.72,2025-04-13 19:00:00
228,Customer_228,B2C,2024-08-15,8917.0,205.14,2025-06-13 04:00:00
228,Customer_228,B2C,2024-08-15,9891.0,67.56,2025-07-23 18:00:00
229,Customer_229,SMB,2024-08-16,6283.0,478.27,2025-02-23 10:00:00
230,Customer_230,B2C,2024-08-17,8702.0,227.8,2025-06-04 05:00:00
230,Customer_230,B2C,2024-08-17,8710.0,199.26,2025-06-04 13:00:00
230,Customer_230,B2C,2024-08-17,9884.0,111.35,2025-07-23 11:00:00
231,Customer_231,B2C,2024-08-18,6932.0,458.4,2025-03-22 11:00:00
231,Customer_231,B2C,2024-08-18,6960.0,386.2,2025-03-23 15:00:00
231,Customer_231,B2C,2024-08-18,8296.0,392.83,2025-05-18 07:00:00
231,Customer_231,B2C,2024-08-18,9686.0,211.76,2025-07-15 05:00:00
231,Customer_231,B2C,2024-08-18,9805.0,124.36,2025-07-20 04:00:00
232,Customer_232,B2C,2024-08-19,5075.0,234.58,2025-01-04 02:00:00
232,Customer_232,B2C,2024-08-19,6450.0,425.3,2025-03-02 09:00:00
232,Customer_232,B2C,2024-08-19,6487.0,315.46,2025-03-03 22:00:00
232,Customer_232,B2C,2024-08-19,6639.0,371.89,2025-03-10 06:00:00
232,Customer_232,B2C,2024-08-19,6851.0,167.29,2025-03-19 02:00:00
232,Customer_232,B2C,2024-08-19,6853.0,347.01,2025-03-19 04:00:00
232,Customer_232,B2C,2024-08-19,7554.0,194.37,2025-04-17 09:00:00
232,Customer_232,B2C,2024-08-19,8081.0,51.85,2025-05-09 08:00:00
232,Customer_232,B2C,2024-08-19,8842.0,132.45,2025-06-10 01:00:00
233,Customer_233,B2C,2024-08-20,5840.0,47.82,2025-02-04 23:00:00
233,Customer_233,B2C,2024-08-20,7881.0,71.81,2025-05-01 00:00:00
233,Customer_233,B2C,2024-08-20,8047.0,266.41,2025-05-07 22:00:00
233,Customer_233,B2C,2024-08-20,9842.0,478.85,2025-07-21 17:00:00
234,Customer_234,B2C,2024-08-21,5837.0,473.53,2025-02-04 20:00:00
234,Customer_234,B2C,2024-08-21,8755.0,158.61,2025-06-06 10:00:00
234,Customer_234,B2C,2024-08-21,9220.0,403.62,2025-06-25 19:00:00
234,Customer_234,B2C,2024-08-21,9476.0,63.55,2025-07-06 11:00:00
235,Customer_235,B2B,2024-08-22,5702.0,206.35,2025-01-30 05:00:00
235,Customer_235,B2B,2024-08-22,6728.0,357.74,2025-03-13 23:00:00
236,Customer_236,B2C,2024-08-23,5153.0,15.04,2025-01-07 08:00:00
236,Customer_236,B2C,2024-08-23,8538.0,300.32,2025-05-28 09:00:00
236,Customer_236,B2C,2024-08-23,9196.0,218.42,2025-06-24 19:00:00
237,Customer_237,B2B,2024-08-24,5067.0,132.34,2025-01-03 18:00:00
237,Customer_237,B2B,2024-08-24,6802.0,254.18,2025-03-17 01:00:00
237,Customer_237,B2B,2024-08-24,6828.0,260.44,2025-03-18 03:00:00
237,Customer_237,B2B,2024-08-24,6936.0,144.59,2025-03-22 15:00:00
237,Customer_237,B2B,2024-08-24,7686.0,372.85,2025-04-22 21:00:00
237,Customer_237,B2B,2024-08-24,7997.0,382.89,2025-05-05 20:00:00
237,Customer_237,B2B,2024-08-24,8022.0,288.77,2025-05-06 21:00:00
237,Customer_237,B2B,2024-08-24,8042.0,294.98,2025-05-07 17:00:00
237,Customer_237,B2B,2024-08-24,8304.0,455.41,2025-05-18 15:00:00
237,Customer_237,B2B,2024-08-24,9203.0,310.78,2025-06-25 02:00:00
238,Customer_238,B2B,2024-08-25,8690.0,432.76,2025-06-03 17:00:00
238,Customer_238,B2B,2024-08-25,9787.0,484.36,2025-07-19 10:00:00
239,Customer_239,B2C,2024-08-26,6409.0,483.96,2025-02-28 16:00:00
239,Customer_239,B2C,2024-08-26,6613.0,218.5,2025-03-09 04:00:00
239,Customer_239,B2C,2024-08-26,7248.0,53.31,2025-04-04 15:00:00
239,Customer_239,B2C,2024-08-26,7525.0,194.9,2025-04-16 04:00:00
239,Customer_239,B2C,2024-08-26,9986.0,332.99,2025-07-27 17:00:00
240,Customer_240,B2B,2024-08-27,5302.0,418.49,2025-01-13 13:00:00
240,Customer_240,B2B,2024-08-27,7294.0,480.28,2025-04-06 13:00:00
240,Customer_240,B2B,2024-08-27,7302.0,297.43,2025-04-06 21:00:00
240,Customer_240,B2B,2024-08-27,8800.0,473.43,2025-06-08 07:00:00
240,Customer_240,B2B,2024-08-27,9769.0,71.71,2025-07-18 16:00:00
241,Customer_241,SMB,2024-08-28,5369.0,305.73,2025-01-16 08:00:00
241,Customer_241,SMB,2024-08-28,6510.0,174.8,2025-03-04 21:00:00
241,Customer_241,SMB,2024-08-28,8843.0,42.14,2025-06-10 02:00:00
241,Customer_241,SMB,2024-08-28,9950.0,302.13,2025-07-26 05:00:00
241,Customer_241,SMB,2024-08-28,9988.0,261.68,2025-07-27 19:00:00
242,Customer_242,SMB,2024-08-29,5870.0,57.51,2025-02-06 05:00:00
242,Customer_242,SMB,2024-08-29,7718.0,329.84,2025-04-24 05:00:00
242,Customer_242,SMB,2024-08-29,8629.0,300.36,2025-06-01 04:00:00
242,Customer_242,SMB,2024-08-29,8879.0,113.25,2025-06-11 14:00:00
242,Customer_242,SMB,2024-08-29,9416.0,453.87,2025-07-03 23:00:00
242,Customer_242,SMB,2024-08-29,9813.0,86.6,2025-07-20 12:00:00
243,Customer_243,SMB,2024-08-30,5567.0,398.17,2025-01-24 14:00:00
243,Customer_243,SMB,2024-08-30,7481.0,72.13,2025-04-14 08:00:00
243,Customer_243,SMB,2024-08-30,7966.0,101.58,2025-05-04 13:00:00
243,Customer_243,SMB,2024-08-30,8004.0,168.53,2025-05-06 03:00:00
243,Customer_243,SMB,2024-08-30,8808.0,192.87,2025-06-08 15:00:00
243,Customer_243,SMB,2024-08-30,9469.0,414.85,2025-07-06 04:00:00
244,Customer_244,B2C,2024-08-31,5235.0,301.48,2025-01-10 18:00:00
244,Customer_244,B2C,2024-08-31,7691.0,362.85,2025-04-23 02:00:00
244,Customer_244,B2C,2024-08-31,8366.0,287.29,2025-05-21 05:00:00
244,Customer_244,B2C,2024-08-31,9377.0,138.63,2025-07-02 08:00:00
244,Customer_244,B2C,2024-08-31,9616.0,156.24,2025-07-12 07:00:00
245,Customer_245,B2B,2024-09-01,5362.0,404.66,2025-01-16 01:00:00
245,Customer_245,B2B,2024-09-01,6287.0,97.76,2025-02-23 14:00:00
245,Customer_245,B2B,2024-09-01,6978.0,61.11,2025-03-24 09:00:00
245,Customer_245,B2B,2024-09-01,7209.0,133.89,2025-04-03 00:00:00
245,Customer_245,B2B,2024-09-01,7714.0,464.9,2025-04-24 01:00:00
245,Customer_245,B2B,2024-09-01,9260.0,470.86,2025-06-27 11:00:00
246,Customer_246,SMB,2024-09-02,8950.0,170.2,2025-06-14 13:00:00
247,Customer_247,B2C,2024-09-03,5816.0,204.92,2025-02-03 23:00:00
247,Customer_247,B2C,2024-09-03,6869.0,491.84,2025-03-19 20:00:00
247,Customer_247,B2C,2024-09-03,7047.0,29.5,2025-03-27 06:00:00
247,Customer_247,B2C,2024-09-03,8163.0,388.41,2025-05-12 18:00:00
247,Customer_247,B2C,2024-09-03,8814.0,320.3,2025-06-08 21:00:00
248,Customer_248,SMB,2024-09-04,5478.0,494.33,2025-01-20 21:00:00
248,Customer_248,SMB,2024-09-04,6994.0,198.68,2025-03-25 01:00:00
248,Customer_248,SMB,2024-09-04,8399.0,274.98,2025-05-22 14:00:00
248,Customer_248,SMB,2024-09-04,8650.0,209.25,2025-06-02 01:00:00
248,Customer_248,SMB,2024-09-04,9449.0,380.7,2025-07-05 08:00:00
249,Customer_249,SMB,2024-09-05,5016.0,494.83,2025-01-01 15:00:00
249,Customer_249,SMB,2024-09-05,6534.0,35.84,2025-03-05 21:00:00
249,Customer_249,SMB,2024-09-05,6551.0,385.63,2025-03-06 14:00:00
250,Customer_250,SMB,2024-09-06,7286.0,18.17,2025-04-06 05:00:00
250,Customer_250,SMB,2024-09-06,7434.0,275.59,2025-04-12 09:00:00
250,Customer_250,SMB,2024-09-06,7788.0,45.81,2025-04-27 03:00:00
250,Customer_250,SMB,2024-09-06,7999.0,189.48,2025-05-05 22:00:00
250,Customer_250,SMB,2024-09-06,9534.0,227.23,2025-07-08 21:00:00
251,Customer_251,B2B,2024-09-07,6103.0,260.45,2025-02-15 22:00:00
251,Customer_251,B2B,2024-09-07,6798.0,208.77,2025-03-16 21:00:00
251,Customer_251,B2B,2024-09-07,7624.0,112.96,2025-04-20 07:00:00
251,Customer_251,B2B,2024-09-07,7723.0,415.17,2025-04-24 10:00:00
251,Customer_251,B2B,2024-09-07,8775.0,471.67,2025-06-07 06:00:00
251,Customer_251,B2B,2024-09-07,8983.0,104.02,2025-06-15 22:00:00
252,Customer_252,B2C,2024-09-08,6682.0,190.44,2025-03-12 01:00:00
252,Customer_252,B2C,2024-09-08,6989.0,65.07,2025-03-24 20:00:00
252,Customer_252,B2C,2024-09-08,7390.0,13.47,2025-04-10 13:00:00
252,Customer_252,B2C,2024-09-08,9145.0,325.91,2025-06-22 16:00:00
253,Customer_253,SMB,2024-09-09,5789.0,401.89,2025-02-02 20:00:00
253,Customer_253,SMB,2024-09-09,7743.0,393.63,2025-04-25 06:00:00
253,Customer_253,SMB,2024-09-09,7965.0,398.34,2025-05-04 12:00:00
253,Customer_253,SMB,2024-09-09,9000.0,258.87,2025-06-16 15:00:00
253,Customer_253,SMB,2024-09-09,9648.0,134.99,2025-07-13 15:00:00
254,Customer_254,B2C,2024-09-10,6964.0,292.9,2025-03-23 19:00:00
254,Customer_254,B2C,2024-09-10,8105.0,179.89,2025-05-10 08:00:00
254,Customer_254,B2C,2024-09-10,8373.0,167.08,2025-05-21 12:00:00
254,Customer_254,B2C,2024-09-10,9221.0,449.68,2025-06-25 20:00:00
254,Customer_254,B2C,2024-09-10,9393.0,475.6,2025-07-03 00:00:00
255,Customer_255,B2B,2024-09-11,5493.0,467.87,2025-01-21 12:00:00
255,Customer_255,B2B,2024-09-11,5823.0,40.4,2025-02-04 06:00:00
255,Customer_255,B2B,2024-09-11,6327.0,63.83,2025-02-25 06:00:00
255,Customer_255,B2B,2024-09-11,8754.0,268.03,2025-06-06 09:00:00
255,Customer_255,B2B,2024-09-11,8910.0,328.89,2025-06-12 21:00:00
255,Customer_255,B2B,2024-09-11,9356.0,34.16,2025-07-01 11:00:00
255,Customer_255,B2B,2024-09-11,9500.0,124.9,2025-07-07 11:00:00
256,Customer_256,B2C,2024-09-12,5662.0,133.63,2025-01-28 13:00:00
256,Customer_256,B2C,2024-09-12,7318.0,136.57,2025-04-07 13:00:00
256,Customer_256,B2C,2024-09-12,9232.0,294.9,2025-06-26 07:00:00
256,Customer_256,B2C,2024-09-12,9425.0,347.26,2025-07-04 08:00:00
256,Customer_256,B2C,2024-09-12,9597.0,399.59,2025-07-11 12:00:00
256,Customer_256,B2C,2024-09-12,9638.0,165.18,2025-07-13 05:00:00
256,Customer_256,B2C,2024-09-12,9734.0,349.67,2025-07-17 05:00:00
256,Customer_256,B2C,2024-09-12,9833.0,306.95,2025-07-21 08:00:00
256,Customer_256,B2C,2024-09-12,9901.0,478.84,2025-07-24 04:00:00
257,Customer_257,SMB,2024-09-13,5464.0,127.86,2025-01-20 07:00:00
257,Customer_257,SMB,2024-09-13,5607.0,307.5,2025-01-26 06:00:00
257,Customer_257,SMB,2024-09-13,6222.0,124.45,2025-02-20 21:00:00
257,Customer_257,SMB,2024-09-13,9007.0,255.15,2025-06-16 22:00:00
257,Customer_257,SMB,2024-09-13,9740.0,325.77,2025-07-17 11:00:00
258,Customer_258,B2C,2024-09-14,6205.0,379.74,2025-02-20 04:00:00
258,Customer_258,B2C,2024-09-14,6765.0,208.43,2025-03-15 12:00:00
258,Customer_258,B2C,2024-09-14,8133.0,397.16,2025-05-11 12:00:00
259,Customer_259,B2C,2024-09-15,5380.0,88.51,2025-01-16 19:00:00
259,Customer_259,B2C,2024-09-15,7148.0,140.19,2025-03-31 11:00:00
259,Customer_259,B2C,2024-09-15,7319.0,434.84,2025-04-07 14:00:00
259,Customer_259,B2C,2024-09-15,7631.0,76.46,2025-04-20 14:00:00
259,Customer_259,B2C,2024-09-15,8225.0,256.54,2025-05-15 08:00:00
259,Customer_259,B2C,2024-09-15,8459.0,128.26,2025-05-25 02:00:00
259,Customer_259,B2C,2024-09-15,8918.0,253.61,2025-06-13 05:00:00
260,Customer_260,B2B,2024-09-16,6573.0,284.02,2025-03-07 12:00:00
260,Customer_260,B2B,2024-09-16,6779.0,174.09,2025-03-16 02:00:00
260,Customer_260,B2B,2024-09-16,6834.0,288.91,2025-03-18 09:00:00
260,Customer_260,B2B,2024-09-16,7225.0,302.06,2025-04-03 16:00:00
260,Customer_260,B2B,2024-09-16,9548.0,306.15,2025-07-09 11:00:00
260,Customer_260,B2B,2024-09-16,9760.0,375.9,2025-07-18 07:00:00
261,Customer_261,B2C,2024-09-17,8728.0,256.99,2025-06-05 07:00:00
261,Customer_261,B2C,2024-09-17,9126.0,246.39,2025-06-21 21:00:00
261,Customer_261,B2C,2024-09-17,9892.0,394.98,2025-07-23 19:00:00
262,Customer_262,SMB,2024-09-18,6467.0,465.78,2025-03-03 02:00:00
262,Customer_262,SMB,2024-09-18,6471.0,365.78,2025-03-03 06:00:00
262,Customer_262,SMB,2024-09-18,6695.0,351.61,2025-03-12 14:00:00
262,Customer_262,SMB,2024-09-18,7092.0,294.57,2025-03-29 03:00:00
262,Customer_262,SMB,2024-09-18,7662.0,84.19,2025-04-21 21:00:00
262,Customer_262,SMB,2024-09-18,8766.0,354.4,2025-06-06 21:00:00
262,Customer_262,SMB,2024-09-18,9291.0,68.05,2025-06-28 18:00:00
263,Customer_263,B2B,2024-09-19,5534.0,177.25,2025-01-23 05:00:00
263,Customer_263,B2B,2024-09-19,7088.0,144.36,2025-03-28 23:00:00
263,Customer_263,B2B,2024-09-19,7492.0,468.72,2025-04-14 19:00:00
263,Customer_263,B2B,2024-09-19,7848.0,445.41,2025-04-29 15:00:00
263,Customer_263,B2B,2024-09-19,8362.0,211.85,2025-05-21 01:00:00
263,Customer_263,B2B,2024-09-19,9223.0,233.2,2025-06-25 22:00:00
264,Customer_264,B2C,2024-09-20,8055.0,131.43,2025-05-08 06:00:00
264,Customer_264,B2C,2024-09-20,8963.0,191.0,2025-06-15 02:00:00
264,Customer_264,B2C,2024-09-20,8965.0,284.57,2025-06-15 04:00:00
264,Customer_264,B2C,2024-09-20,9885.0,330.47,2025-07-23 12:00:00
265,Customer_265,SMB,2024-09-21,5005.0,37.92,2025-01-01 04:00:00
265,Customer_265,SMB,2024-09-21,5213.0,277.88,2025-01-09 20:00:00
265,Customer_265,SMB,2024-09-21,5285.0,243.04,2025-01-12 20:00:00
265,Customer_265,SMB,2024-09-21,5829.0,480.3,2025-02-04 12:00:00
265,Customer_265,SMB,2024-09-21,6309.0,184.42,2025-02-24 12:00:00
265,Customer_265,SMB,2024-09-21,7904.0,346.18,2025-05-01 23:00:00
265,Customer_265,SMB,2024-09-21,8423.0,105.12,2025-05-23 14:00:00
266,Customer_266,B2C,2024-09-22,5834.0,275.22,2025-02-04 17:00:00
266,Customer_266,B2C,2024-09-22,6610.0,73.87,2025-03-09 01:00:00
266,Customer_266,B2C,2024-09-22,9669.0,186.18,2025-07-14 12:00:00
267,Customer_267,B2C,2024-09-23,5187.0,13.37,2025-01-08 18:00:00
267,Customer_267,B2C,2024-09-23,5873.0,342.0,2025-02-06 08:00:00
267,Customer_267,B2C,2024-09-23,6159.0,302.06,2025-02-18 06:00:00
267,Customer_267,B2C,2024-09-23,7247.0,195.37,2025-04-04 14:00:00
267,Customer_267,B2C,2024-09-23,8172.0,405.56,2025-05-13 03:00:00
267,Customer_267,B2C,2024-09-23,8378.0,242.83,2025-05-21 17:00:00
267,Customer_267,B2C,2024-09-23,8980.0,181.98,2025-06-15 19:00:00
268,Customer_268,B2C,2024-09-24,7324.0,317.13,2025-04-07 19:00:00
268,Customer_268,B2C,2024-09-24,9018.0,92.61,2025-06-17 09:00:00
269,Customer_269,B2C,2024-09-25,5903.0,207.34,2025-02-07 14:00:00
269,Customer_269,B2C,2024-09-25,6078.0,476.67,2025-02-14 21:00:00
269,Customer_269,B2C,2024-09-25,6591.0,315.52,2025-03-08 06:00:00
269,Customer_269,B2C,2024-09-25,6950.0,168.18,2025-03-23 05:00:00
269,Customer_269,B2C,2024-09-25,6954.0,464.6,2025-03-23 09:00:00
269,Customer_269,B2C,2024-09-25,7166.0,79.28,2025-04-01 05:00:00
269,Customer_269,B2C,2024-09-25,9557.0,210.04,2025-07-09 20:00:00
270,Customer_270,B2B,2024-09-26,5979.0,218.98,2025-02-10 18:00:00
270,Customer_270,B2B,2024-09-26,6426.0,421.16,2025-03-01 09:00:00
270,Customer_270,B2B,2024-09-26,6810.0,191.78,2025-03-17 09:00:00
270,Customer_270,B2B,2024-09-26,8666.0,158.12,2025-06-02 17:00:00
270,Customer_270,B2B,2024-09-26,9492.0,77.94,2025-07-07 03:00:00
271,Customer_271,SMB,2024-09-27,5358.0,203.63,2025-01-15 21:00:00
271,Customer_271,SMB,2024-09-27,6662.0,38.64,2025-03-11 05:00:00
271,Customer_271,SMB,2024-09-27,7396.0,311.98,2025-04-10 19:00:00
271,Customer_271,SMB,2024-09-27,9619.0,125.64,2025-07-12 10:00:00
271,Customer_271,SMB,2024-09-27,9838.0,355.01,2025-07-21 13:00:00
272,Customer_272,SMB,2024-09-28,5052.0,485.26,2025-01-03 03:00:00
272,Customer_272,SMB,2024-09-28,5339.0,81.75,2025-01-15 02:00:00
272,Customer_272,SMB,2024-09-28,5589.0,60.68,2025-01-25 12:00:00
272,Customer_272,SMB,2024-09-28,5839.0,155.34,2025-02-04 22:00:00
272,Customer_272,SMB,2024-09-28,6593.0,161.75,2025-03-08 08:00:00
272,Customer_272,SMB,2024-09-28,7666.0,189.69,2025-04-22 01:00:00
272,Customer_272,SMB,2024-09-28,8464.0,410.23,2025-05-25 07:00:00
272,Customer_272,SMB,2024-09-28,9897.0,473.04,2025-07-24 00:00:00
272,Customer_272,SMB,2024-09-28,9969.0,227.62,2025-07-27 00:00:00
273,Customer_273,SMB,2024-09-29,5270.0,246.24,2025-01-12 05:00:00
273,Customer_273,SMB,2024-09-29,5331.0,318.61,2025-01-14 18:00:00
273,Customer_273,SMB,2024-09-29,5352.0,169.35,2025-01-15 15:00:00
273,Customer_273,SMB,2024-09-29,6739.0,239.18,2025-03-14 10:00:00
274,Customer_274,SMB,2024-09-30,5556.0,54.04,2025-01-24 03:00:00
274,Customer_274,SMB,2024-09-30,8356.0,115.53,2025-05-20 19:00:00
275,Customer_275,B2C,2024-10-01,5168.0,465.03,2025-01-07 23:00:00
275,Customer_275,B2C,2024-10-01,5185.0,380.95,2025-01-08 16:00:00
275,Customer_275,B2C,2024-10-01,5247.0,137.24,2025-01-11 06:00:00
275,Customer_275,B2C,2024-10-01,6117.0,209.81,2025-02-16 12:00:00
275,Customer_275,B2C,2024-10-01,6632.0,145.03,2025-03-09 23:00:00
275,Customer_275,B2C,2024-10-01,7237.0,256.41,2025-04-04 04:00:00
275,Customer_275,B2C,2024-10-01,8371.0,352.05,2025-05-21 10:00:00
276,Customer_276,B2C,2024-10-02,5389.0,334.24,2025-01-17 04:00:00
276,Customer_276,B2C,2024-10-02,6498.0,332.57,2025-03-04 09:00:00
276,Customer_276,B2C,2024-10-02,6789.0,16.96,2025-03-16 12:00:00
276,Customer_276,B2C,2024-10-02,7116.0,163.94,2025-03-30 03:00:00
276,Customer_276,B2C,2024-10-02,7216.0,362.5,2025-04-03 07:00:00
276,Customer_276,B2C,2024-10-02,7304.0,263.83,2025-04-06 23:00:00
276,Customer_276,B2C,2024-10-02,8218.0,150.76,2025-05-15 01:00:00
276,Customer_276,B2C,2024-10-02,8266.0,483.23,2025-05-17 01:00:00
277,Customer_277,B2C,2024-10-03,6569.0,277.74,2025-03-07 08:00:00
277,Customer_277,B2C,2024-10-03,6969.0,323.09,2025-03-24 00:00:00
277,Customer_277,B2C,2024-10-03,7899.0,311.56,2025-05-01 18:00:00
277,Customer_277,B2C,2024-10-03,8349.0,123.18,2025-05-20 12:00:00
278,Customer_278,B2C,2024-10-04,5749.0,243.65,2025-02-01 04:00:00
278,Customer_278,B2C,2024-10-04,6724.0,247.76,2025-03-13 19:00:00
279,Customer_279,B2C,2024-10-05,6190.0,29.09,2025-02-19 13:00:00
279,Customer_279,B2C,2024-10-05,8306.0,48.08,2025-05-18 17:00:00
279,Customer_279,B2C,2024-10-05,9021.0,459.16,2025-06-17 12:00:00
279,Customer_279,B2C,2024-10-05,9680.0,398.42,2025-07-14 23:00:00
280,Customer_280,B2C,2024-10-06,5737.0,204.19,2025-01-31 16:00:00
280,Customer_280,B2C,2024-10-06,6431.0,368.31,2025-03-01 14:00:00
280,Customer_280,B2C,2024-10-06,6749.0,243.72,2025-03-14 20:00:00
280,Customer_280,B2C,2024-10-06,8063.0,65.48,2025-05-08 14:00:00
281,Customer_281,SMB,2024-10-07,6525.0,420.36,2025-03-05 12:00:00
281,Customer_281,SMB,2024-10-07,6565.0,37.55,2025-03-07 04:00:00
281,Customer_281,SMB,2024-10-07,7461.0,277.66,2025-04-13 12:00:00
281,Customer_281,SMB,2024-10-07,9464.0,422.49,2025-07-05 23:00:00
282,Customer_282,B2C,2024-10-08,5336.0,219.94,2025-01-14 23:00:00
282,Customer_282,B2C,2024-10-08,5351.0,290.79,2025-01-15 14:00:00
282,Customer_282,B2C,2024-10-08,6667.0,205.99,2025-03-11 10:00:00
282,Customer_282,B2C,2024-10-08,7542.0,438.46,2025-04-16 21:00:00
282,Customer_282,B2C,2024-10-08,8068.0,94.12,2025-05-08 19:00:00
282,Customer_282,B2C,2024-10-08,8394.0,242.15,2025-05-22 09:00:00
283,Customer_283,B2C,2024-10-09,6760.0,479.85,2025-03-15 07:00:00
283,Customer_283,B2C,2024-10-09,7766.0,186.12,2025-04-26 05:00:00
283,Customer_283,B2C,2024-10-09,9353.0,441.52,2025-07-01 08:00:00
283,Customer_283,B2C,2024-10-09,9894.0,66.36,2025-07-23 21:00:00
284,Customer_284,B2B,2024-10-10,6686.0,455.87,2025-03-12 05:00:00
284,Customer_284,B2B,2024-10-10,7655.0,206.48,2025-04-21 14:00:00
284,Customer_284,B2B,2024-10-10,8185.0,289.39,2025-05-13 16:00:00
284,Customer_284,B2B,2024-10-10,8265.0,487.87,2025-05-17 00:00:00
284,Customer_284,B2B,2024-10-10,8473.0,336.69,2025-05-25 16:00:00
284,Customer_284,B2B,2024-10-10,9342.0,443.61,2025-06-30 21:00:00
284,Customer_284,B2B,2024-10-10,9517.0,418.3,2025-07-08 04:00:00
284,Customer_284,B2B,2024-10-10,9736.0,102.79,2025-07-17 07:00:00
285,Customer_285,B2C,2024-10-11,5497.0,391.96,2025-01-21 16:00:00
285,Customer_285,B2C,2024-10-11,6680.0,334.06,2025-03-11 23:00:00
285,Customer_285,B2C,2024-10-11,8219.0,371.03,2025-05-15 02:00:00
285,Customer_285,B2C,2024-10-11,9944.0,161.57,2025-07-25 23:00:00
286,Customer_286,B2B,2024-10-12,5707.0,333.25,2025-01-30 10:00:00
286,Customer_286,B2B,2024-10-12,6238.0,167.0,2025-02-21 13:00:00
286,Customer_286,B2B,2024-10-12,9088.0,347.68,2025-06-20 07:00:00
286,Customer_286,B2B,2024-10-12,9588.0,20.88,2025-07-11 03:00:00
287,Customer_287,B2C,2024-10-13,6345.0,70.39,2025-02-26 00:00:00
287,Customer_287,B2C,2024-10-13,6677.0,257.27,2025-03-11 20:00:00
287,Customer_287,B2C,2024-10-13,7146.0,133.64,2025-03-31 09:00:00
287,Customer_287,B2C,2024-10-13,9993.0,458.15,2025-07-28 00:00:00
288,Customer_288,B2C,2024-10-14,5121.0,402.71,2025-01-06 00:00:00
288,Customer_288,B2C,2024-10-14,6301.0,459.65,2025-02-24 04:00:00
288,Customer_288,B2C,2024-10-14,9315.0,470.69,2025-06-29 18:00:00
288,Customer_288,B2C,2024-10-14,9392.0,146.65,2025-07-02 23:00:00
288,Customer_288,B2C,2024-10-14,9615.0,248.33,2025-07-12 06:00:00
288,Customer_288,B2C,2024-10-14,9880.0,20.85,2025-07-23 07:00:00
289,Customer_289,B2B,2024-10-15,7578.0,60.14,2025-04-18 09:00:00
289,Customer_289,B2B,2024-10-15,8886.0,325.93,2025-06-11 21:00:00
290,Customer_290,B2C,2024-10-16,6054.0,40.59,2025-02-13 21:00:00
290,Customer_290,B2C,2024-10-16,8126.0,161.59,2025-05-11 05:00:00
291,Customer_291,B2B,2024-10-17,5366.0,140.3,2025-01-16 05:00:00
291,Customer_291,B2B,2024-10-17,5553.0,286.32,2025-01-24 00:00:00
291,Customer_291,B2B,2024-10-17,5828.0,283.36,2025-02-04 11:00:00
291,Customer_291,B2B,2024-10-17,6111.0,338.8,2025-02-16 06:00:00
291,Customer_291,B2B,2024-10-17,6469.0,136.86,2025-03-03 04:00:00
291,Customer_291,B2B,2024-10-17,6522.0,220.28,2025-03-05 09:00:00
291,Customer_291,B2B,2024-10-17,8431.0,87.11,2025-05-23 22:00:00
291,Customer_291,B2B,2024-10-17,9249.0,362.54,2025-06-27 00:00:00
292,Customer_292,B2B,2024-10-18,5180.0,378.08,2025-01-08 11:00:00
292,Customer_292,B2B,2024-10-18,5628.0,319.87,2025-01-27 03:00:00
292,Customer_292,B2B,2024-10-18,7075.0,101.43,2025-03-28 10:00:00
293,Customer_293,SMB,2024-10-19,6298.0,104.09,2025-02-24 01:00:00
294,Customer_294,B2C,2024-10-20,5115.0,365.05,2025-01-05 18:00:00
294,Customer_294,B2C,2024-10-20,7773.0,28.41,2025-04-26 12:00:00
294,Customer_294,B2C,2024-10-20,8520.0,322.33,2025-05-27 15:00:00
294,Customer_294,B2C,2024-10-20,8833.0,328.43,2025-06-09 16:00:00
294,Customer_294,B2C,2024-10-20,9396.0,38.0,2025-07-03 03:00:00
295,Customer_295,B2B,2024-10-21,5703.0,66.42,2025-01-30 06:00:00
295,Customer_295,B2B,2024-10-21,6455.0,272.32,2025-03-02 14:00:00
295,Customer_295,B2B,2024-10-21,7873.0,363.51,2025-04-30 16:00:00
296,Customer_296,B2C,2024-10-22,7202.0,162.08,2025-04-02 17:00:00
296,Customer_296,B2C,2024-10-22,8524.0,384.9,2025-05-27 19:00:00
296,Customer_296,B2C,2024-10-22,8581.0,337.84,2025-05-30 04:00:00
296,Customer_296,B2C,2024-10-22,9327.0,61.28,2025-06-30 06:00:00
296,Customer_296,B2C,2024-10-22,9358.0,129.95,2025-07-01 13:00:00
297,Customer_297,B2C,2024-10-23,6247.0,412.41,2025-02-21 22:00:00
297,Customer_297,B2C,2024-10-23,7281.0,306.11,2025-04-06 00:00:00
297,Customer_297,B2C,2024-10-23,8440.0,456.67,2025-05-24 07:00:00
297,Customer_297,B2C,2024-10-23,8703.0,135.58,2025-06-04 06:00:00
297,Customer_297,B2C,2024-10-23,9068.0,328.8,2025-06-19 11:00:00
297,Customer_297,B2C,2024-10-23,9118.0,293.16,2025-06-21 13:00:00
298,Customer_298,B2B,2024-10-24,,,
299,Customer_299,B2C,2024-10-25,5037.0,249.92,2025-01-02 12:00:00
299,Customer_299,B2C,2024-10-25,5688.0,468.02,2025-01-29 15:00:00
299,Customer_299,B2C,2024-10-25,6974.0,75.37,2025-03-24 05:00:00
299,Customer_299,B2C,2024-10-25,7584.0,187.22,2025-04-18 15:00:00
299,Customer_299,B2C,2024-10-25,9535.0,297.07,2025-07-08 22:00:00
300,Customer_300,B2B,2024-10-26,5100.0,260.18,2025-01-05 03:00:00
300,Customer_300,B2B,2024-10-26,5253.0,349.09,2025-01-11 12:00:00
300,Customer_300,B2B,2024-10-26,5602.0,287.22,2025-01-26 01:00:00
300,Customer_300,B2B,2024-10-26,5801.0,290.09,2025-02-03 08:00:00
300,Customer_300,B2B,2024-10-26,5830.0,33.86,2025-02-04 13:00:00
300,Customer_300,B2B,2024-10-26,7323.0,110.09,2025-04-07 18:00:00
300,Customer_300,B2B,2024-10-26,9422.0,357.5,2025-07-04 05:00:00
301,Customer_301,B2B,2024-10-27,8264.0,264.96,2025-05-16 23:00:00
301,Customer_301,B2B,2024-10-27,8490.0,19.97,2025-05-26 09:00:00
301,Customer_301,B2B,2024-10-27,9208.0,316.1,2025-06-25 07:00:00
302,Customer_302,B2C,2024-10-28,6335.0,308.81,2025-02-25 14:00:00
302,Customer_302,B2C,2024-10-28,6397.0,230.67,2025-02-28 04:00:00
302,Customer_302,B2C,2024-10-28,9708.0,16.84,2025-07-16 03:00:00
303,Customer_303,B2C,2024-10-29,6137.0,225.93,2025-02-17 08:00:00
303,Customer_303,B2C,2024-10-29,6382.0,407.79,2025-02-27 13:00:00
303,Customer_303,B2C,2024-10-29,6896.0,211.46,2025-03-20 23:00:00
303,Customer_303,B2C,2024-10-29,7110.0,418.88,2025-03-29 21:00:00
303,Customer_303,B2C,2024-10-29,8709.0,103.83,2025-06-04 12:00:00
303,Customer_303,B2C,2024-10-29,8780.0,141.57,2025-06-07 11:00:00
304,Customer_304,B2C,2024-10-30,7410.0,52.83,2025-04-11 09:00:00
304,Customer_304,B2C,2024-10-30,8555.0,209.94,2025-05-29 02:00:00
305,Customer_305,B2C,2024-10-31,6683.0,489.73,2025-03-12 02:00:00
305,Customer_305,B2C,2024-10-31,8638.0,275.46,2025-06-01 13:00:00
305,Customer_305,B2C,2024-10-31,9224.0,25.1,2025-06-25 23:00:00
305,Customer_305,B2C,2024-10-31,9520.0,296.75,2025-07-08 07:00:00
305,Customer_305,B2C,2024-10-31,9887.0,98.03,2025-07-23 14:00:00
306,Customer_306,SMB,2024-11-01,5449.0,186.93,2025-01-19 16:00:00
306,Customer_306,SMB,2024-11-01,5772.0,409.05,2025-02-02 03:00:00
306,Customer_306,SMB,2024-11-01,8001.0,379.92,2025-05-06 00:00:00
307,Customer_307,B2C,2024-11-02,5324.0,368.43,2025-01-14 11:00:00
307,Customer_307,B2C,2024-11-02,7650.0,175.23,2025-04-21 09:00:00
307,Customer_307,B2C,2024-11-02,9052.0,113.49,2025-06-18 19:00:00
307,Customer_307,B2C,2024-11-02,9682.0,84.8,2025-07-15 01:00:00
308,Customer_308,B2C,2024-11-03,5191.0,207.18,2025-01-08 22:00:00
308,Customer_308,B2C,2024-11-03,6197.0,432.11,2025-02-19 20:00:00
308,Customer_308,B2C,2024-11-03,7159.0,102.27,2025-03-31 22:00:00
309,Customer_309,B2C,2024-11-04,6417.0,133.56,2025-03-01 00:00:00
309,Customer_309,B2C,2024-11-04,6870.0,128.38,2025-03-19 21:00:00
309,Customer_309,B2C,2024-11-04,6921.0,385.46,2025-03-22 00:00:00
309,Customer_309,B2C,2024-11-04,7175.0,331.35,2025-04-01 14:00:00
309,Customer_309,B2C,2024-11-04,7196.0,392.54,2025-04-02 11:00:00
309,Customer_309,B2C,2024-11-04,8013.0,285.43,2025-05-06 12:00:00
309,Customer_309,B2C,2024-11-04,8104.0,226.51,2025-05-10 07:00:00
309,Customer_309,B2C,2024-11-04,8510.0,253.81,2025-05-27 05:00:00
309,Customer_309,B2C,2024-11-04,9812.0,65.42,2025-07-20 11:00:00
310,Customer_310,B2B,2024-11-05,5244.0,469.77,2025-01-11 03:00:00
310,Customer_310,B2B,2024-11-05,5750.0,318.75,2025-02-01 05:00:00
310,Customer_310,B2B,2024-11-05,6580.0,49.06,2025-03-07 19:00:00
310,Customer_310,B2B,2024-11-05,6733.0,148.09,2025-03-14 04:00:00
310,Customer_310,B2B,2024-11-05,6917.0,14.82,2025-03-21 20:00:00
310,Customer_310,B2B,2024-11-05,9301.0,76.82,2025-06-29 04:00:00
311,Customer_311,B2C,2024-11-06,5284.0,26.0,2025-01-12 19:00:00
311,Customer_311,B2C,2024-11-06,6290.0,79.19,2025-02-23 17:00:00
311,Customer_311,B2C,2024-11-06,7491.0,409.17,2025-04-14 18:00:00
311,Customer_311,B2C,2024-11-06,7498.0,251.56,2025-04-15 01:00:00
311,Customer_311,B2C,2024-11-06,7769.0,475.86,2025-04-26 08:00:00
311,Customer_311,B2C,2024-11-06,8830.0,488.18,2025-06-09 13:00:00
311,Customer_311,B2C,2024-11-06,9093.0,45.39,2025-06-20 12:00:00
312,Customer_312,B2B,2024-11-07,6044.0,393.86,2025-02-13 11:00:00
312,Customer_312,B2B,2024-11-07,6142.0,491.54,2025-02-17 13:00:00
312,Customer_312,B2B,2024-11-07,6412.0,219.28,2025-02-28 19:00:00
312,Customer_312,B2B,2024-11-07,8249.0,372.34,2025-05-16 08:00:00
313,Customer_313,B2B,2024-11-08,5594.0,10.02,2025-01-25 17:00:00
313,Customer_313,B2B,2024-11-08,6211.0,356.12,2025-02-20 10:00:00
313,Customer_313,B2B,2024-11-08,7978.0,132.68,2025-05-05 01:00:00
313,Customer_313,B2B,2024-11-08,9683.0,357.98,2025-07-15 02:00:00
313,Customer_313,B2B,2024-11-08,9900.0,197.17,2025-07-24 03:00:00
314,Customer_314,SMB,2024-11-09,7220.0,81.59,2025-04-03 11:00:00
314,Customer_314,SMB,2024-11-09,7383.0,211.45,2025-04-10 06:00:00
314,Customer_314,SMB,2024-11-09,8008.0,184.54,2025-05-06 07:00:00
314,Customer_314,SMB,2024-11-09,8578.0,371.88,2025-05-30 01:00:00
314,Customer_314,SMB,2024-11-09,9555.0,487.13,2025-07-09 18:00:00
315,Customer_315,SMB,2024-11-10,5123.0,377.88,2025-01-06 02:00:00
315,Customer_315,SMB,2024-11-10,6331.0,22.42,2025-02-25 10:00:00
315,Customer_315,SMB,2024-11-10,7629.0,396.14,2025-04-20 12:00:00
315,Customer_315,SMB,2024-11-10,8622.0,255.71,2025-05-31 21:00:00
315,Customer_315,SMB,2024-11-10,9059.0,167.06,2025-06-19 02:00:00
315,Customer_315,SMB,2024-11-10,9990.0,193.09,2025-07-27 21:00:00
316,Customer_316,B2C,2024-11-11,5227.0,402.48,2025-01-10 10:00:00
316,Customer_316,B2C,2024-11-11,5961.0,106.18,2025-02-10 00:00:00
316,Customer_316,B2C,2024-11-11,7868.0,86.88,2025-04-30 11:00:00
316,Customer_316,B2C,2024-11-11,8408.0,71.97,2025-05-22 23:00:00
316,Customer_316,B2C,2024-11-11,9580.0,482.27,2025-07-10 19:00:00
317,Customer_317,B2C,2024-11-12,5020.0,249.8,2025-01-01 19:00:00
317,Customer_317,B2C,2024-11-12,5705.0,213.26,2025-01-30 08:00:00
317,Customer_317,B2C,2024-11-12,7130.0,456.77,2025-03-30 17:00:00
317,Customer_317,B2C,2024-11-12,7153.0,92.69,2025-03-31 16:00:00
317,Customer_317,B2C,2024-11-12,7418.0,476.61,2025-04-11 17:00:00
317,Customer_317,B2C,2024-11-12,7576.0,47.97,2025-04-18 07:00:00
317,Customer_317,B2C,2024-11-12,7653.0,253.29,2025-04-21 12:00:00
317,Customer_317,B2C,2024-11-12,9911.0,154.52,2025-07-24 14:00:00
318,Customer_318,B2B,2024-11-13,7194.0,401.29,2025-04-02 09:00:00
318,Customer_318,B2B,2024-11-13,9406.0,239.55,2025-07-03 13:00:00
318,Customer_318,B2B,2024-11-13,9579.0,204.16,2025-07-10 18:00:00
319,Customer_319,B2B,2024-11-14,5382.0,214.89,2025-01-16 21:00:00
319,Customer_319,B2B,2024-11-14,5764.0,468.61,2025-02-01 19:00:00
319,Customer_319,B2B,2024-11-14,6955.0,435.17,2025-03-23 10:00:00
319,Customer_319,B2B,2024-11-14,7347.0,58.58,2025-04-08 18:00:00
319,Customer_319,B2B,2024-11-14,8864.0,348.14,2025-06-10 23:00:00
320,Customer_320,B2B,2024-11-15,5416.0,357.63,2025-01-18 07:00:00
320,Customer_320,B2B,2024-11-15,5462.0,122.7,2025-01-20 05:00:00
320,Customer_320,B2B,2024-11-15,8680.0,435.71,2025-06-03 07:00:00
320,Customer_320,B2B,2024-11-15,9110.0,349.47,2025-06-21 05:00:00
321,Customer_321,B2C,2024-11-16,5118.0,147.71,2025-01-05 21:00:00
321,Customer_321,B2C,2024-11-16,7276.0,221.71,2025-04-05 19:00:00
321,Customer_321,B2C,2024-11-16,8487.0,467.0,2025-05-26 06:00:00
321,Customer_321,B2C,2024-11-16,8771.0,102.68,2025-06-07 02:00:00
322,Customer_322,B2C,2024-11-17,5061.0,400.0,2025-01-03 12:00:00
322,Customer_322,B2C,2024-11-17,5495.0,413.4,2025-01-21 14:00:00
322,Customer_322,B2C,2024-11-17,6636.0,465.41,2025-03-10 03:00:00
322,Customer_322,B2C,2024-11-17,6806.0,350.54,2025-03-17 05:00:00
322,Customer_322,B2C,2024-11-17,7265.0,357.21,2025-04-05 08:00:00
322,Customer_322,B2C,2024-11-17,7843.0,345.26,2025-04-29 10:00:00
322,Customer_322,B2C,2024-11-17,8517.0,256.81,2025-05-27 12:00:00
323,Customer_323,B2C,2024-11-18,5104.0,255.63,2025-01-05 07:00:00
323,Customer_323,B2C,2024-11-18,5517.0,344.44,2025-01-22 12:00:00
323,Customer_323,B2C,2024-11-18,8251.0,173.52,2025-05-16 10:00:00
323,Customer_323,B2C,2024-11-18,8501.0,450.81,2025-05-26 20:00:00
323,Customer_323,B2C,2024-11-18,8604.0,211.36,2025-05-31 03:00:00
324,Customer_324,B2B,2024-11-19,7358.0,51.26,2025-04-09 05:00:00
324,Customer_324,B2B,2024-11-19,9162.0,492.91,2025-06-23 09:00:00
325,Customer_325,SMB,2024-11-20,5774.0,74.77,2025-02-02 05:00:00
325,Customer_325,SMB,2024-11-20,5826.0,287.35,2025-02-04 09:00:00
325,Customer_325,SMB,2024-11-20,7429.0,287.76,2025-04-12 04:00:00
325,Customer_325,SMB,2024-11-20,9692.0,400.92,2025-07-15 11:00:00
325,Customer_325,SMB,2024-11-20,9758.0,156.35,2025-07-18 05:00:00
325,Customer_325,SMB,2024-11-20,9906.0,403.74,2025-07-24 09:00:00
325,Customer_325,SMB,2024-11-20,9928.0,385.22,2025-07-25 07:00:00
326,Customer_326,B2C,2024-11-21,6076.0,432.09,2025-02-14 19:00:00
326,Customer_326,B2C,2024-11-21,6564.0,463.07,2025-03-07 03:00:00
326,Customer_326,B2C,2024-11-21,7081.0,18.57,2025-03-28 16:00:00
326,Customer_326,B2C,2024-11-21,7244.0,59.08,2025-04-04 11:00:00
326,Customer_326,B2C,2024-11-21,7673.0,293.5,2025-04-22 08:00:00
326,Customer_326,B2C,2024-11-21,7963.0,120.58,2025-05-04 10:00:00
326,Customer_326,B2C,2024-11-21,8451.0,128.21,2025-05-24 18:00:00
326,Customer_326,B2C,2024-11-21,9268.0,429.8,2025-06-27 19:00:00
326,Customer_326,B2C,2024-11-21,9796.0,278.72,2025-07-19 19:00:00
327,Customer_327,B2C,2024-11-22,5361.0,338.84,2025-01-16 00:00:00
327,Customer_327,B2C,2024-11-22,6706.0,36.76,2025-03-13 01:00:00
327,Customer_327,B2C,2024-11-22,7799.0,274.87,2025-04-27 14:00:00
327,Customer_327,B2C,2024-11-22,8393.0,378.84,2025-05-22 08:00:00
327,Customer_327,B2C,2024-11-22,8631.0,255.95,2025-06-01 06:00:00
328,Customer_328,B2C,2024-11-23,5933.0,137.97,2025-02-08 20:00:00
328,Customer_328,B2C,2024-11-23,6239.0,90.5,2025-02-21 14:00:00
328,Customer_328,B2C,2024-11-23,7261.0,465.09,2025-04-05 04:00:00
328,Customer_328,B2C,2024-11-23,7668.0,317.82,2025-04-22 03:00:00
328,Customer_328,B2C,2024-11-23,8705.0,338.28,2025-06-04 08:00:00
329,Customer_329,B2C,2024-11-24,6154.0,234.43,2025-02-18 01:00:00
329,Customer_329,B2C,2024-11-24,7833.0,53.19,2025-04-29 00:00:00
329,Customer_329,B2C,2024-11-24,8686.0,270.65,2025-06-03 13:00:00
330,Customer_330,B2B,2024-11-25,6722.0,178.08,2025-03-13 17:00:00
330,Customer_330,B2B,2024-11-25,7344.0,276.04,2025-04-08 15:00:00
330,Customer_330,B2B,2024-11-25,8077.0,323.29,2025-05-09 04:00:00
331,Customer_331,B2C,2024-11-26,5811.0,90.05,2025-02-03 18:00:00
331,Customer_331,B2C,2024-11-26,8645.0,264.02,2025-06-01 20:00:00
331,Customer_331,B2C,2024-11-26,9403.0,440.65,2025-07-03 10:00:00
332,Customer_332,B2C,2024-11-27,6698.0,245.47,2025-03-12 17:00:00
332,Customer_332,B2C,2024-11-27,7160.0,158.83,2025-03-31 23:00:00
332,Customer_332,B2C,2024-11-27,7500.0,250.25,2025-04-15 03:00:00
332,Customer_332,B2C,2024-11-27,8687.0,149.41,2025-06-03 14:00:00
332,Customer_332,B2C,2024-11-27,8881.0,147.0,2025-06-11 16:00:00
332,Customer_332,B2C,2024-11-27,8930.0,481.09,2025-06-13 17:00:00
332,Customer_332,B2C,2024-11-27,9040.0,15.77,2025-06-18 07:00:00
332,Customer_332,B2C,2024-11-27,9263.0,183.67,2025-06-27 14:00:00
333,Customer_333,B2B,2024-11-28,5783.0,226.86,2025-02-02 14:00:00
333,Customer_333,B2B,2024-11-28,6527.0,105.53,2025-03-05 14:00:00
333,Customer_333,B2B,2024-11-28,7360.0,336.54,2025-04-09 07:00:00
333,Customer_333,B2B,2024-11-28,7857.0,107.59,2025-04-30 00:00:00
333,Customer_333,B2B,2024-11-28,9074.0,305.58,2025-06-19 17:00:00
334,Customer_334,B2B,2024-11-29,5385.0,51.22,2025-01-17 00:00:00
334,Customer_334,B2B,2024-11-29,5409.0,160.15,2025-01-18 00:00:00
334,Customer_334,B2B,2024-11-29,9314.0,25.68,2025-06-29 17:00:00
335,Customer_335,B2B,2024-11-30,6251.0,131.01,2025-02-22 02:00:00
335,Customer_335,B2B,2024-11-30,7382.0,147.83,2025-04-10 05:00:00
335,Customer_335,B2B,2024-11-30,7971.0,189.03,2025-05-04 18:00:00
336,Customer_336,B2B,2024-12-01,5759.0,363.81,2025-02-01 14:00:00
336,Customer_336,B2B,2024-12-01,5894.0,293.4,2025-02-07 05:00:00
336,Customer_336,B2B,2024-12-01,6219.0,10.29,2025-02-20 18:00:00
336,Customer_336,B2B,2024-12-01,6387.0,399.03,2025-02-27 18:00:00
336,Customer_336,B2B,2024-12-01,7949.0,388.02,2025-05-03 20:00:00
337,Customer_337,SMB,2024-12-02,5028.0,170.83,2025-01-02 03:00:00
337,Customer_337,SMB,2024-12-02,5640.0,149.43,2025-01-27 15:00:00
337,Customer_337,SMB,2024-12-02,6162.0,461.14,2025-02-18 09:00:00
337,Customer_337,SMB,2024-12-02,6629.0,341.54,2025-03-09 20:00:00
337,Customer_337,SMB,2024-12-02,6630.0,188.07,2025-03-09 21:00:00
337,Customer_337,SMB,2024-12-02,6653.0,474.37,2025-03-10 20:00:00
337,Customer_337,SMB,2024-12-02,9785.0,98.1,2025-07-19 08:00:00
338,Customer_338,B2C,2024-12-03,5283.0,270.47,2025-01-12 18:00:00
338,Customer_338,B2C,2024-12-03,6337.0,199.54,2025-02-25 16:00:00
338,Customer_338,B2C,2024-12-03,7030.0,239.82,2025-03-26 13:00:00
338,Customer_338,B2C,2024-12-03,7273.0,498.15,2025-04-05 16:00:00
338,Customer_338,B2C,2024-12-03,8957.0,308.64,2025-06-14 20:00:00
338,Customer_338,B2C,2024-12-03,9338.0,425.9,2025-06-30 17:00:00
338,Customer_338,B2C,2024-12-03,9373.0,412.68,2025-07-02 04:00:00
339,Customer_339,B2C,2024-12-04,7709.0,490.9,2025-04-23 20:00:00
339,Customer_339,B2C,2024-12-04,8026.0,52.44,2025-05-07 01:00:00
339,Customer_339,B2C,2024-12-04,8051.0,468.92,2025-05-08 02:00:00
339,Customer_339,B2C,2024-12-04,8114.0,405.77,2025-05-10 17:00:00
339,Customer_339,B2C,2024-12-04,8698.0,280.65,2025-06-04 01:00:00
340,Customer_340,B2B,2024-12-05,5957.0,279.76,2025-02-09 20:00:00
340,Customer_340,B2B,2024-12-05,6029.0,202.84,2025-02-12 20:00:00
340,Customer_340,B2B,2024-12-05,7513.0,475.15,2025-04-15 16:00:00
341,Customer_341,B2C,2024-12-06,7987.0,252.46,2025-05-05 10:00:00
341,Customer_341,B2C,2024-12-06,9478.0,58.49,2025-07-06 13:00:00
342,Customer_342,B2C,2024-12-07,5140.0,337.26,2025-01-06 19:00:00
342,Customer_342,B2C,2024-12-07,5726.0,38.7,2025-01-31 05:00:00
342,Customer_342,B2C,2024-12-07,5809.0,49.25,2025-02-03 16:00:00
342,Customer_342,B2C,2024-12-07,5986.0,148.81,2025-02-11 01:00:00
342,Customer_342,B2C,2024-12-07,6095.0,242.98,2025-02-15 14:00:00
342,Customer_342,B2C,2024-12-07,8203.0,147.42,2025-05-14 10:00:00
343,Customer_343,B2B,2024-12-08,5846.0,185.49,2025-02-05 05:00:00
343,Customer_343,B2B,2024-12-08,7069.0,224.64,2025-03-28 04:00:00
343,Customer_343,B2B,2024-12-08,7671.0,392.53,2025-04-22 06:00:00
343,Customer_343,B2B,2024-12-08,8132.0,45.64,2025-05-11 11:00:00
343,Customer_343,B2B,2024-12-08,8455.0,147.04,2025-05-24 22:00:00
344,Customer_344,B2C,2024-12-09,5329.0,459.05,2025-01-14 16:00:00
344,Customer_344,B2C,2024-12-09,5698.0,332.47,2025-01-30 01:00:00
344,Customer_344,B2C,2024-12-09,6924.0,154.02,2025-03-22 03:00:00
344,Customer_344,B2C,2024-12-09,8052.0,161.09,2025-05-08 03:00:00
344,Customer_344,B2C,2024-12-09,9017.0,14.09,2025-06-17 08:00:00
344,Customer_344,B2C,2024-12-09,9186.0,157.6,2025-06-24 09:00:00
344,Customer_344,B2C,2024-12-09,9400.0,417.47,2025-07-03 07:00:00
345,Customer_345,B2C,2024-12-10,7649.0,136.69,2025-04-21 08:00:00
345,Customer_345,B2C,2024-12-10,9144.0,377.89,2025-06-22 15:00:00
345,Customer_345,B2C,2024-12-10,9835.0,480.03,2025-07-21 10:00:00
345,Customer_345,B2C,2024-12-10,9864.0,134.28,2025-07-22 15:00:00
345,Customer_345,B2C,2024-12-10,9943.0,218.0,2025-07-25 22:00:00
346,Customer_346,B2C,2024-12-11,7136.0,300.91,2025-03-30 23:00:00
347,Customer_347,B2C,2024-12-12,5720.0,175.66,2025-01-30 23:00:00
347,Customer_347,B2C,2024-12-12,6057.0,131.78,2025-02-14 00:00:00
348,Customer_348,B2B,2024-12-13,9141.0,178.55,2025-06-22 12:00:00
348,Customer_348,B2B,2024-12-13,9694.0,489.47,2025-07-15 13:00:00
349,Customer_349,B2C,2024-12-14,5988.0,407.81,2025-02-11 03:00:00
349,Customer_349,B2C,2024-12-14,7825.0,23.64,2025-04-28 16:00:00
349,Customer_349,B2C,2024-12-14,9595.0,60.54,2025-07-11 10:00:00
350,Customer_350,B2C,2024-12-15,5269.0,238.68,2025-01-12 04:00:00
350,Customer_350,B2C,2024-12-15,5527.0,117.17,2025-01-22 22:00:00
350,Customer_350,B2C,2024-12-15,5627.0,75.27,2025-01-27 02:00:00
350,Customer_350,B2C,2024-12-15,5756.0,438.82,2025-02-01 11:00:00
350,Customer_350,B2C,2024-12-15,7445.0,437.47,2025-04-12 20:00:00
350,Customer_350,B2C,2024-12-15,7580.0,467.26,2025-04-18 11:00:00
350,Customer_350,B2C,2024-12-15,8406.0,324.63,2025-05-22 21:00:00
350,Customer_350,B2C,2024-12-15,9077.0,337.0,2025-06-19 20:00:00
351,Customer_351,B2C,2024-12-16,5163.0,178.26,2025-01-07 18:00:00
351,Customer_351,B2C,2024-12-16,6156.0,378.54,2025-02-18 03:00:00
351,Customer_351,B2C,2024-12-16,6675.0,353.54,2025-03-11 18:00:00
351,Customer_351,B2C,2024-12-16,6748.0,272.42,2025-03-14 19:00:00
351,Customer_351,B2C,2024-12-16,6906.0,165.28,2025-03-21 09:00:00
351,Customer_351,B2C,2024-12-16,7308.0,226.92,2025-04-07 03:00:00
351,Customer_351,B2C,2024-12-16,7523.0,229.18,2025-04-16 02:00:00
351,Customer_351,B2C,2024-12-16,8462.0,376.35,2025-05-25 05:00:00
351,Customer_351,B2C,2024-12-16,9984.0,340.35,2025-07-27 15:00:00
352,Customer_352,SMB,2024-12-17,5438.0,226.63,2025-01-19 05:00:00
352,Customer_352,SMB,2024-12-17,5758.0,96.81,2025-02-01 13:00:00
352,Customer_352,SMB,2024-12-17,5882.0,127.93,2025-02-06 17:00:00
352,Customer_352,SMB,2024-12-17,6220.0,160.83,2025-02-20 19:00:00
352,Customer_352,SMB,2024-12-17,6862.0,167.16,2025-03-19 13:00:00
352,Customer_352,SMB,2024-12-17,7974.0,451.8,2025-05-04 21:00:00
352,Customer_352,SMB,2024-12-17,8213.0,65.29,2025-05-14 20:00:00
352,Customer_352,SMB,2024-12-17,8651.0,197.75,2025-06-02 02:00:00
352,Customer_352,SMB,2024-12-17,9253.0,119.31,2025-06-27 04:00:00
353,Customer_353,B2C,2024-12-18,5898.0,39.21,2025-02-07 09:00:00
353,Customer_353,B2C,2024-12-18,5985.0,114.86,2025-02-11 00:00:00
353,Customer_353,B2C,2024-12-18,7428.0,16.87,2025-04-12 03:00:00
353,Customer_353,B2C,2024-12-18,7891.0,41.16,2025-05-01 10:00:00
353,Customer_353,B2C,2024-12-18,8208.0,453.82,2025-05-14 15:00:00
353,Customer_353,B2C,2024-12-18,9156.0,229.16,2025-06-23 03:00:00
353,Customer_353,B2C,2024-12-18,9720.0,217.0,2025-07-16 15:00:00
354,Customer_354,B2B,2024-12-19,5578.0,17.96,2025-01-25 01:00:00
354,Customer_354,B2B,2024-12-19,5791.0,414.71,2025-02-02 22:00:00
354,Customer_354,B2B,2024-12-19,5954.0,241.11,2025-02-09 17:00:00
354,Customer_354,B2B,2024-12-19,7013.0,488.04,2025-03-25 20:00:00
354,Customer_354,B2B,2024-12-19,7804.0,238.21,2025-04-27 19:00:00
354,Customer_354,B2B,2024-12-19,9409.0,144.7,2025-07-03 16:00:00
355,Customer_355,B2B,2024-12-20,5381.0,93.76,2025-01-16 20:00:00
355,Customer_355,B2B,2024-12-20,5835.0,326.33,2025-02-04 18:00:00
355,Customer_355,B2B,2024-12-20,8746.0,445.0,2025-06-06 01:00:00
356,Customer_356,B2C,2024-12-21,5641.0,227.09,2025-01-27 16:00:00
356,Customer_356,B2C,2024-12-21,7127.0,80.68,2025-03-30 14:00:00
356,Customer_356,B2C,2024-12-21,7255.0,412.22,2025-04-04 22:00:00
356,Customer_356,B2C,2024-12-21,8351.0,427.23,2025-05-20 14:00:00
357,Customer_357,B2B,2024-12-22,5852.0,281.82,2025-02-05 11:00:00
357,Customer_357,B2B,2024-12-22,6485.0,104.09,2025-03-03 20:00:00
357,Customer_357,B2B,2024-12-22,8832.0,217.67,2025-06-09 15:00:00
358,Customer_358,B2C,2024-12-23,5472.0,186.63,2025-01-20 15:00:00
358,Customer_358,B2C,2024-12-23,5638.0,101.45,2025-01-27 13:00:00
358,Customer_358,B2C,2024-12-23,9034.0,421.6,2025-06-18 01:00:00
358,Customer_358,B2C,2024-12-23,9909.0,224.02,2025-07-24 12:00:00
359,Customer_359,SMB,2024-12-24,5178.0,240.77,2025-01-08 09:00:00
359,Customer_359,SMB,2024-12-24,5545.0,278.59,2025-01-23 16:00:00
359,Customer_359,SMB,2024-12-24,8767.0,43.33,2025-06-06 22:00:00
360,Customer_360,B2C,2024-12-25,5095.0,415.5,2025-01-04 22:00:00
360,Customer_360,B2C,2024-12-25,5871.0,97.73,2025-02-06 06:00:00
360,Customer_360,B2C,2024-12-25,6221.0,128.17,2025-02-20 20:00:00
360,Customer_360,B2C,2024-12-25,6289.0,474.41,2025-02-23 16:00:00
360,Customer_360,B2C,2024-12-25,7657.0,388.69,2025-04-21 16:00:00
360,Customer_360,B2C,2024-12-25,8504.0,264.91,2025-05-26 23:00:00
360,Customer_360,B2C,2024-12-25,9276.0,439.51,2025-06-28 03:00:00
361,Customer_361,B2C,2024-12-26,5650.0,275.27,2025-01-28 01:00:00
361,Customer_361,B2C,2024-12-26,6053.0,176.23,2025-02-13 20:00:00
361,Customer_361,B2C,2024-12-26,9264.0,196.76,2025-06-27 15:00:00
362,Customer_362,B2C,2024-12-27,5779.0,303.74,2025-02-02 10:00:00
362,Customer_362,B2C,2024-12-27,6928.0,493.81,2025-03-22 07:00:00
362,Customer_362,B2C,2024-12-27,7002.0,323.16,2025-03-25 09:00:00
362,Customer_362,B2C,2024-12-27,7305.0,13.66,2025-04-07 00:00:00
362,Customer_362,B2C,2024-12-27,8076.0,267.09,2025-05-09 03:00:00
362,Customer_362,B2C,2024-12-27,8268.0,407.44,2025-05-17 03:00:00
362,Customer_362,B2C,2024-12-27,8821.0,298.52,2025-06-09 04:00:00
362,Customer_362,B2C,2024-12-27,8906.0,190.46,2025-06-12 17:00:00
363,Customer_363,B2C,2024-12-28,5610.0,56.53,2025-01-26 09:00:00
363,Customer_363,B2C,2024-12-28,6762.0,294.12,2025-03-15 09:00:00
363,Customer_363,B2C,2024-12-28,6840.0,234.37,2025-03-18 15:00:00
363,Customer_363,B2C,2024-12-28,7004.0,498.86,2025-03-25 11:00:00
363,Customer_363,B2C,2024-12-28,7258.0,37.75,2025-04-05 01:00:00
363,Customer_363,B2C,2024-12-28,9150.0,383.4,2025-06-22 21:00:00
363,Customer_363,B2C,2024-12-28,9286.0,237.7,2025-06-28 13:00:00
363,Customer_363,B2C,2024-12-28,9412.0,448.6,2025-07-03 19:00:00
363,Customer_363,B2C,2024-12-28,9536.0,488.28,2025-07-08 23:00:00
363,Customer_363,B2C,2024-12-28,9543.0,409.95,2025-07-09 06:00:00
364,Customer_364,B2C,2024-12-29,8623.0,124.48,2025-05-31 22:00:00
364,Customer_364,B2C,2024-12-29,8870.0,161.72,2025-06-11 05:00:00
364,Customer_364,B2C,2024-12-29,9062.0,224.64,2025-06-19 05:00:00
364,Customer_364,B2C,2024-12-29,9770.0,452.52,2025-07-18 17:00:00
365,Customer_365,SMB,2024-12-30,5260.0,413.54,2025-01-11 19:00:00
365,Customer_365,SMB,2024-12-30,6296.0,177.87,2025-02-23 23:00:00
366,Customer_366,B2C,2024-12-31,5581.0,335.88,2025-01-25 04:00:00
366,Customer_366,B2C,2024-12-31,8727.0,111.83,2025-06-05 06:00:00
366,Customer_366,B2C,2024-12-31,9398.0,269.61,2025-07-03 05:00:00
366,Customer_366,B2C,2024-12-31,9527.0,344.7,2025-07-08 14:00:00
367,Customer_367,SMB,2025-01-01,5003.0,160.17,2025-01-01 02:00:00
367,Customer_367,SMB,2025-01-01,5114.0,34.31,2025-01-05 17:00:00
367,Customer_367,SMB,2025-01-01,5271.0,422.05,2025-01-12 06:00:00
367,Customer_367,SMB,2025-01-01,5598.0,16.32,2025-01-25 21:00:00
367,Customer_367,SMB,2025-01-01,5600.0,427.06,2025-01-25 23:00:00
367,Customer_367,SMB,2025-01-01,5730.0,292.72,2025-01-31 09:00:00
367,Customer_367,SMB,2025-01-01,7537.0,110.44,2025-04-16 16:00:00
367,Customer_367,SMB,2025-01-01,8944.0,418.12,2025-06-14 07:00:00
367,Customer_367,SMB,2025-01-01,8990.0,133.77,2025-06-16 05:00:00
367,Customer_367,SMB,2025-01-01,9608.0,187.96,2025-07-11 23:00:00
368,Customer_368,SMB,2025-01-02,5162.0,137.91,2025-01-07 17:00:00
368,Customer_368,SMB,2025-01-02,6832.0,433.08,2025-03-18 07:00:00
368,Customer_368,SMB,2025-01-02,9165.0,12.62,2025-06-23 12:00:00
368,Customer_368,SMB,2025-01-02,9270.0,174.61,2025-06-27 21:00:00
369,Customer_369,B2B,2025-01-03,5519.0,220.24,2025-01-22 14:00:00
369,Customer_369,B2B,2025-01-03,6140.0,258.8,2025-02-17 11:00:00
369,Customer_369,B2B,2025-01-03,6585.0,295.04,2025-03-08 00:00:00
369,Customer_369,B2B,2025-01-03,7384.0,124.82,2025-04-10 07:00:00
369,Customer_369,B2B,2025-01-03,7961.0,490.57,2025-05-04 08:00:00
370,Customer_370,B2B,2025-01-04,6249.0,48.15,2025-02-22 00:00:00
370,Customer_370,B2B,2025-01-04,8066.0,275.01,2025-05-08 17:00:00
371,Customer_371,B2B,2025-01-05,8043.0,271.41,2025-05-07 18:00:00
371,Customer_371,B2B,2025-01-05,8562.0,290.23,2025-05-29 09:00:00
371,Customer_371,B2B,2025-01-05,8985.0,299.55,2025-06-16 00:00:00
372,Customer_372,B2B,2025-01-06,5230.0,237.35,2025-01-10 13:00:00
372,Customer_372,B2B,2025-01-06,5275.0,413.58,2025-01-12 10:00:00
372,Customer_372,B2B,2025-01-06,7942.0,392.43,2025-05-03 13:00:00
372,Customer_372,B2B,2025-01-06,9496.0,349.65,2025-07-07 07:00:00
373,Customer_373,B2B,2025-01-07,5137.0,179.09,2025-01-06 16:00:00
373,Customer_373,B2B,2025-01-07,5367.0,495.26,2025-01-16 06:00:00
373,Customer_373,B2B,2025-01-07,5920.0,185.33,2025-02-08 07:00:00
373,Customer_373,B2B,2025-01-07,6013.0,255.03,2025-02-12 04:00:00
373,Customer_373,B2B,2025-01-07,7437.0,45.38,2025-04-12 12:00:00
373,Customer_373,B2B,2025-01-07,7600.0,364.43,2025-04-19 07:00:00
373,Customer_373,B2B,2025-01-07,8612.0,128.46,2025-05-31 11:00:00
374,Customer_374,B2C,2025-01-08,7427.0,80.1,2025-04-12 02:00:00
374,Customer_374,B2C,2025-01-08,7737.0,435.37,2025-04-25 00:00:00
374,Customer_374,B2C,2025-01-08,8140.0,184.21,2025-05-11 19:00:00
374,Customer_374,B2C,2025-01-08,8988.0,32.88,2025-06-16 03:00:00
374,Customer_374,B2C,2025-01-08,9407.0,303.17,2025-07-03 14:00:00
375,Customer_375,B2B,2025-01-09,5346.0,133.07,2025-01-15 09:00:00
375,Customer_375,B2B,2025-01-09,5994.0,19.87,2025-02-11 09:00:00
375,Customer_375,B2B,2025-01-09,8254.0,35.52,2025-05-16 13:00:00
375,Customer_375,B2B,2025-01-09,8718.0,438.75,2025-06-04 21:00:00
375,Customer_375,B2B,2025-01-09,9046.0,452.98,2025-06-18 13:00:00
376,Customer_376,B2C,2025-01-10,7028.0,37.0,2025-03-26 11:00:00
376,Customer_376,B2C,2025-01-10,7363.0,63.65,2025-04-09 10:00:00
376,Customer_376,B2C,2025-01-10,7982.0,307.42,2025-05-05 05:00:00
376,Customer_376,B2C,2025-01-10,8589.0,379.37,2025-05-30 12:00:00
376,Customer_376,B2C,2025-01-10,8652.0,399.38,2025-06-02 03:00:00
377,Customer_377,SMB,2025-01-11,5252.0,35.85,2025-01-11 11:00:00
377,Customer_377,SMB,2025-01-11,5973.0,141.71,2025-02-10 12:00:00
378,Customer_378,B2B,2025-01-12,5222.0,450.21,2025-01-10 05:00:00
378,Customer_378,B2B,2025-01-12,6407.0,246.47,2025-02-28 14:00:00
378,Customer_378,B2B,2025-01-12,6598.0,157.47,2025-03-08 13:00:00
378,Customer_378,B2B,2025-01-12,7929.0,475.75,2025-05-03 00:00:00
378,Customer_378,B2B,2025-01-12,8233.0,414.69,2025-05-15 16:00:00
379,Customer_379,SMB,2025-01-13,5183.0,453.14,2025-01-08 14:00:00
379,Customer_379,SMB,2025-01-13,9378.0,69.73,2025-07-02 09:00:00
380,Customer_380,B2B,2025-01-14,5936.0,400.16,2025-02-08 23:00:00
380,Customer_380,B2B,2025-01-14,8354.0,489.15,2025-05-20 17:00:00
380,Customer_380,B2B,2025-01-14,8389.0,76.89,2025-05-22 04:00:00
380,Customer_380,B2B,2025-01-14,8478.0,419.7,2025-05-25 21:00:00
380,Customer_380,B2B,2025-01-14,8928.0,342.54,2025-06-13 15:00:00
380,Customer_380,B2B,2025-01-14,9152.0,421.98,2025-06-22 23:00:00
380,Customer_380,B2B,2025-01-14,9684.0,341.9,2025-07-15 03:00:00
381,Customer_381,B2B,2025-01-15,5238.0,332.77,2025-01-10 21:00:00
381,Customer_381,B2B,2025-01-15,5665.0,449.99,2025-01-28 16:00:00
381,Customer_381,B2B,2025-01-15,7449.0,264.0,2025-04-13 00:00:00
381,Customer_381,B2B,2025-01-15,7571.0,84.12,2025-04-18 02:00:00
381,Customer_381,B2B,2025-01-15,7614.0,316.66,2025-04-19 21:00:00
381,Customer_381,B2B,2025-01-15,8497.0,250.32,2025-05-26 16:00:00
382,Customer_382,B2C,2025-01-16,7563.0,35.49,2025-04-17 18:00:00
382,Customer_382,B2C,2025-01-16,8479.0,139.83,2025-05-25 22:00:00
382,Customer_382,B2C,2025-01-16,9487.0,230.98,2025-07-06 22:00:00
383,Customer_383,B2C,2025-01-17,5723.0,89.7,2025-01-31 02:00:00
383,Customer_383,B2C,2025-01-17,5805.0,384.21,2025-02-03 12:00:00
383,Customer_383,B2C,2025-01-17,6019.0,211.23,2025-02-12 10:00:00
383,Customer_383,B2C,2025-01-17,7395.0,397.14,2025-04-10 18:00:00
384,Customer_384,SMB,2025-01-18,5040.0,280.8,2025-01-02 15:00:00
384,Customer_384,SMB,2025-01-18,5357.0,483.22,2025-01-15 20:00:00
384,Customer_384,SMB,2025-01-18,5694.0,40.4,2025-01-29 21:00:00
384,Customer_384,SMB,2025-01-18,9211.0,60.44,2025-06-25 10:00:00
384,Customer_384,SMB,2025-01-18,9479.0,142.98,2025-07-06 14:00:00
384,Customer_384,SMB,2025-01-18,9489.0,356.69,2025-07-07 00:00:00
385,Customer_385,B2C,2025-01-19,5287.0,89.0,2025-01-12 22:00:00
385,Customer_385,B2C,2025-01-19,5853.0,47.61,2025-02-05 12:00:00
385,Customer_385,B2C,2025-01-19,6003.0,362.88,2025-02-11 18:00:00
385,Customer_385,B2C,2025-01-19,6343.0,12.96,2025-02-25 22:00:00
385,Customer_385,B2C,2025-01-19,6815.0,221.59,2025-03-17 14:00:00
385,Customer_385,B2C,2025-01-19,8882.0,72.43,2025-06-11 17:00:00
385,Customer_385,B2C,2025-01-19,9442.0,61.2,2025-07-05 01:00:00
385,Customer_385,B2C,2025-01-19,9598.0,98.81,2025-07-11 13:00:00
386,Customer_386,SMB,2025-01-20,6592.0,74.33,2025-03-08 07:00:00
386,Customer_386,SMB,2025-01-20,7934.0,156.47,2025-05-03 05:00:00
386,Customer_386,SMB,2025-01-20,8080.0,297.81,2025-05-09 07:00:00
386,Customer_386,SMB,2025-01-20,8835.0,407.03,2025-06-09 18:00:00
387,Customer_387,B2B,2025-01-21,5520.0,145.2,2025-01-22 15:00:00
387,Customer_387,B2B,2025-01-21,6473.0,158.36,2025-03-03 08:00:00
387,Customer_387,B2B,2025-01-21,7257.0,44.33,2025-04-05 00:00:00
387,Customer_387,B2B,2025-01-21,8974.0,68.44,2025-06-15 13:00:00
387,Customer_387,B2B,2025-01-21,9154.0,189.71,2025-06-23 01:00:00
387,Customer_387,B2B,2025-01-21,9159.0,119.4,2025-06-23 06:00:00
387,Customer_387,B2B,2025-01-21,9970.0,392.86,2025-07-27 01:00:00
388,Customer_388,B2B,2025-01-22,5006.0,215.12,2025-01-01 05:00:00
388,Customer_388,B2B,2025-01-22,8407.0,156.09,2025-05-22 22:00:00
388,Customer_388,B2B,2025-01-22,8878.0,449.41,2025-06-11 13:00:00
388,Customer_388,B2B,2025-01-22,9452.0,29.46,2025-07-05 11:00:00
388,Customer_388,B2B,2025-01-22,9745.0,357.25,2025-07-17 16:00:00
389,Customer_389,B2C,2025-01-23,5127.0,341.92,2025-01-06 06:00:00
389,Customer_389,B2C,2025-01-23,8831.0,150.27,2025-06-09 14:00:00
389,Customer_389,B2C,2025-01-23,9645.0,469.11,2025-07-13 12:00:00
389,Customer_389,B2C,2025-01-23,9647.0,335.4,2025-07-13 14:00:00
389,Customer_389,B2C,2025-01-23,9869.0,67.27,2025-07-22 20:00:00
390,Customer_390,SMB,2025-01-24,5859.0,213.57,2025-02-05 18:00:00
390,Customer_390,SMB,2025-01-24,6275.0,326.31,2025-02-23 02:00:00
390,Customer_390,SMB,2025-01-24,7533.0,215.28,2025-04-16 12:00:00
390,Customer_390,SMB,2025-01-24,7821.0,484.25,2025-04-28 12:00:00
390,Customer_390,SMB,2025-01-24,9105.0,391.16,2025-06-21 00:00:00
390,Customer_390,SMB,2025-01-24,9243.0,28.53,2025-06-26 18:00:00
391,Customer_391,SMB,2025-01-25,6198.0,434.36,2025-02-19 21:00:00
391,Customer_391,SMB,2025-01-25,6295.0,389.86,2025-02-23 22:00:00
391,Customer_391,SMB,2025-01-25,6949.0,257.03,2025-03-23 04:00:00
391,Customer_391,SMB,2025-01-25,8732.0,422.81,2025-06-05 11:00:00
392,Customer_392,B2C,2025-01-26,5993.0,467.05,2025-02-11 08:00:00
392,Customer_392,B2C,2025-01-26,7446.0,310.43,2025-04-12 21:00:00
392,Customer_392,B2C,2025-01-26,7590.0,248.81,2025-04-18 21:00:00
392,Customer_392,B2C,2025-01-26,7811.0,256.82,2025-04-28 02:00:00
392,Customer_392,B2C,2025-01-26,8134.0,116.71,2025-05-11 13:00:00
392,Customer_392,B2C,2025-01-26,8744.0,220.86,2025-06-05 23:00:00
392,Customer_392,B2C,2025-01-26,9799.0,148.15,2025-07-19 22:00:00
392,Customer_392,B2C,2025-01-26,10000.0,300.92,2025-07-28 07:00:00
393,Customer_393,B2C,2025-01-27,5150.0,145.96,2025-01-07 05:00:00
393,Customer_393,B2C,2025-01-27,5164.0,418.94,2025-01-07 19:00:00
393,Customer_393,B2C,2025-01-27,5509.0,71.72,2025-01-22 04:00:00
393,Customer_393,B2C,2025-01-27,5938.0,308.95,2025-02-09 01:00:00
393,Customer_393,B2C,2025-01-27,7067.0,33.9,2025-03-28 02:00:00
393,Customer_393,B2C,2025-01-27,7544.0,364.11,2025-04-16 23:00:00
393,Customer_393,B2C,2025-01-27,7754.0,266.88,2025-04-25 17:00:00
394,Customer_394,B2C,2025-01-28,5298.0,47.63,2025-01-13 09:00:00
394,Customer_394,B2C,2025-01-28,5888.0,489.33,2025-02-06 23:00:00
394,Customer_394,B2C,2025-01-28,6041.0,208.61,2025-02-13 08:00:00
394,Customer_394,B2C,2025-01-28,6392.0,424.07,2025-02-27 23:00:00
394,Customer_394,B2C,2025-01-28,6687.0,361.46,2025-03-12 06:00:00
394,Customer_394,B2C,2025-01-28,9005.0,65.56,2025-06-16 20:00:00
395,Customer_395,B2C,2025-01-29,,,
396,Customer_396,SMB,2025-01-30,7484.0,72.28,2025-04-14 11:00:00
397,Customer_397,SMB,2025-01-31,6240.0,393.75,2025-02-21 15:00:00
397,Customer_397,SMB,2025-01-31,7472.0,59.57,2025-04-13 23:00:00
397,Customer_397,SMB,2025-01-31,9523.0,163.75,2025-07-08 10:00:00
398,Customer_398,B2C,2025-02-01,5083.0,126.69,2025-01-04 10:00:00
398,Customer_398,B2C,2025-02-01,5272.0,118.41,2025-01-12 07:00:00
398,Customer_398,B2C,2025-02-01,5480.0,398.97,2025-01-20 23:00:00
398,Customer_398,B2C,2025-02-01,6909.0,391.09,2025-03-21 12:00:00
398,Customer_398,B2C,2025-02-01,7954.0,393.6,2025-05-04 01:00:00
398,Customer_398,B2C,2025-02-01,8571.0,169.01,2025-05-29 18:00:00
399,Customer_399,B2C,2025-02-02,6042.0,141.89,2025-02-13 09:00:00
399,Customer_399,B2C,2025-02-02,6582.0,466.96,2025-03-07 21:00:00
399,Customer_399,B2C,2025-02-02,6850.0,227.29,2025-03-19 01:00:00
399,Customer_399,B2C,2025-02-02,7648.0,474.45,2025-04-21 07:00:00
399,Customer_399,B2C,2025-02-02,9916.0,93.84,2025-07-24 19:00:00
400,Customer_400,B2C,2025-02-03,6045.0,455.53,2025-02-13 12:00:00
400,Customer_400,B2C,2025-02-03,6627.0,378.2,2025-03-09 18:00:00
400,Customer_400,B2C,2025-02-03,9705.0,381.62,2025-07-16 00:00:00
401,Customer_401,B2B,2025-02-04,5649.0,296.93,2025-01-28 00:00:00
401,Customer_401,B2B,2025-02-04,5863.0,58.23,2025-02-05 22:00:00
401,Customer_401,B2B,2025-02-04,6583.0,292.08,2025-03-07 22:00:00
401,Customer_401,B2B,2025-02-04,8530.0,313.11,2025-05-28 01:00:00
401,Customer_401,B2B,2025-02-04,9044.0,96.57,2025-06-18 11:00:00
402,Customer_402,SMB,2025-02-05,5290.0,285.47,2025-01-13 01:00:00
402,Customer_402,SMB,2025-02-05,5663.0,160.81,2025-01-28 14:00:00
402,Customer_402,SMB,2025-02-05,6168.0,10.11,2025-02-18 15:00:00
402,Customer_402,SMB,2025-02-05,6173.0,68.98,2025-02-18 20:00:00
402,Customer_402,SMB,2025-02-05,6710.0,240.01,2025-03-13 05:00:00
402,Customer_402,SMB,2025-02-05,7208.0,371.34,2025-04-02 23:00:00
403,Customer_403,B2C,2025-02-06,6207.0,273.81,2025-02-20 06:00:00
403,Customer_403,B2C,2025-02-06,7035.0,42.37,2025-03-26 18:00:00
403,Customer_403,B2C,2025-02-06,7328.0,248.08,2025-04-07 23:00:00
403,Customer_403,B2C,2025-02-06,7815.0,468.41,2025-04-28 06:00:00
403,Customer_403,B2C,2025-02-06,8117.0,74.54,2025-05-10 20:00:00
403,Customer_403,B2C,2025-02-06,8516.0,46.47,2025-05-27 11:00:00
403,Customer_403,B2C,2025-02-06,8632.0,306.48,2025-06-01 07:00:00
403,Customer_403,B2C,2025-02-06,9384.0,324.09,2025-07-02 15:00:00
404,Customer_404,SMB,2025-02-07,8018.0,356.33,2025-05-06 17:00:00
404,Customer_404,SMB,2025-02-07,8212.0,170.84,2025-05-14 19:00:00
404,Customer_404,SMB,2025-02-07,9546.0,33.23,2025-07-09 09:00:00
404,Customer_404,SMB,2025-02-07,9738.0,422.31,2025-07-17 09:00:00
404,Customer_404,SMB,2025-02-07,9995.0,327.62,2025-07-28 02:00:00
405,Customer_405,B2C,2025-02-08,5301.0,207.57,2025-01-13 12:00:00
405,Customer_405,B2C,2025-02-08,5323.0,256.19,2025-01-14 10:00:00
405,Customer_405,B2C,2025-02-08,5633.0,379.2,2025-01-27 08:00:00
405,Customer_405,B2C,2025-02-08,6918.0,210.5,2025-03-21 21:00:00
405,Customer_405,B2C,2025-02-08,8262.0,357.79,2025-05-16 21:00:00
405,Customer_405,B2C,2025-02-08,9731.0,46.51,2025-07-17 02:00:00
406,Customer_406,SMB,2025-02-09,5225.0,15.3,2025-01-10 08:00:00
406,Customer_406,SMB,2025-02-09,7661.0,192.94,2025-04-21 20:00:00
406,Customer_406,SMB,2025-02-09,8499.0,403.3,2025-05-26 18:00:00
406,Customer_406,SMB,2025-02-09,8719.0,157.71,2025-06-04 22:00:00
407,Customer_407,B2C,2025-02-10,5864.0,478.79,2025-02-05 23:00:00
407,Customer_407,B2C,2025-02-10,8016.0,441.82,2025-05-06 15:00:00
407,Customer_407,B2C,2025-02-10,8031.0,103.62,2025-05-07 06:00:00
407,Customer_407,B2C,2025-02-10,8041.0,461.17,2025-05-07 16:00:00
407,Customer_407,B2C,2025-02-10,9930.0,261.8,2025-07-25 09:00:00
408,Customer_408,B2B,2025-02-11,5126.0,126.1,2025-01-06 05:00:00
408,Customer_408,B2B,2025-02-11,5588.0,328.4,2025-01-25 11:00:00
408,Customer_408,B2B,2025-02-11,6423.0,488.87,2025-03-01 06:00:00
408,Customer_408,B2B,2025-02-11,7827.0,235.21,2025-04-28 18:00:00
408,Customer_408,B2B,2025-02-11,8599.0,263.98,2025-05-30 22:00:00
409,Customer_409,SMB,2025-02-12,5338.0,413.99,2025-01-15 01:00:00
409,Customer_409,SMB,2025-02-12,6596.0,382.6,2025-03-08 11:00:00
409,Customer_409,SMB,2025-02-12,6676.0,211.26,2025-03-11 19:00:00
409,Customer_409,SMB,2025-02-12,7698.0,279.44,2025-04-23 09:00:00
409,Customer_409,SMB,2025-02-12,8412.0,240.7,2025-05-23 03:00:00
409,Customer_409,SMB,2025-02-12,9947.0,85.15,2025-07-26 02:00:00
410,Customer_410,B2B,2025-02-13,5771.0,52.2,2025-02-02 02:00:00
410,Customer_410,B2B,2025-02-13,5900.0,78.59,2025-02-07 11:00:00
410,Customer_410,B2B,2025-02-13,6274.0,372.34,2025-02-23 01:00:00
410,Customer_410,B2B,2025-02-13,7486.0,88.82,2025-04-14 13:00:00
410,Customer_410,B2B,2025-02-13,8438.0,294.07,2025-05-24 05:00:00
410,Customer_410,B2B,2025-02-13,8977.0,421.82,2025-06-15 16:00:00
411,Customer_411,B2C,2025-02-14,6069.0,172.49,2025-02-14 12:00:00
411,Customer_411,B2C,2025-02-14,6727.0,235.57,2025-03-13 22:00:00
411,Customer_411,B2C,2025-02-14,7504.0,173.32,2025-04-15 07:00:00
411,Customer_411,B2C,2025-02-14,8400.0,341.88,2025-05-22 15:00:00
411,Customer_411,B2C,2025-02-14,8527.0,327.57,2025-05-27 22:00:00
411,Customer_411,B2C,2025-02-14,9285.0,42.95,2025-06-28 12:00:00
412,Customer_412,SMB,2025-02-15,5296.0,469.86,2025-01-13 07:00:00
412,Customer_412,SMB,2025-02-15,5317.0,30.54,2025-01-14 04:00:00
412,Customer_412,SMB,2025-02-15,7539.0,35.62,2025-04-16 18:00:00
412,Customer_412,SMB,2025-02-15,7763.0,312.87,2025-04-26 02:00:00
412,Customer_412,SMB,2025-02-15,9201.0,446.99,2025-06-25 00:00:00
412,Customer_412,SMB,2025-02-15,9369.0,428.14,2025-07-02 00:00:00
413,Customer_413,SMB,2025-02-16,5077.0,55.95,2025-01-04 04:00:00
413,Customer_413,SMB,2025-02-16,5677.0,20.26,2025-01-29 04:00:00
413,Customer_413,SMB,2025-02-16,5997.0,234.67,2025-02-11 12:00:00
413,Customer_413,SMB,2025-02-16,6248.0,276.87,2025-02-21 23:00:00
413,Customer_413,SMB,2025-02-16,6935.0,288.45,2025-03-22 14:00:00
413,Customer_413,SMB,2025-02-16,7232.0,113.6,2025-04-03 23:00:00
413,Customer_413,SMB,2025-02-16,7687.0,380.89,2025-04-22 22:00:00
413,Customer_413,SMB,2025-02-16,9445.0,56.92,2025-07-05 04:00:00
413,Customer_413,SMB,2025-02-16,9924.0,131.49,2025-07-25 03:00:00
414,Customer_414,B2C,2025-02-17,5344.0,195.73,2025-01-15 07:00:00
414,Customer_414,B2C,2025-02-17,5935.0,288.02,2025-02-08 22:00:00
414,Customer_414,B2C,2025-02-17,7807.0,233.18,2025-04-27 22:00:00
414,Customer_414,B2C,2025-02-17,7925.0,315.06,2025-05-02 20:00:00
414,Customer_414,B2C,2025-02-17,9702.0,398.83,2025-07-15 21:00:00
415,Customer_415,B2C,2025-02-18,5182.0,293.17,2025-01-08 13:00:00
415,Customer_415,B2C,2025-02-18,5521.0,386.6,2025-01-22 16:00:00
415,Customer_415,B2C,2025-02-18,6568.0,309.08,2025-03-07 07:00:00
415,Customer_415,B2C,2025-02-18,7178.0,344.51,2025-04-01 17:00:00
415,Customer_415,B2C,2025-02-18,9139.0,213.07,2025-06-22 10:00:00
415,Customer_415,B2C,2025-02-18,9671.0,298.77,2025-07-14 14:00:00
415,Customer_415,B2C,2025-02-18,9905.0,142.49,2025-07-24 08:00:00
416,Customer_416,B2C,2025-02-19,5797.0,275.15,2025-02-03 04:00:00
416,Customer_416,B2C,2025-02-19,6721.0,470.56,2025-03-13 16:00:00
416,Customer_416,B2C,2025-02-19,8685.0,68.68,2025-06-03 12:00:00
416,Customer_416,B2C,2025-02-19,9031.0,265.71,2025-06-17 22:00:00
416,Customer_416,B2C,2025-02-19,9109.0,324.97,2025-06-21 04:00:00
417,Customer_417,B2B,2025-02-20,6590.0,450.63,2025-03-08 05:00:00
417,Customer_417,B2B,2025-02-20,8669.0,431.07,2025-06-02 20:00:00
417,Customer_417,B2B,2025-02-20,9538.0,453.61,2025-07-09 01:00:00
418,Customer_418,B2C,2025-02-21,7789.0,144.1,2025-04-27 04:00:00
418,Customer_418,B2C,2025-02-21,8855.0,134.53,2025-06-10 14:00:00
418,Customer_418,B2C,2025-02-21,9130.0,162.73,2025-06-22 01:00:00
418,Customer_418,B2C,2025-02-21,9187.0,237.06,2025-06-24 10:00:00
418,Customer_418,B2C,2025-02-21,9610.0,345.91,2025-07-12 01:00:00
419,Customer_419,B2C,2025-02-22,5592.0,392.11,2025-01-25 15:00:00
419,Customer_419,B2C,2025-02-22,6615.0,20.29,2025-03-09 06:00:00
419,Customer_419,B2C,2025-02-22,7977.0,46.95,2025-05-05 00:00:00
419,Customer_419,B2C,2025-02-22,9098.0,379.12,2025-06-20 17:00:00
420,Customer_420,B2C,2025-02-23,5701.0,183.82,2025-01-30 04:00:00
420,Customer_420,B2C,2025-02-23,7015.0,412.7,2025-03-25 22:00:00
420,Customer_420,B2C,2025-02-23,9604.0,72.06,2025-07-11 19:00:00
421,Customer_421,B2C,2025-02-24,5054.0,80.07,2025-01-03 05:00:00
421,Customer_421,B2C,2025-02-24,7221.0,413.27,2025-04-03 12:00:00
421,Customer_421,B2C,2025-02-24,9321.0,327.14,2025-06-30 00:00:00
422,Customer_422,B2C,2025-02-25,6022.0,326.35,2025-02-12 13:00:00
422,Customer_422,B2C,2025-02-25,8345.0,28.51,2025-05-20 08:00:00
423,Customer_423,B2B,2025-02-26,5013.0,163.8,2025-01-01 12:00:00
423,Customer_423,B2B,2025-02-26,6147.0,213.42,2025-02-17 18:00:00
423,Customer_423,B2B,2025-02-26,6623.0,200.11,2025-03-09 14:00:00
424,Customer_424,B2C,2025-02-27,5725.0,112.33,2025-01-31 04:00:00
424,Customer_424,B2C,2025-02-27,5857.0,211.29,2025-02-05 16:00:00
424,Customer_424,B2C,2025-02-27,7369.0,390.64,2025-04-09 16:00:00
424,Customer_424,B2C,2025-02-27,7680.0,328.85,2025-04-22 15:00:00
424,Customer_424,B2C,2025-02-27,8036.0,428.66,2025-05-07 11:00:00
424,Customer_424,B2C,2025-02-27,8912.0,173.73,2025-06-12 23:00:00
424,Customer_424,B2C,2025-02-27,9830.0,173.29,2025-07-21 05:00:00
424,Customer_424,B2C,2025-02-27,9981.0,240.67,2025-07-27 12:00:00
425,Customer_425,B2B,2025-02-28,5135.0,389.87,2025-01-06 14:00:00
425,Customer_425,B2B,2025-02-28,6067.0,473.06,2025-02-14 10:00:00
425,Customer_425,B2B,2025-02-28,7090.0,370.26,2025-03-29 01:00:00
425,Customer_425,B2B,2025-02-28,7386.0,440.9,2025-04-10 09:00:00
425,Customer_425,B2B,2025-02-28,7753.0,187.27,2025-04-25 16:00:00
425,Customer_425,B2B,2025-02-28,8903.0,244.93,2025-06-12 14:00:00
425,Customer_425,B2B,2025-02-28,9976.0,395.8,2025-07-27 07:00:00
426,Customer_426,B2C,2025-03-01,5122.0,202.13,2025-01-06 01:00:00
426,Customer_426,B2C,2025-03-01,6771.0,225.39,2025-03-15 18:00:00
426,Customer_426,B2C,2025-03-01,7228.0,455.69,2025-04-03 19:00:00
426,Customer_426,B2C,2025-03-01,7635.0,393.55,2025-04-20 18:00:00
426,Customer_426,B2C,2025-03-01,9122.0,36.18,2025-06-21 17:00:00
427,Customer_427,B2C,2025-03-02,5486.0,313.5,2025-01-21 05:00:00
427,Customer_427,B2C,2025-03-02,6085.0,430.67,2025-02-15 04:00:00
427,Customer_427,B2C,2025-03-02,6611.0,109.73,2025-03-09 02:00:00
427,Customer_427,B2C,2025-03-02,7615.0,36.71,2025-04-19 22:00:00
427,Customer_427,B2C,2025-03-02,8303.0,45.23,2025-05-18 14:00:00
427,Customer_427,B2C,2025-03-02,8817.0,69.27,2025-06-09 00:00:00
427,Customer_427,B2C,2025-03-02,9627.0,151.52,2025-07-12 18:00:00
428,Customer_428,SMB,2025-03-03,7122.0,96.19,2025-03-30 09:00:00
428,Customer_428,SMB,2025-03-03,7810.0,90.49,2025-04-28 01:00:00
428,Customer_428,SMB,2025-03-03,8758.0,494.78,2025-06-06 13:00:00
428,Customer_428,SMB,2025-03-03,9113.0,387.19,2025-06-21 08:00:00
429,Customer_429,B2C,2025-03-04,5158.0,162.82,2025-01-07 13:00:00
429,Customer_429,B2C,2025-03-04,6424.0,128.75,2025-03-01 07:00:00
429,Customer_429,B2C,2025-03-04,7503.0,207.72,2025-04-15 06:00:00
429,Customer_429,B2C,2025-03-04,7705.0,86.74,2025-04-23 16:00:00
429,Customer_429,B2C,2025-03-04,8039.0,67.58,2025-05-07 14:00:00
429,Customer_429,B2C,2025-03-04,9430.0,232.1,2025-07-04 13:00:00
429,Customer_429,B2C,2025-03-04,9907.0,497.85,2025-07-24 10:00:00
430,Customer_430,B2B,2025-03-05,5391.0,89.88,2025-01-17 06:00:00
430,Customer_430,B2B,2025-03-05,5733.0,274.74,2025-01-31 12:00:00
430,Customer_430,B2B,2025-03-05,5922.0,292.04,2025-02-08 09:00:00
430,Customer_430,B2B,2025-03-05,6195.0,341.04,2025-02-19 18:00:00
430,Customer_430,B2B,2025-03-05,6346.0,160.76,2025-02-26 01:00:00
430,Customer_430,B2B,2025-03-05,6784.0,474.7,2025-03-16 07:00:00
430,Customer_430,B2B,2025-03-05,7099.0,341.34,2025-03-29 10:00:00
431,Customer_431,B2B,2025-03-06,5432.0,436.64,2025-01-18 23:00:00
431,Customer_431,B2B,2025-03-06,5678.0,164.73,2025-01-29 05:00:00
431,Customer_431,B2B,2025-03-06,6394.0,35.12,2025-02-28 01:00:00
431,Customer_431,B2B,2025-03-06,6605.0,169.82,2025-03-08 20:00:00
431,Customer_431,B2B,2025-03-06,7214.0,363.32,2025-04-03 05:00:00
431,Customer_431,B2B,2025-03-06,7541.0,107.12,2025-04-16 20:00:00
431,Customer_431,B2B,2025-03-06,8756.0,187.67,2025-06-06 11:00:00
431,Customer_431,B2B,2025-03-06,9365.0,97.44,2025-07-01 20:00:00
432,Customer_432,B2C,2025-03-07,5603.0,262.09,2025-01-26 02:00:00
432,Customer_432,B2C,2025-03-07,7084.0,411.55,2025-03-28 19:00:00
432,Customer_432,B2C,2025-03-07,7823.0,304.26,2025-04-28 14:00:00
432,Customer_432,B2C,2025-03-07,9750.0,175.5,2025-07-17 21:00:00
432,Customer_432,B2C,2025-03-07,9973.0,455.68,2025-07-27 04:00:00
433,Customer_433,B2C,2025-03-08,5849.0,475.0,2025-02-05 08:00:00
433,Customer_433,B2C,2025-03-08,7018.0,72.89,2025-03-26 01:00:00
433,Customer_433,B2C,2025-03-08,8012.0,215.92,2025-05-06 11:00:00
433,Customer_433,B2C,2025-03-08,8730.0,148.92,2025-06-05 09:00:00
433,Customer_433,B2C,2025-03-08,9467.0,122.74,2025-07-06 02:00:00
433,Customer_433,B2C,2025-03-08,9611.0,223.75,2025-07-12 02:00:00
434,Customer_434,B2B,2025-03-09,6065.0,81.88,2025-02-14 08:00:00
434,Customer_434,B2B,2025-03-09,6555.0,304.39,2025-03-06 18:00:00
434,Customer_434,B2B,2025-03-09,7830.0,373.89,2025-04-28 21:00:00
434,Customer_434,B2B,2025-03-09,9240.0,90.62,2025-06-26 15:00:00
435,Customer_435,B2B,2025-03-10,5508.0,60.39,2025-01-22 03:00:00
435,Customer_435,B2B,2025-03-10,6451.0,99.09,2025-03-02 10:00:00
435,Customer_435,B2B,2025-03-10,7154.0,484.48,2025-03-31 17:00:00
435,Customer_435,B2B,2025-03-10,9590.0,461.32,2025-07-11 05:00:00
436,Customer_436,B2C,2025-03-11,5447.0,83.13,2025-01-19 14:00:00
436,Customer_436,B2C,2025-03-11,5479.0,488.87,2025-01-20 22:00:00
436,Customer_436,B2C,2025-03-11,7157.0,341.64,2025-03-31 20:00:00
436,Customer_436,B2C,2025-03-11,7646.0,328.62,2025-04-21 05:00:00
436,Customer_436,B2C,2025-03-11,8291.0,303.52,2025-05-18 02:00:00
436,Customer_436,B2C,2025-03-11,9002.0,407.2,2025-06-16 17:00:00
436,Customer_436,B2C,2025-03-11,9169.0,57.1,2025-06-23 16:00:00
436,Customer_436,B2C,2025-03-11,9424.0,113.39,2025-07-04 07:00:00
437,Customer_437,B2B,2025-03-12,7747.0,197.36,2025-04-25 10:00:00
437,Customer_437,B2B,2025-03-12,9639.0,341.88,2025-07-13 06:00:00
438,Customer_438,SMB,2025-03-13,5128.0,287.23,2025-01-06 07:00:00
438,Customer_438,SMB,2025-03-13,9281.0,197.7,2025-06-28 08:00:00
439,Customer_439,B2C,2025-03-14,5609.0,127.75,2025-01-26 08:00:00
439,Customer_439,B2C,2025-03-14,6378.0,182.31,2025-02-27 09:00:00
439,Customer_439,B2C,2025-03-14,8139.0,334.31,2025-05-11 18:00:00
439,Customer_439,B2C,2025-03-14,8454.0,404.89,2025-05-24 21:00:00
439,Customer_439,B2C,2025-03-14,8509.0,26.81,2025-05-27 04:00:00
439,Customer_439,B2C,2025-03-14,8883.0,323.24,2025-06-11 18:00:00
439,Customer_439,B2C,2025-03-14,9183.0,305.84,2025-06-24 06:00:00
440,Customer_440,B2B,2025-03-15,5038.0,325.93,2025-01-02 13:00:00
440,Customer_440,B2B,2025-03-15,6574.0,262.22,2025-03-07 13:00:00
440,Customer_440,B2B,2025-03-15,7080.0,421.77,2025-03-28 15:00:00
440,Customer_440,B2B,2025-03-15,8329.0,111.37,2025-05-19 16:00:00
440,Customer_440,B2B,2025-03-15,8723.0,289.45,2025-06-05 02:00:00
440,Customer_440,B2B,2025-03-15,8961.0,395.62,2025-06-15 00:00:00
441,Customer_441,B2B,2025-03-16,5532.0,32.05,2025-01-23 03:00:00
441,Customer_441,B2B,2025-03-16,6356.0,105.77,2025-02-26 11:00:00
441,Customer_441,B2B,2025-03-16,7738.0,441.81,2025-04-25 01:00:00
441,Customer_441,B2B,2025-03-16,8979.0,396.63,2025-06-15 18:00:00
441,Customer_441,B2B,2025-03-16,9651.0,159.65,2025-07-13 18:00:00
442,Customer_442,SMB,2025-03-17,6513.0,280.88,2025-03-05 00:00:00
442,Customer_442,SMB,2025-03-17,6756.0,481.41,2025-03-15 03:00:00
442,Customer_442,SMB,2025-03-17,7314.0,125.99,2025-04-07 09:00:00
442,Customer_442,SMB,2025-03-17,8382.0,161.92,2025-05-21 21:00:00
443,Customer_443,B2C,2025-03-18,5315.0,86.84,2025-01-14 02:00:00
443,Customer_443,B2C,2025-03-18,8404.0,205.86,2025-05-22 19:00:00
444,Customer_444,B2C,2025-03-19,5245.0,411.18,2025-01-11 04:00:00
444,Customer_444,B2C,2025-03-19,5511.0,340.18,2025-01-22 06:00:00
444,Customer_444,B2C,2025-03-19,5760.0,29.74,2025-02-01 15:00:00
444,Customer_444,B2C,2025-03-19,6482.0,462.08,2025-03-03 17:00:00
444,Customer_444,B2C,2025-03-19,7229.0,142.12,2025-04-03 20:00:00
444,Customer_444,B2C,2025-03-19,7732.0,231.59,2025-04-24 19:00:00
444,Customer_444,B2C,2025-03-19,7876.0,262.44,2025-04-30 19:00:00
444,Customer_444,B2C,2025-03-19,9596.0,472.08,2025-07-11 11:00:00
445,Customer_445,SMB,2025-03-20,9603.0,481.76,2025-07-11 18:00:00
446,Customer_446,SMB,2025-03-21,5086.0,238.49,2025-01-04 13:00:00
446,Customer_446,SMB,2025-03-21,5413.0,487.16,2025-01-18 04:00:00
446,Customer_446,SMB,2025-03-21,5931.0,392.3,2025-02-08 18:00:00
446,Customer_446,SMB,2025-03-21,6507.0,371.19,2025-03-04 18:00:00
446,Customer_446,SMB,2025-03-21,6671.0,84.35,2025-03-11 14:00:00
446,Customer_446,SMB,2025-03-21,7557.0,142.17,2025-04-17 12:00:00
446,Customer_446,SMB,2025-03-21,8227.0,367.33,2025-05-15 10:00:00
447,Customer_447,SMB,2025-03-22,7374.0,172.15,2025-04-09 21:00:00
447,Customer_447,SMB,2025-03-22,8287.0,455.63,2025-05-17 22:00:00
448,Customer_448,B2C,2025-03-23,5147.0,474.11,2025-01-07 02:00:00
448,Customer_448,B2C,2025-03-23,6007.0,123.23,2025-02-11 22:00:00
448,Customer_448,B2C,2025-03-23,6319.0,304.46,2025-02-24 22:00:00
448,Customer_448,B2C,2025-03-23,6572.0,427.5,2025-03-07 11:00:00
448,Customer_448,B2C,2025-03-23,6875.0,341.67,2025-03-20 02:00:00
448,Customer_448,B2C,2025-03-23,6985.0,435.32,2025-03-24 16:00:00
448,Customer_448,B2C,2025-03-23,7906.0,141.34,2025-05-02 01:00:00
448,Customer_448,B2C,2025-03-23,8662.0,457.0,2025-06-02 13:00:00
449,Customer_449,B2C,2025-03-24,6231.0,251.55,2025-02-21 06:00:00
449,Customer_449,B2C,2025-03-24,6414.0,450.0,2025-02-28 21:00:00
449,Customer_449,B2C,2025-03-24,6884.0,116.62,2025-03-20 11:00:00
449,Customer_449,B2C,2025-03-24,6959.0,405.9,2025-03-23 14:00:00
449,Customer_449,B2C,2025-03-24,9562.0,269.62,2025-07-10 01:00:00
449,Customer_449,B2C,2025-03-24,9707.0,410.27,2025-07-16 02:00:00
450,Customer_450,B2B,2025-03-25,5032.0,106.25,2025-01-02 07:00:00
450,Customer_450,B2B,2025-03-25,5373.0,469.88,2025-01-16 12:00:00
450,Customer_450,B2B,2025-03-25,5538.0,238.02,2025-01-23 09:00:00
450,Customer_450,B2B,2025-03-25,6868.0,292.51,2025-03-19 19:00:00
450,Customer_450,B2B,2025-03-25,7312.0,298.33,2025-04-07 07:00:00
450,Customer_450,B2B,2025-03-25,8169.0,175.31,2025-05-13 00:00:00
450,Customer_450,B2B,2025-03-25,8630.0,196.16,2025-06-01 05:00:00
450,Customer_450,B2B,2025-03-25,8932.0,405.66,2025-06-13 19:00:00
450,Customer_450,B2B,2025-03-25,9326.0,445.03,2025-06-30 05:00:00
450,Customer_450,B2B,2025-03-25,9561.0,94.14,2025-07-10 00:00:00
451,Customer_451,B2C,2025-03-26,5057.0,190.02,2025-01-03 08:00:00
451,Customer_451,B2C,2025-03-26,6638.0,401.02,2025-03-10 05:00:00
452,Customer_452,B2C,2025-03-27,8073.0,211.89,2025-05-09 00:00:00
452,Customer_452,B2C,2025-03-27,8647.0,467.65,2025-06-01 22:00:00
452,Customer_452,B2C,2025-03-27,8966.0,367.02,2025-06-15 05:00:00
452,Customer_452,B2C,2025-03-27,9028.0,340.81,2025-06-17 19:00:00
453,Customer_453,B2C,2025-03-28,5673.0,353.85,2025-01-29 00:00:00
453,Customer_453,B2C,2025-03-28,7528.0,234.3,2025-04-16 07:00:00
453,Customer_453,B2C,2025-03-28,8593.0,387.29,2025-05-30 16:00:00
453,Customer_453,B2C,2025-03-28,8619.0,495.93,2025-05-31 18:00:00
453,Customer_453,B2C,2025-03-28,8971.0,323.84,2025-06-15 10:00:00
453,Customer_453,B2C,2025-03-28,9826.0,427.74,2025-07-21 01:00:00
454,Customer_454,SMB,2025-03-29,6320.0,351.08,2025-02-24 23:00:00
454,Customer_454,SMB,2025-03-29,6454.0,356.24,2025-03-02 13:00:00
454,Customer_454,SMB,2025-03-29,6746.0,447.72,2025-03-14 17:00:00
454,Customer_454,SMB,2025-03-29,6797.0,271.33,2025-03-16 20:00:00
454,Customer_454,SMB,2025-03-29,8656.0,259.47,2025-06-02 07:00:00
454,Customer_454,SMB,2025-03-29,9658.0,258.21,2025-07-14 01:00:00
455,Customer_455,B2B,2025-03-30,6255.0,16.48,2025-02-22 06:00:00
455,Customer_455,B2B,2025-03-30,6292.0,63.25,2025-02-23 19:00:00
455,Customer_455,B2B,2025-03-30,6835.0,435.31,2025-03-18 10:00:00
455,Customer_455,B2B,2025-03-30,7460.0,277.99,2025-04-13 11:00:00
455,Customer_455,B2B,2025-03-30,7475.0,396.57,2025-04-14 02:00:00
455,Customer_455,B2B,2025-03-30,9817.0,294.56,2025-07-20 16:00:00
456,Customer_456,B2C,2025-03-31,6001.0,466.55,2025-02-11 16:00:00
456,Customer_456,B2C,2025-03-31,6285.0,182.64,2025-02-23 12:00:00
456,Customer_456,B2C,2025-03-31,6702.0,440.1,2025-03-12 21:00:00
456,Customer_456,B2C,2025-03-31,7325.0,185.78,2025-04-07 20:00:00
456,Customer_456,B2C,2025-03-31,7905.0,474.91,2025-05-02 00:00:00
456,Customer_456,B2C,2025-03-31,8816.0,306.05,2025-06-08 23:00:00
457,Customer_457,B2B,2025-04-01,6558.0,319.08,2025-03-06 21:00:00
457,Customer_457,B2B,2025-04-01,6945.0,124.1,2025-03-23 00:00:00
457,Customer_457,B2B,2025-04-01,7669.0,69.47,2025-04-22 04:00:00
457,Customer_457,B2B,2025-04-01,8099.0,133.08,2025-05-10 02:00:00
458,Customer_458,B2C,2025-04-02,8301.0,455.7,2025-05-18 12:00:00
458,Customer_458,B2C,2025-04-02,9107.0,185.18,2025-06-21 02:00:00
458,Customer_458,B2C,2025-04-02,9531.0,35.5,2025-07-08 18:00:00
459,Customer_459,B2B,2025-04-03,5612.0,57.36,2025-01-26 11:00:00
460,Customer_460,B2B,2025-04-04,8752.0,25.29,2025-06-06 07:00:00
461,Customer_461,B2B,2025-04-05,5355.0,13.13,2025-01-15 18:00:00
461,Customer_461,B2B,2025-04-05,7609.0,209.63,2025-04-19 16:00:00
461,Customer_461,B2B,2025-04-05,8096.0,97.38,2025-05-09 23:00:00
461,Customer_461,B2B,2025-04-05,8372.0,322.69,2025-05-21 11:00:00
461,Customer_461,B2B,2025-04-05,8415.0,39.73,2025-05-23 06:00:00
461,Customer_461,B2B,2025-04-05,8989.0,391.97,2025-06-16 04:00:00
461,Customer_461,B2B,2025-04-05,9366.0,49.0,2025-07-01 21:00:00
462,Customer_462,B2C,2025-04-06,6717.0,241.1,2025-03-13 12:00:00
462,Customer_462,B2C,2025-04-06,9053.0,163.46,2025-06-18 20:00:00
462,Customer_462,B2C,2025-04-06,9451.0,349.82,2025-07-05 10:00:00
463,Customer_463,B2C,2025-04-07,5099.0,176.8,2025-01-05 02:00:00
463,Customer_463,B2C,2025-04-07,5348.0,247.17,2025-01-15 11:00:00
463,Customer_463,B2C,2025-04-07,5876.0,461.99,2025-02-06 11:00:00
463,Customer_463,B2C,2025-04-07,6649.0,402.9,2025-03-10 16:00:00
463,Customer_463,B2C,2025-04-07,6948.0,99.06,2025-03-23 03:00:00
463,Customer_463,B2C,2025-04-07,8014.0,12.87,2025-05-06 13:00:00
463,Customer_463,B2C,2025-04-07,9033.0,104.09,2025-06-18 00:00:00
463,Customer_463,B2C,2025-04-07,9072.0,377.83,2025-06-19 15:00:00
463,Customer_463,B2C,2025-04-07,9309.0,104.92,2025-06-29 12:00:00
463,Customer_463,B2C,2025-04-07,9339.0,355.97,2025-06-30 18:00:00
463,Customer_463,B2C,2025-04-07,9516.0,346.08,2025-07-08 03:00:00
464,Customer_464,B2C,2025-04-08,9725.0,438.04,2025-07-16 20:00:00
465,Customer_465,SMB,2025-04-09,5105.0,34.62,2025-01-05 08:00:00
465,Customer_465,SMB,2025-04-09,5590.0,206.99,2025-01-25 13:00:00
465,Customer_465,SMB,2025-04-09,6544.0,293.03,2025-03-06 07:00:00
465,Customer_465,SMB,2025-04-09,7816.0,456.98,2025-04-28 07:00:00
465,Customer_465,SMB,2025-04-09,9343.0,292.74,2025-06-30 22:00:00
465,Customer_465,SMB,2025-04-09,9428.0,393.18,2025-07-04 11:00:00
466,Customer_466,B2C,2025-04-10,5953.0,95.46,2025-02-09 16:00:00
466,Customer_466,B2C,2025-04-10,7249.0,177.69,2025-04-04 16:00:00
466,Customer_466,B2C,2025-04-10,7902.0,180.17,2025-05-01 21:00:00
467,Customer_467,B2B,2025-04-11,5695.0,176.26,2025-01-29 22:00:00
467,Customer_467,B2B,2025-04-11,6769.0,50.46,2025-03-15 16:00:00
467,Customer_467,B2B,2025-04-11,8823.0,221.18,2025-06-09 06:00:00
468,Customer_468,SMB,2025-04-12,5208.0,156.97,2025-01-09 15:00:00
468,Customer_468,SMB,2025-04-12,6126.0,156.15,2025-02-16 21:00:00
468,Customer_468,SMB,2025-04-12,6291.0,384.12,2025-02-23 18:00:00
468,Customer_468,SMB,2025-04-12,7654.0,70.43,2025-04-21 13:00:00
468,Customer_468,SMB,2025-04-12,7727.0,111.68,2025-04-24 14:00:00
468,Customer_468,SMB,2025-04-12,8859.0,159.33,2025-06-10 18:00:00
468,Customer_468,SMB,2025-04-12,9102.0,324.72,2025-06-20 21:00:00
469,Customer_469,B2B,2025-04-13,5687.0,212.02,2025-01-29 14:00:00
469,Customer_469,B2B,2025-04-13,6033.0,291.78,2025-02-13 00:00:00
469,Customer_469,B2B,2025-04-13,6428.0,85.04,2025-03-01 11:00:00
469,Customer_469,B2B,2025-04-13,7604.0,157.58,2025-04-19 11:00:00
469,Customer_469,B2B,2025-04-13,7677.0,195.56,2025-04-22 12:00:00
469,Customer_469,B2B,2025-04-13,8739.0,87.67,2025-06-05 18:00:00
469,Customer_469,B2B,2025-04-13,9086.0,138.72,2025-06-20 05:00:00
469,Customer_469,B2B,2025-04-13,9206.0,359.53,2025-06-25 05:00:00
469,Customer_469,B2B,2025-04-13,9960.0,462.42,2025-07-26 15:00:00
470,Customer_470,SMB,2025-04-14,6708.0,261.18,2025-03-13 03:00:00
470,Customer_470,SMB,2025-04-14,7715.0,42.16,2025-04-24 02:00:00
470,Customer_470,SMB,2025-04-14,8168.0,53.93,2025-05-12 23:00:00
470,Customer_470,SMB,2025-04-14,8327.0,472.17,2025-05-19 14:00:00
470,Customer_470,SMB,2025-04-14,8547.0,138.22,2025-05-28 18:00:00
470,Customer_470,SMB,2025-04-14,8682.0,222.68,2025-06-03 09:00:00
471,Customer_471,B2B,2025-04-15,5304.0,309.8,2025-01-13 15:00:00
471,Customer_471,B2B,2025-04-15,6430.0,304.12,2025-03-01 13:00:00
471,Customer_471,B2B,2025-04-15,6503.0,467.11,2025-03-04 14:00:00
471,Customer_471,B2B,2025-04-15,8444.0,101.52,2025-05-24 11:00:00
472,Customer_472,SMB,2025-04-16,6463.0,336.79,2025-03-02 22:00:00
472,Customer_472,SMB,2025-04-16,7040.0,344.43,2025-03-26 23:00:00
472,Customer_472,SMB,2025-04-16,8812.0,451.44,2025-06-08 19:00:00
473,Customer_473,B2B,2025-04-17,5752.0,393.9,2025-02-01 07:00:00
473,Customer_473,B2B,2025-04-17,7345.0,73.4,2025-04-08 16:00:00
473,Customer_473,B2B,2025-04-17,7448.0,481.55,2025-04-12 23:00:00
473,Customer_473,B2B,2025-04-17,7511.0,62.34,2025-04-15 14:00:00
473,Customer_473,B2B,2025-04-17,9991.0,200.18,2025-07-27 22:00:00
474,Customer_474,SMB,2025-04-18,5531.0,426.23,2025-01-23 02:00:00
474,Customer_474,SMB,2025-04-18,6176.0,465.12,2025-02-18 23:00:00
474,Customer_474,SMB,2025-04-18,6514.0,372.93,2025-03-05 01:00:00
474,Customer_474,SMB,2025-04-18,7021.0,456.79,2025-03-26 04:00:00
474,Customer_474,SMB,2025-04-18,8996.0,237.78,2025-06-16 11:00:00
474,Customer_474,SMB,2025-04-18,9299.0,211.16,2025-06-29 02:00:00
474,Customer_474,SMB,2025-04-18,9443.0,362.93,2025-07-05 02:00:00
474,Customer_474,SMB,2025-04-18,9800.0,270.12,2025-07-19 23:00:00
475,Customer_475,B2C,2025-04-19,5091.0,302.49,2025-01-04 18:00:00
475,Customer_475,B2C,2025-04-19,5314.0,99.07,2025-01-14 01:00:00
475,Customer_475,B2C,2025-04-19,6904.0,128.41,2025-03-21 07:00:00
475,Customer_475,B2C,2025-04-19,6996.0,309.08,2025-03-25 03:00:00
475,Customer_475,B2C,2025-04-19,7357.0,263.46,2025-04-09 04:00:00
475,Customer_475,B2C,2025-04-19,9302.0,106.38,2025-06-29 05:00:00
476,Customer_476,SMB,2025-04-20,5842.0,72.2,2025-02-05 01:00:00
476,Customer_476,SMB,2025-04-20,5874.0,278.0,2025-02-06 09:00:00
476,Customer_476,SMB,2025-04-20,5999.0,334.88,2025-02-11 14:00:00
476,Customer_476,SMB,2025-04-20,7124.0,252.24,2025-03-30 11:00:00
476,Customer_476,SMB,2025-04-20,7728.0,288.72,2025-04-24 15:00:00
476,Customer_476,SMB,2025-04-20,8535.0,347.75,2025-05-28 06:00:00
477,Customer_477,B2B,2025-04-21,5577.0,300.8,2025-01-25 00:00:00
477,Customer_477,B2B,2025-04-21,5845.0,130.47,2025-02-05 04:00:00
477,Customer_477,B2B,2025-04-21,6185.0,27.44,2025-02-19 08:00:00
477,Customer_477,B2B,2025-04-21,8154.0,123.72,2025-05-12 09:00:00
477,Customer_477,B2B,2025-04-21,8471.0,197.91,2025-05-25 14:00:00
477,Customer_477,B2B,2025-04-21,8900.0,208.31,2025-06-12 11:00:00
478,Customer_478,B2C,2025-04-22,5133.0,415.16,2025-01-06 12:00:00
478,Customer_478,B2C,2025-04-22,6306.0,174.05,2025-02-24 09:00:00
478,Customer_478,B2C,2025-04-22,7679.0,325.66,2025-04-22 14:00:00
478,Customer_478,B2C,2025-04-22,9456.0,118.41,2025-07-05 15:00:00
478,Customer_478,B2C,2025-04-22,9539.0,50.69,2025-07-09 02:00:00
479,Customer_479,SMB,2025-04-23,5407.0,15.54,2025-01-17 22:00:00
479,Customer_479,SMB,2025-04-23,5468.0,413.93,2025-01-20 11:00:00
479,Customer_479,SMB,2025-04-23,7762.0,24.36,2025-04-26 01:00:00
479,Customer_479,SMB,2025-04-23,9823.0,262.31,2025-07-20 22:00:00
480,Customer_480,B2C,2025-04-24,7447.0,87.03,2025-04-12 22:00:00
480,Customer_480,B2C,2025-04-24,7592.0,473.63,2025-04-18 23:00:00
480,Customer_480,B2C,2025-04-24,7793.0,13.61,2025-04-27 08:00:00
480,Customer_480,B2C,2025-04-24,8194.0,283.36,2025-05-14 01:00:00
481,Customer_481,B2C,2025-04-25,5142.0,140.09,2025-01-06 21:00:00
481,Customer_481,B2C,2025-04-25,6123.0,142.57,2025-02-16 18:00:00
481,Customer_481,B2C,2025-04-25,6847.0,180.55,2025-03-18 22:00:00
481,Customer_481,B2C,2025-04-25,7416.0,426.57,2025-04-11 15:00:00
481,Customer_481,B2C,2025-04-25,7514.0,159.5,2025-04-15 17:00:00
482,Customer_482,B2C,2025-04-26,8700.0,31.5,2025-06-04 03:00:00
482,Customer_482,B2C,2025-04-26,9395.0,305.48,2025-07-03 02:00:00
482,Customer_482,B2C,2025-04-26,9729.0,226.22,2025-07-17 00:00:00
483,Customer_483,B2C,2025-04-27,7223.0,329.62,2025-04-03 14:00:00
483,Customer_483,B2C,2025-04-27,7750.0,190.0,2025-04-25 13:00:00
483,Customer_483,B2C,2025-04-27,8388.0,384.01,2025-05-22 03:00:00
483,Customer_483,B2C,2025-04-27,9825.0,334.82,2025-07-21 00:00:00
483,Customer_483,B2C,2025-04-27,9827.0,136.39,2025-07-21 02:00:00
484,Customer_484,B2C,2025-04-28,6557.0,149.75,2025-03-06 20:00:00
484,Customer_484,B2C,2025-04-28,6654.0,117.2,2025-03-10 21:00:00
484,Customer_484,B2C,2025-04-28,7062.0,104.32,2025-03-27 21:00:00
484,Customer_484,B2C,2025-04-28,7841.0,225.9,2025-04-29 08:00:00
484,Customer_484,B2C,2025-04-28,9466.0,211.15,2025-07-06 01:00:00
485,Customer_485,B2C,2025-04-29,6347.0,463.77,2025-02-26 02:00:00
485,Customer_485,B2C,2025-04-29,6501.0,283.5,2025-03-04 12:00:00
485,Customer_485,B2C,2025-04-29,6571.0,178.2,2025-03-07 10:00:00
485,Customer_485,B2C,2025-04-29,6697.0,432.85,2025-03-12 16:00:00
485,Customer_485,B2C,2025-04-29,7119.0,294.1,2025-03-30 06:00:00
485,Customer_485,B2C,2025-04-29,8791.0,356.25,2025-06-07 22:00:00
485,Customer_485,B2C,2025-04-29,9135.0,135.76,2025-06-22 06:00:00
486,Customer_486,SMB,2025-04-30,5318.0,215.4,2025-01-14 05:00:00
486,Customer_486,SMB,2025-04-30,6770.0,85.72,2025-03-15 17:00:00
486,Customer_486,SMB,2025-04-30,7377.0,200.8,2025-04-10 00:00:00
486,Customer_486,SMB,2025-04-30,8070.0,349.51,2025-05-08 21:00:00
486,Customer_486,SMB,2025-04-30,9636.0,111.57,2025-07-13 03:00:00
487,Customer_487,B2B,2025-05-01,7450.0,45.72,2025-04-13 01:00:00
487,Customer_487,B2B,2025-05-01,7674.0,456.56,2025-04-22 09:00:00
487,Customer_487,B2B,2025-05-01,8260.0,466.93,2025-05-16 19:00:00
487,Customer_487,B2B,2025-05-01,8424.0,272.94,2025-05-23 15:00:00
487,Customer_487,B2B,2025-05-01,8579.0,434.76,2025-05-30 02:00:00
487,Customer_487,B2B,2025-05-01,9853.0,229.76,2025-07-22 04:00:00
488,Customer_488,B2B,2025-05-02,6110.0,421.04,2025-02-16 05:00:00
488,Customer_488,B2B,2025-05-02,9016.0,375.69,2025-06-17 07:00:00
488,Customer_488,B2B,2025-05-02,9871.0,161.23,2025-07-22 22:00:00
489,Customer_489,SMB,2025-05-03,5119.0,95.01,2025-01-05 22:00:00
489,Customer_489,SMB,2025-05-03,5161.0,226.97,2025-01-07 16:00:00
489,Customer_489,SMB,2025-05-03,5434.0,113.45,2025-01-19 01:00:00
489,Customer_489,SMB,2025-05-03,7710.0,57.71,2025-04-23 21:00:00
489,Customer_489,SMB,2025-05-03,7742.0,162.64,2025-04-25 05:00:00
490,Customer_490,SMB,2025-05-04,6136.0,265.07,2025-02-17 07:00:00
490,Customer_490,SMB,2025-05-04,6976.0,399.56,2025-03-24 07:00:00
490,Customer_490,SMB,2025-05-04,7506.0,290.66,2025-04-15 09:00:00
490,Customer_490,SMB,2025-05-04,8124.0,124.26,2025-05-11 03:00:00
490,Customer_490,SMB,2025-05-04,8401.0,354.29,2025-05-22 16:00:00
491,Customer_491,B2C,2025-05-05,6214.0,207.71,2025-02-20 13:00:00
491,Customer_491,B2C,2025-05-05,6579.0,305.57,2025-03-07 18:00:00
491,Customer_491,B2C,2025-05-05,7297.0,209.32,2025-04-06 16:00:00
491,Customer_491,B2C,2025-05-05,9560.0,128.67,2025-07-09 23:00:00
491,Customer_491,B2C,2025-05-05,9737.0,387.95,2025-07-17 08:00:00
492,Customer_492,B2C,2025-05-06,5058.0,52.64,2025-01-03 09:00:00
492,Customer_492,B2C,2025-05-06,7326.0,497.87,2025-04-07 21:00:00
492,Customer_492,B2C,2025-05-06,7755.0,338.66,2025-04-25 18:00:00
492,Customer_492,B2C,2025-05-06,7943.0,108.58,2025-05-03 14:00:00
492,Customer_492,B2C,2025-05-06,8777.0,182.63,2025-06-07 08:00:00
492,Customer_492,B2C,2025-05-06,9048.0,338.42,2025-06-18 15:00:00
492,Customer_492,B2C,2025-05-06,9164.0,466.11,2025-06-23 11:00:00
493,Customer_493,B2B,2025-05-07,7724.0,285.7,2025-04-24 11:00:00
493,Customer_493,B2B,2025-05-07,9262.0,287.73,2025-06-27 13:00:00
494,Customer_494,B2B,2025-05-08,5658.0,411.83,2025-01-28 09:00:00
494,Customer_494,B2B,2025-05-08,6056.0,63.42,2025-02-13 23:00:00
494,Customer_494,B2B,2025-05-08,7020.0,491.42,2025-03-26 03:00:00
494,Customer_494,B2B,2025-05-08,7435.0,235.19,2025-04-12 10:00:00
494,Customer_494,B2B,2025-05-08,7577.0,18.83,2025-04-18 08:00:00
494,Customer_494,B2B,2025-05-08,9199.0,138.4,2025-06-24 22:00:00
494,Customer_494,B2B,2025-05-08,9578.0,41.13,2025-07-10 17:00:00
495,Customer_495,B2C,2025-05-09,6224.0,101.69,2025-02-20 23:00:00
495,Customer_495,B2C,2025-05-09,8084.0,399.13,2025-05-09 11:00:00
495,Customer_495,B2C,2025-05-09,8458.0,434.17,2025-05-25 01:00:00
495,Customer_495,B2C,2025-05-09,8496.0,247.06,2025-05-26 15:00:00
495,Customer_495,B2C,2025-05-09,9999.0,42.88,2025-07-28 06:00:00
496,Customer_496,B2C,2025-05-10,6377.0,249.63,2025-02-27 08:00:00
496,Customer_496,B2C,2025-05-10,7106.0,293.59,2025-03-29 17:00:00
497,Customer_497,B2C,2025-05-11,5342.0,423.89,2025-01-15 05:00:00
497,Customer_497,B2C,2025-05-11,7764.0,259.66,2025-04-26 03:00:00
498,Customer_498,B2B,2025-05-12,5751.0,416.04,2025-02-01 06:00:00
498,Customer_498,B2B,2025-05-12,6280.0,212.62,2025-02-23 07:00:00
498,Customer_498,B2B,2025-05-12,6546.0,172.89,2025-03-06 09:00:00
498,Customer_498,B2B,2025-05-12,6735.0,29.29,2025-03-14 06:00:00
498,Customer_498,B2B,2025-05-12,7505.0,251.04,2025-04-15 08:00:00
498,Customer_498,B2B,2025-05-12,9075.0,169.53,2025-06-19 18:00:00
498,Customer_498,B2B,2025-05-12,9381.0,186.08,2025-07-02 12:00:00
499,Customer_499,SMB,2025-05-13,5094.0,204.95,2025-01-04 21:00:00
499,Customer_499,SMB,2025-05-13,5975.0,130.96,2025-02-10 14:00:00
499,Customer_499,SMB,2025-05-13,7230.0,411.64,2025-04-03 21:00:00
499,Customer_499,SMB,2025-05-13,7625.0,67.0,2025-04-20 08:00:00
499,Customer_499,SMB,2025-05-13,8044.0,302.23,2025-05-07 19:00:00
499,Customer_499,SMB,2025-05-13,8522.0,371.76,2025-05-27 17:00:00
499,Customer_499,SMB,2025-05-13,8952.0,465.92,2025-06-14 15:00:00
499,Customer_499,SMB,2025-05-13,9330.0,203.1,2025-06-30 09:00:00
499,Customer_499,SMB,2025-05-13,9753.0,243.61,2025-07-18 00:00:00
500,Customer_500,SMB,2025-05-14,7690.0,400.74,2025-04-23 01:00:00
500,Customer_500,SMB,2025-05-14,8053.0,436.08,2025-05-08 04:00:00
500,Customer_500,SMB,2025-05-14,8572.0,473.11,2025-05-29 19:00:00
500,Customer_500,SMB,2025-05-14,8913.0,410.77,2025-06-13 00:00:00
500,Customer_500,SMB,2025-05-14,9410.0,26.07,2025-07-03 17:00:00
500,Customer_500,SMB,2025-05-14,9701.0,310.72,2025-07-15 20:00:00
501,Customer_501,B2C,2025-05-15,6061.0,158.21,2025-02-14 04:00:00
501,Customer_501,B2C,2025-05-15,8155.0,357.36,2025-05-12 10:00:00
501,Customer_501,B2C,2025-05-15,8193.0,150.83,2025-05-14 00:00:00
501,Customer_501,B2C,2025-05-15,8853.0,217.85,2025-06-10 12:00:00
501,Customer_501,B2C,2025-05-15,8899.0,307.8,2025-06-12 10:00:00
501,Customer_501,B2C,2025-05-15,8956.0,65.3,2025-06-14 19:00:00
501,Customer_501,B2C,2025-05-15,9054.0,97.63,2025-06-18 21:00:00
502,Customer_502,B2C,2025-05-16,5446.0,85.41,2025-01-19 13:00:00
502,Customer_502,B2C,2025-05-16,6216.0,411.25,2025-02-20 15:00:00
502,Customer_502,B2C,2025-05-16,7585.0,63.12,2025-04-18 16:00:00
502,Customer_502,B2C,2025-05-16,8453.0,132.74,2025-05-24 20:00:00
502,Customer_502,B2C,2025-05-16,8880.0,121.49,2025-06-11 15:00:00
502,Customer_502,B2C,2025-05-16,9987.0,205.05,2025-07-27 18:00:00
503,Customer_503,B2C,2025-05-17,5258.0,293.04,2025-01-11 17:00:00
503,Customer_503,B2C,2025-05-17,5928.0,373.71,2025-02-08 15:00:00
503,Customer_503,B2C,2025-05-17,5976.0,160.14,2025-02-10 15:00:00
503,Customer_503,B2C,2025-05-17,7152.0,454.42,2025-03-31 15:00:00
503,Customer_503,B2C,2025-05-17,7285.0,55.84,2025-04-06 04:00:00
503,Customer_503,B2C,2025-05-17,7640.0,422.67,2025-04-20 23:00:00
504,Customer_504,SMB,2025-05-18,5349.0,261.91,2025-01-15 12:00:00
504,Customer_504,SMB,2025-05-18,5494.0,347.65,2025-01-21 13:00:00
504,Customer_504,SMB,2025-05-18,5940.0,75.26,2025-02-09 03:00:00
504,Customer_504,SMB,2025-05-18,6128.0,202.63,2025-02-16 23:00:00
504,Customer_504,SMB,2025-05-18,6445.0,428.73,2025-03-02 04:00:00
504,Customer_504,SMB,2025-05-18,7471.0,362.8,2025-04-13 22:00:00
504,Customer_504,SMB,2025-05-18,8222.0,36.83,2025-05-15 05:00:00
504,Customer_504,SMB,2025-05-18,9250.0,428.74,2025-06-27 01:00:00
504,Customer_504,SMB,2025-05-18,9677.0,57.49,2025-07-14 20:00:00
505,Customer_505,B2C,2025-05-19,6257.0,387.03,2025-02-22 08:00:00
505,Customer_505,B2C,2025-05-19,7573.0,194.23,2025-04-18 04:00:00
505,Customer_505,B2C,2025-05-19,8088.0,211.19,2025-05-09 15:00:00
505,Customer_505,B2C,2025-05-19,8360.0,456.31,2025-05-20 23:00:00
505,Customer_505,B2C,2025-05-19,8411.0,333.63,2025-05-23 02:00:00
505,Customer_505,B2C,2025-05-19,8564.0,70.02,2025-05-29 11:00:00
506,Customer_506,B2B,2025-05-20,6401.0,101.35,2025-02-28 08:00:00
506,Customer_506,B2B,2025-05-20,7234.0,334.8,2025-04-04 01:00:00
506,Customer_506,B2B,2025-05-20,8352.0,246.7,2025-05-20 15:00:00
506,Customer_506,B2B,2025-05-20,9313.0,421.21,2025-06-29 16:00:00
507,Customer_507,SMB,2025-05-21,8895.0,141.26,2025-06-12 06:00:00
507,Customer_507,SMB,2025-05-21,9700.0,490.7,2025-07-15 19:00:00
507,Customer_507,SMB,2025-05-21,9806.0,232.15,2025-07-20 05:00:00
508,Customer_508,SMB,2025-05-22,5402.0,29.3,2025-01-17 17:00:00
508,Customer_508,SMB,2025-05-22,5428.0,465.9,2025-01-18 19:00:00
508,Customer_508,SMB,2025-05-22,5605.0,278.95,2025-01-26 04:00:00
508,Customer_508,SMB,2025-05-22,6043.0,107.33,2025-02-13 10:00:00
508,Customer_508,SMB,2025-05-22,6152.0,327.89,2025-02-17 23:00:00
508,Customer_508,SMB,2025-05-22,8235.0,205.25,2025-05-15 18:00:00
508,Customer_508,SMB,2025-05-22,8439.0,336.85,2025-05-24 06:00:00
508,Customer_508,SMB,2025-05-22,9712.0,351.06,2025-07-16 07:00:00
509,Customer_509,SMB,2025-05-23,5392.0,124.57,2025-01-17 07:00:00
509,Customer_509,SMB,2025-05-23,5753.0,145.76,2025-02-01 08:00:00
509,Customer_509,SMB,2025-05-23,6262.0,107.62,2025-02-22 13:00:00
509,Customer_509,SMB,2025-05-23,7311.0,408.44,2025-04-07 06:00:00
510,Customer_510,B2C,2025-05-24,6705.0,283.27,2025-03-13 00:00:00
510,Customer_510,B2C,2025-05-24,8409.0,422.85,2025-05-23 00:00:00
511,Customer_511,B2C,2025-05-25,6311.0,302.27,2025-02-24 14:00:00
511,Customer_511,B2C,2025-05-25,8657.0,82.25,2025-06-02 08:00:00
511,Customer_511,B2C,2025-05-25,9726.0,171.4,2025-07-16 21:00:00
512,Customer_512,B2C,2025-05-26,5241.0,94.54,2025-01-11 00:00:00
512,Customer_512,B2C,2025-05-26,5543.0,319.37,2025-01-23 14:00:00
512,Customer_512,B2C,2025-05-26,6400.0,321.02,2025-02-28 07:00:00
512,Customer_512,B2C,2025-05-26,6600.0,380.66,2025-03-08 15:00:00
512,Customer_512,B2C,2025-05-26,6696.0,50.78,2025-03-12 15:00:00
512,Customer_512,B2C,2025-05-26,6701.0,214.41,2025-03-12 20:00:00
513,Customer_513,SMB,2025-05-27,8920.0,16.26,2025-06-13 07:00:00
514,Customer_514,SMB,2025-05-28,6478.0,196.07,2025-03-03 13:00:00
514,Customer_514,SMB,2025-05-28,7381.0,127.11,2025-04-10 04:00:00
514,Customer_514,SMB,2025-05-28,7913.0,332.4,2025-05-02 08:00:00
514,Customer_514,SMB,2025-05-28,8313.0,256.51,2025-05-19 00:00:00
514,Customer_514,SMB,2025-05-28,9304.0,107.08,2025-06-29 07:00:00
514,Customer_514,SMB,2025-05-28,9895.0,350.46,2025-07-23 22:00:00
515,Customer_515,B2B,2025-05-29,5018.0,192.02,2025-01-01 17:00:00
515,Customer_515,B2B,2025-05-29,6288.0,202.19,2025-02-23 15:00:00
515,Customer_515,B2B,2025-05-29,6326.0,98.28,2025-02-25 05:00:00
515,Customer_515,B2B,2025-05-29,6692.0,242.8,2025-03-12 11:00:00
515,Customer_515,B2B,2025-05-29,8109.0,172.68,2025-05-10 12:00:00
516,Customer_516,B2B,2025-05-30,5347.0,423.66,2025-01-15 10:00:00
516,Customer_516,B2B,2025-05-30,6386.0,188.0,2025-02-27 17:00:00
516,Customer_516,B2B,2025-05-30,6389.0,315.37,2025-02-27 20:00:00
516,Customer_516,B2B,2025-05-30,6542.0,29.56,2025-03-06 05:00:00
516,Customer_516,B2B,2025-05-30,7502.0,417.65,2025-04-15 05:00:00
517,Customer_517,B2C,2025-05-31,7151.0,331.72,2025-03-31 14:00:00
517,Customer_517,B2C,2025-05-31,8995.0,334.37,2025-06-16 10:00:00
517,Customer_517,B2C,2025-05-31,9780.0,248.32,2025-07-19 03:00:00
518,Customer_518,SMB,2025-06-01,6793.0,369.25,2025-03-16 16:00:00
518,Customer_518,SMB,2025-06-01,7424.0,18.31,2025-04-11 23:00:00
519,Customer_519,SMB,2025-06-02,6016.0,381.44,2025-02-12 07:00:00
519,Customer_519,SMB,2025-06-02,9573.0,391.4,2025-07-10 12:00:00
520,Customer_520,B2B,2025-06-03,6208.0,496.15,2025-02-20 07:00:00
520,Customer_520,B2B,2025-06-03,6460.0,167.81,2025-03-02 19:00:00
520,Customer_520,B2B,2025-06-03,8107.0,447.82,2025-05-10 10:00:00
520,Customer_520,B2B,2025-06-03,8171.0,481.16,2025-05-13 02:00:00
520,Customer_520,B2B,2025-06-03,8376.0,73.09,2025-05-21 15:00:00
520,Customer_520,B2B,2025-06-03,8701.0,362.98,2025-06-04 04:00:00
520,Customer_520,B2B,2025-06-03,9306.0,317.36,2025-06-29 09:00:00
520,Customer_520,B2B,2025-06-03,9794.0,34.14,2025-07-19 17:00:00
520,Customer_520,B2B,2025-06-03,9977.0,275.25,2025-07-27 08:00:00
521,Customer_521,B2C,2025-06-04,6991.0,136.16,2025-03-24 22:00:00
522,Customer_522,B2C,2025-06-05,5952.0,471.32,2025-02-09 15:00:00
522,Customer_522,B2C,2025-06-05,6744.0,15.15,2025-03-14 15:00:00
523,Customer_523,SMB,2025-06-06,5378.0,277.76,2025-01-16 17:00:00
523,Customer_523,SMB,2025-06-06,8045.0,189.35,2025-05-07 20:00:00
523,Customer_523,SMB,2025-06-06,8847.0,188.17,2025-06-10 06:00:00
523,Customer_523,SMB,2025-06-06,8994.0,210.37,2025-06-16 09:00:00
524,Customer_524,SMB,2025-06-07,7730.0,221.74,2025-04-24 17:00:00
524,Customer_524,SMB,2025-06-07,8677.0,175.89,2025-06-03 04:00:00
525,Customer_525,SMB,2025-06-08,6860.0,164.66,2025-03-19 11:00:00
525,Customer_525,SMB,2025-06-08,7135.0,344.88,2025-03-30 22:00:00
525,Customer_525,SMB,2025-06-08,7218.0,193.91,2025-04-03 09:00:00
525,Customer_525,SMB,2025-06-08,7241.0,482.53,2025-04-04 08:00:00
525,Customer_525,SMB,2025-06-08,7878.0,285.45,2025-04-30 21:00:00
526,Customer_526,B2C,2025-06-09,5050.0,150.0,2025-01-03 01:00:00
526,Customer_526,B2C,2025-06-09,5113.0,126.36,2025-01-05 16:00:00
526,Customer_526,B2C,2025-06-09,6218.0,415.49,2025-02-20 17:00:00
526,Customer_526,B2C,2025-06-09,7219.0,317.11,2025-04-03 10:00:00
526,Customer_526,B2C,2025-06-09,7413.0,397.74,2025-04-11 12:00:00
526,Customer_526,B2C,2025-06-09,8826.0,284.96,2025-06-09 09:00:00
526,Customer_526,B2C,2025-06-09,8969.0,296.83,2025-06-15 08:00:00
527,Customer_527,B2C,2025-06-10,5718.0,295.05,2025-01-30 21:00:00
527,Customer_527,B2C,2025-06-10,8529.0,330.46,2025-05-28 00:00:00
528,Customer_528,B2B,2025-06-11,7729.0,435.18,2025-04-24 16:00:00
528,Customer_528,B2B,2025-06-11,9512.0,289.63,2025-07-07 23:00:00
529,Customer_529,B2B,2025-06-12,7442.0,83.2,2025-04-12 17:00:00
529,Customer_529,B2B,2025-06-12,7952.0,344.76,2025-05-03 23:00:00
529,Customer_529,B2B,2025-06-12,8784.0,204.18,2025-06-07 15:00:00
529,Customer_529,B2B,2025-06-12,9134.0,441.74,2025-06-22 05:00:00
529,Customer_529,B2B,2025-06-12,9542.0,296.53,2025-07-09 05:00:00
529,Customer_529,B2B,2025-06-12,9640.0,151.9,2025-07-13 07:00:00
529,Customer_529,B2B,2025-06-12,9698.0,431.33,2025-07-15 17:00:00
530,Customer_530,SMB,2025-06-13,6269.0,348.71,2025-02-22 20:00:00
530,Customer_530,SMB,2025-06-13,6854.0,144.0,2025-03-19 05:00:00
530,Customer_530,SMB,2025-06-13,9043.0,337.33,2025-06-18 10:00:00
530,Customer_530,SMB,2025-06-13,9375.0,302.39,2025-07-02 06:00:00
531,Customer_531,SMB,2025-06-14,5406.0,295.79,2025-01-17 21:00:00
531,Customer_531,SMB,2025-06-14,5929.0,22.35,2025-02-08 16:00:00
531,Customer_531,SMB,2025-06-14,6355.0,271.93,2025-02-26 10:00:00
531,Customer_531,SMB,2025-06-14,7440.0,384.92,2025-04-12 15:00:00
531,Customer_531,SMB,2025-06-14,9526.0,61.7,2025-07-08 13:00:00
532,Customer_532,SMB,2025-06-15,6115.0,365.43,2025-02-16 10:00:00
532,Customer_532,SMB,2025-06-15,6349.0,483.26,2025-02-26 04:00:00
532,Customer_532,SMB,2025-06-15,6439.0,68.5,2025-03-01 22:00:00
532,Customer_532,SMB,2025-06-15,6559.0,233.27,2025-03-06 22:00:00
532,Customer_532,SMB,2025-06-15,6738.0,75.87,2025-03-14 09:00:00
532,Customer_532,SMB,2025-06-15,7279.0,444.43,2025-04-05 22:00:00
532,Customer_532,SMB,2025-06-15,7835.0,377.58,2025-04-29 02:00:00
532,Customer_532,SMB,2025-06-15,8889.0,283.14,2025-06-12 00:00:00
532,Customer_532,SMB,2025-06-15,9030.0,368.03,2025-06-17 21:00:00
533,Customer_533,SMB,2025-06-16,5365.0,393.82,2025-01-16 04:00:00
533,Customer_533,SMB,2025-06-16,8087.0,141.16,2025-05-09 14:00:00
533,Customer_533,SMB,2025-06-16,8346.0,325.25,2025-05-20 09:00:00
534,Customer_534,B2C,2025-06-17,5012.0,432.48,2025-01-01 11:00:00
534,Customer_534,B2C,2025-06-17,5817.0,260.74,2025-02-04 00:00:00
534,Customer_534,B2C,2025-06-17,6434.0,291.05,2025-03-01 17:00:00
534,Customer_534,B2C,2025-06-17,7138.0,161.64,2025-03-31 01:00:00
534,Customer_534,B2C,2025-06-17,7606.0,192.43,2025-04-19 13:00:00
534,Customer_534,B2C,2025-06-17,7776.0,259.27,2025-04-26 15:00:00
534,Customer_534,B2C,2025-06-17,9331.0,165.14,2025-06-30 10:00:00
534,Customer_534,B2C,2025-06-17,9547.0,402.57,2025-07-09 10:00:00
534,Customer_534,B2C,2025-06-17,9571.0,435.0,2025-07-10 10:00:00
534,Customer_534,B2C,2025-06-17,9936.0,469.9,2025-07-25 15:00:00
535,Customer_535,B2C,2025-06-18,7164.0,217.24,2025-04-01 03:00:00
535,Customer_535,B2C,2025-06-18,7222.0,125.17,2025-04-03 13:00:00
535,Customer_535,B2C,2025-06-18,7744.0,226.9,2025-04-25 07:00:00
535,Customer_535,B2C,2025-06-18,9989.0,403.49,2025-07-27 20:00:00
536,Customer_536,SMB,2025-06-19,7877.0,389.58,2025-04-30 20:00:00
537,Customer_537,SMB,2025-06-20,6621.0,273.8,2025-03-09 12:00:00
537,Customer_537,SMB,2025-06-20,6642.0,148.56,2025-03-10 09:00:00
537,Customer_537,SMB,2025-06-20,7981.0,235.37,2025-05-05 04:00:00
537,Customer_537,SMB,2025-06-20,8258.0,74.13,2025-05-16 17:00:00
537,Customer_537,SMB,2025-06-20,8860.0,99.09,2025-06-10 19:00:00
538,Customer_538,B2B,2025-06-21,5024.0,420.73,2025-01-01 23:00:00
538,Customer_538,B2B,2025-06-21,5414.0,276.66,2025-01-18 05:00:00
538,Customer_538,B2B,2025-06-21,5918.0,247.06,2025-02-08 05:00:00
538,Customer_538,B2B,2025-06-21,7803.0,41.8,2025-04-27 18:00:00
538,Customer_538,B2B,2025-06-21,8368.0,29.38,2025-05-21 07:00:00
538,Customer_538,B2B,2025-06-21,8429.0,220.43,2025-05-23 20:00:00
538,Customer_538,B2B,2025-06-21,8805.0,274.9,2025-06-08 12:00:00
538,Customer_538,B2B,2025-06-21,8947.0,282.84,2025-06-14 10:00:00
539,Customer_539,B2C,2025-06-22,5059.0,282.82,2025-01-03 10:00:00
539,Customer_539,B2C,2025-06-22,5207.0,251.48,2025-01-09 14:00:00
539,Customer_539,B2C,2025-06-22,5825.0,291.19,2025-02-04 08:00:00
539,Customer_539,B2C,2025-06-22,6299.0,81.55,2025-02-24 02:00:00
539,Customer_539,B2C,2025-06-22,7027.0,235.08,2025-03-26 10:00:00
539,Customer_539,B2C,2025-06-22,9179.0,458.16,2025-06-24 02:00:00
539,Customer_539,B2C,2025-06-22,9570.0,467.47,2025-07-10 09:00:00
540,Customer_540,B2B,2025-06-23,6578.0,194.72,2025-03-07 17:00:00
540,Customer_540,B2B,2025-06-23,6743.0,393.92,2025-03-14 14:00:00
540,Customer_540,B2B,2025-06-23,8417.0,277.84,2025-05-23 08:00:00
541,Customer_541,SMB,2025-06-24,5463.0,211.54,2025-01-20 06:00:00
541,Customer_541,SMB,2025-06-24,6998.0,358.07,2025-03-25 05:00:00
541,Customer_541,SMB,2025-06-24,7480.0,438.1,2025-04-14 07:00:00
541,Customer_541,SMB,2025-06-24,8398.0,186.31,2025-05-22 13:00:00
541,Customer_541,SMB,2025-06-24,8484.0,203.46,2025-05-26 03:00:00
542,Customer_542,B2C,2025-06-25,5090.0,220.69,2025-01-04 17:00:00
542,Customer_542,B2C,2025-06-25,5181.0,379.4,2025-01-08 12:00:00
542,Customer_542,B2C,2025-06-25,6470.0,35.89,2025-03-03 05:00:00
542,Customer_542,B2C,2025-06-25,8472.0,84.59,2025-05-25 15:00:00
542,Customer_542,B2C,2025-06-25,9127.0,55.89,2025-06-21 22:00:00
543,Customer_543,B2B,2025-06-26,5924.0,241.15,2025-02-08 11:00:00
543,Customer_543,B2B,2025-06-26,6024.0,158.66,2025-02-12 15:00:00
543,Customer_543,B2B,2025-06-26,6410.0,360.41,2025-02-28 17:00:00
543,Customer_543,B2B,2025-06-26,7046.0,331.2,2025-03-27 05:00:00
543,Customer_543,B2B,2025-06-26,7422.0,292.14,2025-04-11 21:00:00
543,Customer_543,B2B,2025-06-26,7560.0,494.67,2025-04-17 15:00:00
543,Customer_543,B2B,2025-06-26,7947.0,51.54,2025-05-03 18:00:00
543,Customer_543,B2B,2025-06-26,8675.0,32.57,2025-06-03 02:00:00
543,Customer_543,B2B,2025-06-26,9178.0,320.59,2025-06-24 01:00:00
543,Customer_543,B2B,2025-06-26,9919.0,51.75,2025-07-24 22:00:00
544,Customer_544,B2C,2025-06-27,5522.0,120.87,2025-01-22 17:00:00
544,Customer_544,B2C,2025-06-27,5841.0,93.24,2025-02-05 00:00:00
544,Customer_544,B2C,2025-06-27,5866.0,367.04,2025-02-06 01:00:00
544,Customer_544,B2C,2025-06-27,8532.0,52.04,2025-05-28 03:00:00
544,Customer_544,B2C,2025-06-27,9020.0,360.05,2025-06-17 11:00:00
544,Customer_544,B2C,2025-06-27,9322.0,31.94,2025-06-30 01:00:00
545,Customer_545,B2C,2025-06-28,8214.0,436.31,2025-05-14 21:00:00
545,Customer_545,B2C,2025-06-28,8757.0,42.54,2025-06-06 12:00:00
546,Customer_546,B2C,2025-06-29,5081.0,152.82,2025-01-04 08:00:00
546,Customer_546,B2C,2025-06-29,5792.0,319.41,2025-02-02 23:00:00
546,Customer_546,B2C,2025-06-29,5956.0,316.58,2025-02-09 19:00:00
546,Customer_546,B2C,2025-06-29,6480.0,485.21,2025-03-03 15:00:00
546,Customer_546,B2C,2025-06-29,6665.0,92.33,2025-03-11 08:00:00
546,Customer_546,B2C,2025-06-29,7820.0,415.53,2025-04-28 11:00:00
547,Customer_547,B2B,2025-06-30,5047.0,117.17,2025-01-02 22:00:00
547,Customer_547,B2B,2025-06-30,5996.0,444.22,2025-02-11 11:00:00
548,Customer_548,B2C,2025-07-01,6575.0,58.79,2025-03-07 14:00:00
548,Customer_548,B2C,2025-07-01,7829.0,283.05,2025-04-28 20:00:00
548,Customer_548,B2C,2025-07-01,7911.0,467.68,2025-05-02 06:00:00
548,Customer_548,B2C,2025-07-01,8584.0,74.96,2025-05-30 07:00:00
548,Customer_548,B2C,2025-07-01,9345.0,141.87,2025-07-01 00:00:00
548,Customer_548,B2C,2025-07-01,9385.0,451.62,2025-07-02 16:00:00
548,Customer_548,B2C,2025-07-01,9444.0,346.77,2025-07-05 03:00:00
548,Customer_548,B2C,2025-07-01,9715.0,44.13,2025-07-16 10:00:00
549,Customer_549,B2C,2025-07-02,6264.0,151.59,2025-02-22 15:00:00
549,Customer_549,B2C,2025-07-02,6757.0,259.39,2025-03-15 04:00:00
549,Customer_549,B2C,2025-07-02,6818.0,399.07,2025-03-17 17:00:00
549,Customer_549,B2C,2025-07-02,6887.0,45.61,2025-03-20 14:00:00
549,Customer_549,B2C,2025-07-02,7795.0,28.39,2025-04-27 10:00:00
549,Customer_549,B2C,2025-07-02,8919.0,337.03,2025-06-13 06:00:00
549,Customer_549,B2C,2025-07-02,9544.0,494.25,2025-07-09 07:00:00
550,Customer_550,B2C,2025-07-03,5506.0,133.98,2025-01-22 01:00:00
550,Customer_550,B2C,2025-07-03,7334.0,297.26,2025-04-08 05:00:00
550,Customer_550,B2C,2025-07-03,8332.0,259.89,2025-05-19 19:00:00
550,Customer_550,B2C,2025-07-03,9721.0,205.06,2025-07-16 16:00:00
551,Customer_551,B2C,2025-07-04,5731.0,179.29,2025-01-31 10:00:00
551,Customer_551,B2C,2025-07-04,8207.0,398.49,2025-05-14 14:00:00
551,Customer_551,B2C,2025-07-04,8319.0,104.49,2025-05-19 06:00:00
552,Customer_552,SMB,2025-07-05,9157.0,45.46,2025-06-23 04:00:00
553,Customer_553,B2C,2025-07-06,5736.0,454.93,2025-01-31 15:00:00
553,Customer_553,B2C,2025-07-06,7129.0,255.3,2025-03-30 16:00:00
553,Customer_553,B2C,2025-07-06,8359.0,195.89,2025-05-20 22:00:00
553,Customer_553,B2C,2025-07-06,8764.0,270.72,2025-06-06 19:00:00
553,Customer_553,B2C,2025-07-06,9167.0,452.49,2025-06-23 14:00:00
553,Customer_553,B2C,2025-07-06,9528.0,333.76,2025-07-08 15:00:00
553,Customer_553,B2C,2025-07-06,9673.0,109.47,2025-07-14 16:00:00
554,Customer_554,B2C,2025-07-07,6552.0,483.47,2025-03-06 15:00:00
554,Customer_554,B2C,2025-07-07,6886.0,477.12,2025-03-20 13:00:00
554,Customer_554,B2C,2025-07-07,7466.0,58.63,2025-04-13 17:00:00
554,Customer_554,B2C,2025-07-07,7670.0,493.11,2025-04-22 05:00:00
554,Customer_554,B2C,2025-07-07,8676.0,276.5,2025-06-03 03:00:00
554,Customer_554,B2C,2025-07-07,8787.0,261.16,2025-06-07 18:00:00
554,Customer_554,B2C,2025-07-07,9440.0,233.11,2025-07-04 23:00:00
554,Customer_554,B2C,2025-07-07,9614.0,403.25,2025-07-12 05:00:00
555,Customer_555,SMB,2025-07-08,5190.0,211.49,2025-01-08 21:00:00
555,Customer_555,SMB,2025-07-08,7199.0,319.01,2025-04-02 14:00:00
556,Customer_556,B2C,2025-07-09,5448.0,141.41,2025-01-19 15:00:00
556,Customer_556,B2C,2025-07-09,7341.0,476.61,2025-04-08 12:00:00
556,Customer_556,B2C,2025-07-09,8405.0,477.31,2025-05-22 20:00:00
556,Customer_556,B2C,2025-07-09,9104.0,314.52,2025-06-20 23:00:00
556,Customer_556,B2C,2025-07-09,9507.0,483.17,2025-07-07 18:00:00
557,Customer_557,B2B,2025-07-10,7134.0,86.81,2025-03-30 21:00:00
557,Customer_557,B2B,2025-07-10,7371.0,311.1,2025-04-09 18:00:00
557,Customer_557,B2B,2025-07-10,8050.0,273.06,2025-05-08 01:00:00
557,Customer_557,B2B,2025-07-10,9051.0,174.86,2025-06-18 18:00:00
557,Customer_557,B2B,2025-07-10,9719.0,259.77,2025-07-16 14:00:00
558,Customer_558,B2B,2025-07-11,6135.0,178.6,2025-02-17 06:00:00
558,Customer_558,B2B,2025-07-11,6266.0,202.73,2025-02-22 17:00:00
558,Customer_558,B2B,2025-07-11,7842.0,429.91,2025-04-29 09:00:00
558,Customer_558,B2B,2025-07-11,8714.0,482.32,2025-06-04 17:00:00
558,Customer_558,B2B,2025-07-11,8819.0,268.38,2025-06-09 02:00:00
558,Customer_558,B2B,2025-07-11,9182.0,48.56,2025-06-24 05:00:00
558,Customer_558,B2B,2025-07-11,9370.0,433.11,2025-07-02 01:00:00
559,Customer_559,B2C,2025-07-12,6449.0,390.63,2025-03-02 08:00:00
559,Customer_559,B2C,2025-07-12,6490.0,269.04,2025-03-04 01:00:00
560,Customer_560,B2C,2025-07-13,5808.0,336.6,2025-02-03 15:00:00
560,Customer_560,B2C,2025-07-13,7928.0,250.75,2025-05-02 23:00:00
560,Customer_560,B2C,2025-07-13,8738.0,489.35,2025-06-05 17:00:00
560,Customer_560,B2C,2025-07-13,9802.0,87.68,2025-07-20 01:00:00
560,Customer_560,B2C,2025-07-13,9888.0,347.66,2025-07-23 15:00:00
561,Customer_561,B2C,2025-07-14,5691.0,296.43,2025-01-29 18:00:00
561,Customer_561,B2C,2025-07-14,8552.0,213.8,2025-05-28 23:00:00
561,Customer_561,B2C,2025-07-14,9217.0,173.77,2025-06-25 16:00:00
562,Customer_562,B2B,2025-07-15,5778.0,36.74,2025-02-02 09:00:00
563,Customer_563,B2B,2025-07-16,7053.0,47.71,2025-03-27 12:00:00
563,Customer_563,B2B,2025-07-16,7402.0,407.36,2025-04-11 01:00:00
563,Customer_563,B2B,2025-07-16,7643.0,354.61,2025-04-21 02:00:00
563,Customer_563,B2B,2025-07-16,8902.0,135.98,2025-06-12 13:00:00
563,Customer_563,B2B,2025-07-16,9008.0,448.11,2025-06-16 23:00:00
563,Customer_563,B2B,2025-07-16,9601.0,207.12,2025-07-11 16:00:00
564,Customer_564,B2B,2025-07-17,5614.0,493.79,2025-01-26 13:00:00
564,Customer_564,B2B,2025-07-17,6235.0,39.51,2025-02-21 10:00:00
564,Customer_564,B2B,2025-07-17,6712.0,159.4,2025-03-13 07:00:00
564,Customer_564,B2B,2025-07-17,6734.0,100.31,2025-03-14 05:00:00
564,Customer_564,B2B,2025-07-17,6812.0,93.53,2025-03-17 11:00:00
564,Customer_564,B2B,2025-07-17,8729.0,276.99,2025-06-05 08:00:00
564,Customer_564,B2B,2025-07-17,8834.0,22.1,2025-06-09 17:00:00
564,Customer_564,B2B,2025-07-17,9739.0,312.67,2025-07-17 10:00:00
565,Customer_565,B2C,2025-07-18,5082.0,111.7,2025-01-04 09:00:00
565,Customer_565,B2C,2025-07-18,5410.0,29.73,2025-01-18 01:00:00
565,Customer_565,B2C,2025-07-18,5675.0,185.72,2025-01-29 02:00:00
565,Customer_565,B2C,2025-07-18,6809.0,309.56,2025-03-17 08:00:00
565,Customer_565,B2C,2025-07-18,7296.0,433.26,2025-04-06 15:00:00
565,Customer_565,B2C,2025-07-18,8379.0,165.46,2025-05-21 18:00:00
565,Customer_565,B2C,2025-07-18,9968.0,21.03,2025-07-26 23:00:00
566,Customer_566,B2C,2025-07-19,5194.0,455.5,2025-01-09 01:00:00
566,Customer_566,B2C,2025-07-19,5865.0,303.69,2025-02-06 00:00:00
566,Customer_566,B2C,2025-07-19,6184.0,64.2,2025-02-19 07:00:00
566,Customer_566,B2C,2025-07-19,6244.0,44.56,2025-02-21 19:00:00
566,Customer_566,B2C,2025-07-19,6388.0,471.09,2025-02-27 19:00:00
566,Customer_566,B2C,2025-07-19,7052.0,235.06,2025-03-27 11:00:00
566,Customer_566,B2C,2025-07-19,7858.0,218.15,2025-04-30 01:00:00
566,Customer_566,B2C,2025-07-19,7879.0,280.82,2025-04-30 22:00:00
566,Customer_566,B2C,2025-07-19,8935.0,175.06,2025-06-13 22:00:00
566,Customer_566,B2C,2025-07-19,9662.0,369.37,2025-07-14 05:00:00
567,Customer_567,B2C,2025-07-20,8468.0,251.74,2025-05-25 11:00:00
567,Customer_567,B2C,2025-07-20,8986.0,494.72,2025-06-16 01:00:00
567,Customer_567,B2C,2025-07-20,9473.0,183.2,2025-07-06 08:00:00
568,Customer_568,B2C,2025-07-21,5042.0,334.22,2025-01-02 17:00:00
568,Customer_568,B2C,2025-07-21,6440.0,170.64,2025-03-01 23:00:00
568,Customer_568,B2C,2025-07-21,6982.0,238.96,2025-03-24 13:00:00
568,Customer_568,B2C,2025-07-21,8337.0,250.95,2025-05-20 00:00:00
568,Customer_568,B2C,2025-07-21,8909.0,419.94,2025-06-12 20:00:00
568,Customer_568,B2C,2025-07-21,9876.0,432.59,2025-07-23 03:00:00
569,Customer_569,SMB,2025-07-22,5473.0,338.92,2025-01-20 16:00:00
569,Customer_569,SMB,2025-07-22,5715.0,84.2,2025-01-30 18:00:00
569,Customer_569,SMB,2025-07-22,6584.0,71.8,2025-03-07 23:00:00
569,Customer_569,SMB,2025-07-22,7168.0,325.28,2025-04-01 07:00:00
569,Customer_569,SMB,2025-07-22,7586.0,439.21,2025-04-18 17:00:00
569,Customer_569,SMB,2025-07-22,7856.0,204.07,2025-04-29 23:00:00
569,Customer_569,SMB,2025-07-22,8470.0,492.32,2025-05-25 13:00:00
569,Customer_569,SMB,2025-07-22,8525.0,222.06,2025-05-27 20:00:00
569,Customer_569,SMB,2025-07-22,9583.0,68.93,2025-07-10 22:00:00
570,Customer_570,B2C,2025-07-23,5200.0,177.63,2025-01-09 07:00:00
570,Customer_570,B2C,2025-07-23,5240.0,60.6,2025-01-10 23:00:00
570,Customer_570,B2C,2025-07-23,5500.0,29.67,2025-01-21 19:00:00
570,Customer_570,B2C,2025-07-23,6081.0,378.39,2025-02-15 00:00:00
570,Customer_570,B2C,2025-07-23,8781.0,330.58,2025-06-07 12:00:00
571,Customer_571,B2C,2025-07-24,6634.0,353.4,2025-03-10 01:00:00
572,Customer_572,B2C,2025-07-25,6130.0,15.25,2025-02-17 01:00:00
572,Customer_572,B2C,2025-07-25,6633.0,172.76,2025-03-10 00:00:00
572,Customer_572,B2C,2025-07-25,8191.0,496.49,2025-05-13 22:00:00
572,Customer_572,B2C,2025-07-25,8481.0,273.47,2025-05-26 00:00:00
572,Customer_572,B2C,2025-07-25,9920.0,328.55,2025-07-24 23:00:00
573,Customer_573,B2C,2025-07-26,5328.0,467.81,2025-01-14 15:00:00
573,Customer_573,B2C,2025-07-26,5371.0,347.14,2025-01-16 10:00:00
573,Customer_573,B2C,2025-07-26,5460.0,448.89,2025-01-20 03:00:00
573,Customer_573,B2C,2025-07-26,5624.0,339.53,2025-01-26 23:00:00
573,Customer_573,B2C,2025-07-26,7183.0,446.58,2025-04-01 22:00:00
573,Customer_573,B2C,2025-07-26,7885.0,364.19,2025-05-01 04:00:00
574,Customer_574,B2C,2025-07-27,5332.0,207.57,2025-01-14 19:00:00
574,Customer_574,B2C,2025-07-27,8267.0,115.48,2025-05-17 02:00:00
574,Customer_574,B2C,2025-07-27,8279.0,189.65,2025-05-17 14:00:00
574,Customer_574,B2C,2025-07-27,8885.0,75.76,2025-06-11 20:00:00
575,Customer_575,SMB,2025-07-28,5062.0,95.81,2025-01-03 13:00:00
575,Customer_575,SMB,2025-07-28,5722.0,201.95,2025-01-31 01:00:00
575,Customer_575,SMB,2025-07-28,6317.0,156.95,2025-02-24 20:00:00
575,Customer_575,SMB,2025-07-28,6444.0,241.98,2025-03-02 03:00:00
575,Customer_575,SMB,2025-07-28,6811.0,388.35,2025-03-17 10:00:00
575,Customer_575,SMB,2025-07-28,8964.0,257.85,2025-06-15 03:00:00
576,Customer_576,SMB,2025-07-29,5079.0,461.16,2025-01-04 06:00:00
576,Customer_576,SMB,2025-07-29,5453.0,26.99,2025-01-19 20:00:00
576,Customer_576,SMB,2025-07-29,5490.0,286.47,2025-01-21 09:00:00
576,Customer_576,SMB,2025-07-29,7454.0,410.73,2025-04-13 05:00:00
577,Customer_577,B2B,2025-07-30,8032.0,397.35,2025-05-07 07:00:00
577,Customer_577,B2B,2025-07-30,8231.0,426.78,2025-05-15 14:00:00
577,Customer_577,B2B,2025-07-30,8342.0,216.67,2025-05-20 05:00:00
577,Customer_577,B2B,2025-07-30,8763.0,130.54,2025-06-06 18:00:00
577,Customer_577,B2B,2025-07-30,9153.0,26.38,2025-06-23 00:00:00
577,Customer_577,B2B,2025-07-30,9582.0,151.06,2025-07-10 21:00:00
578,Customer_578,SMB,2025-07-31,7043.0,141.39,2025-03-27 02:00:00
578,Customer_578,SMB,2025-07-31,7548.0,97.47,2025-04-17 03:00:00
578,Customer_578,SMB,2025-07-31,7887.0,301.69,2025-05-01 06:00:00
578,Customer_578,SMB,2025-07-31,8395.0,228.92,2025-05-22 10:00:00
578,Customer_578,SMB,2025-07-31,9419.0,461.65,2025-07-04 02:00:00
579,Customer_579,B2C,2025-08-01,5708.0,226.6,2025-01-30 11:00:00
579,Customer_579,B2C,2025-08-01,6669.0,295.82,2025-03-11 12:00:00
579,Customer_579,B2C,2025-08-01,9213.0,256.91,2025-06-25 12:00:00
580,Customer_580,B2B,2025-08-02,6099.0,419.86,2025-02-15 18:00:00
580,Customer_580,B2B,2025-08-02,6157.0,261.31,2025-02-18 04:00:00
581,Customer_581,B2C,2025-08-03,5679.0,37.87,2025-01-29 06:00:00
581,Customer_581,B2C,2025-08-03,6373.0,217.65,2025-02-27 04:00:00
581,Customer_581,B2C,2025-08-03,7082.0,34.01,2025-03-28 17:00:00
581,Customer_581,B2C,2025-08-03,9490.0,25.28,2025-07-07 01:00:00
581,Customer_581,B2C,2025-08-03,9837.0,396.2,2025-07-21 12:00:00
582,Customer_582,SMB,2025-08-04,6977.0,90.04,2025-03-24 08:00:00
582,Customer_582,SMB,2025-08-04,7192.0,346.47,2025-04-02 07:00:00
582,Customer_582,SMB,2025-08-04,7303.0,233.14,2025-04-06 22:00:00
582,Customer_582,SMB,2025-08-04,7462.0,53.84,2025-04-13 13:00:00
582,Customer_582,SMB,2025-08-04,7824.0,269.73,2025-04-28 15:00:00
582,Customer_582,SMB,2025-08-04,8072.0,352.77,2025-05-08 23:00:00
582,Customer_582,SMB,2025-08-04,8198.0,230.3,2025-05-14 05:00:00
582,Customer_582,SMB,2025-08-04,8263.0,246.29,2025-05-16 22:00:00
583,Customer_583,B2C,2025-08-05,6688.0,295.21,2025-03-12 07:00:00
583,Customer_583,B2C,2025-08-05,9472.0,404.99,2025-07-06 07:00:00
583,Customer_583,B2C,2025-08-05,9655.0,17.76,2025-07-13 22:00:00
584,Customer_584,B2C,2025-08-06,5313.0,203.68,2025-01-14 00:00:00
584,Customer_584,B2C,2025-08-06,8007.0,85.87,2025-05-06 06:00:00
584,Customer_584,B2C,2025-08-06,9266.0,366.51,2025-06-27 17:00:00
585,Customer_585,B2C,2025-08-07,5484.0,151.83,2025-01-21 03:00:00
585,Customer_585,B2C,2025-08-07,6788.0,273.39,2025-03-16 11:00:00
585,Customer_585,B2C,2025-08-07,6822.0,126.76,2025-03-17 21:00:00
585,Customer_585,B2C,2025-08-07,8189.0,342.79,2025-05-13 20:00:00
585,Customer_585,B2C,2025-08-07,8298.0,170.23,2025-05-18 09:00:00
585,Customer_585,B2C,2025-08-07,8694.0,458.03,2025-06-03 21:00:00
585,Customer_585,B2C,2025-08-07,8695.0,139.99,2025-06-03 22:00:00
586,Customer_586,B2B,2025-08-08,5017.0,445.86,2025-01-01 16:00:00
586,Customer_586,B2B,2025-08-08,5243.0,155.22,2025-01-11 02:00:00
586,Customer_586,B2B,2025-08-08,5626.0,164.47,2025-01-27 01:00:00
586,Customer_586,B2B,2025-08-08,6332.0,348.12,2025-02-25 11:00:00
586,Customer_586,B2B,2025-08-08,6360.0,192.32,2025-02-26 15:00:00
586,Customer_586,B2B,2025-08-08,7206.0,95.64,2025-04-02 21:00:00
586,Customer_586,B2B,2025-08-08,8750.0,155.81,2025-06-06 05:00:00
586,Customer_586,B2B,2025-08-08,9421.0,368.54,2025-07-04 04:00:00
586,Customer_586,B2B,2025-08-08,9746.0,115.28,2025-07-17 17:00:00
587,Customer_587,B2B,2025-08-09,5026.0,431.3,2025-01-02 01:00:00
587,Customer_587,B2B,2025-08-09,5405.0,24.04,2025-01-17 20:00:00
587,Customer_587,B2B,2025-08-09,5880.0,393.39,2025-02-06 15:00:00
587,Customer_587,B2B,2025-08-09,9854.0,490.52,2025-07-22 05:00:00
588,Customer_588,B2B,2025-08-10,5429.0,56.73,2025-01-18 20:00:00
588,Customer_588,B2B,2025-08-10,5465.0,339.47,2025-01-20 08:00:00
588,Customer_588,B2B,2025-08-10,6025.0,393.13,2025-02-12 16:00:00
588,Customer_588,B2B,2025-08-10,6186.0,497.22,2025-02-19 09:00:00
589,Customer_589,B2B,2025-08-11,6576.0,17.85,2025-03-07 15:00:00
589,Customer_589,B2B,2025-08-11,7473.0,315.34,2025-04-14 00:00:00
589,Customer_589,B2B,2025-08-11,7637.0,349.04,2025-04-20 20:00:00
589,Customer_589,B2B,2025-08-11,8210.0,123.82,2025-05-14 17:00:00
589,Customer_589,B2B,2025-08-11,8257.0,243.8,2025-05-16 16:00:00
589,Customer_589,B2B,2025-08-11,8392.0,19.86,2025-05-22 07:00:00
589,Customer_589,B2B,2025-08-11,9354.0,212.33,2025-07-01 09:00:00
589,Customer_589,B2B,2025-08-11,9650.0,38.68,2025-07-13 17:00:00
589,Customer_589,B2B,2025-08-11,9767.0,41.85,2025-07-18 14:00:00
589,Customer_589,B2B,2025-08-11,9958.0,133.58,2025-07-26 13:00:00
590,Customer_590,B2B,2025-08-12,5233.0,115.2,2025-01-10 16:00:00
590,Customer_590,B2B,2025-08-12,6694.0,483.69,2025-03-12 13:00:00
590,Customer_590,B2B,2025-08-12,8299.0,317.7,2025-05-18 10:00:00
590,Customer_590,B2B,2025-08-12,9426.0,117.66,2025-07-04 09:00:00
590,Customer_590,B2B,2025-08-12,9551.0,373.73,2025-07-09 14:00:00
590,Customer_590,B2B,2025-08-12,9749.0,97.53,2025-07-17 20:00:00
591,Customer_591,B2B,2025-08-13,6237.0,156.05,2025-02-21 12:00:00
591,Customer_591,B2B,2025-08-13,6839.0,55.3,2025-03-18 14:00:00
591,Customer_591,B2B,2025-08-13,7339.0,458.27,2025-04-08 10:00:00
591,Customer_591,B2B,2025-08-13,7774.0,361.42,2025-04-26 13:00:00
591,Customer_591,B2B,2025-08-13,7983.0,102.36,2025-05-05 06:00:00
591,Customer_591,B2B,2025-08-13,8747.0,29.89,2025-06-06 02:00:00
591,Customer_591,B2B,2025-08-13,9462.0,448.1,2025-07-05 21:00:00
592,Customer_592,B2C,2025-08-14,6371.0,374.51,2025-02-27 02:00:00
592,Customer_592,B2C,2025-08-14,6938.0,173.55,2025-03-22 17:00:00
593,Customer_593,B2B,2025-08-15,5525.0,316.41,2025-01-22 20:00:00
593,Customer_593,B2B,2025-08-15,6661.0,121.88,2025-03-11 04:00:00
593,Customer_593,B2B,2025-08-15,7181.0,29.11,2025-04-01 20:00:00
593,Customer_593,B2B,2025-08-15,8083.0,380.61,2025-05-09 10:00:00
593,Customer_593,B2B,2025-08-15,8850.0,485.63,2025-06-10 09:00:00
593,Customer_593,B2B,2025-08-15,9278.0,233.27,2025-06-28 05:00:00
594,Customer_594,B2C,2025-08-16,,,
595,Customer_595,SMB,2025-08-17,5098.0,110.18,2025-01-05 01:00:00
595,Customer_595,SMB,2025-08-17,6492.0,264.46,2025-03-04 03:00:00
595,Customer_595,SMB,2025-08-17,7253.0,91.6,2025-04-04 20:00:00
595,Customer_595,SMB,2025-08-17,8583.0,473.43,2025-05-30 06:00:00
596,Customer_596,B2C,2025-08-18,6905.0,43.34,2025-03-21 08:00:00
596,Customer_596,B2C,2025-08-18,7337.0,237.33,2025-04-08 08:00:00
596,Customer_596,B2C,2025-08-18,7969.0,22.16,2025-05-04 16:00:00
596,Customer_596,B2C,2025-08-18,8003.0,127.67,2025-05-06 02:00:00
596,Customer_596,B2C,2025-08-18,9296.0,154.92,2025-06-28 23:00:00
597,Customer_597,B2C,2025-08-19,6215.0,125.03,2025-02-20 14:00:00
597,Customer_597,B2C,2025-08-19,6942.0,319.54,2025-03-22 21:00:00
597,Customer_597,B2C,2025-08-19,8549.0,23.81,2025-05-28 20:00:00
597,Customer_597,B2C,2025-08-19,9282.0,435.86,2025-06-28 09:00:00
598,Customer_598,B2B,2025-08-20,5648.0,244.46,2025-01-27 23:00:00
598,Customer_598,B2B,2025-08-20,7545.0,166.42,2025-04-17 00:00:00
598,Customer_598,B2B,2025-08-20,7779.0,92.44,2025-04-26 18:00:00
598,Customer_598,B2B,2025-08-20,7989.0,283.98,2025-05-05 12:00:00
598,Customer_598,B2B,2025-08-20,7992.0,226.61,2025-05-05 15:00:00
598,Customer_598,B2B,2025-08-20,9192.0,334.56,2025-06-24 15:00:00
598,Customer_598,B2B,2025-08-20,9210.0,195.23,2025-06-25 09:00:00
599,Customer_599,B2B,2025-08-21,6263.0,149.25,2025-02-22 14:00:00
599,Customer_599,B2B,2025-08-21,6587.0,209.14,2025-03-08 02:00:00
599,Customer_599,B2B,2025-08-21,7331.0,402.4,2025-04-08 02:00:00
599,Customer_599,B2B,2025-08-21,7464.0,428.11,2025-04-13 15:00:00
599,Customer_599,B2B,2025-08-21,9160.0,461.93,2025-06-23 07:00:00
599,Customer_599,B2B,2025-08-21,9689.0,115.91,2025-07-15 08:00:00
600,Customer_600,B2B,2025-08-22,5320.0,440.87,2025-01-14 07:00:00
600,Customer_600,B2B,2025-08-22,7313.0,113.27,2025-04-07 08:00:00
600,Customer_600,B2B,2025-08-22,7556.0,276.96,2025-04-17 11:00:00
600,Customer_600,B2B,2025-08-22,7636.0,469.37,2025-04-20 19:00:00
600,Customer_600,B2B,2025-08-22,8762.0,474.97,2025-06-06 17:00:00
601,Customer_601,B2B,2025-08-23,5709.0,327.63,2025-01-30 12:00:00
601,Customer_601,B2B,2025-08-23,6420.0,110.93,2025-03-01 03:00:00
601,Customer_601,B2B,2025-08-23,8654.0,93.68,2025-06-02 05:00:00
602,Customer_602,B2B,2025-08-24,5537.0,172.67,2025-01-23 08:00:00
602,Customer_602,B2B,2025-08-24,5591.0,367.18,2025-01-25 14:00:00
602,Customer_602,B2B,2025-08-24,5729.0,437.24,2025-01-31 08:00:00
602,Customer_602,B2B,2025-08-24,7547.0,72.05,2025-04-17 02:00:00
602,Customer_602,B2B,2025-08-24,8211.0,441.84,2025-05-14 18:00:00
602,Customer_602,B2B,2025-08-24,8668.0,486.31,2025-06-02 19:00:00
602,Customer_602,B2B,2025-08-24,9024.0,203.23,2025-06-17 15:00:00
603,Customer_603,B2B,2025-08-25,6146.0,301.73,2025-02-17 17:00:00
603,Customer_603,B2B,2025-08-25,6161.0,223.28,2025-02-18 08:00:00
603,Customer_603,B2B,2025-08-25,6504.0,462.1,2025-03-04 15:00:00
603,Customer_603,B2B,2025-08-25,6506.0,170.66,2025-03-04 17:00:00
603,Customer_603,B2B,2025-08-25,7115.0,323.82,2025-03-30 02:00:00
603,Customer_603,B2B,2025-08-25,7149.0,448.95,2025-03-31 12:00:00
603,Customer_603,B2B,2025-08-25,7814.0,175.8,2025-04-28 05:00:00
604,Customer_604,B2B,2025-08-26,7527.0,129.3,2025-04-16 06:00:00
604,Customer_604,B2B,2025-08-26,8344.0,107.79,2025-05-20 07:00:00
604,Customer_604,B2B,2025-08-26,8894.0,224.2,2025-06-12 05:00:00
605,Customer_605,B2B,2025-08-27,5794.0,303.3,2025-02-03 01:00:00
605,Customer_605,B2B,2025-08-27,6966.0,234.6,2025-03-23 21:00:00
606,Customer_606,B2C,2025-08-28,5297.0,334.27,2025-01-13 08:00:00
606,Customer_606,B2C,2025-08-28,5309.0,212.45,2025-01-13 20:00:00
606,Customer_606,B2C,2025-08-28,7566.0,499.74,2025-04-17 21:00:00
606,Customer_606,B2C,2025-08-28,7758.0,467.37,2025-04-25 21:00:00
606,Customer_606,B2C,2025-08-28,9488.0,59.37,2025-07-06 23:00:00
607,Customer_607,B2B,2025-08-29,5489.0,171.84,2025-01-21 08:00:00
607,Customer_607,B2B,2025-08-29,7330.0,459.21,2025-04-08 01:00:00
607,Customer_607,B2B,2025-08-29,7565.0,11.92,2025-04-17 20:00:00
607,Customer_607,B2B,2025-08-29,7884.0,20.31,2025-05-01 03:00:00
607,Customer_607,B2B,2025-08-29,8278.0,86.7,2025-05-17 13:00:00
607,Customer_607,B2B,2025-08-29,8452.0,112.03,2025-05-24 19:00:00
607,Customer_607,B2B,2025-08-29,8673.0,14.56,2025-06-03 00:00:00
607,Customer_607,B2B,2025-08-29,9320.0,199.65,2025-06-29 23:00:00
608,Customer_608,B2C,2025-08-30,6070.0,255.28,2025-02-14 13:00:00
608,Customer_608,B2C,2025-08-30,6877.0,302.11,2025-03-20 04:00:00
608,Customer_608,B2C,2025-08-30,7143.0,154.46,2025-03-31 06:00:00
608,Customer_608,B2C,2025-08-30,7453.0,403.81,2025-04-13 04:00:00
608,Customer_608,B2C,2025-08-30,7719.0,135.28,2025-04-24 06:00:00
608,Customer_608,B2C,2025-08-30,7871.0,141.46,2025-04-30 14:00:00
608,Customer_608,B2C,2025-08-30,8427.0,422.84,2025-05-23 18:00:00
608,Customer_608,B2C,2025-08-30,8954.0,497.79,2025-06-14 17:00:00
608,Customer_608,B2C,2025-08-30,9359.0,343.49,2025-07-01 14:00:00
609,Customer_609,B2C,2025-08-31,6518.0,263.83,2025-03-05 05:00:00
609,Customer_609,B2C,2025-08-31,7700.0,335.11,2025-04-23 11:00:00
609,Customer_609,B2C,2025-08-31,8491.0,110.54,2025-05-26 10:00:00
609,Customer_609,B2C,2025-08-31,8790.0,240.68,2025-06-07 21:00:00
609,Customer_609,B2C,2025-08-31,9045.0,294.31,2025-06-18 12:00:00
609,Customer_609,B2C,2025-08-31,9065.0,87.05,2025-06-19 08:00:00
609,Customer_609,B2C,2025-08-31,9394.0,41.0,2025-07-03 01:00:00
609,Customer_609,B2C,2025-08-31,9468.0,208.98,2025-07-06 03:00:00
610,Customer_610,B2C,2025-09-01,6114.0,440.85,2025-02-16 09:00:00
610,Customer_610,B2C,2025-09-01,6180.0,180.93,2025-02-19 03:00:00
610,Customer_610,B2C,2025-09-01,6302.0,444.86,2025-02-24 05:00:00
610,Customer_610,B2C,2025-09-01,6603.0,312.14,2025-03-08 18:00:00
610,Customer_610,B2C,2025-09-01,7077.0,100.28,2025-03-28 12:00:00
610,Customer_610,B2C,2025-09-01,8122.0,268.51,2025-05-11 01:00:00
610,Customer_610,B2C,2025-09-01,8837.0,146.33,2025-06-09 20:00:00
610,Customer_610,B2C,2025-09-01,9521.0,191.17,2025-07-08 08:00:00
611,Customer_611,B2B,2025-09-02,5477.0,86.54,2025-01-20 20:00:00
611,Customer_611,B2B,2025-09-02,5682.0,172.36,2025-01-29 09:00:00
611,Customer_611,B2B,2025-09-02,6192.0,403.18,2025-02-19 15:00:00
611,Customer_611,B2B,2025-09-02,6699.0,43.69,2025-03-12 18:00:00
611,Customer_611,B2B,2025-09-02,7423.0,326.12,2025-04-11 22:00:00
611,Customer_611,B2B,2025-09-02,9775.0,403.51,2025-07-18 22:00:00
612,Customer_612,B2C,2025-09-03,6577.0,482.21,2025-03-07 16:00:00
612,Customer_612,B2C,2025-09-03,6901.0,488.46,2025-03-21 04:00:00
612,Customer_612,B2C,2025-09-03,7632.0,81.36,2025-04-20 15:00:00
612,Customer_612,B2C,2025-09-03,7767.0,49.92,2025-04-26 06:00:00
612,Customer_612,B2C,2025-09-03,7818.0,29.31,2025-04-28 09:00:00
612,Customer_612,B2C,2025-09-03,8802.0,438.93,2025-06-08 09:00:00
612,Customer_612,B2C,2025-09-03,9772.0,237.65,2025-07-18 19:00:00
613,Customer_613,B2C,2025-09-04,5171.0,89.77,2025-01-08 02:00:00
613,Customer_613,B2C,2025-09-04,6023.0,467.93,2025-02-12 14:00:00
613,Customer_613,B2C,2025-09-04,6493.0,106.8,2025-03-04 04:00:00
613,Customer_613,B2C,2025-09-04,8090.0,449.17,2025-05-09 17:00:00
613,Customer_613,B2C,2025-09-04,8421.0,387.91,2025-05-23 12:00:00
613,Customer_613,B2C,2025-09-04,9934.0,76.17,2025-07-25 13:00:00
614,Customer_614,B2B,2025-09-05,8064.0,209.12,2025-05-08 15:00:00
614,Customer_614,B2B,2025-09-05,8273.0,466.46,2025-05-17 08:00:00
614,Customer_614,B2B,2025-09-05,8927.0,207.79,2025-06-13 14:00:00
615,Customer_615,SMB,2025-09-06,6763.0,148.45,2025-03-15 10:00:00
615,Customer_615,SMB,2025-09-06,7958.0,124.12,2025-05-04 05:00:00
615,Customer_615,SMB,2025-09-06,8089.0,450.31,2025-05-09 16:00:00
615,Customer_615,SMB,2025-09-06,8441.0,179.35,2025-05-24 08:00:00
615,Customer_615,SMB,2025-09-06,8717.0,220.79,2025-06-04 20:00:00
616,Customer_616,SMB,2025-09-07,5631.0,349.78,2025-01-27 06:00:00
616,Customer_616,SMB,2025-09-07,7141.0,492.2,2025-03-31 04:00:00
616,Customer_616,SMB,2025-09-07,8059.0,107.84,2025-05-08 10:00:00
616,Customer_616,SMB,2025-09-07,8563.0,454.66,2025-05-29 10:00:00
616,Customer_616,SMB,2025-09-07,9279.0,306.79,2025-06-28 06:00:00
616,Customer_616,SMB,2025-09-07,9790.0,26.08,2025-07-19 13:00:00
617,Customer_617,B2B,2025-09-08,5276.0,198.46,2025-01-12 11:00:00
617,Customer_617,B2B,2025-09-08,7716.0,279.21,2025-04-24 03:00:00
617,Customer_617,B2B,2025-09-08,8165.0,415.51,2025-05-12 20:00:00
617,Customer_617,B2B,2025-09-08,9195.0,72.81,2025-06-24 18:00:00
617,Customer_617,B2B,2025-09-08,9954.0,329.32,2025-07-26 09:00:00
618,Customer_618,B2B,2025-09-09,6937.0,242.47,2025-03-22 16:00:00
618,Customer_618,B2B,2025-09-09,8426.0,419.13,2025-05-23 17:00:00
618,Customer_618,B2B,2025-09-09,8936.0,289.05,2025-06-13 23:00:00
618,Customer_618,B2B,2025-09-09,8978.0,353.63,2025-06-15 17:00:00
619,Customer_619,SMB,2025-09-10,5403.0,291.24,2025-01-17 18:00:00
619,Customer_619,SMB,2025-09-10,5450.0,210.14,2025-01-19 17:00:00
619,Customer_619,SMB,2025-09-10,8987.0,91.75,2025-06-16 02:00:00
619,Customer_619,SMB,2025-09-10,9200.0,442.04,2025-06-24 23:00:00
619,Customer_619,SMB,2025-09-10,9925.0,464.62,2025-07-25 04:00:00
620,Customer_620,B2C,2025-09-11,5022.0,251.36,2025-01-01 21:00:00
620,Customer_620,B2C,2025-09-11,5173.0,83.73,2025-01-08 04:00:00
620,Customer_620,B2C,2025-09-11,5291.0,360.23,2025-01-13 02:00:00
620,Customer_620,B2C,2025-09-11,5292.0,43.54,2025-01-13 03:00:00
620,Customer_620,B2C,2025-09-11,7071.0,277.77,2025-03-28 06:00:00
620,Customer_620,B2C,2025-09-11,7201.0,224.5,2025-04-02 16:00:00
620,Customer_620,B2C,2025-09-11,7552.0,472.45,2025-04-17 07:00:00
620,Customer_620,B2C,2025-09-11,8396.0,13.48,2025-05-22 11:00:00
620,Customer_620,B2C,2025-09-11,8514.0,221.89,2025-05-27 09:00:00
620,Customer_620,B2C,2025-09-11,8772.0,291.01,2025-06-07 03:00:00
620,Customer_620,B2C,2025-09-11,9552.0,387.5,2025-07-09 15:00:00
620,Customer_620,B2C,2025-09-11,9801.0,35.33,2025-07-20 00:00:00
621,Customer_621,B2B,2025-09-12,5356.0,489.39,2025-01-15 19:00:00
621,Customer_621,B2B,2025-09-12,6517.0,486.51,2025-03-05 04:00:00
621,Customer_621,B2B,2025-09-12,7226.0,62.65,2025-04-03 17:00:00
621,Customer_621,B2B,2025-09-12,9508.0,17.28,2025-07-07 19:00:00
622,Customer_622,B2B,2025-09-13,5205.0,270.41,2025-01-09 12:00:00
622,Customer_622,B2B,2025-09-13,6888.0,107.56,2025-03-20 15:00:00
622,Customer_622,B2B,2025-09-13,7033.0,162.71,2025-03-26 16:00:00
622,Customer_622,B2B,2025-09-13,7034.0,267.41,2025-03-26 17:00:00
622,Customer_622,B2B,2025-09-13,7496.0,203.15,2025-04-14 23:00:00
622,Customer_622,B2B,2025-09-13,8028.0,211.05,2025-05-07 03:00:00
622,Customer_622,B2B,2025-09-13,8449.0,271.44,2025-05-24 16:00:00
622,Customer_622,B2B,2025-09-13,9226.0,16.38,2025-06-26 01:00:00
622,Customer_622,B2B,2025-09-13,9699.0,133.39,2025-07-15 18:00:00
622,Customer_622,B2B,2025-09-13,9748.0,108.56,2025-07-17 19:00:00
622,Customer_622,B2B,2025-09-13,9755.0,24.29,2025-07-18 02:00:00
623,Customer_623,B2C,2025-09-14,6437.0,43.54,2025-03-01 20:00:00
623,Customer_623,B2C,2025-09-14,6452.0,220.87,2025-03-02 11:00:00
623,Customer_623,B2C,2025-09-14,7663.0,401.24,2025-04-21 22:00:00
623,Customer_623,B2C,2025-09-14,8456.0,103.85,2025-05-24 23:00:00
623,Customer_623,B2C,2025-09-14,8981.0,208.28,2025-06-15 20:00:00
623,Customer_623,B2C,2025-09-14,9418.0,85.34,2025-07-04 01:00:00
623,Customer_623,B2C,2025-09-14,9505.0,474.84,2025-07-07 16:00:00
623,Customer_623,B2C,2025-09-14,9574.0,308.2,2025-07-10 13:00:00
624,Customer_624,B2C,2025-09-15,5177.0,130.86,2025-01-08 08:00:00
624,Customer_624,B2C,2025-09-15,5907.0,340.97,2025-02-07 18:00:00
624,Customer_624,B2C,2025-09-15,7189.0,340.4,2025-04-02 04:00:00
624,Customer_624,B2C,2025-09-15,7940.0,22.66,2025-05-03 11:00:00
624,Customer_624,B2C,2025-09-15,8836.0,272.92,2025-06-09 19:00:00
624,Customer_624,B2C,2025-09-15,9137.0,468.64,2025-06-22 08:00:00
624,Customer_624,B2C,2025-09-15,9654.0,382.77,2025-07-13 21:00:00
625,Customer_625,B2C,2025-09-16,5780.0,452.18,2025-02-02 11:00:00
625,Customer_625,B2C,2025-09-16,7421.0,273.41,2025-04-11 20:00:00
625,Customer_625,B2C,2025-09-16,7736.0,166.66,2025-04-24 23:00:00
625,Customer_625,B2C,2025-09-16,9567.0,148.82,2025-07-10 06:00:00
626,Customer_626,B2C,2025-09-17,5129.0,465.28,2025-01-06 08:00:00
626,Customer_626,B2C,2025-09-17,7049.0,436.15,2025-03-27 08:00:00
626,Customer_626,B2C,2025-09-17,8148.0,410.8,2025-05-12 03:00:00
627,Customer_627,B2C,2025-09-18,5693.0,195.14,2025-01-29 20:00:00
627,Customer_627,B2C,2025-09-18,6273.0,400.26,2025-02-23 00:00:00
627,Customer_627,B2C,2025-09-18,6322.0,413.76,2025-02-25 01:00:00
628,Customer_628,B2C,2025-09-19,7295.0,427.27,2025-04-06 14:00:00
628,Customer_628,B2C,2025-09-19,7478.0,125.48,2025-04-14 05:00:00
628,Customer_628,B2C,2025-09-19,7756.0,142.03,2025-04-25 19:00:00
628,Customer_628,B2C,2025-09-19,7985.0,483.99,2025-05-05 08:00:00
629,Customer_629,B2B,2025-09-20,5223.0,205.76,2025-01-10 06:00:00
629,Customer_629,B2B,2025-09-20,6096.0,426.06,2025-02-15 15:00:00
629,Customer_629,B2B,2025-09-20,6158.0,167.22,2025-02-18 05:00:00
629,Customer_629,B2B,2025-09-20,6362.0,176.02,2025-02-26 17:00:00
629,Customer_629,B2B,2025-09-20,8488.0,197.7,2025-05-26 07:00:00
629,Customer_629,B2B,2025-09-20,8636.0,96.44,2025-06-01 11:00:00
630,Customer_630,B2B,2025-09-21,6112.0,351.54,2025-02-16 07:00:00
630,Customer_630,B2B,2025-09-21,6543.0,230.05,2025-03-06 06:00:00
630,Customer_630,B2B,2025-09-21,6908.0,257.9,2025-03-21 11:00:00
630,Customer_630,B2B,2025-09-21,7007.0,466.03,2025-03-25 14:00:00
630,Customer_630,B2B,2025-09-21,8707.0,404.89,2025-06-04 10:00:00
631,Customer_631,B2C,2025-09-22,6919.0,171.4,2025-03-21 22:00:00
631,Customer_631,B2C,2025-09-22,6965.0,326.74,2025-03-23 20:00:00
631,Customer_631,B2C,2025-09-22,7886.0,25.92,2025-05-01 05:00:00
631,Customer_631,B2C,2025-09-22,7896.0,166.95,2025-05-01 15:00:00
631,Customer_631,B2C,2025-09-22,8485.0,326.56,2025-05-26 04:00:00
631,Customer_631,B2C,2025-09-22,8829.0,56.42,2025-06-09 12:00:00
632,Customer_632,SMB,2025-09-23,6051.0,478.58,2025-02-13 18:00:00
632,Customer_632,SMB,2025-09-23,6808.0,495.24,2025-03-17 07:00:00
632,Customer_632,SMB,2025-09-23,9001.0,269.01,2025-06-16 16:00:00
632,Customer_632,SMB,2025-09-23,9553.0,254.81,2025-07-09 16:00:00
633,Customer_633,B2C,2025-09-24,5174.0,484.36,2025-01-08 05:00:00
633,Customer_633,B2C,2025-09-24,5466.0,414.77,2025-01-20 09:00:00
633,Customer_633,B2C,2025-09-24,5510.0,489.78,2025-01-22 05:00:00
633,Customer_633,B2C,2025-09-24,6089.0,342.08,2025-02-15 08:00:00
633,Customer_633,B2C,2025-09-24,6730.0,34.59,2025-03-14 01:00:00
633,Customer_633,B2C,2025-09-24,7488.0,381.85,2025-04-14 15:00:00
633,Customer_633,B2C,2025-09-24,7572.0,149.49,2025-04-18 03:00:00
633,Customer_633,B2C,2025-09-24,8019.0,460.82,2025-05-06 18:00:00
633,Customer_633,B2C,2025-09-24,9368.0,137.73,2025-07-01 23:00:00
633,Customer_633,B2C,2025-09-24,9942.0,164.89,2025-07-25 21:00:00
634,Customer_634,B2C,2025-09-25,5146.0,425.57,2025-01-07 01:00:00
634,Customer_634,B2C,2025-09-25,5908.0,204.04,2025-02-07 19:00:00
634,Customer_634,B2C,2025-09-25,5914.0,495.85,2025-02-08 01:00:00
635,Customer_635,B2B,2025-09-26,5350.0,161.15,2025-01-15 13:00:00
635,Customer_635,B2B,2025-09-26,6047.0,378.13,2025-02-13 14:00:00
635,Customer_635,B2B,2025-09-26,7131.0,81.84,2025-03-30 18:00:00
635,Customer_635,B2B,2025-09-26,8277.0,453.02,2025-05-17 12:00:00
635,Customer_635,B2B,2025-09-26,9011.0,412.11,2025-06-17 02:00:00
635,Customer_635,B2B,2025-09-26,9634.0,203.55,2025-07-13 01:00:00
636,Customer_636,B2C,2025-09-27,6773.0,136.81,2025-03-15 20:00:00
636,Customer_636,B2C,2025-09-27,7901.0,30.13,2025-05-01 20:00:00
636,Customer_636,B2C,2025-09-27,9855.0,181.63,2025-07-22 06:00:00
637,Customer_637,B2C,2025-09-28,5539.0,16.7,2025-01-23 10:00:00
637,Customer_637,B2C,2025-09-28,5885.0,120.08,2025-02-06 20:00:00
637,Customer_637,B2C,2025-09-28,7066.0,382.42,2025-03-28 01:00:00
637,Customer_637,B2C,2025-09-28,7240.0,488.94,2025-04-04 07:00:00
637,Customer_637,B2C,2025-09-28,7451.0,317.15,2025-04-13 02:00:00
637,Customer_637,B2C,2025-09-28,8644.0,76.4,2025-06-01 19:00:00
638,Customer_638,B2B,2025-09-29,5326.0,118.02,2025-01-14 13:00:00
638,Customer_638,B2B,2025-09-29,5562.0,360.21,2025-01-24 09:00:00
638,Customer_638,B2B,2025-09-29,5916.0,184.17,2025-02-08 03:00:00
638,Customer_638,B2B,2025-09-29,6038.0,326.16,2025-02-13 05:00:00
638,Customer_638,B2B,2025-09-29,9166.0,376.64,2025-06-23 13:00:00
639,Customer_639,B2B,2025-09-30,6133.0,190.88,2025-02-17 04:00:00
639,Customer_639,B2B,2025-09-30,6607.0,82.5,2025-03-08 22:00:00
639,Customer_639,B2B,2025-09-30,8460.0,48.48,2025-05-25 03:00:00
640,Customer_640,B2C,2025-10-01,5474.0,142.62,2025-01-20 17:00:00
640,Customer_640,B2C,2025-10-01,6457.0,106.28,2025-03-02 16:00:00
640,Customer_640,B2C,2025-10-01,8123.0,331.16,2025-05-11 02:00:00
640,Customer_640,B2C,2025-10-01,8962.0,37.63,2025-06-15 01:00:00
640,Customer_640,B2C,2025-10-01,9661.0,154.6,2025-07-14 04:00:00
641,Customer_641,B2B,2025-10-02,5004.0,412.97,2025-01-01 03:00:00
641,Customer_641,B2B,2025-10-02,5544.0,218.94,2025-01-23 15:00:00
641,Customer_641,B2B,2025-10-02,5765.0,339.4,2025-02-01 20:00:00
641,Customer_641,B2B,2025-10-02,8892.0,66.97,2025-06-12 03:00:00
642,Customer_642,B2C,2025-10-03,5266.0,170.81,2025-01-12 01:00:00
642,Customer_642,B2C,2025-10-03,7031.0,464.99,2025-03-26 14:00:00
642,Customer_642,B2C,2025-10-03,8537.0,184.79,2025-05-28 08:00:00
642,Customer_642,B2C,2025-10-03,8822.0,53.72,2025-06-09 05:00:00
642,Customer_642,B2C,2025-10-03,9599.0,358.88,2025-07-11 14:00:00
643,Customer_643,B2B,2025-10-04,5051.0,464.29,2025-01-03 02:00:00
643,Customer_643,B2B,2025-10-04,5643.0,426.48,2025-01-27 18:00:00
643,Customer_643,B2B,2025-10-04,5930.0,183.87,2025-02-08 17:00:00
643,Customer_643,B2B,2025-10-04,6305.0,43.83,2025-02-24 08:00:00
643,Customer_643,B2B,2025-10-04,6496.0,51.63,2025-03-04 07:00:00
643,Customer_643,B2B,2025-10-04,6825.0,137.82,2025-03-18 00:00:00
643,Customer_643,B2B,2025-10-04,7605.0,132.0,2025-04-19 12:00:00
644,Customer_644,B2C,2025-10-05,8916.0,261.25,2025-06-13 03:00:00
644,Customer_644,B2C,2025-10-05,9056.0,204.62,2025-06-18 23:00:00
644,Customer_644,B2C,2025-10-05,9255.0,60.66,2025-06-27 06:00:00
645,Customer_645,B2B,2025-10-06,6939.0,293.86,2025-03-22 18:00:00
645,Customer_645,B2B,2025-10-06,6972.0,153.4,2025-03-24 03:00:00
645,Customer_645,B2B,2025-10-06,7342.0,271.2,2025-04-08 13:00:00
645,Customer_645,B2B,2025-10-06,8436.0,50.86,2025-05-24 03:00:00
645,Customer_645,B2B,2025-10-06,8539.0,419.43,2025-05-28 10:00:00
645,Customer_645,B2B,2025-10-06,9029.0,214.55,2025-06-17 20:00:00
645,Customer_645,B2B,2025-10-06,9254.0,37.69,2025-06-27 05:00:00
646,Customer_646,SMB,2025-10-07,6143.0,132.49,2025-02-17 14:00:00
646,Customer_646,SMB,2025-10-07,7139.0,229.51,2025-03-31 02:00:00
646,Customer_646,SMB,2025-10-07,9329.0,112.92,2025-06-30 08:00:00
647,Customer_647,B2C,2025-10-08,6447.0,436.13,2025-03-02 06:00:00
647,Customer_647,B2C,2025-10-08,6684.0,216.16,2025-03-12 03:00:00
647,Customer_647,B2C,2025-10-08,6759.0,146.56,2025-03-15 06:00:00
647,Customer_647,B2C,2025-10-08,7029.0,219.18,2025-03-26 12:00:00
647,Customer_647,B2C,2025-10-08,7041.0,334.49,2025-03-27 00:00:00
647,Customer_647,B2C,2025-10-08,7406.0,388.2,2025-04-11 05:00:00
647,Customer_647,B2C,2025-10-08,8457.0,257.09,2025-05-25 00:00:00
647,Customer_647,B2C,2025-10-08,9441.0,455.13,2025-07-05 00:00:00
647,Customer_647,B2C,2025-10-08,9723.0,174.42,2025-07-16 18:00:00
648,Customer_648,B2C,2025-10-09,5719.0,206.72,2025-01-30 22:00:00
648,Customer_648,B2C,2025-10-09,7009.0,351.38,2025-03-25 16:00:00
648,Customer_648,B2C,2025-10-09,9317.0,272.41,2025-06-29 20:00:00
649,Customer_649,B2C,2025-10-10,8540.0,31.39,2025-05-28 11:00:00
650,Customer_650,B2C,2025-10-11,5941.0,138.05,2025-02-09 04:00:00
650,Customer_650,B2C,2025-10-11,7121.0,358.99,2025-03-30 08:00:00
650,Customer_650,B2C,2025-10-11,8500.0,131.01,2025-05-26 19:00:00
650,Customer_650,B2C,2025-10-11,8587.0,467.46,2025-05-30 10:00:00
651,Customer_651,B2B,2025-10-12,5256.0,310.85,2025-01-11 15:00:00
651,Customer_651,B2B,2025-10-12,5901.0,213.75,2025-02-07 12:00:00
651,Customer_651,B2B,2025-10-12,6761.0,79.98,2025-03-15 08:00:00
651,Customer_651,B2B,2025-10-12,6883.0,235.56,2025-03-20 10:00:00
651,Customer_651,B2B,2025-10-12,6920.0,349.75,2025-03-21 23:00:00
651,Customer_651,B2B,2025-10-12,7531.0,357.56,2025-04-16 10:00:00
651,Customer_651,B2B,2025-10-12,7581.0,322.33,2025-04-18 12:00:00
651,Customer_651,B2B,2025-10-12,8380.0,385.49,2025-05-21 19:00:00
652,Customer_652,B2C,2025-10-13,7327.0,245.29,2025-04-07 22:00:00
652,Customer_652,B2C,2025-10-13,8566.0,440.94,2025-05-29 13:00:00
652,Customer_652,B2C,2025-10-13,8600.0,236.29,2025-05-30 23:00:00
652,Customer_652,B2C,2025-10-13,9174.0,79.15,2025-06-23 21:00:00
653,Customer_653,B2C,2025-10-14,5435.0,378.71,2025-01-19 02:00:00
653,Customer_653,B2C,2025-10-14,7096.0,182.72,2025-03-29 07:00:00
653,Customer_653,B2C,2025-10-14,7831.0,147.09,2025-04-28 22:00:00
653,Customer_653,B2C,2025-10-14,7919.0,263.39,2025-05-02 14:00:00
653,Customer_653,B2C,2025-10-14,8315.0,313.8,2025-05-19 02:00:00
654,Customer_654,B2C,2025-10-15,5471.0,371.6,2025-01-20 14:00:00
654,Customer_654,B2C,2025-10-15,5767.0,406.74,2025-02-01 22:00:00
654,Customer_654,B2C,2025-10-15,5951.0,296.57,2025-02-09 14:00:00
654,Customer_654,B2C,2025-10-15,7459.0,74.91,2025-04-13 10:00:00
654,Customer_654,B2C,2025-10-15,7644.0,207.24,2025-04-21 03:00:00
654,Customer_654,B2C,2025-10-15,8588.0,362.78,2025-05-30 11:00:00
654,Customer_654,B2C,2025-10-15,9112.0,177.74,2025-06-21 07:00:00
655,Customer_655,B2C,2025-10-16,8196.0,52.36,2025-05-14 03:00:00
655,Customer_655,B2C,2025-10-16,8533.0,54.56,2025-05-28 04:00:00
655,Customer_655,B2C,2025-10-16,8595.0,481.56,2025-05-30 18:00:00
655,Customer_655,B2C,2025-10-16,9155.0,126.16,2025-06-23 02:00:00
655,Customer_655,B2C,2025-10-16,9335.0,402.8,2025-06-30 14:00:00
655,Customer_655,B2C,2025-10-16,9591.0,167.26,2025-07-11 06:00:00
656,Customer_656,B2B,2025-10-17,5523.0,349.25,2025-01-22 18:00:00
656,Customer_656,B2B,2025-10-17,6700.0,279.36,2025-03-12 19:00:00
656,Customer_656,B2B,2025-10-17,9902.0,171.69,2025-07-24 05:00:00
657,Customer_657,B2B,2025-10-18,5106.0,27.11,2025-01-05 09:00:00
657,Customer_657,B2B,2025-10-18,5685.0,380.56,2025-01-29 12:00:00
657,Customer_657,B2B,2025-10-18,6368.0,135.96,2025-02-26 23:00:00
657,Customer_657,B2B,2025-10-18,8386.0,33.01,2025-05-22 01:00:00
657,Customer_657,B2B,2025-10-18,9659.0,285.79,2025-07-14 02:00:00
658,Customer_658,B2C,2025-10-19,6416.0,356.57,2025-02-28 23:00:00
659,Customer_659,B2C,2025-10-20,5226.0,415.01,2025-01-10 09:00:00
659,Customer_659,B2C,2025-10-20,5921.0,300.95,2025-02-08 08:00:00
659,Customer_659,B2C,2025-10-20,7044.0,164.68,2025-03-27 03:00:00
659,Customer_659,B2C,2025-10-20,7048.0,302.86,2025-03-27 07:00:00
659,Customer_659,B2C,2025-10-20,8370.0,328.09,2025-05-21 09:00:00
659,Customer_659,B2C,2025-10-20,9071.0,451.58,2025-06-19 14:00:00
660,Customer_660,B2C,2025-10-21,7073.0,380.76,2025-03-28 08:00:00
660,Customer_660,B2C,2025-10-21,7678.0,423.14,2025-04-22 13:00:00
660,Customer_660,B2C,2025-10-21,8597.0,142.47,2025-05-30 20:00:00
661,Customer_661,B2C,2025-10-22,6100.0,278.97,2025-02-15 19:00:00
661,Customer_661,B2C,2025-10-22,6929.0,120.33,2025-03-22 08:00:00
661,Customer_661,B2C,2025-10-22,7333.0,362.16,2025-04-08 04:00:00
661,Customer_661,B2C,2025-10-22,7704.0,427.25,2025-04-23 15:00:00
661,Customer_661,B2C,2025-10-22,8156.0,413.63,2025-05-12 11:00:00
662,Customer_662,SMB,2025-10-23,7169.0,106.62,2025-04-01 08:00:00
662,Customer_662,SMB,2025-10-23,7174.0,183.49,2025-04-01 13:00:00
662,Customer_662,SMB,2025-10-23,7860.0,458.55,2025-04-30 03:00:00
662,Customer_662,SMB,2025-10-23,8550.0,129.93,2025-05-28 21:00:00
662,Customer_662,SMB,2025-10-23,8568.0,246.18,2025-05-29 15:00:00
663,Customer_663,B2C,2025-10-24,5926.0,289.44,2025-02-08 13:00:00
663,Customer_663,B2C,2025-10-24,6204.0,493.58,2025-02-20 03:00:00
663,Customer_663,B2C,2025-10-24,7349.0,228.97,2025-04-08 20:00:00
663,Customer_663,B2C,2025-10-24,8293.0,121.11,2025-05-18 04:00:00
663,Customer_663,B2C,2025-10-24,9241.0,124.45,2025-06-26 16:00:00
664,Customer_664,B2B,2025-10-25,5060.0,424.11,2025-01-03 11:00:00
664,Customer_664,B2B,2025-10-25,6419.0,70.49,2025-03-01 02:00:00
664,Customer_664,B2B,2025-10-25,8672.0,217.45,2025-06-02 23:00:00
664,Customer_664,B2B,2025-10-25,8724.0,36.25,2025-06-05 03:00:00
665,Customer_665,B2B,2025-10-26,8365.0,113.04,2025-05-21 04:00:00
665,Customer_665,B2B,2025-10-26,9328.0,413.1,2025-06-30 07:00:00
665,Customer_665,B2B,2025-10-26,9584.0,354.73,2025-07-10 23:00:00
665,Customer_665,B2B,2025-10-26,9815.0,204.48,2025-07-20 14:00:00
666,Customer_666,B2B,2025-10-27,5228.0,61.18,2025-01-10 11:00:00
666,Customer_666,B2B,2025-10-27,5686.0,232.55,2025-01-29 13:00:00
666,Customer_666,B2B,2025-10-27,6608.0,492.48,2025-03-08 23:00:00
667,Customer_667,B2B,2025-10-28,6223.0,43.41,2025-02-20 22:00:00
667,Customer_667,B2B,2025-10-28,6947.0,162.02,2025-03-23 02:00:00
667,Customer_667,B2B,2025-10-28,6962.0,325.51,2025-03-23 17:00:00
667,Customer_667,B2B,2025-10-28,7538.0,373.58,2025-04-16 17:00:00
667,Customer_667,B2B,2025-10-28,9090.0,108.08,2025-06-20 09:00:00
668,Customer_668,B2B,2025-10-29,6002.0,498.51,2025-02-11 17:00:00
668,Customer_668,B2B,2025-10-29,6893.0,151.97,2025-03-20 20:00:00
668,Customer_668,B2B,2025-10-29,6971.0,223.16,2025-03-24 02:00:00
668,Customer_668,B2B,2025-10-29,7173.0,412.52,2025-04-01 12:00:00
668,Customer_668,B2B,2025-10-29,8149.0,465.66,2025-05-12 04:00:00
668,Customer_668,B2B,2025-10-29,8518.0,99.49,2025-05-27 13:00:00
668,Customer_668,B2B,2025-10-29,9184.0,90.33,2025-06-24 07:00:00
668,Customer_668,B2B,2025-10-29,9209.0,148.45,2025-06-25 08:00:00
668,Customer_668,B2B,2025-10-29,9513.0,223.44,2025-07-08 00:00:00
669,Customer_669,B2B,2025-10-30,5066.0,438.3,2025-01-03 17:00:00
669,Customer_669,B2B,2025-10-30,5800.0,316.57,2025-02-03 07:00:00
669,Customer_669,B2B,2025-10-30,7267.0,95.24,2025-04-05 10:00:00
669,Customer_669,B2B,2025-10-30,7569.0,259.77,2025-04-18 00:00:00
669,Customer_669,B2B,2025-10-30,7892.0,280.33,2025-05-01 11:00:00
669,Customer_669,B2B,2025-10-30,8474.0,149.3,2025-05-25 17:00:00
669,Customer_669,B2B,2025-10-30,8511.0,85.87,2025-05-27 06:00:00
669,Customer_669,B2B,2025-10-30,9333.0,83.74,2025-06-30 12:00:00
670,Customer_670,B2B,2025-10-31,6164.0,36.82,2025-02-18 11:00:00
670,Customer_670,B2B,2025-10-31,6556.0,353.42,2025-03-06 19:00:00
670,Customer_670,B2B,2025-10-31,7508.0,399.04,2025-04-15 11:00:00
670,Customer_670,B2B,2025-10-31,8241.0,58.04,2025-05-16 00:00:00
670,Customer_670,B2B,2025-10-31,9252.0,20.25,2025-06-27 03:00:00
671,Customer_671,B2B,2025-11-01,5964.0,292.79,2025-02-10 03:00:00
671,Customer_671,B2B,2025-11-01,7354.0,464.03,2025-04-09 01:00:00
671,Customer_671,B2B,2025-11-01,7405.0,209.17,2025-04-11 04:00:00
671,Customer_671,B2B,2025-11-01,9283.0,288.48,2025-06-28 10:00:00
671,Customer_671,B2B,2025-11-01,9628.0,83.14,2025-07-12 19:00:00
671,Customer_671,B2B,2025-11-01,9764.0,351.15,2025-07-18 11:00:00
672,Customer_672,SMB,2025-11-02,5734.0,48.85,2025-01-31 13:00:00
672,Customer_672,SMB,2025-11-02,6588.0,441.12,2025-03-08 03:00:00
672,Customer_672,SMB,2025-11-02,6783.0,407.23,2025-03-16 06:00:00
672,Customer_672,SMB,2025-11-02,8350.0,402.94,2025-05-20 13:00:00
673,Customer_673,B2B,2025-11-03,6494.0,404.54,2025-03-04 05:00:00
673,Customer_673,B2B,2025-11-03,8164.0,47.01,2025-05-12 19:00:00
673,Customer_673,B2B,2025-11-03,9323.0,36.48,2025-06-30 02:00:00
674,Customer_674,B2C,2025-11-04,6508.0,27.99,2025-03-04 19:00:00
674,Customer_674,B2C,2025-11-04,6894.0,126.99,2025-03-20 21:00:00
674,Customer_674,B2C,2025-11-04,7748.0,227.13,2025-04-25 11:00:00
674,Customer_674,B2C,2025-11-04,8598.0,413.15,2025-05-30 21:00:00
675,Customer_675,B2C,2025-11-05,6647.0,488.54,2025-03-10 14:00:00
675,Customer_675,B2C,2025-11-05,7161.0,55.58,2025-04-01 00:00:00
675,Customer_675,B2C,2025-11-05,8914.0,28.8,2025-06-13 01:00:00
675,Customer_675,B2C,2025-11-05,9207.0,333.12,2025-06-25 06:00:00
676,Customer_676,SMB,2025-11-06,6241.0,70.02,2025-02-21 16:00:00
677,Customer_677,B2B,2025-11-07,6435.0,177.4,2025-03-01 18:00:00
677,Customer_677,B2B,2025-11-07,6857.0,34.15,2025-03-19 08:00:00
677,Customer_677,B2B,2025-11-07,7095.0,110.88,2025-03-29 06:00:00
677,Customer_677,B2B,2025-11-07,7741.0,365.03,2025-04-25 04:00:00
677,Customer_677,B2B,2025-11-07,8620.0,387.51,2025-05-31 19:00:00
677,Customer_677,B2B,2025-11-07,8664.0,129.91,2025-06-02 15:00:00
677,Customer_677,B2B,2025-11-07,8704.0,103.3,2025-06-04 07:00:00
677,Customer_677,B2B,2025-11-07,9870.0,493.07,2025-07-22 21:00:00
678,Customer_678,B2C,2025-11-08,5041.0,192.36,2025-01-02 16:00:00
678,Customer_678,B2C,2025-11-08,5978.0,298.12,2025-02-10 17:00:00
678,Customer_678,B2C,2025-11-08,6488.0,305.21,2025-03-03 23:00:00
678,Customer_678,B2C,2025-11-08,7024.0,187.52,2025-03-26 07:00:00
678,Customer_678,B2C,2025-11-08,7306.0,217.12,2025-04-07 01:00:00
678,Customer_678,B2C,2025-11-08,7642.0,45.54,2025-04-21 01:00:00
678,Customer_678,B2C,2025-11-08,8594.0,60.94,2025-05-30 17:00:00
678,Customer_678,B2C,2025-11-08,9427.0,224.95,2025-07-04 10:00:00
679,Customer_679,SMB,2025-11-09,5763.0,294.52,2025-02-01 18:00:00
679,Customer_679,SMB,2025-11-09,6243.0,70.68,2025-02-21 18:00:00
679,Customer_679,SMB,2025-11-09,6714.0,73.24,2025-03-13 09:00:00
679,Customer_679,SMB,2025-11-09,6897.0,354.98,2025-03-21 00:00:00
679,Customer_679,SMB,2025-11-09,8061.0,255.83,2025-05-08 12:00:00
679,Customer_679,SMB,2025-11-09,9300.0,123.36,2025-06-29 03:00:00
679,Customer_679,SMB,2025-11-09,9447.0,288.55,2025-07-05 06:00:00
680,Customer_680,SMB,2025-11-10,5637.0,313.39,2025-01-27 12:00:00
680,Customer_680,SMB,2025-11-10,6119.0,33.13,2025-02-16 14:00:00
680,Customer_680,SMB,2025-11-10,6663.0,156.97,2025-03-11 06:00:00
680,Customer_680,SMB,2025-11-10,8111.0,84.47,2025-05-10 14:00:00
680,Customer_680,SMB,2025-11-10,8383.0,407.86,2025-05-21 22:00:00
680,Customer_680,SMB,2025-11-10,9898.0,79.39,2025-07-24 01:00:00
680,Customer_680,SMB,2025-11-10,9910.0,264.89,2025-07-24 13:00:00
681,Customer_681,SMB,2025-11-11,5793.0,394.36,2025-02-03 00:00:00
681,Customer_681,SMB,2025-11-11,6956.0,356.73,2025-03-23 11:00:00
681,Customer_681,SMB,2025-11-11,7408.0,449.79,2025-04-11 07:00:00
681,Customer_681,SMB,2025-11-11,8057.0,59.91,2025-05-08 08:00:00
681,Customer_681,SMB,2025-11-11,8178.0,285.95,2025-05-13 09:00:00
681,Customer_681,SMB,2025-11-11,9436.0,164.27,2025-07-04 19:00:00
682,Customer_682,B2B,2025-11-12,6086.0,74.53,2025-02-15 05:00:00
682,Customer_682,B2B,2025-11-12,6226.0,152.77,2025-02-21 01:00:00
682,Customer_682,B2B,2025-11-12,6250.0,478.17,2025-02-22 01:00:00
682,Customer_682,B2B,2025-11-12,6768.0,293.49,2025-03-15 15:00:00
682,Customer_682,B2B,2025-11-12,7370.0,339.98,2025-04-09 17:00:00
682,Customer_682,B2B,2025-11-12,8147.0,235.08,2025-05-12 02:00:00
683,Customer_683,B2B,2025-11-13,7684.0,56.48,2025-04-22 19:00:00
683,Customer_683,B2B,2025-11-13,9347.0,31.63,2025-07-01 02:00:00
684,Customer_684,B2C,2025-11-14,5231.0,68.17,2025-01-10 14:00:00
684,Customer_684,B2C,2025-11-14,5583.0,177.94,2025-01-25 06:00:00
684,Customer_684,B2C,2025-11-14,8794.0,30.68,2025-06-08 01:00:00
684,Customer_684,B2C,2025-11-14,9493.0,72.38,2025-07-07 04:00:00
685,Customer_685,SMB,2025-11-15,7368.0,361.61,2025-04-09 15:00:00
685,Customer_685,SMB,2025-11-15,9009.0,460.74,2025-06-17 00:00:00
686,Customer_686,B2C,2025-11-16,5704.0,442.8,2025-01-30 07:00:00
686,Customer_686,B2C,2025-11-16,6087.0,355.47,2025-02-15 06:00:00
686,Customer_686,B2C,2025-11-16,6148.0,216.87,2025-02-17 19:00:00
686,Customer_686,B2C,2025-11-16,7063.0,59.92,2025-03-27 22:00:00
686,Customer_686,B2C,2025-11-16,7404.0,474.1,2025-04-11 03:00:00
686,Customer_686,B2C,2025-11-16,7834.0,212.7,2025-04-29 01:00:00
686,Customer_686,B2C,2025-11-16,9961.0,234.09,2025-07-26 16:00:00
687,Customer_687,B2C,2025-11-17,5850.0,79.85,2025-02-05 09:00:00
687,Customer_687,B2C,2025-11-17,6673.0,335.72,2025-03-11 16:00:00
687,Customer_687,B2C,2025-11-17,6922.0,159.01,2025-03-22 01:00:00
687,Customer_687,B2C,2025-11-17,7794.0,263.92,2025-04-27 09:00:00
687,Customer_687,B2C,2025-11-17,8340.0,11.79,2025-05-20 03:00:00
687,Customer_687,B2C,2025-11-17,8820.0,207.36,2025-06-09 03:00:00
687,Customer_687,B2C,2025-11-17,9341.0,136.27,2025-06-30 20:00:00
687,Customer_687,B2C,2025-11-17,9940.0,282.25,2025-07-25 19:00:00
688,Customer_688,B2B,2025-11-18,6984.0,328.28,2025-03-24 15:00:00
688,Customer_688,B2B,2025-11-18,7603.0,85.85,2025-04-19 10:00:00
688,Customer_688,B2B,2025-11-18,8118.0,430.79,2025-05-10 21:00:00
688,Customer_688,B2B,2025-11-18,9161.0,218.69,2025-06-23 08:00:00
689,Customer_689,B2C,2025-11-19,7203.0,383.44,2025-04-02 18:00:00
689,Customer_689,B2C,2025-11-19,7293.0,89.63,2025-04-06 12:00:00
689,Customer_689,B2C,2025-11-19,9401.0,83.65,2025-07-03 08:00:00
689,Customer_689,B2C,2025-11-19,9868.0,161.54,2025-07-22 19:00:00
690,Customer_690,B2B,2025-11-20,5937.0,370.16,2025-02-09 00:00:00
690,Customer_690,B2B,2025-11-20,6926.0,366.24,2025-03-22 05:00:00
691,Customer_691,B2C,2025-11-21,5806.0,266.47,2025-02-03 13:00:00
691,Customer_691,B2C,2025-11-21,6182.0,314.45,2025-02-19 05:00:00
691,Customer_691,B2C,2025-11-21,6393.0,203.58,2025-02-28 00:00:00
691,Customer_691,B2C,2025-11-21,9979.0,76.76,2025-07-27 10:00:00
692,Customer_692,B2C,2025-11-22,5653.0,61.69,2025-01-28 04:00:00
692,Customer_692,B2C,2025-11-22,5706.0,199.76,2025-01-30 09:00:00
692,Customer_692,B2C,2025-11-22,9840.0,230.46,2025-07-21 15:00:00
693,Customer_693,B2C,2025-11-23,5925.0,281.2,2025-02-08 12:00:00
693,Customer_693,B2C,2025-11-23,6039.0,375.16,2025-02-13 06:00:00
693,Customer_693,B2C,2025-11-23,8364.0,33.75,2025-05-21 03:00:00
693,Customer_693,B2C,2025-11-23,9111.0,436.77,2025-06-21 06:00:00
693,Customer_693,B2C,2025-11-23,9506.0,93.18,2025-07-07 17:00:00
694,Customer_694,B2B,2025-11-24,6448.0,53.19,2025-03-02 07:00:00
694,Customer_694,B2B,2025-11-24,6562.0,148.14,2025-03-07 01:00:00
694,Customer_694,B2B,2025-11-24,7215.0,136.0,2025-04-03 06:00:00
694,Customer_694,B2B,2025-11-24,8384.0,434.9,2025-05-21 23:00:00
694,Customer_694,B2B,2025-11-24,8655.0,140.93,2025-06-02 06:00:00
694,Customer_694,B2B,2025-11-24,9245.0,493.31,2025-06-26 20:00:00
694,Customer_694,B2B,2025-11-24,9798.0,165.46,2025-07-19 21:00:00
695,Customer_695,B2B,2025-11-25,5397.0,123.42,2025-01-17 12:00:00
695,Customer_695,B2B,2025-11-25,7224.0,208.55,2025-04-03 15:00:00
695,Customer_695,B2B,2025-11-25,7322.0,249.07,2025-04-07 17:00:00
695,Customer_695,B2B,2025-11-25,7785.0,328.98,2025-04-27 00:00:00
695,Customer_695,B2B,2025-11-25,9332.0,206.08,2025-06-30 11:00:00
696,Customer_696,B2C,2025-11-26,6678.0,13.6,2025-03-11 21:00:00
696,Customer_696,B2C,2025-11-26,7984.0,404.43,2025-05-05 07:00:00
696,Customer_696,B2C,2025-11-26,8348.0,35.65,2025-05-20 11:00:00
697,Customer_697,B2B,2025-11-27,5881.0,496.33,2025-02-06 16:00:00
697,Customer_697,B2B,2025-11-27,6030.0,74.05,2025-02-12 21:00:00
697,Customer_697,B2B,2025-11-27,6172.0,92.23,2025-02-18 19:00:00
697,Customer_697,B2B,2025-11-27,6233.0,62.33,2025-02-21 08:00:00
697,Customer_697,B2B,2025-11-27,6594.0,108.88,2025-03-08 09:00:00
697,Customer_697,B2B,2025-11-27,7501.0,424.92,2025-04-15 04:00:00
697,Customer_697,B2B,2025-11-27,7995.0,296.97,2025-05-05 18:00:00
697,Customer_697,B2B,2025-11-27,9471.0,266.97,2025-07-06 06:00:00
698,Customer_698,B2C,2025-11-28,5234.0,42.94,2025-01-10 17:00:00
698,Customer_698,B2C,2025-11-28,7182.0,233.23,2025-04-01 21:00:00
698,Customer_698,B2C,2025-11-28,8232.0,279.77,2025-05-15 15:00:00
698,Customer_698,B2C,2025-11-28,9193.0,87.56,2025-06-24 16:00:00
699,Customer_699,B2B,2025-11-29,6131.0,276.69,2025-02-17 02:00:00
699,Customer_699,B2B,2025-11-29,6459.0,30.33,2025-03-02 18:00:00
699,Customer_699,B2B,2025-11-29,7072.0,54.76,2025-03-28 07:00:00
699,Customer_699,B2B,2025-11-29,8272.0,208.45,2025-05-17 07:00:00
699,Customer_699,B2B,2025-11-29,8721.0,381.61,2025-06-05 00:00:00
699,Customer_699,B2B,2025-11-29,9085.0,224.77,2025-06-20 04:00:00
699,Customer_699,B2B,2025-11-29,9158.0,477.52,2025-06-23 05:00:00
699,Customer_699,B2B,2025-11-29,9348.0,496.13,2025-07-01 03:00:00
699,Customer_699,B2B,2025-11-29,9594.0,413.66,2025-07-11 09:00:00
699,Customer_699,B2B,2025-11-29,9956.0,347.13,2025-07-26 11:00:00
700,Customer_700,B2C,2025-11-30,6570.0,132.37,2025-03-07 09:00:00
700,Customer_700,B2C,2025-11-30,7268.0,187.0,2025-04-05 11:00:00
700,Customer_700,B2C,2025-11-30,8146.0,158.36,2025-05-12 01:00:00
700,Customer_700,B2C,2025-11-30,8639.0,74.23,2025-06-01 14:00:00
700,Customer_700,B2C,2025-11-30,8783.0,472.58,2025-06-07 14:00:00
700,Customer_700,B2C,2025-11-30,9763.0,74.16,2025-07-18 10:00:00
701,Customer_701,B2C,2025-12-01,6619.0,443.77,2025-03-09 10:00:00
701,Customer_701,B2C,2025-12-01,8202.0,150.55,2025-05-14 09:00:00
701,Customer_701,B2C,2025-12-01,9693.0,461.51,2025-07-15 12:00:00
702,Customer_702,B2B,2025-12-02,6353.0,443.39,2025-02-26 08:00:00
702,Customer_702,B2B,2025-12-02,6370.0,121.22,2025-02-27 01:00:00
702,Customer_702,B2B,2025-12-02,7519.0,168.34,2025-04-15 22:00:00
702,Customer_702,B2B,2025-12-02,8574.0,235.83,2025-05-29 21:00:00
702,Customer_702,B2B,2025-12-02,9318.0,276.36,2025-06-29 21:00:00
703,Customer_703,B2C,2025-12-03,5896.0,404.04,2025-02-07 07:00:00
703,Customer_703,B2C,2025-12-03,6267.0,276.83,2025-02-22 18:00:00
703,Customer_703,B2C,2025-12-03,7309.0,368.79,2025-04-07 04:00:00
703,Customer_703,B2C,2025-12-03,7389.0,175.87,2025-04-10 12:00:00
703,Customer_703,B2C,2025-12-03,9824.0,93.63,2025-07-20 23:00:00
704,Customer_704,B2B,2025-12-04,5021.0,373.4,2025-01-01 20:00:00
704,Customer_704,B2B,2025-12-04,5943.0,303.66,2025-02-09 06:00:00
704,Customer_704,B2B,2025-12-04,6125.0,471.61,2025-02-16 20:00:00
704,Customer_704,B2B,2025-12-04,6992.0,76.47,2025-03-24 23:00:00
704,Customer_704,B2B,2025-12-04,7089.0,23.04,2025-03-29 00:00:00
704,Customer_704,B2B,2025-12-04,7617.0,260.85,2025-04-20 00:00:00
704,Customer_704,B2B,2025-12-04,9706.0,20.77,2025-07-16 01:00:00
704,Customer_704,B2B,2025-12-04,9814.0,224.15,2025-07-20 13:00:00
705,Customer_705,B2B,2025-12-05,6236.0,155.85,2025-02-21 11:00:00
705,Customer_705,B2B,2025-12-05,6729.0,492.02,2025-03-14 00:00:00
705,Customer_705,B2B,2025-12-05,8040.0,133.48,2025-05-07 15:00:00
706,Customer_706,SMB,2025-12-06,5470.0,86.6,2025-01-20 13:00:00
706,Customer_706,SMB,2025-12-06,6230.0,453.6,2025-02-21 05:00:00
706,Customer_706,SMB,2025-12-06,7859.0,198.92,2025-04-30 02:00:00
706,Customer_706,SMB,2025-12-06,8035.0,198.17,2025-05-07 10:00:00
706,Customer_706,SMB,2025-12-06,9096.0,408.04,2025-06-20 15:00:00
707,Customer_707,B2C,2025-12-07,6035.0,257.18,2025-02-13 02:00:00
707,Customer_707,B2C,2025-12-07,6144.0,45.95,2025-02-17 15:00:00
707,Customer_707,B2C,2025-12-07,6374.0,177.64,2025-02-27 05:00:00
707,Customer_707,B2C,2025-12-07,7598.0,25.91,2025-04-19 05:00:00
707,Customer_707,B2C,2025-12-07,7676.0,95.5,2025-04-22 11:00:00
707,Customer_707,B2C,2025-12-07,8215.0,321.69,2025-05-14 22:00:00
707,Customer_707,B2C,2025-12-07,9465.0,402.66,2025-07-06 00:00:00
707,Customer_707,B2C,2025-12-07,9607.0,194.39,2025-07-11 22:00:00
708,Customer_708,SMB,2025-12-08,5444.0,404.66,2025-01-19 11:00:00
708,Customer_708,SMB,2025-12-08,7338.0,130.45,2025-04-08 09:00:00
708,Customer_708,SMB,2025-12-08,7456.0,255.92,2025-04-13 07:00:00
708,Customer_708,SMB,2025-12-08,7561.0,139.87,2025-04-17 16:00:00
708,Customer_708,SMB,2025-12-08,7607.0,134.79,2025-04-19 14:00:00
708,Customer_708,SMB,2025-12-08,7863.0,494.3,2025-04-30 06:00:00
708,Customer_708,SMB,2025-12-08,8150.0,277.09,2025-05-12 05:00:00
708,Customer_708,SMB,2025-12-08,8890.0,135.45,2025-06-12 01:00:00
708,Customer_708,SMB,2025-12-08,9453.0,421.31,2025-07-05 12:00:00
709,Customer_709,B2B,2025-12-09,5175.0,228.89,2025-01-08 06:00:00
709,Customer_709,B2B,2025-12-09,5548.0,335.27,2025-01-23 19:00:00
709,Customer_709,B2B,2025-12-09,6871.0,343.83,2025-03-19 22:00:00
709,Customer_709,B2B,2025-12-09,7287.0,438.03,2025-04-06 06:00:00
709,Customer_709,B2B,2025-12-09,8091.0,346.0,2025-05-09 18:00:00
709,Customer_709,B2B,2025-12-09,8897.0,436.95,2025-06-12 08:00:00
709,Customer_709,B2B,2025-12-09,9861.0,382.75,2025-07-22 12:00:00
710,Customer_710,B2C,2025-12-10,5009.0,291.4,2025-01-01 08:00:00
710,Customer_710,B2C,2025-12-10,6120.0,481.09,2025-02-16 15:00:00
710,Customer_710,B2C,2025-12-10,6458.0,113.76,2025-03-02 17:00:00
710,Customer_710,B2C,2025-12-10,6672.0,302.93,2025-03-11 15:00:00
710,Customer_710,B2C,2025-12-10,7426.0,31.85,2025-04-12 01:00:00
710,Customer_710,B2C,2025-12-10,7874.0,471.23,2025-04-30 17:00:00
710,Customer_710,B2C,2025-12-10,8642.0,474.18,2025-06-01 17:00:00
710,Customer_710,B2C,2025-12-10,8768.0,104.96,2025-06-06 23:00:00
710,Customer_710,B2C,2025-12-10,9773.0,374.74,2025-07-18 20:00:00
711,Customer_711,B2C,2025-12-11,5647.0,62.94,2025-01-27 22:00:00
711,Customer_711,B2C,2025-12-11,6122.0,319.37,2025-02-16 17:00:00
711,Customer_711,B2C,2025-12-11,6212.0,179.33,2025-02-20 11:00:00
711,Customer_711,B2C,2025-12-11,6685.0,255.95,2025-03-12 04:00:00
711,Customer_711,B2C,2025-12-11,7264.0,228.48,2025-04-05 07:00:00
711,Customer_711,B2C,2025-12-11,7351.0,118.03,2025-04-08 22:00:00
711,Customer_711,B2C,2025-12-11,9063.0,431.91,2025-06-19 06:00:00
711,Customer_711,B2C,2025-12-11,9216.0,168.97,2025-06-25 15:00:00
711,Customer_711,B2C,2025-12-11,9298.0,216.35,2025-06-29 01:00:00
711,Customer_711,B2C,2025-12-11,9336.0,226.35,2025-06-30 15:00:00
712,Customer_712,B2C,2025-12-12,6270.0,92.11,2025-02-22 21:00:00
712,Customer_712,B2C,2025-12-12,6385.0,425.75,2025-02-27 16:00:00
712,Customer_712,B2C,2025-12-12,6679.0,348.94,2025-03-11 22:00:00
713,Customer_713,B2C,2025-12-13,6098.0,92.46,2025-02-15 17:00:00
713,Customer_713,B2C,2025-12-13,6560.0,246.19,2025-03-06 23:00:00
713,Customer_713,B2C,2025-12-13,6836.0,295.72,2025-03-18 11:00:00
713,Customer_713,B2C,2025-12-13,6940.0,445.61,2025-03-22 19:00:00
713,Customer_713,B2C,2025-12-13,7032.0,324.13,2025-03-26 15:00:00
713,Customer_713,B2C,2025-12-13,7850.0,164.15,2025-04-29 17:00:00
713,Customer_713,B2C,2025-12-13,7968.0,499.29,2025-05-04 15:00:00
713,Customer_713,B2C,2025-12-13,9367.0,470.79,2025-07-01 22:00:00
714,Customer_714,B2C,2025-12-14,5141.0,467.27,2025-01-06 20:00:00
714,Customer_714,B2C,2025-12-14,5981.0,49.97,2025-02-10 20:00:00
714,Customer_714,B2C,2025-12-14,6641.0,199.74,2025-03-10 08:00:00
714,Customer_714,B2C,2025-12-14,7493.0,261.62,2025-04-14 20:00:00
714,Customer_714,B2C,2025-12-14,8333.0,235.69,2025-05-19 20:00:00
714,Customer_714,B2C,2025-12-14,9267.0,231.3,2025-06-27 18:00:00
714,Customer_714,B2C,2025-12-14,9757.0,203.91,2025-07-18 04:00:00
715,Customer_715,B2C,2025-12-15,5564.0,267.48,2025-01-24 11:00:00
715,Customer_715,B2C,2025-12-15,6286.0,31.12,2025-02-23 13:00:00
715,Customer_715,B2C,2025-12-15,6997.0,419.14,2025-03-25 04:00:00
715,Customer_715,B2C,2025-12-15,7213.0,320.26,2025-04-03 04:00:00
715,Customer_715,B2C,2025-12-15,7760.0,292.82,2025-04-25 23:00:00
715,Customer_715,B2C,2025-12-15,7890.0,247.26,2025-05-01 09:00:00
716,Customer_716,SMB,2025-12-16,5303.0,409.19,2025-01-13 14:00:00
716,Customer_716,SMB,2025-12-16,5334.0,270.33,2025-01-14 21:00:00
716,Customer_716,SMB,2025-12-16,7641.0,112.56,2025-04-21 00:00:00
716,Customer_716,SMB,2025-12-16,8582.0,71.88,2025-05-30 05:00:00
717,Customer_717,SMB,2025-12-17,7711.0,158.5,2025-04-23 22:00:00
717,Customer_717,SMB,2025-12-17,8145.0,195.69,2025-05-12 00:00:00
717,Customer_717,SMB,2025-12-17,8483.0,394.15,2025-05-26 02:00:00
717,Customer_717,SMB,2025-12-17,9434.0,121.93,2025-07-04 17:00:00
718,Customer_718,SMB,2025-12-18,5862.0,96.77,2025-02-05 21:00:00
718,Customer_718,SMB,2025-12-18,6026.0,385.27,2025-02-12 17:00:00
718,Customer_718,SMB,2025-12-18,7467.0,54.45,2025-04-13 18:00:00
718,Customer_718,SMB,2025-12-18,7722.0,105.52,2025-04-24 09:00:00
718,Customer_718,SMB,2025-12-18,8982.0,202.9,2025-06-15 21:00:00
718,Customer_718,SMB,2025-12-18,9019.0,294.59,2025-06-17 10:00:00
719,Customer_719,B2B,2025-12-19,5136.0,124.87,2025-01-06 15:00:00
719,Customer_719,B2B,2025-12-19,5319.0,92.42,2025-01-14 06:00:00
719,Customer_719,B2B,2025-12-19,6034.0,111.34,2025-02-13 01:00:00
719,Customer_719,B2B,2025-12-19,6225.0,282.22,2025-02-21 00:00:00
719,Customer_719,B2B,2025-12-19,6310.0,82.77,2025-02-24 13:00:00
719,Customer_719,B2B,2025-12-19,6824.0,257.21,2025-03-17 23:00:00
719,Customer_719,B2B,2025-12-19,7193.0,129.37,2025-04-02 08:00:00
719,Customer_719,B2B,2025-12-19,7417.0,151.68,2025-04-11 16:00:00
719,Customer_719,B2B,2025-12-19,7591.0,316.29,2025-04-18 22:00:00
719,Customer_719,B2B,2025-12-19,8069.0,405.84,2025-05-08 20:00:00
720,Customer_720,B2C,2025-12-20,9524.0,79.5,2025-07-08 11:00:00
721,Customer_721,SMB,2025-12-21,5316.0,415.38,2025-01-14 03:00:00
721,Customer_721,SMB,2025-12-21,5542.0,23.65,2025-01-23 13:00:00
721,Customer_721,SMB,2025-12-21,6379.0,455.68,2025-02-27 10:00:00
721,Customer_721,SMB,2025-12-21,6476.0,304.29,2025-03-03 11:00:00
721,Customer_721,SMB,2025-12-21,6987.0,316.77,2025-03-24 18:00:00
721,Customer_721,SMB,2025-12-21,7701.0,419.78,2025-04-23 12:00:00
721,Customer_721,SMB,2025-12-21,8586.0,139.76,2025-05-30 09:00:00
721,Customer_721,SMB,2025-12-21,9319.0,330.35,2025-06-29 22:00:00
722,Customer_722,B2B,2025-12-22,5549.0,483.0,2025-01-23 20:00:00
722,Customer_722,B2B,2025-12-22,6118.0,444.33,2025-02-16 13:00:00
722,Customer_722,B2B,2025-12-22,7385.0,19.63,2025-04-10 08:00:00
722,Customer_722,B2B,2025-12-22,7602.0,419.68,2025-04-19 09:00:00
722,Customer_722,B2B,2025-12-22,8442.0,314.54,2025-05-24 09:00:00
723,Customer_723,B2B,2025-12-23,7806.0,240.2,2025-04-27 21:00:00
723,Customer_723,B2B,2025-12-23,8153.0,58.29,2025-05-12 08:00:00
723,Customer_723,B2B,2025-12-23,8326.0,238.09,2025-05-19 13:00:00
723,Customer_723,B2B,2025-12-23,8865.0,201.28,2025-06-11 00:00:00
723,Customer_723,B2B,2025-12-23,9351.0,203.44,2025-07-01 06:00:00
724,Customer_724,B2C,2025-12-24,5345.0,458.38,2025-01-15 08:00:00
724,Customer_724,B2C,2025-12-24,6321.0,187.63,2025-02-25 00:00:00
724,Customer_724,B2C,2025-12-24,7251.0,318.54,2025-04-04 18:00:00
724,Customer_724,B2C,2025-12-24,8289.0,213.98,2025-05-18 00:00:00
724,Customer_724,B2C,2025-12-24,8596.0,446.21,2025-05-30 19:00:00
724,Customer_724,B2C,2025-12-24,9660.0,163.55,2025-07-14 03:00:00
724,Customer_724,B2C,2025-12-24,9704.0,99.89,2025-07-15 23:00:00
725,Customer_725,B2C,2025-12-25,5387.0,59.12,2025-01-17 02:00:00
725,Customer_725,B2C,2025-12-25,5755.0,70.93,2025-02-01 10:00:00
725,Customer_725,B2C,2025-12-25,6107.0,416.49,2025-02-16 02:00:00
725,Customer_725,B2C,2025-12-25,6169.0,458.35,2025-02-18 16:00:00
725,Customer_725,B2C,2025-12-25,6618.0,410.16,2025-03-09 09:00:00
725,Customer_725,B2C,2025-12-25,7379.0,345.52,2025-04-10 02:00:00
725,Customer_725,B2C,2025-12-25,8002.0,478.04,2025-05-06 01:00:00
726,Customer_726,SMB,2025-12-26,8280.0,313.37,2025-05-17 15:00:00
726,Customer_726,SMB,2025-12-26,9316.0,447.12,2025-06-29 19:00:00
726,Customer_726,SMB,2025-12-26,9653.0,95.27,2025-07-13 20:00:00
727,Customer_727,B2B,2025-12-27,5501.0,446.06,2025-01-21 20:00:00
727,Customer_727,B2B,2025-12-27,6304.0,406.05,2025-02-24 07:00:00
727,Customer_727,B2B,2025-12-27,7645.0,460.82,2025-04-21 04:00:00
727,Customer_727,B2B,2025-12-27,9617.0,322.67,2025-07-12 08:00:00
727,Customer_727,B2B,2025-12-27,9781.0,236.68,2025-07-19 04:00:00
728,Customer_728,B2C,2025-12-28,7064.0,456.45,2025-03-27 23:00:00
728,Customer_728,B2C,2025-12-28,7118.0,26.38,2025-03-30 05:00:00
728,Customer_728,B2C,2025-12-28,7708.0,255.43,2025-04-23 19:00:00
728,Customer_728,B2C,2025-12-28,8955.0,21.06,2025-06-14 18:00:00
728,Customer_728,B2C,2025-12-28,9357.0,11.15,2025-07-01 12:00:00
729,Customer_729,B2B,2025-12-29,7101.0,481.74,2025-03-29 12:00:00
729,Customer_729,B2B,2025-12-29,8722.0,306.95,2025-06-05 01:00:00
729,Customer_729,B2B,2025-12-29,9128.0,386.36,2025-06-21 23:00:00
729,Customer_729,B2B,2025-12-29,9205.0,201.85,2025-06-25 04:00:00
730,Customer_730,B2B,2025-12-30,5294.0,67.02,2025-01-13 05:00:00
730,Customer_730,B2B,2025-12-30,5910.0,87.78,2025-02-07 21:00:00
730,Customer_730,B2B,2025-12-30,7039.0,184.09,2025-03-26 22:00:00
730,Customer_730,B2B,2025-12-30,7967.0,42.66,2025-05-04 14:00:00
730,Customer_730,B2B,2025-12-30,8486.0,83.8,2025-05-26 05:00:00
730,Customer_730,B2B,2025-12-30,8712.0,183.95,2025-06-04 15:00:00
730,Customer_730,B2B,2025-12-30,8825.0,493.68,2025-06-09 08:00:00
730,Customer_730,B2B,2025-12-30,8991.0,416.53,2025-06-16 06:00:00
731,Customer_731,B2B,2025-12-31,6088.0,373.57,2025-02-15 07:00:00
731,Customer_731,B2B,2025-12-31,8321.0,386.69,2025-05-19 08:00:00
731,Customer_731,B2B,2025-12-31,9577.0,343.92,2025-07-10 16:00:00
732,Customer_732,SMB,2026-01-01,5776.0,325.54,2025-02-02 07:00:00
732,Customer_732,SMB,2026-01-01,6707.0,486.2,2025-03-13 02:00:00
732,Customer_732,SMB,2026-01-01,7956.0,401.55,2025-05-04 03:00:00
732,Customer_732,SMB,2026-01-01,9752.0,259.18,2025-07-17 23:00:00
733,Customer_733,B2C,2026-01-02,7432.0,413.1,2025-04-12 07:00:00
734,Customer_734,B2C,2026-01-03,5634.0,437.7,2025-01-27 09:00:00
734,Customer_734,B2C,2026-01-03,6068.0,344.44,2025-02-14 11:00:00
734,Customer_734,B2C,2026-01-03,6848.0,448.82,2025-03-18 23:00:00
734,Customer_734,B2C,2026-01-03,7870.0,385.76,2025-04-30 13:00:00
734,Customer_734,B2C,2026-01-03,8024.0,471.53,2025-05-06 23:00:00
734,Customer_734,B2C,2026-01-03,8605.0,318.32,2025-05-31 04:00:00
734,Customer_734,B2C,2026-01-03,9484.0,141.46,2025-07-06 19:00:00
734,Customer_734,B2C,2026-01-03,9623.0,13.33,2025-07-12 14:00:00
735,Customer_735,B2C,2026-01-04,5476.0,496.37,2025-01-20 19:00:00
735,Customer_735,B2C,2026-01-04,5571.0,154.95,2025-01-24 18:00:00
735,Customer_735,B2C,2026-01-04,6655.0,169.85,2025-03-10 22:00:00
735,Customer_735,B2C,2026-01-04,6933.0,86.62,2025-03-22 12:00:00
735,Customer_735,B2C,2026-01-04,8430.0,240.65,2025-05-23 21:00:00
735,Customer_735,B2C,2026-01-04,9168.0,78.46,2025-06-23 15:00:00
736,Customer_736,SMB,2026-01-05,5384.0,450.0,2025-01-16 23:00:00
736,Customer_736,SMB,2026-01-05,5424.0,404.77,2025-01-18 15:00:00
736,Customer_736,SMB,2026-01-05,5787.0,298.12,2025-02-02 18:00:00
736,Customer_736,SMB,2026-01-05,6113.0,187.86,2025-02-16 08:00:00
736,Customer_736,SMB,2026-01-05,7595.0,34.66,2025-04-19 02:00:00
736,Customer_736,SMB,2026-01-05,7921.0,268.81,2025-05-02 16:00:00
736,Customer_736,SMB,2026-01-05,8312.0,479.41,2025-05-18 23:00:00
736,Customer_736,SMB,2026-01-05,8420.0,415.68,2025-05-23 11:00:00
737,Customer_737,B2C,2026-01-06,5045.0,100.78,2025-01-02 20:00:00
737,Customer_737,B2C,2026-01-06,5261.0,412.14,2025-01-11 20:00:00
737,Customer_737,B2C,2026-01-06,5912.0,441.0,2025-02-07 23:00:00
737,Customer_737,B2C,2026-01-06,7172.0,462.63,2025-04-01 11:00:00
737,Customer_737,B2C,2026-01-06,7740.0,50.8,2025-04-25 03:00:00
737,Customer_737,B2C,2026-01-06,9667.0,181.45,2025-07-14 10:00:00
737,Customer_737,B2C,2026-01-06,9690.0,299.53,2025-07-15 09:00:00
738,Customer_738,SMB,2026-01-07,5131.0,42.42,2025-01-06 10:00:00
738,Customer_738,SMB,2026-01-07,5199.0,100.47,2025-01-09 06:00:00
738,Customer_738,SMB,2026-01-07,5683.0,341.07,2025-01-29 10:00:00
738,Customer_738,SMB,2026-01-07,7518.0,27.23,2025-04-15 21:00:00
738,Customer_738,SMB,2026-01-07,7594.0,274.71,2025-04-19 01:00:00
738,Customer_738,SMB,2026-01-07,8999.0,102.43,2025-06-16 14:00:00
739,Customer_739,B2C,2026-01-08,5209.0,302.08,2025-01-09 16:00:00
739,Customer_739,B2C,2026-01-08,5596.0,184.73,2025-01-25 19:00:00
739,Customer_739,B2C,2026-01-08,6396.0,340.14,2025-02-28 03:00:00
739,Customer_739,B2C,2026-01-08,6432.0,387.18,2025-03-01 15:00:00
739,Customer_739,B2C,2026-01-08,6979.0,81.3,2025-03-24 10:00:00
739,Customer_739,B2C,2026-01-08,9101.0,243.73,2025-06-20 20:00:00
739,Customer_739,B2C,2026-01-08,9666.0,449.92,2025-07-14 09:00:00
740,Customer_740,B2C,2026-01-09,5535.0,244.48,2025-01-23 06:00:00
740,Customer_740,B2C,2026-01-09,5822.0,257.79,2025-02-04 05:00:00
740,Customer_740,B2C,2026-01-09,7914.0,413.71,2025-05-02 09:00:00
740,Customer_740,B2C,2026-01-09,8167.0,302.07,2025-05-12 22:00:00
740,Customer_740,B2C,2026-01-09,8731.0,474.73,2025-06-05 10:00:00
740,Customer_740,B2C,2026-01-09,9177.0,52.91,2025-06-24 00:00:00
741,Customer_741,B2C,2026-01-10,7252.0,213.92,2025-04-04 19:00:00
742,Customer_742,B2C,2026-01-11,5299.0,183.79,2025-01-13 10:00:00
742,Customer_742,B2C,2026-01-11,5483.0,434.39,2025-01-21 02:00:00
742,Customer_742,B2C,2026-01-11,5827.0,440.24,2025-02-04 10:00:00
742,Customer_742,B2C,2026-01-11,6472.0,69.44,2025-03-03 07:00:00
742,Customer_742,B2C,2026-01-11,6625.0,75.51,2025-03-09 16:00:00
742,Customer_742,B2C,2026-01-11,8320.0,103.64,2025-05-19 07:00:00
742,Customer_742,B2C,2026-01-11,8410.0,187.47,2025-05-23 01:00:00
742,Customer_742,B2C,2026-01-11,8609.0,431.28,2025-05-31 08:00:00
742,Customer_742,B2C,2026-01-11,9460.0,312.69,2025-07-05 19:00:00
743,Customer_743,B2C,2026-01-12,8960.0,127.21,2025-06-14 23:00:00
743,Customer_743,B2C,2026-01-12,9191.0,158.29,2025-06-24 14:00:00
743,Customer_743,B2C,2026-01-12,9499.0,174.79,2025-07-07 10:00:00
743,Customer_743,B2C,2026-01-12,9791.0,239.25,2025-07-19 14:00:00
744,Customer_744,B2C,2026-01-13,5639.0,22.59,2025-01-27 14:00:00
744,Customer_744,B2C,2026-01-13,7411.0,468.88,2025-04-11 10:00:00
744,Customer_744,B2C,2026-01-13,7897.0,454.26,2025-05-01 16:00:00
744,Customer_744,B2C,2026-01-13,9733.0,485.03,2025-07-17 04:00:00
744,Customer_744,B2C,2026-01-13,9766.0,226.2,2025-07-18 13:00:00
745,Customer_745,B2B,2026-01-14,6711.0,430.35,2025-03-13 06:00:00
745,Customer_745,B2B,2026-01-14,6970.0,49.91,2025-03-24 01:00:00
745,Customer_745,B2B,2026-01-14,7970.0,419.27,2025-05-04 17:00:00
745,Customer_745,B2B,2026-01-14,8492.0,248.67,2025-05-26 11:00:00
746,Customer_746,SMB,2026-01-15,5117.0,308.08,2025-01-05 20:00:00
747,Customer_747,B2C,2026-01-16,5274.0,406.12,2025-01-12 09:00:00
747,Customer_747,B2C,2026-01-16,6781.0,455.7,2025-03-16 04:00:00
747,Customer_747,B2C,2026-01-16,6816.0,393.07,2025-03-17 15:00:00
747,Customer_747,B2C,2026-01-16,8170.0,53.95,2025-05-13 01:00:00
747,Customer_747,B2C,2026-01-16,8316.0,176.71,2025-05-19 03:00:00
747,Customer_747,B2C,2026-01-16,9219.0,177.11,2025-06-25 18:00:00
748,Customer_748,B2C,2026-01-17,8322.0,140.14,2025-05-19 09:00:00
748,Customer_748,B2C,2026-01-17,8494.0,268.36,2025-05-26 13:00:00
748,Customer_748,B2C,2026-01-17,9672.0,267.32,2025-07-14 15:00:00
748,Customer_748,B2C,2026-01-17,9713.0,177.81,2025-07-16 08:00:00
749,Customer_749,SMB,2026-01-18,5305.0,192.99,2025-01-13 16:00:00
749,Customer_749,SMB,2026-01-18,5341.0,274.75,2025-01-15 04:00:00
749,Customer_749,SMB,2026-01-18,5617.0,438.07,2025-01-26 16:00:00
749,Customer_749,SMB,2026-01-18,6155.0,135.76,2025-02-18 02:00:00
749,Customer_749,SMB,2026-01-18,6481.0,366.54,2025-03-03 16:00:00
749,Customer_749,SMB,2026-01-18,8425.0,468.06,2025-05-23 16:00:00
749,Customer_749,SMB,2026-01-18,8649.0,133.86,2025-06-02 00:00:00
749,Customer_749,SMB,2026-01-18,8716.0,21.48,2025-06-04 19:00:00
750,Customer_750,B2C,2026-01-19,6709.0,152.53,2025-03-13 04:00:00
750,Customer_750,B2C,2026-01-19,7217.0,23.78,2025-04-03 08:00:00
750,Customer_750,B2C,2026-01-19,7520.0,276.61,2025-04-15 23:00:00
750,Customer_750,B2C,2026-01-19,7948.0,405.74,2025-05-03 19:00:00
750,Customer_750,B2C,2026-01-19,8866.0,213.73,2025-06-11 01:00:00
751,Customer_751,B2B,2026-01-20,6284.0,477.28,2025-02-23 11:00:00
751,Customer_751,B2B,2026-01-20,7336.0,104.23,2025-04-08 07:00:00
751,Customer_751,B2B,2026-01-20,8748.0,457.73,2025-06-06 03:00:00
752,Customer_752,SMB,2026-01-21,6436.0,327.75,2025-03-01 19:00:00
752,Customer_752,SMB,2026-01-21,6483.0,383.48,2025-03-03 18:00:00
752,Customer_752,SMB,2026-01-21,6713.0,104.41,2025-03-13 08:00:00
752,Customer_752,SMB,2026-01-21,8005.0,100.07,2025-05-06 04:00:00
752,Customer_752,SMB,2026-01-21,8103.0,290.42,2025-05-10 06:00:00
753,Customer_753,B2C,2026-01-22,5383.0,381.07,2025-01-16 22:00:00
753,Customer_753,B2C,2026-01-22,5905.0,498.3,2025-02-07 16:00:00
753,Customer_753,B2C,2026-01-22,6845.0,479.49,2025-03-18 20:00:00
753,Customer_753,B2C,2026-01-22,6916.0,353.77,2025-03-21 19:00:00
753,Customer_753,B2C,2026-01-22,7074.0,295.39,2025-03-28 09:00:00
753,Customer_753,B2C,2026-01-22,7536.0,286.23,2025-04-16 15:00:00
753,Customer_753,B2C,2026-01-22,7558.0,354.18,2025-04-17 13:00:00
753,Customer_753,B2C,2026-01-22,7909.0,273.68,2025-05-02 04:00:00
753,Customer_753,B2C,2026-01-22,9549.0,107.29,2025-07-09 12:00:00
754,Customer_754,B2C,2026-01-23,5143.0,309.62,2025-01-06 22:00:00
754,Customer_754,B2C,2026-01-23,5376.0,119.11,2025-01-16 15:00:00
755,Customer_755,B2B,2026-01-24,,,
756,Customer_756,B2C,2026-01-25,5430.0,230.53,2025-01-18 21:00:00
756,Customer_756,B2C,2026-01-25,5762.0,262.98,2025-02-01 17:00:00
756,Customer_756,B2C,2026-01-25,8684.0,453.74,2025-06-03 11:00:00
757,Customer_757,B2C,2026-01-26,6178.0,68.38,2025-02-19 01:00:00
757,Customer_757,B2C,2026-01-26,6491.0,173.88,2025-03-04 02:00:00
757,Customer_757,B2C,2026-01-26,7025.0,414.93,2025-03-26 08:00:00
757,Customer_757,B2C,2026-01-26,7398.0,315.05,2025-04-10 21:00:00
757,Customer_757,B2C,2026-01-26,7786.0,414.01,2025-04-27 01:00:00
758,Customer_758,B2C,2026-01-27,7126.0,113.74,2025-03-30 13:00:00
758,Customer_758,B2C,2026-01-27,8637.0,408.24,2025-06-01 12:00:00
758,Customer_758,B2C,2026-01-27,9741.0,23.89,2025-07-17 12:00:00
758,Customer_758,B2C,2026-01-27,9768.0,414.4,2025-07-18 15:00:00
759,Customer_759,SMB,2026-01-28,5015.0,421.65,2025-01-01 14:00:00
759,Customer_759,SMB,2026-01-28,5159.0,176.59,2025-01-07 14:00:00
759,Customer_759,SMB,2026-01-28,6876.0,41.41,2025-03-20 03:00:00
759,Customer_759,SMB,2026-01-28,6898.0,116.55,2025-03-21 01:00:00
760,Customer_760,B2C,2026-01-29,5031.0,71.74,2025-01-02 06:00:00
760,Customer_760,B2C,2026-01-29,5170.0,55.26,2025-01-08 01:00:00
760,Customer_760,B2C,2026-01-29,5946.0,13.17,2025-02-09 09:00:00
761,Customer_761,B2B,2026-01-30,6191.0,201.99,2025-02-19 14:00:00
762,Customer_762,B2C,2026-01-31,7359.0,492.44,2025-04-09 06:00:00
762,Customer_762,B2C,2026-01-31,7634.0,324.98,2025-04-20 17:00:00
762,Customer_762,B2C,2026-01-31,8197.0,10.7,2025-05-14 04:00:00
762,Customer_762,B2C,2026-01-31,9352.0,251.19,2025-07-01 07:00:00
763,Customer_763,B2B,2026-02-01,5550.0,34.7,2025-01-23 21:00:00
763,Customer_763,B2B,2026-02-01,5655.0,276.73,2025-01-28 06:00:00
763,Customer_763,B2B,2026-02-01,8461.0,184.64,2025-05-25 04:00:00
763,Customer_763,B2B,2026-02-01,8976.0,255.1,2025-06-15 15:00:00
763,Customer_763,B2B,2026-02-01,9246.0,164.46,2025-06-26 21:00:00
764,Customer_764,B2C,2026-02-02,6010.0,118.12,2025-02-12 01:00:00
764,Customer_764,B2C,2026-02-02,6528.0,257.41,2025-03-05 15:00:00
764,Customer_764,B2C,2026-02-02,7908.0,37.13,2025-05-02 03:00:00
764,Customer_764,B2C,2026-02-02,8624.0,210.68,2025-05-31 23:00:00
764,Customer_764,B2C,2026-02-02,9784.0,281.7,2025-07-19 07:00:00
765,Customer_765,B2B,2026-02-03,5386.0,202.62,2025-01-17 01:00:00
765,Customer_765,B2B,2026-02-03,5593.0,67.93,2025-01-25 16:00:00
765,Customer_765,B2B,2026-02-03,8121.0,282.09,2025-05-11 00:00:00
765,Customer_765,B2B,2026-02-03,8891.0,328.91,2025-06-12 02:00:00
765,Customer_765,B2B,2026-02-03,9474.0,324.68,2025-07-06 09:00:00
765,Customer_765,B2B,2026-02-03,9593.0,271.77,2025-07-11 08:00:00
766,Customer_766,B2C,2026-02-04,5513.0,168.92,2025-01-22 08:00:00
767,Customer_767,B2C,2026-02-05,5325.0,479.48,2025-01-14 12:00:00
767,Customer_767,B2C,2026-02-05,7364.0,483.26,2025-04-09 11:00:00
767,Customer_767,B2C,2026-02-05,8602.0,294.67,2025-05-31 01:00:00
767,Customer_767,B2C,2026-02-05,9450.0,136.11,2025-07-05 09:00:00
768,Customer_768,SMB,2026-02-06,5798.0,306.49,2025-02-03 05:00:00
768,Customer_768,SMB,2026-02-06,9039.0,112.61,2025-06-18 06:00:00
768,Customer_768,SMB,2026-02-06,9529.0,475.8,2025-07-08 16:00:00
769,Customer_769,B2C,2026-02-07,6091.0,437.79,2025-02-15 10:00:00
769,Customer_769,B2C,2026-02-07,7950.0,458.42,2025-05-03 21:00:00
769,Customer_769,B2C,2026-02-07,8343.0,122.56,2025-05-20 06:00:00
770,Customer_770,SMB,2026-02-08,5514.0,341.48,2025-01-22 09:00:00
770,Customer_770,SMB,2026-02-08,8476.0,297.52,2025-05-25 19:00:00
770,Customer_770,SMB,2026-02-08,9180.0,112.24,2025-06-24 03:00:00
770,Customer_770,SMB,2026-02-08,9340.0,250.32,2025-06-30 19:00:00
770,Customer_770,SMB,2026-02-08,9545.0,200.54,2025-07-09 08:00:00
770,Customer_770,SMB,2026-02-08,9821.0,292.0,2025-07-20 20:00:00
770,Customer_770,SMB,2026-02-08,9867.0,73.87,2025-07-22 18:00:00
771,Customer_771,B2B,2026-02-09,5087.0,382.68,2025-01-04 14:00:00
771,Customer_771,B2B,2026-02-09,7494.0,475.64,2025-04-14 21:00:00
771,Customer_771,B2B,2026-02-09,9792.0,326.84,2025-07-19 15:00:00
772,Customer_772,SMB,2026-02-10,5646.0,482.11,2025-01-27 21:00:00
772,Customer_772,SMB,2026-02-10,8201.0,499.61,2025-05-14 08:00:00
773,Customer_773,B2B,2026-02-11,7274.0,242.52,2025-04-05 17:00:00
774,Customer_774,B2C,2026-02-12,5668.0,367.81,2025-01-28 19:00:00
774,Customer_774,B2C,2026-02-12,5942.0,215.36,2025-02-09 05:00:00
774,Customer_774,B2C,2026-02-12,6651.0,436.07,2025-03-10 18:00:00
774,Customer_774,B2C,2026-02-12,6943.0,264.19,2025-03-22 22:00:00
774,Customer_774,B2C,2026-02-12,7235.0,483.07,2025-04-04 02:00:00
774,Customer_774,B2C,2026-02-12,8183.0,93.83,2025-05-13 14:00:00
775,Customer_775,B2C,2026-02-13,5505.0,385.03,2025-01-22 00:00:00
775,Customer_775,B2C,2026-02-13,6077.0,77.28,2025-02-14 20:00:00
775,Customer_775,B2C,2026-02-13,6533.0,27.87,2025-03-05 20:00:00
775,Customer_775,B2C,2026-02-13,7094.0,340.86,2025-03-29 05:00:00
775,Customer_775,B2C,2026-02-13,7955.0,424.3,2025-05-04 02:00:00
775,Customer_775,B2C,2026-02-13,8078.0,175.62,2025-05-09 05:00:00
775,Customer_775,B2C,2026-02-13,8131.0,276.31,2025-05-11 10:00:00
775,Customer_775,B2C,2026-02-13,8786.0,249.77,2025-06-07 17:00:00
775,Customer_775,B2C,2026-02-13,8949.0,213.35,2025-06-14 12:00:00
775,Customer_775,B2C,2026-02-13,9312.0,14.14,2025-06-29 15:00:00
775,Customer_775,B2C,2026-02-13,9818.0,200.19,2025-07-20 17:00:00
776,Customer_776,B2B,2026-02-14,5011.0,390.75,2025-01-01 10:00:00
776,Customer_776,B2B,2026-02-14,5049.0,414.6,2025-01-03 00:00:00
776,Customer_776,B2B,2026-02-14,5198.0,103.4,2025-01-09 05:00:00
776,Customer_776,B2B,2026-02-14,6201.0,235.76,2025-02-20 00:00:00
776,Customer_776,B2B,2026-02-14,7350.0,391.21,2025-04-08 21:00:00
776,Customer_776,B2B,2026-02-14,7593.0,294.09,2025-04-19 00:00:00
776,Customer_776,B2B,2026-02-14,9563.0,152.09,2025-07-10 02:00:00
777,Customer_777,B2B,2026-02-15,6813.0,198.41,2025-03-17 12:00:00
777,Customer_777,B2B,2026-02-15,7236.0,458.75,2025-04-04 03:00:00
777,Customer_777,B2B,2026-02-15,7441.0,247.79,2025-04-12 16:00:00
777,Customer_777,B2B,2026-02-15,8247.0,222.29,2025-05-16 06:00:00
777,Customer_777,B2B,2026-02-15,8558.0,454.96,2025-05-29 05:00:00
777,Customer_777,B2B,2026-02-15,8869.0,59.3,2025-06-11 04:00:00
777,Customer_777,B2B,2026-02-15,9931.0,123.48,2025-07-25 10:00:00
778,Customer_778,B2C,2026-02-16,5528.0,39.37,2025-01-22 23:00:00
778,Customer_778,B2C,2026-02-16,6963.0,418.82,2025-03-23 18:00:00
778,Customer_778,B2C,2026-02-16,8177.0,88.88,2025-05-13 08:00:00
778,Customer_778,B2C,2026-02-16,8358.0,94.65,2025-05-20 21:00:00
778,Customer_778,B2C,2026-02-16,8801.0,106.58,2025-06-08 08:00:00
779,Customer_779,B2C,2026-02-17,7010.0,365.41,2025-03-25 17:00:00
779,Customer_779,B2C,2026-02-17,7499.0,241.23,2025-04-15 02:00:00
779,Customer_779,B2C,2026-02-17,9600.0,198.63,2025-07-11 15:00:00
780,Customer_780,B2C,2026-02-18,5368.0,22.63,2025-01-16 07:00:00
780,Customer_780,B2C,2026-02-18,6453.0,91.09,2025-03-02 12:00:00
780,Customer_780,B2C,2026-02-18,6750.0,200.71,2025-03-14 21:00:00
780,Customer_780,B2C,2026-02-18,7917.0,359.84,2025-05-02 12:00:00
780,Customer_780,B2C,2026-02-18,8998.0,230.3,2025-06-16 13:00:00
781,Customer_781,B2C,2026-02-19,5676.0,456.56,2025-01-29 03:00:00
781,Customer_781,B2C,2026-02-19,9480.0,429.0,2025-07-06 15:00:00
782,Customer_782,B2C,2026-02-20,5636.0,367.82,2025-01-27 11:00:00
782,Customer_782,B2C,2026-02-20,6500.0,145.61,2025-03-04 11:00:00
782,Customer_782,B2C,2026-02-20,8062.0,365.48,2025-05-08 13:00:00
782,Customer_782,B2C,2026-02-20,8635.0,257.42,2025-06-01 10:00:00
782,Customer_782,B2C,2026-02-20,9495.0,480.53,2025-07-07 06:00:00
783,Customer_783,B2B,2026-02-21,5492.0,108.75,2025-01-21 11:00:00
783,Customer_783,B2B,2026-02-21,7973.0,281.76,2025-05-04 20:00:00
783,Customer_783,B2B,2026-02-21,8324.0,110.88,2025-05-19 11:00:00
783,Customer_783,B2B,2026-02-21,8465.0,480.2,2025-05-25 08:00:00
783,Customer_783,B2B,2026-02-21,9592.0,133.6,2025-07-11 07:00:00
783,Customer_783,B2B,2026-02-21,9904.0,451.73,2025-07-24 07:00:00
784,Customer_784,B2C,2026-02-22,6776.0,158.58,2025-03-15 23:00:00
784,Customer_784,B2C,2026-02-22,7200.0,220.77,2025-04-02 15:00:00
785,Customer_785,B2B,2026-02-23,5955.0,54.8,2025-02-09 18:00:00
785,Customer_785,B2B,2026-02-23,6681.0,28.82,2025-03-12 00:00:00
785,Customer_785,B2B,2026-02-23,7798.0,484.53,2025-04-27 13:00:00
785,Customer_785,B2B,2026-02-23,8331.0,83.21,2025-05-19 18:00:00
785,Customer_785,B2B,2026-02-23,8448.0,194.64,2025-05-24 15:00:00
785,Customer_785,B2B,2026-02-23,9470.0,121.54,2025-07-06 05:00:00
785,Customer_785,B2B,2026-02-23,9609.0,35.61,2025-07-12 00:00:00
786,Customer_786,SMB,2026-02-24,5712.0,470.85,2025-01-30 15:00:00
786,Customer_786,SMB,2026-02-24,7321.0,229.56,2025-04-07 16:00:00
786,Customer_786,SMB,2026-02-24,7613.0,35.88,2025-04-19 20:00:00
786,Customer_786,SMB,2026-02-24,7936.0,116.67,2025-05-03 07:00:00
786,Customer_786,SMB,2026-02-24,9138.0,342.28,2025-06-22 09:00:00
787,Customer_787,B2C,2026-02-25,5237.0,25.9,2025-01-10 20:00:00
787,Customer_787,B2C,2026-02-25,5408.0,395.81,2025-01-17 23:00:00
787,Customer_787,B2C,2026-02-25,6265.0,194.76,2025-02-22 16:00:00
787,Customer_787,B2C,2026-02-25,8446.0,385.72,2025-05-24 13:00:00
788,Customer_788,B2C,2026-02-26,5096.0,93.65,2025-01-04 23:00:00
788,Customer_788,B2C,2026-02-26,5107.0,280.07,2025-01-05 10:00:00
788,Customer_788,B2C,2026-02-26,5216.0,369.17,2025-01-09 23:00:00
788,Customer_788,B2C,2026-02-26,7392.0,414.47,2025-04-10 15:00:00
789,Customer_789,B2C,2026-02-27,5499.0,411.01,2025-01-21 18:00:00
789,Customer_789,B2C,2026-02-27,5692.0,484.97,2025-01-29 19:00:00
789,Customer_789,B2C,2026-02-27,5989.0,16.79,2025-02-11 04:00:00
789,Customer_789,B2C,2026-02-27,6849.0,483.64,2025-03-19 00:00:00
789,Customer_789,B2C,2026-02-27,8302.0,320.61,2025-05-18 13:00:00
789,Customer_789,B2C,2026-02-27,8577.0,248.36,2025-05-30 00:00:00
789,Customer_789,B2C,2026-02-27,8761.0,226.94,2025-06-06 16:00:00
790,Customer_790,SMB,2026-02-28,6167.0,117.62,2025-02-18 14:00:00
790,Customer_790,SMB,2026-02-28,6446.0,176.6,2025-03-02 05:00:00
790,Customer_790,SMB,2026-02-28,6814.0,180.01,2025-03-17 13:00:00
790,Customer_790,SMB,2026-02-28,8226.0,164.81,2025-05-15 09:00:00
791,Customer_791,B2B,2026-03-01,6456.0,321.31,2025-03-02 15:00:00
791,Customer_791,B2B,2026-03-01,6792.0,349.53,2025-03-16 15:00:00
791,Customer_791,B2B,2026-03-01,9204.0,52.98,2025-06-25 03:00:00
791,Customer_791,B2B,2026-03-01,9850.0,128.34,2025-07-22 01:00:00
792,Customer_792,B2C,2026-03-02,5741.0,222.06,2025-01-31 20:00:00
792,Customer_792,B2C,2026-03-02,6258.0,468.05,2025-02-22 09:00:00
792,Customer_792,B2C,2026-03-02,6923.0,407.7,2025-03-22 02:00:00
792,Customer_792,B2C,2026-03-02,9908.0,133.8,2025-07-24 11:00:00
793,Customer_793,B2C,2026-03-03,5883.0,438.41,2025-02-06 18:00:00
793,Customer_793,B2C,2026-03-03,6166.0,215.16,2025-02-18 13:00:00
793,Customer_793,B2C,2026-03-03,6497.0,223.76,2025-03-04 08:00:00
793,Customer_793,B2C,2026-03-03,7091.0,316.57,2025-03-29 02:00:00
793,Customer_793,B2C,2026-03-03,7994.0,265.7,2025-05-05 17:00:00
793,Customer_793,B2C,2026-03-03,9674.0,231.42,2025-07-14 17:00:00
794,Customer_794,B2C,2026-03-04,5558.0,177.07,2025-01-24 05:00:00
794,Customer_794,B2C,2026-03-04,6499.0,224.48,2025-03-04 10:00:00
794,Customer_794,B2C,2026-03-04,8325.0,167.63,2025-05-19 12:00:00
794,Customer_794,B2C,2026-03-04,9047.0,166.89,2025-06-18 14:00:00
794,Customer_794,B2C,2026-03-04,9448.0,188.23,2025-07-05 07:00:00
795,Customer_795,B2B,2026-03-05,5855.0,338.51,2025-02-05 14:00:00
795,Customer_795,B2B,2026-03-05,8038.0,143.43,2025-05-07 13:00:00
795,Customer_795,B2B,2026-03-05,9265.0,211.81,2025-06-27 16:00:00
795,Customer_795,B2B,2026-03-05,9494.0,96.08,2025-07-07 05:00:00
796,Customer_796,SMB,2026-03-06,5308.0,183.9,2025-01-13 19:00:00
796,Customer_796,SMB,2026-03-06,9875.0,41.38,2025-07-23 02:00:00
797,Customer_797,SMB,2026-03-07,5116.0,64.68,2025-01-05 19:00:00
797,Customer_797,SMB,2026-03-07,5120.0,196.08,2025-01-05 23:00:00
797,Customer_797,SMB,2026-03-07,5433.0,50.93,2025-01-19 00:00:00
797,Customer_797,SMB,2026-03-07,7893.0,422.14,2025-05-01 12:00:00
798,Customer_798,B2C,2026-03-08,5282.0,345.09,2025-01-12 17:00:00
798,Customer_798,B2C,2026-03-08,6272.0,256.64,2025-02-22 23:00:00
798,Customer_798,B2C,2026-03-08,7515.0,92.74,2025-04-15 18:00:00
798,Customer_798,B2C,2026-03-08,8244.0,64.17,2025-05-16 03:00:00
798,Customer_798,B2C,2026-03-08,8633.0,284.35,2025-06-01 08:00:00
798,Customer_798,B2C,2026-03-08,9275.0,111.04,2025-06-28 02:00:00
799,Customer_799,B2C,2026-03-09,5632.0,353.3,2025-01-27 07:00:00
799,Customer_799,B2C,2026-03-09,9175.0,10.39,2025-06-23 22:00:00
800,Customer_800,SMB,2026-03-10,6027.0,348.91,2025-02-12 18:00:00
800,Customer_800,SMB,2026-03-10,7608.0,249.59,2025-04-19 15:00:00
800,Customer_800,SMB,2026-03-10,7922.0,72.17,2025-05-02 17:00:00
800,Customer_800,SMB,2026-03-10,8740.0,248.86,2025-06-05 19:00:00
800,Customer_800,SMB,2026-03-10,9475.0,130.36,2025-07-06 10:00:00
800,Customer_800,SMB,2026-03-10,9896.0,226.36,2025-07-23 23:00:00
801,Customer_801,B2C,2026-03-11,5717.0,304.89,2025-01-30 20:00:00
801,Customer_801,B2C,2026-03-11,6872.0,360.83,2025-03-19 23:00:00
801,Customer_801,B2C,2026-03-11,8477.0,228.41,2025-05-25 20:00:00
802,Customer_802,B2B,2026-03-12,5189.0,335.13,2025-01-08 20:00:00
802,Customer_802,B2B,2026-03-12,5204.0,370.11,2025-01-09 11:00:00
802,Customer_802,B2B,2026-03-12,6151.0,411.92,2025-02-17 22:00:00
802,Customer_802,B2B,2026-03-12,7509.0,248.38,2025-04-15 12:00:00
802,Customer_802,B2B,2026-03-12,8433.0,473.98,2025-05-24 00:00:00
802,Customer_802,B2B,2026-03-12,8590.0,117.34,2025-05-30 13:00:00
802,Customer_802,B2B,2026-03-12,8770.0,371.69,2025-06-07 01:00:00
802,Customer_802,B2B,2026-03-12,8798.0,382.63,2025-06-08 05:00:00
802,Customer_802,B2B,2026-03-12,9417.0,262.96,2025-07-04 00:00:00
803,Customer_803,B2C,2026-03-13,7912.0,385.51,2025-05-02 07:00:00
803,Customer_803,B2C,2026-03-13,8541.0,125.95,2025-05-28 12:00:00
803,Customer_803,B2C,2026-03-13,8663.0,473.58,2025-06-02 14:00:00
803,Customer_803,B2C,2026-03-13,9238.0,10.35,2025-06-26 13:00:00
803,Customer_803,B2C,2026-03-13,9819.0,93.67,2025-07-20 18:00:00
804,Customer_804,B2C,2026-03-14,5656.0,124.53,2025-01-28 07:00:00
804,Customer_804,B2C,2026-03-14,5700.0,231.35,2025-01-30 03:00:00
804,Customer_804,B2C,2026-03-14,6775.0,52.61,2025-03-15 22:00:00
804,Customer_804,B2C,2026-03-14,7616.0,419.86,2025-04-19 23:00:00
805,Customer_805,B2C,2026-03-15,8338.0,449.16,2025-05-20 01:00:00
805,Customer_805,B2C,2026-03-15,9103.0,28.8,2025-06-20 22:00:00
806,Customer_806,B2C,2026-03-16,5818.0,246.81,2025-02-04 01:00:00
806,Customer_806,B2C,2026-03-16,5915.0,112.07,2025-02-08 02:00:00
806,Customer_806,B2C,2026-03-16,6902.0,477.79,2025-03-21 05:00:00
806,Customer_806,B2C,2026-03-16,7534.0,390.17,2025-04-16 13:00:00
806,Customer_806,B2C,2026-03-16,9131.0,160.06,2025-06-22 02:00:00
806,Customer_806,B2C,2026-03-16,9572.0,124.47,2025-07-10 11:00:00
807,Customer_807,SMB,2026-03-17,7179.0,318.08,2025-04-01 18:00:00
807,Customer_807,SMB,2026-03-17,7875.0,442.0,2025-04-30 18:00:00
807,Customer_807,SMB,2026-03-17,9337.0,250.4,2025-06-30 16:00:00
807,Customer_807,SMB,2026-03-17,9360.0,69.42,2025-07-01 15:00:00
807,Customer_807,SMB,2026-03-17,9387.0,196.89,2025-07-02 18:00:00
807,Customer_807,SMB,2026-03-17,9777.0,395.05,2025-07-19 00:00:00
808,Customer_808,SMB,2026-03-18,5101.0,311.41,2025-01-05 04:00:00
808,Customer_808,SMB,2026-03-18,6529.0,386.69,2025-03-05 16:00:00
808,Customer_808,SMB,2026-03-18,7291.0,166.81,2025-04-06 10:00:00
808,Customer_808,SMB,2026-03-18,8867.0,239.9,2025-06-11 02:00:00
809,Customer_809,B2C,2026-03-19,6988.0,46.89,2025-03-24 19:00:00
809,Customer_809,B2C,2026-03-19,7109.0,354.61,2025-03-29 20:00:00
809,Customer_809,B2C,2026-03-19,7246.0,409.82,2025-04-04 13:00:00
809,Customer_809,B2C,2026-03-19,8116.0,40.99,2025-05-10 19:00:00
809,Customer_809,B2C,2026-03-19,8580.0,316.87,2025-05-30 03:00:00
809,Customer_809,B2C,2026-03-19,8970.0,278.33,2025-06-15 09:00:00
810,Customer_810,B2B,2026-03-20,5311.0,332.5,2025-01-13 22:00:00
810,Customer_810,B2B,2026-03-20,6278.0,52.85,2025-02-23 05:00:00
810,Customer_810,B2B,2026-03-20,7849.0,171.25,2025-04-29 16:00:00
810,Customer_810,B2B,2026-03-20,7910.0,44.57,2025-05-02 05:00:00
810,Customer_810,B2B,2026-03-20,8715.0,324.37,2025-06-04 18:00:00
811,Customer_811,SMB,2026-03-21,7819.0,373.24,2025-04-28 10:00:00
811,Customer_811,SMB,2026-03-21,7851.0,260.92,2025-04-29 18:00:00
811,Customer_811,SMB,2026-03-21,7898.0,103.71,2025-05-01 17:00:00
812,Customer_812,SMB,2026-03-22,5388.0,18.13,2025-01-17 03:00:00
812,Customer_812,SMB,2026-03-22,6859.0,183.2,2025-03-19 10:00:00
812,Customer_812,SMB,2026-03-22,6861.0,250.6,2025-03-19 12:00:00
812,Customer_812,SMB,2026-03-22,7367.0,130.27,2025-04-09 14:00:00
812,Customer_812,SMB,2026-03-22,8824.0,95.65,2025-06-09 07:00:00
812,Customer_812,SMB,2026-03-22,9927.0,363.09,2025-07-25 06:00:00
813,Customer_813,B2B,2026-03-23,6415.0,267.27,2025-02-28 22:00:00
813,Customer_813,B2B,2026-03-23,6495.0,101.03,2025-03-04 06:00:00
813,Customer_813,B2B,2026-03-23,7316.0,416.67,2025-04-07 11:00:00
813,Customer_813,B2B,2026-03-23,7845.0,109.72,2025-04-29 12:00:00
813,Customer_813,B2B,2026-03-23,8560.0,42.26,2025-05-29 07:00:00
814,Customer_814,SMB,2026-03-24,9423.0,108.17,2025-07-04 06:00:00
815,Customer_815,SMB,2026-03-25,6821.0,406.89,2025-03-17 20:00:00
816,Customer_816,B2C,2026-03-26,6614.0,287.05,2025-03-09 05:00:00
816,Customer_816,B2C,2026-03-26,7425.0,480.58,2025-04-12 00:00:00
816,Customer_816,B2C,2026-03-26,8779.0,34.39,2025-06-07 10:00:00
816,Customer_816,B2C,2026-03-26,9675.0,400.5,2025-07-14 18:00:00
817,Customer_817,B2C,2026-03-27,6330.0,345.1,2025-02-25 09:00:00
817,Customer_817,B2C,2026-03-27,6438.0,449.72,2025-03-01 21:00:00
817,Customer_817,B2C,2026-03-27,6486.0,336.68,2025-03-03 21:00:00
817,Customer_817,B2C,2026-03-27,6595.0,455.32,2025-03-08 10:00:00
817,Customer_817,B2C,2026-03-27,8216.0,90.72,2025-05-14 23:00:00
817,Customer_817,B2C,2026-03-27,9688.0,338.01,2025-07-15 07:00:00
817,Customer_817,B2C,2026-03-27,9735.0,44.75,2025-07-17 06:00:00
818,Customer_818,B2C,2026-03-28,7487.0,353.17,2025-04-14 14:00:00
818,Customer_818,B2C,2026-03-28,8615.0,195.39,2025-05-31 14:00:00
818,Customer_818,B2C,2026-03-28,9652.0,87.25,2025-07-13 19:00:00
819,Customer_819,B2B,2026-03-29,6139.0,257.71,2025-02-17 10:00:00
819,Customer_819,B2B,2026-03-29,6203.0,246.78,2025-02-20 02:00:00
819,Customer_819,B2B,2026-03-29,6276.0,86.33,2025-02-23 03:00:00
819,Customer_819,B2B,2026-03-29,6622.0,457.48,2025-03-09 13:00:00
819,Customer_819,B2B,2026-03-29,6693.0,199.16,2025-03-12 12:00:00
819,Customer_819,B2B,2026-03-29,7620.0,93.7,2025-04-20 03:00:00
819,Customer_819,B2B,2026-03-29,8283.0,458.23,2025-05-17 18:00:00
819,Customer_819,B2B,2026-03-29,9198.0,376.7,2025-06-24 21:00:00
820,Customer_820,B2C,2026-03-30,6891.0,276.95,2025-03-20 18:00:00
820,Customer_820,B2C,2026-03-30,7638.0,86.37,2025-04-20 21:00:00
820,Customer_820,B2C,2026-03-30,8020.0,142.63,2025-05-06 19:00:00
821,Customer_821,SMB,2026-03-31,5172.0,301.65,2025-01-08 03:00:00
821,Customer_821,SMB,2026-03-31,6418.0,228.9,2025-03-01 01:00:00
821,Customer_821,SMB,2026-03-31,6801.0,428.13,2025-03-17 00:00:00
821,Customer_821,SMB,2026-03-31,7474.0,184.47,2025-04-14 01:00:00
821,Customer_821,SMB,2026-03-31,7759.0,364.53,2025-04-25 22:00:00
821,Customer_821,SMB,2026-03-31,7923.0,300.32,2025-05-02 18:00:00
821,Customer_821,SMB,2026-03-31,9222.0,263.93,2025-06-25 21:00:00
822,Customer_822,B2B,2026-04-01,5195.0,163.8,2025-01-09 02:00:00
822,Customer_822,B2B,2026-04-01,6581.0,344.73,2025-03-07 20:00:00
823,Customer_823,B2C,2026-04-02,5193.0,448.83,2025-01-09 00:00:00
823,Customer_823,B2C,2026-04-02,5443.0,290.28,2025-01-19 10:00:00
823,Customer_823,B2C,2026-04-02,5586.0,417.44,2025-01-25 09:00:00
823,Customer_823,B2C,2026-04-02,5697.0,89.34,2025-01-30 00:00:00
823,Customer_823,B2C,2026-04-02,7117.0,479.41,2025-03-30 04:00:00
824,Customer_824,B2C,2026-04-03,6063.0,430.04,2025-02-14 06:00:00
824,Customer_824,B2C,2026-04-03,7155.0,231.91,2025-03-31 18:00:00
825,Customer_825,B2C,2026-04-04,5007.0,234.63,2025-01-01 06:00:00
825,Customer_825,B2C,2026-04-04,5775.0,225.53,2025-02-02 06:00:00
825,Customer_825,B2C,2026-04-04,5861.0,174.33,2025-02-05 20:00:00
825,Customer_825,B2C,2026-04-04,6189.0,103.04,2025-02-19 12:00:00
825,Customer_825,B2C,2026-04-04,6531.0,292.64,2025-03-05 18:00:00
825,Customer_825,B2C,2026-04-04,7401.0,387.17,2025-04-11 00:00:00
825,Customer_825,B2C,2026-04-04,8108.0,380.83,2025-05-10 11:00:00
825,Customer_825,B2C,2026-04-04,8137.0,285.32,2025-05-11 16:00:00
825,Customer_825,B2C,2026-04-04,8248.0,401.85,2025-05-16 07:00:00
825,Customer_825,B2C,2026-04-04,8355.0,108.28,2025-05-20 18:00:00
825,Customer_825,B2C,2026-04-04,9176.0,406.97,2025-06-23 23:00:00
826,Customer_826,SMB,2026-04-05,5969.0,377.43,2025-02-10 08:00:00
826,Customer_826,SMB,2026-04-05,7543.0,182.74,2025-04-16 22:00:00
827,Customer_827,B2C,2026-04-06,5029.0,232.46,2025-01-02 04:00:00
827,Customer_827,B2C,2026-04-06,5768.0,475.76,2025-02-01 23:00:00
827,Customer_827,B2C,2026-04-06,6391.0,404.5,2025-02-27 22:00:00
827,Customer_827,B2C,2026-04-06,6616.0,26.87,2025-03-09 07:00:00
827,Customer_827,B2C,2026-04-06,9003.0,370.41,2025-06-16 18:00:00
827,Customer_827,B2C,2026-04-06,9041.0,498.74,2025-06-18 08:00:00
828,Customer_828,B2C,2026-04-07,5533.0,369.73,2025-01-23 04:00:00
828,Customer_828,B2C,2026-04-07,6395.0,206.92,2025-02-28 02:00:00
828,Customer_828,B2C,2026-04-07,7128.0,381.9,2025-03-30 15:00:00
828,Customer_828,B2C,2026-04-07,7420.0,83.46,2025-04-11 19:00:00
828,Customer_828,B2C,2026-04-07,7559.0,332.86,2025-04-17 14:00:00
829,Customer_829,B2C,2026-04-08,6666.0,183.85,2025-03-11 09:00:00
829,Customer_829,B2C,2026-04-08,7497.0,425.62,2025-04-15 00:00:00
829,Customer_829,B2C,2026-04-08,8295.0,455.12,2025-05-18 06:00:00
829,Customer_829,B2C,2026-04-08,9774.0,313.53,2025-07-18 21:00:00
829,Customer_829,B2C,2026-04-08,9834.0,53.92,2025-07-21 09:00:00
830,Customer_830,B2C,2026-04-09,5102.0,456.2,2025-01-05 05:00:00
830,Customer_830,B2C,2026-04-09,5218.0,466.46,2025-01-10 01:00:00
830,Customer_830,B2C,2026-04-09,5295.0,310.27,2025-01-13 06:00:00
830,Customer_830,B2C,2026-04-09,5913.0,454.45,2025-02-08 00:00:00
830,Customer_830,B2C,2026-04-09,6179.0,261.07,2025-02-19 02:00:00
830,Customer_830,B2C,2026-04-09,6624.0,416.49,2025-03-09 15:00:00
830,Customer_830,B2C,2026-04-09,6691.0,233.88,2025-03-12 10:00:00
830,Customer_830,B2C,2026-04-09,8071.0,282.38,2025-05-08 22:00:00
830,Customer_830,B2C,2026-04-09,9629.0,128.09,2025-07-12 20:00:00
830,Customer_830,B2C,2026-04-09,9709.0,331.99,2025-07-16 04:00:00
831,Customer_831,B2B,2026-04-10,5039.0,122.62,2025-01-02 14:00:00
831,Customer_831,B2B,2026-04-10,6340.0,156.01,2025-02-25 19:00:00
831,Customer_831,B2B,2026-04-10,7097.0,71.79,2025-03-29 08:00:00
832,Customer_832,B2C,2026-04-11,5990.0,328.2,2025-02-11 05:00:00
832,Customer_832,B2C,2026-04-11,6012.0,430.96,2025-02-12 03:00:00
832,Customer_832,B2C,2026-04-11,6082.0,407.85,2025-02-15 01:00:00
832,Customer_832,B2C,2026-04-11,6635.0,385.0,2025-03-10 02:00:00
832,Customer_832,B2C,2026-04-11,7270.0,44.64,2025-04-05 13:00:00
832,Customer_832,B2C,2026-04-11,8810.0,293.77,2025-06-08 17:00:00
832,Customer_832,B2C,2026-04-11,8848.0,116.24,2025-06-10 07:00:00
832,Customer_832,B2C,2026-04-11,9457.0,341.77,2025-07-05 16:00:00
832,Customer_832,B2C,2026-04-11,9935.0,239.64,2025-07-25 14:00:00
833,Customer_833,B2B,2026-04-12,6261.0,445.21,2025-02-22 12:00:00
833,Customer_833,B2B,2026-04-12,8311.0,293.26,2025-05-18 22:00:00
833,Customer_833,B2B,2026-04-12,8915.0,436.69,2025-06-13 02:00:00
834,Customer_834,B2B,2026-04-13,6421.0,10.46,2025-03-01 04:00:00
834,Customer_834,B2B,2026-04-13,8192.0,209.87,2025-05-13 23:00:00
834,Customer_834,B2B,2026-04-13,8788.0,141.21,2025-06-07 19:00:00
834,Customer_834,B2B,2026-04-13,9120.0,482.7,2025-06-21 15:00:00
834,Customer_834,B2B,2026-04-13,9913.0,117.86,2025-07-24 16:00:00
835,Customer_835,B2C,2026-04-14,5461.0,155.67,2025-01-20 04:00:00
835,Customer_835,B2C,2026-04-14,7787.0,214.68,2025-04-27 02:00:00
835,Customer_835,B2C,2026-04-14,8129.0,192.6,2025-05-11 08:00:00
836,Customer_836,B2C,2026-04-15,6017.0,382.4,2025-02-12 08:00:00
836,Customer_836,B2C,2026-04-15,7180.0,140.39,2025-04-01 19:00:00
836,Customer_836,B2C,2026-04-15,7372.0,447.31,2025-04-09 19:00:00
836,Customer_836,B2C,2026-04-15,7721.0,423.4,2025-04-24 08:00:00
836,Customer_836,B2C,2026-04-15,7852.0,470.94,2025-04-29 19:00:00
836,Customer_836,B2C,2026-04-15,8075.0,336.22,2025-05-09 02:00:00
837,Customer_837,SMB,2026-04-16,6328.0,443.01,2025-02-25 07:00:00
837,Customer_837,SMB,2026-04-16,7465.0,429.52,2025-04-13 16:00:00
838,Customer_838,B2C,2026-04-17,5516.0,305.54,2025-01-22 11:00:00
838,Customer_838,B2C,2026-04-17,6014.0,340.7,2025-02-12 05:00:00
838,Customer_838,B2C,2026-04-17,6526.0,127.51,2025-03-05 13:00:00
838,Customer_838,B2C,2026-04-17,7550.0,50.15,2025-04-17 05:00:00
838,Customer_838,B2C,2026-04-17,9566.0,330.92,2025-07-10 05:00:00
839,Customer_839,B2C,2026-04-18,6648.0,194.83,2025-03-10 15:00:00
839,Customer_839,B2C,2026-04-18,8567.0,210.91,2025-05-29 14:00:00
839,Customer_839,B2C,2026-04-18,9069.0,445.95,2025-06-19 12:00:00
839,Customer_839,B2C,2026-04-18,9633.0,437.96,2025-07-13 00:00:00
839,Customer_839,B2C,2026-04-18,9978.0,168.71,2025-07-27 09:00:00
840,Customer_840,B2C,2026-04-19,7120.0,91.59,2025-03-30 07:00:00
840,Customer_840,B2C,2026-04-19,8659.0,287.22,2025-06-02 10:00:00
840,Customer_840,B2C,2026-04-19,9606.0,245.66,2025-07-11 21:00:00
840,Customer_840,B2C,2026-04-19,9641.0,292.83,2025-07-13 08:00:00
841,Customer_841,B2B,2026-04-20,5459.0,444.18,2025-01-20 02:00:00
841,Customer_841,B2B,2026-04-20,6927.0,349.53,2025-03-22 06:00:00
841,Customer_841,B2B,2026-04-20,8282.0,484.33,2025-05-17 17:00:00
841,Customer_841,B2B,2026-04-20,8973.0,51.48,2025-06-15 12:00:00
841,Customer_841,B2B,2026-04-20,9010.0,37.03,2025-06-17 01:00:00
842,Customer_842,B2C,2026-04-21,5458.0,137.32,2025-01-20 01:00:00
842,Customer_842,B2C,2026-04-21,6008.0,449.72,2025-02-11 23:00:00
842,Customer_842,B2C,2026-04-21,6334.0,37.31,2025-02-25 13:00:00
842,Customer_842,B2C,2026-04-21,7210.0,42.97,2025-04-03 01:00:00
842,Customer_842,B2C,2026-04-21,8195.0,159.11,2025-05-14 02:00:00
843,Customer_843,B2B,2026-04-22,5034.0,95.99,2025-01-02 09:00:00
843,Customer_843,B2B,2026-04-22,5714.0,477.74,2025-01-30 17:00:00
843,Customer_843,B2B,2026-04-22,5972.0,98.58,2025-02-10 11:00:00
843,Customer_843,B2B,2026-04-22,6489.0,250.0,2025-03-04 00:00:00
843,Customer_843,B2B,2026-04-22,7979.0,337.96,2025-05-05 02:00:00
843,Customer_843,B2B,2026-04-22,8432.0,25.22,2025-05-23 23:00:00
843,Customer_843,B2B,2026-04-22,9408.0,25.18,2025-07-03 15:00:00
843,Customer_843,B2B,2026-04-22,9429.0,394.14,2025-07-04 12:00:00
843,Customer_843,B2B,2026-04-22,9966.0,218.94,2025-07-26 21:00:00
844,Customer_844,SMB,2026-04-23,7204.0,468.73,2025-04-02 19:00:00
844,Customer_844,SMB,2026-04-23,8318.0,222.99,2025-05-19 05:00:00
844,Customer_844,SMB,2026-04-23,9099.0,361.0,2025-06-20 18:00:00
845,Customer_845,B2B,2026-04-24,5263.0,181.9,2025-01-11 22:00:00
845,Customer_845,B2B,2026-04-24,7103.0,100.21,2025-03-29 14:00:00
845,Customer_845,B2B,2026-04-24,7672.0,201.22,2025-04-22 07:00:00
845,Customer_845,B2B,2026-04-24,9189.0,93.92,2025-06-24 12:00:00
846,Customer_846,B2C,2026-04-25,5418.0,453.08,2025-01-18 09:00:00
846,Customer_846,B2C,2026-04-25,5812.0,100.38,2025-02-03 19:00:00
846,Customer_846,B2C,2026-04-25,5836.0,32.34,2025-02-04 19:00:00
846,Customer_846,B2C,2026-04-25,6690.0,433.54,2025-03-12 09:00:00
846,Customer_846,B2C,2026-04-25,7622.0,166.22,2025-04-20 05:00:00
846,Customer_846,B2C,2026-04-25,7790.0,490.2,2025-04-27 05:00:00
846,Customer_846,B2C,2026-04-25,8513.0,188.87,2025-05-27 08:00:00
847,Customer_847,B2B,2026-04-26,6209.0,430.19,2025-02-20 08:00:00
847,Customer_847,B2B,2026-04-26,7242.0,90.23,2025-04-04 09:00:00
848,Customer_848,SMB,2026-04-27,8773.0,115.47,2025-06-07 04:00:00
848,Customer_848,SMB,2026-04-27,9696.0,315.14,2025-07-15 15:00:00
849,Customer_849,B2C,2026-04-28,5422.0,218.8,2025-01-18 13:00:00
849,Customer_849,B2C,2026-04-28,6259.0,455.51,2025-02-22 10:00:00
849,Customer_849,B2C,2026-04-28,6366.0,441.64,2025-02-26 21:00:00
849,Customer_849,B2C,2026-04-28,7689.0,91.73,2025-04-23 00:00:00
849,Customer_849,B2C,2026-04-28,8391.0,442.42,2025-05-22 06:00:00
849,Customer_849,B2C,2026-04-28,9092.0,299.99,2025-06-20 11:00:00
850,Customer_850,B2C,2026-04-29,5529.0,74.18,2025-01-23 00:00:00
850,Customer_850,B2C,2026-04-29,5557.0,304.45,2025-01-24 04:00:00
850,Customer_850,B2C,2026-04-29,5891.0,173.75,2025-02-07 02:00:00
850,Customer_850,B2C,2026-04-29,8863.0,106.15,2025-06-10 22:00:00
851,Customer_851,B2B,2026-04-30,5869.0,126.09,2025-02-06 04:00:00
851,Customer_851,B2B,2026-04-30,6018.0,163.17,2025-02-12 09:00:00
851,Customer_851,B2B,2026-04-30,6530.0,40.35,2025-03-05 17:00:00
851,Customer_851,B2B,2026-04-30,8009.0,351.54,2025-05-06 08:00:00
851,Customer_851,B2B,2026-04-30,9035.0,365.21,2025-06-18 02:00:00
851,Customer_851,B2B,2026-04-30,9143.0,498.37,2025-06-22 14:00:00
851,Customer_851,B2B,2026-04-30,9926.0,466.75,2025-07-25 05:00:00
852,Customer_852,B2C,2026-05-01,6141.0,77.8,2025-02-17 12:00:00
852,Customer_852,B2C,2026-05-01,6206.0,131.82,2025-02-20 05:00:00
852,Customer_852,B2C,2026-05-01,6307.0,163.71,2025-02-24 10:00:00
852,Customer_852,B2C,2026-05-01,9006.0,363.1,2025-06-16 21:00:00
852,Customer_852,B2C,2026-05-01,9256.0,221.44,2025-06-27 07:00:00
852,Customer_852,B2C,2026-05-01,9711.0,309.63,2025-07-16 06:00:00
852,Customer_852,B2C,2026-05-01,9722.0,22.96,2025-07-16 17:00:00
853,Customer_853,B2B,2026-05-02,6009.0,135.53,2025-02-12 00:00:00
853,Customer_853,B2B,2026-05-02,6268.0,88.34,2025-02-22 19:00:00
853,Customer_853,B2B,2026-05-02,6604.0,29.76,2025-03-08 19:00:00
853,Customer_853,B2B,2026-05-02,8250.0,218.9,2025-05-16 09:00:00
853,Customer_853,B2B,2026-05-02,8803.0,355.2,2025-06-08 10:00:00
853,Customer_853,B2B,2026-05-02,9569.0,72.2,2025-07-10 08:00:00
853,Customer_853,B2B,2026-05-02,9852.0,196.18,2025-07-22 03:00:00
854,Customer_854,SMB,2026-05-03,5071.0,398.37,2025-01-03 22:00:00
854,Customer_854,SMB,2026-05-03,5154.0,360.86,2025-01-07 09:00:00
854,Customer_854,SMB,2026-05-03,5674.0,282.67,2025-01-29 01:00:00
854,Customer_854,SMB,2026-05-03,6124.0,131.91,2025-02-16 19:00:00
854,Customer_854,SMB,2026-05-03,6791.0,230.47,2025-03-16 14:00:00
854,Customer_854,SMB,2026-05-03,9848.0,112.55,2025-07-21 23:00:00
854,Customer_854,SMB,2026-05-03,9893.0,340.02,2025-07-23 20:00:00
854,Customer_854,SMB,2026-05-03,9939.0,497.2,2025-07-25 18:00:00
855,Customer_855,B2B,2026-05-04,7300.0,14.22,2025-04-06 19:00:00
855,Customer_855,B2B,2026-05-04,7735.0,476.33,2025-04-24 22:00:00
855,Customer_855,B2B,2026-05-04,7941.0,118.67,2025-05-03 12:00:00
855,Customer_855,B2B,2026-05-04,9613.0,409.86,2025-07-12 04:00:00
856,Customer_856,B2B,2026-05-05,5160.0,48.68,2025-01-07 15:00:00
856,Customer_856,B2B,2026-05-05,6719.0,91.43,2025-03-13 14:00:00
856,Customer_856,B2B,2026-05-05,7532.0,20.36,2025-04-16 11:00:00
856,Customer_856,B2B,2026-05-05,8065.0,247.69,2025-05-08 16:00:00
856,Customer_856,B2B,2026-05-05,9287.0,412.16,2025-06-28 14:00:00
856,Customer_856,B2B,2026-05-05,9541.0,225.97,2025-07-09 04:00:00
857,Customer_857,B2B,2026-05-06,9941.0,93.37,2025-07-25 20:00:00
858,Customer_858,B2C,2026-05-07,5616.0,270.62,2025-01-26 15:00:00
858,Customer_858,B2C,2026-05-07,6931.0,308.74,2025-03-22 10:00:00
859,Customer_859,B2C,2026-05-08,7960.0,366.31,2025-05-04 07:00:00
859,Customer_859,B2C,2026-05-08,8204.0,88.28,2025-05-14 11:00:00
859,Customer_859,B2C,2026-05-08,9915.0,227.36,2025-07-24 18:00:00
860,Customer_860,B2B,2026-05-09,5831.0,58.02,2025-02-04 14:00:00
860,Customer_860,B2B,2026-05-09,8519.0,291.25,2025-05-27 14:00:00
860,Customer_860,B2B,2026-05-09,9859.0,389.95,2025-07-22 10:00:00
861,Customer_861,B2C,2026-05-10,5642.0,312.38,2025-01-27 17:00:00
861,Customer_861,B2C,2026-05-10,6194.0,227.65,2025-02-19 17:00:00
861,Customer_861,B2C,2026-05-10,6213.0,13.42,2025-02-20 12:00:00
862,Customer_862,B2C,2026-05-11,5068.0,138.99,2025-01-03 19:00:00
862,Customer_862,B2C,2026-05-11,5851.0,197.25,2025-02-05 10:00:00
862,Customer_862,B2C,2026-05-11,6866.0,211.45,2025-03-19 17:00:00
862,Customer_862,B2C,2026-05-11,6968.0,26.84,2025-03-23 23:00:00
862,Customer_862,B2C,2026-05-11,7658.0,403.55,2025-04-21 17:00:00
863,Customer_863,B2C,2026-05-12,5110.0,88.73,2025-01-05 13:00:00
863,Customer_863,B2C,2026-05-12,5889.0,98.64,2025-02-07 00:00:00
863,Customer_863,B2C,2026-05-12,5995.0,85.35,2025-02-11 10:00:00
863,Customer_863,B2C,2026-05-12,7185.0,417.87,2025-04-02 00:00:00
863,Customer_863,B2C,2026-05-12,9277.0,87.56,2025-06-28 04:00:00
863,Customer_863,B2C,2026-05-12,9665.0,57.83,2025-07-14 08:00:00
864,Customer_864,B2C,2026-05-13,5001.0,50.31,2025-01-01 00:00:00
864,Customer_864,B2C,2026-05-13,6004.0,150.74,2025-02-11 19:00:00
864,Customer_864,B2C,2026-05-13,7299.0,80.5,2025-04-06 18:00:00
864,Customer_864,B2C,2026-05-13,8275.0,260.65,2025-05-17 10:00:00
864,Customer_864,B2C,2026-05-13,8733.0,363.96,2025-06-05 12:00:00
865,Customer_865,B2C,2026-05-14,5293.0,214.66,2025-01-13 04:00:00
865,Customer_865,B2C,2026-05-14,5974.0,107.34,2025-02-10 13:00:00
866,Customer_866,B2C,2026-05-15,5148.0,443.58,2025-01-07 03:00:00
866,Customer_866,B2C,2026-05-15,5666.0,406.86,2025-01-28 17:00:00
866,Customer_866,B2C,2026-05-15,6831.0,289.89,2025-03-18 06:00:00
866,Customer_866,B2C,2026-05-15,7546.0,453.9,2025-04-17 01:00:00
866,Customer_866,B2C,2026-05-15,7733.0,79.96,2025-04-24 20:00:00
866,Customer_866,B2C,2026-05-15,9080.0,315.42,2025-06-19 23:00:00
866,Customer_866,B2C,2026-05-15,9413.0,491.5,2025-07-03 20:00:00
867,Customer_867,B2B,2026-05-16,7768.0,104.74,2025-04-26 07:00:00
867,Customer_867,B2B,2026-05-16,8136.0,403.57,2025-05-11 15:00:00
868,Customer_868,B2B,2026-05-17,7463.0,214.81,2025-04-13 14:00:00
868,Customer_868,B2B,2026-05-17,7551.0,106.03,2025-04-17 06:00:00
868,Customer_868,B2B,2026-05-17,7626.0,485.36,2025-04-20 09:00:00
868,Customer_868,B2B,2026-05-17,8159.0,53.78,2025-05-12 14:00:00
869,Customer_869,SMB,2026-05-18,6425.0,335.02,2025-03-01 08:00:00
869,Customer_869,SMB,2026-05-18,6427.0,279.82,2025-03-01 10:00:00
869,Customer_869,SMB,2026-05-18,7387.0,483.15,2025-04-10 10:00:00
869,Customer_869,SMB,2026-05-18,7458.0,379.2,2025-04-13 09:00:00
869,Customer_869,SMB,2026-05-18,7894.0,498.46,2025-05-01 13:00:00
869,Customer_869,SMB,2026-05-18,8437.0,464.97,2025-05-24 04:00:00
870,Customer_870,SMB,2026-05-19,7391.0,343.32,2025-04-10 14:00:00
870,Customer_870,SMB,2026-05-19,7809.0,184.82,2025-04-28 00:00:00
870,Customer_870,SMB,2026-05-19,9060.0,374.77,2025-06-19 03:00:00
870,Customer_870,SMB,2026-05-19,9415.0,89.2,2025-07-03 22:00:00
871,Customer_871,B2C,2026-05-20,5939.0,249.21,2025-02-09 02:00:00
871,Customer_871,B2C,2026-05-20,6064.0,384.68,2025-02-14 07:00:00
871,Customer_871,B2C,2026-05-20,6336.0,127.99,2025-02-25 15:00:00
871,Customer_871,B2C,2026-05-20,6344.0,247.09,2025-02-25 23:00:00
871,Customer_871,B2C,2026-05-20,6794.0,497.76,2025-03-16 17:00:00
871,Customer_871,B2C,2026-05-20,7540.0,427.75,2025-04-16 19:00:00
871,Customer_871,B2C,2026-05-20,7869.0,474.31,2025-04-30 12:00:00
871,Customer_871,B2C,2026-05-20,8236.0,165.29,2025-05-15 19:00:00
871,Customer_871,B2C,2026-05-20,8259.0,125.43,2025-05-16 18:00:00
871,Customer_871,B2C,2026-05-20,8968.0,310.22,2025-06-15 07:00:00
871,Customer_871,B2C,2026-05-20,9228.0,249.72,2025-06-26 03:00:00
871,Customer_871,B2C,2026-05-20,9433.0,330.84,2025-07-04 16:00:00
872,Customer_872,B2B,2026-05-21,7470.0,73.16,2025-04-13 21:00:00
872,Customer_872,B2B,2026-05-21,9234.0,117.47,2025-06-26 09:00:00
873,Customer_873,B2C,2026-05-22,5795.0,212.93,2025-02-03 02:00:00
873,Customer_873,B2C,2026-05-22,6778.0,472.91,2025-03-16 01:00:00
873,Customer_873,B2C,2026-05-22,7517.0,160.47,2025-04-15 20:00:00
873,Customer_873,B2C,2026-05-22,8385.0,339.77,2025-05-22 00:00:00
873,Customer_873,B2C,2026-05-22,8640.0,385.42,2025-06-01 15:00:00
873,Customer_873,B2C,2026-05-22,9437.0,67.23,2025-07-04 20:00:00
874,Customer_874,B2C,2026-05-23,5186.0,37.25,2025-01-08 17:00:00
874,Customer_874,B2C,2026-05-23,6864.0,161.64,2025-03-19 15:00:00
874,Customer_874,B2C,2026-05-23,7702.0,115.58,2025-04-23 13:00:00
874,Customer_874,B2C,2026-05-23,8339.0,405.29,2025-05-20 02:00:00
874,Customer_874,B2C,2026-05-23,8713.0,167.15,2025-06-04 16:00:00
874,Customer_874,B2C,2026-05-23,8720.0,56.33,2025-06-04 23:00:00
874,Customer_874,B2C,2026-05-23,9310.0,179.46,2025-06-29 13:00:00
874,Customer_874,B2C,2026-05-23,9482.0,486.79,2025-07-06 17:00:00
874,Customer_874,B2C,2026-05-23,9586.0,193.23,2025-07-11 01:00:00
874,Customer_874,B2C,2026-05-23,9899.0,324.99,2025-07-24 02:00:00
875,Customer_875,B2B,2026-05-24,5310.0,341.15,2025-01-13 21:00:00
875,Customer_875,B2B,2026-05-24,6461.0,284.27,2025-03-02 20:00:00
875,Customer_875,B2B,2026-05-24,6523.0,46.7,2025-03-05 10:00:00
875,Customer_875,B2B,2026-05-24,6566.0,247.96,2025-03-07 05:00:00
875,Customer_875,B2B,2026-05-24,8745.0,144.61,2025-06-06 00:00:00
875,Customer_875,B2B,2026-05-24,8862.0,359.92,2025-06-10 21:00:00
876,Customer_876,B2B,2026-05-25,5048.0,99.59,2025-01-02 23:00:00
876,Customer_876,B2B,2026-05-25,6643.0,159.2,2025-03-10 10:00:00
876,Customer_876,B2B,2026-05-25,7770.0,210.26,2025-04-26 09:00:00
877,Customer_877,B2C,2026-05-26,5485.0,239.16,2025-01-21 04:00:00
877,Customer_877,B2C,2026-05-26,5732.0,403.48,2025-01-31 11:00:00
877,Customer_877,B2C,2026-05-26,5950.0,21.73,2025-02-09 13:00:00
877,Customer_877,B2C,2026-05-26,6181.0,193.66,2025-02-19 04:00:00
877,Customer_877,B2C,2026-05-26,6376.0,227.98,2025-02-27 07:00:00
877,Customer_877,B2C,2026-05-26,6934.0,378.38,2025-03-22 13:00:00
877,Customer_877,B2C,2026-05-26,7150.0,60.7,2025-03-31 13:00:00
877,Customer_877,B2C,2026-05-26,8175.0,467.39,2025-05-13 06:00:00
877,Customer_877,B2C,2026-05-26,9663.0,436.93,2025-07-14 06:00:00
877,Customer_877,B2C,2026-05-26,9998.0,342.98,2025-07-28 05:00:00
878,Customer_878,B2C,2026-05-27,7378.0,368.98,2025-04-10 01:00:00
878,Customer_878,B2C,2026-05-27,9292.0,16.68,2025-06-28 19:00:00
879,Customer_879,B2B,2026-05-28,8711.0,247.58,2025-06-04 14:00:00
879,Customer_879,B2B,2026-05-28,9149.0,281.55,2025-06-22 20:00:00
879,Customer_879,B2B,2026-05-28,9540.0,103.62,2025-07-09 03:00:00
879,Customer_879,B2B,2026-05-28,9874.0,297.97,2025-07-23 01:00:00
880,Customer_880,B2B,2026-05-29,5354.0,143.28,2025-01-15 17:00:00
880,Customer_880,B2B,2026-05-29,5504.0,113.06,2025-01-21 23:00:00
880,Customer_880,B2B,2026-05-29,6856.0,35.31,2025-03-19 07:00:00
880,Customer_880,B2B,2026-05-29,7076.0,102.23,2025-03-28 11:00:00
880,Customer_880,B2B,2026-05-29,8975.0,120.05,2025-06-15 14:00:00
881,Customer_881,B2B,2026-05-30,5457.0,324.34,2025-01-20 00:00:00
881,Customer_881,B2B,2026-05-30,6740.0,306.89,2025-03-14 11:00:00
881,Customer_881,B2B,2026-05-30,6910.0,430.58,2025-03-21 13:00:00
881,Customer_881,B2B,2026-05-30,8143.0,289.89,2025-05-11 22:00:00
881,Customer_881,B2B,2026-05-30,8493.0,440.34,2025-05-26 12:00:00
881,Customer_881,B2B,2026-05-30,8887.0,176.43,2025-06-11 22:00:00
881,Customer_881,B2B,2026-05-30,9397.0,447.95,2025-07-03 04:00:00
881,Customer_881,B2B,2026-05-30,9501.0,245.52,2025-07-07 12:00:00
882,Customer_882,B2C,2026-05-31,6341.0,53.98,2025-02-25 20:00:00
882,Customer_882,B2C,2026-05-31,7656.0,181.85,2025-04-21 15:00:00
882,Customer_882,B2C,2026-05-31,7717.0,299.52,2025-04-24 04:00:00
882,Customer_882,B2C,2026-05-31,7745.0,247.78,2025-04-25 08:00:00
882,Customer_882,B2C,2026-05-31,8307.0,270.86,2025-05-18 18:00:00
882,Customer_882,B2C,2026-05-31,8418.0,223.66,2025-05-23 09:00:00
882,Customer_882,B2C,2026-05-31,8534.0,462.38,2025-05-28 05:00:00
882,Customer_882,B2C,2026-05-31,8799.0,492.62,2025-06-08 06:00:00
882,Customer_882,B2C,2026-05-31,9172.0,275.77,2025-06-23 19:00:00
882,Customer_882,B2C,2026-05-31,9438.0,143.85,2025-07-04 21:00:00
882,Customer_882,B2C,2026-05-31,9809.0,229.19,2025-07-20 08:00:00
883,Customer_883,B2B,2026-06-01,9032.0,46.35,2025-06-17 23:00:00
883,Customer_883,B2B,2026-06-01,9486.0,355.48,2025-07-06 21:00:00
883,Customer_883,B2B,2026-06-01,9847.0,232.7,2025-07-21 22:00:00
883,Customer_883,B2B,2026-06-01,9851.0,259.76,2025-07-22 02:00:00
884,Customer_884,B2B,2026-06-02,6145.0,334.94,2025-02-17 16:00:00
884,Customer_884,B2B,2026-06-02,6282.0,144.25,2025-02-23 09:00:00
884,Customer_884,B2B,2026-06-02,7957.0,259.15,2025-05-04 04:00:00
884,Customer_884,B2B,2026-06-02,8591.0,227.09,2025-05-30 14:00:00
884,Customer_884,B2B,2026-06-02,8697.0,167.12,2025-06-04 00:00:00
884,Customer_884,B2B,2026-06-02,9037.0,67.6,2025-06-18 04:00:00
885,Customer_885,B2C,2026-06-03,6606.0,239.59,2025-03-08 21:00:00
885,Customer_885,B2C,2026-06-03,7828.0,317.97,2025-04-28 19:00:00
885,Customer_885,B2C,2026-06-03,8678.0,241.98,2025-06-03 05:00:00
885,Customer_885,B2C,2026-06-03,8789.0,232.93,2025-06-07 20:00:00
885,Customer_885,B2C,2026-06-03,9230.0,462.87,2025-06-26 05:00:00
886,Customer_886,B2B,2026-06-04,5727.0,280.66,2025-01-31 06:00:00
886,Customer_886,B2B,2026-06-04,5820.0,421.18,2025-02-04 03:00:00
886,Customer_886,B2B,2026-06-04,6885.0,75.55,2025-03-20 12:00:00
886,Customer_886,B2B,2026-06-04,7205.0,470.97,2025-04-02 20:00:00
886,Customer_886,B2B,2026-06-04,7266.0,368.62,2025-04-05 09:00:00
886,Customer_886,B2B,2026-06-04,7751.0,267.71,2025-04-25 14:00:00
886,Customer_886,B2B,2026-06-04,7944.0,49.23,2025-05-03 15:00:00
887,Customer_887,B2C,2026-06-05,5742.0,301.88,2025-01-31 21:00:00
887,Customer_887,B2C,2026-06-05,6199.0,14.86,2025-02-19 22:00:00
887,Customer_887,B2C,2026-06-05,6930.0,334.54,2025-03-22 09:00:00
887,Customer_887,B2C,2026-06-05,9643.0,103.73,2025-07-13 10:00:00
888,Customer_888,B2B,2026-06-06,9811.0,312.99,2025-07-20 10:00:00
889,Customer_889,B2B,2026-06-07,5046.0,146.54,2025-01-02 21:00:00
889,Customer_889,B2B,2026-06-07,5595.0,358.95,2025-01-25 18:00:00
889,Customer_889,B2B,2026-06-07,5887.0,210.74,2025-02-06 22:00:00
889,Customer_889,B2B,2026-06-07,7335.0,251.26,2025-04-08 06:00:00
889,Customer_889,B2B,2026-06-07,7930.0,197.97,2025-05-03 01:00:00
889,Customer_889,B2B,2026-06-07,7938.0,74.01,2025-05-03 09:00:00
889,Customer_889,B2B,2026-06-07,8908.0,197.93,2025-06-12 19:00:00
889,Customer_889,B2B,2026-06-07,8921.0,437.06,2025-06-13 08:00:00
890,Customer_890,B2B,2026-06-08,6967.0,269.07,2025-03-23 22:00:00
891,Customer_891,B2C,2026-06-09,5966.0,302.5,2025-02-10 05:00:00
891,Customer_891,B2C,2026-06-09,7050.0,446.51,2025-03-27 09:00:00
891,Customer_891,B2C,2026-06-09,7058.0,421.03,2025-03-27 17:00:00
891,Customer_891,B2C,2026-06-09,9097.0,378.68,2025-06-20 16:00:00
892,Customer_892,SMB,2026-06-10,6281.0,29.51,2025-02-23 08:00:00
892,Customer_892,SMB,2026-06-10,7627.0,20.77,2025-04-20 10:00:00
892,Customer_892,SMB,2026-06-10,9510.0,173.35,2025-07-07 21:00:00
893,Customer_893,SMB,2026-06-11,5769.0,20.81,2025-02-02 00:00:00
893,Customer_893,SMB,2026-06-11,8736.0,251.46,2025-06-05 15:00:00
893,Customer_893,SMB,2026-06-11,9576.0,193.07,2025-07-10 15:00:00
894,Customer_894,B2C,2026-06-12,5167.0,192.53,2025-01-07 22:00:00
894,Customer_894,B2C,2026-06-12,6217.0,175.29,2025-02-20 16:00:00
894,Customer_894,B2C,2026-06-12,6550.0,58.75,2025-03-06 13:00:00
894,Customer_894,B2C,2026-06-12,7317.0,213.66,2025-04-07 12:00:00
895,Customer_895,B2C,2026-06-13,6372.0,460.41,2025-02-27 03:00:00
895,Customer_895,B2C,2026-06-13,6644.0,491.64,2025-03-10 11:00:00
895,Customer_895,B2C,2026-06-13,7340.0,174.35,2025-04-08 11:00:00
895,Customer_895,B2C,2026-06-13,8938.0,48.39,2025-06-14 01:00:00
896,Customer_896,B2B,2026-06-14,7694.0,95.25,2025-04-23 05:00:00
896,Customer_896,B2B,2026-06-14,8100.0,167.08,2025-05-10 03:00:00
897,Customer_897,B2B,2026-06-15,6314.0,74.81,2025-02-24 17:00:00
897,Customer_897,B2B,2026-06-15,6958.0,390.18,2025-03-23 13:00:00
897,Customer_897,B2B,2026-06-15,7156.0,473.4,2025-03-31 19:00:00
897,Customer_897,B2B,2026-06-15,8521.0,282.79,2025-05-27 16:00:00
897,Customer_897,B2B,2026-06-15,9288.0,311.13,2025-06-28 15:00:00
898,Customer_898,SMB,2026-06-16,5431.0,175.35,2025-01-18 22:00:00
898,Customer_898,SMB,2026-06-16,6899.0,189.67,2025-03-21 02:00:00
898,Customer_898,SMB,2026-06-16,7933.0,305.86,2025-05-03 04:00:00
898,Customer_898,SMB,2026-06-16,8285.0,69.37,2025-05-17 20:00:00
898,Customer_898,SMB,2026-06-16,8845.0,290.48,2025-06-10 04:00:00
899,Customer_899,B2B,2026-06-17,5210.0,222.58,2025-01-09 17:00:00
899,Customer_899,B2B,2026-06-17,6973.0,277.26,2025-03-24 04:00:00
899,Customer_899,B2B,2026-06-17,7597.0,101.8,2025-04-19 04:00:00
899,Customer_899,B2B,2026-06-17,7846.0,437.95,2025-04-29 13:00:00
899,Customer_899,B2B,2026-06-17,8115.0,130.71,2025-05-10 18:00:00
899,Customer_899,B2B,2026-06-17,8157.0,429.94,2025-05-12 12:00:00
899,Customer_899,B2B,2026-06-17,9194.0,347.18,2025-06-24 17:00:00
900,Customer_900,B2B,2026-06-18,5934.0,350.53,2025-02-08 21:00:00
900,Customer_900,B2B,2026-06-18,8856.0,414.32,2025-06-10 15:00:00
900,Customer_900,B2B,2026-06-18,8872.0,336.23,2025-06-11 07:00:00
900,Customer_900,B2B,2026-06-18,9497.0,402.67,2025-07-07 08:00:00
900,Customer_900,B2B,2026-06-18,9808.0,384.17,2025-07-20 07:00:00
901,Customer_901,B2B,2026-06-19,5498.0,17.94,2025-01-21 17:00:00
901,Customer_901,B2B,2026-06-19,5847.0,494.86,2025-02-05 06:00:00
901,Customer_901,B2B,2026-06-19,7516.0,235.73,2025-04-15 19:00:00
901,Customer_901,B2B,2026-06-19,7596.0,40.82,2025-04-19 03:00:00
901,Customer_901,B2B,2026-06-19,8199.0,420.06,2025-05-14 06:00:00
901,Customer_901,B2B,2026-06-19,8308.0,158.65,2025-05-18 19:00:00
902,Customer_902,B2B,2026-06-20,7017.0,327.2,2025-03-26 00:00:00
902,Customer_902,B2B,2026-06-20,7051.0,230.03,2025-03-27 10:00:00
902,Customer_902,B2B,2026-06-20,7855.0,429.72,2025-04-29 22:00:00
902,Customer_902,B2B,2026-06-20,9197.0,131.13,2025-06-24 20:00:00
902,Customer_902,B2B,2026-06-20,9742.0,415.98,2025-07-17 13:00:00
903,Customer_903,B2B,2026-06-21,7479.0,359.69,2025-04-14 06:00:00
903,Customer_903,B2B,2026-06-21,7808.0,295.25,2025-04-27 23:00:00
903,Customer_903,B2B,2026-06-21,8542.0,445.98,2025-05-28 13:00:00
904,Customer_904,B2C,2026-06-22,6539.0,423.56,2025-03-06 02:00:00
904,Customer_904,B2C,2026-06-22,7292.0,257.96,2025-04-06 11:00:00
904,Customer_904,B2C,2026-06-22,8242.0,268.14,2025-05-16 01:00:00
904,Customer_904,B2C,2026-06-22,8621.0,113.16,2025-05-31 20:00:00
904,Customer_904,B2C,2026-06-22,9761.0,430.31,2025-07-18 08:00:00
905,Customer_905,B2C,2026-06-23,5343.0,221.34,2025-01-15 06:00:00
905,Customer_905,B2C,2026-06-23,6540.0,138.58,2025-03-06 03:00:00
905,Customer_905,B2C,2026-06-23,7346.0,194.15,2025-04-08 17:00:00
905,Customer_905,B2C,2026-06-23,7549.0,251.58,2025-04-17 04:00:00
905,Customer_905,B2C,2026-06-23,9273.0,108.23,2025-06-28 00:00:00
905,Customer_905,B2C,2026-06-23,9402.0,28.91,2025-07-03 09:00:00
905,Customer_905,B2C,2026-06-23,9974.0,18.84,2025-07-27 05:00:00
906,Customer_906,SMB,2026-06-24,5745.0,380.02,2025-02-01 00:00:00
906,Customer_906,SMB,2026-06-24,6104.0,306.11,2025-02-15 23:00:00
906,Customer_906,SMB,2026-06-24,7016.0,326.69,2025-03-25 23:00:00
906,Customer_906,SMB,2026-06-24,9185.0,370.62,2025-06-24 08:00:00
906,Customer_906,SMB,2026-06-24,9803.0,408.22,2025-07-20 02:00:00
907,Customer_907,SMB,2026-06-25,8305.0,479.31,2025-05-18 16:00:00
907,Customer_907,SMB,2026-06-25,8601.0,164.07,2025-05-31 00:00:00
907,Customer_907,SMB,2026-06-25,9568.0,10.12,2025-07-10 07:00:00
907,Customer_907,SMB,2026-06-25,9605.0,216.11,2025-07-11 20:00:00
908,Customer_908,B2C,2026-06-26,5280.0,68.14,2025-01-12 15:00:00
908,Customer_908,B2C,2026-06-26,6094.0,361.56,2025-02-15 13:00:00
908,Customer_908,B2C,2026-06-26,6323.0,110.0,2025-02-25 02:00:00
908,Customer_908,B2C,2026-06-26,6620.0,52.49,2025-03-09 11:00:00
908,Customer_908,B2C,2026-06-26,7271.0,187.15,2025-04-05 14:00:00
908,Customer_908,B2C,2026-06-26,7588.0,92.38,2025-04-18 19:00:00
908,Customer_908,B2C,2026-06-26,9515.0,369.03,2025-07-08 02:00:00
908,Customer_908,B2C,2026-06-26,9703.0,51.94,2025-07-15 22:00:00
909,Customer_909,B2B,2026-06-27,5597.0,134.7,2025-01-25 20:00:00
909,Customer_909,B2B,2026-06-27,6689.0,400.92,2025-03-12 08:00:00
909,Customer_909,B2B,2026-06-27,9119.0,377.16,2025-06-21 14:00:00
909,Customer_909,B2B,2026-06-27,9247.0,66.5,2025-06-26 22:00:00
910,Customer_910,B2C,2026-06-28,5176.0,255.74,2025-01-08 07:00:00
910,Customer_910,B2C,2026-06-28,6380.0,288.79,2025-02-27 11:00:00
910,Customer_910,B2C,2026-06-28,8127.0,350.12,2025-05-11 06:00:00
910,Customer_910,B2C,2026-06-28,8607.0,358.45,2025-05-31 06:00:00
911,Customer_911,B2C,2026-06-29,5667.0,295.73,2025-01-28 18:00:00
911,Customer_911,B2C,2026-06-29,5770.0,491.44,2025-02-02 01:00:00
911,Customer_911,B2C,2026-06-29,6895.0,114.64,2025-03-20 22:00:00
911,Customer_911,B2C,2026-06-29,7269.0,322.28,2025-04-05 12:00:00
911,Customer_911,B2C,2026-06-29,9953.0,100.91,2025-07-26 08:00:00
912,Customer_912,B2B,2026-06-30,8414.0,304.83,2025-05-23 05:00:00
912,Customer_912,B2B,2026-06-30,8482.0,335.18,2025-05-26 01:00:00
912,Customer_912,B2B,2026-06-30,8708.0,48.83,2025-06-04 11:00:00
913,Customer_913,B2C,2026-07-01,5364.0,206.1,2025-01-16 03:00:00
913,Customer_913,B2C,2026-07-01,7895.0,220.87,2025-05-01 14:00:00
913,Customer_913,B2C,2026-07-01,7937.0,483.35,2025-05-03 08:00:00
913,Customer_913,B2C,2026-07-01,8851.0,96.1,2025-06-10 10:00:00
913,Customer_913,B2C,2026-07-01,9280.0,349.01,2025-06-28 07:00:00
914,Customer_914,B2C,2026-07-02,5554.0,255.14,2025-01-24 01:00:00
914,Customer_914,B2C,2026-07-02,7530.0,110.93,2025-04-16 09:00:00
914,Customer_914,B2C,2026-07-02,9190.0,373.4,2025-06-24 13:00:00
915,Customer_915,B2C,2026-07-03,5278.0,158.61,2025-01-12 13:00:00
915,Customer_915,B2C,2026-07-03,5340.0,418.14,2025-01-15 03:00:00
915,Customer_915,B2C,2026-07-03,5690.0,69.02,2025-01-29 17:00:00
915,Customer_915,B2C,2026-07-03,6742.0,23.28,2025-03-14 13:00:00
915,Customer_915,B2C,2026-07-03,7688.0,307.29,2025-04-22 23:00:00
915,Customer_915,B2C,2026-07-03,7838.0,146.17,2025-04-29 05:00:00
915,Customer_915,B2C,2026-07-03,7867.0,223.67,2025-04-30 10:00:00
915,Customer_915,B2C,2026-07-03,9214.0,357.3,2025-06-25 13:00:00
916,Customer_916,B2C,2026-07-04,5713.0,327.9,2025-01-30 16:00:00
916,Customer_916,B2C,2026-07-04,5962.0,21.06,2025-02-10 01:00:00
916,Customer_916,B2C,2026-07-04,7315.0,317.73,2025-04-07 10:00:00
916,Customer_916,B2C,2026-07-04,7510.0,173.68,2025-04-15 13:00:00
916,Customer_916,B2C,2026-07-04,8489.0,367.47,2025-05-26 08:00:00
917,Customer_917,B2B,2026-07-05,6844.0,483.7,2025-03-18 19:00:00
917,Customer_917,B2B,2026-07-05,8286.0,51.85,2025-05-17 21:00:00
917,Customer_917,B2B,2026-07-05,9070.0,225.81,2025-06-19 13:00:00
917,Customer_917,B2B,2026-07-05,9631.0,264.88,2025-07-12 22:00:00
918,Customer_918,SMB,2026-07-06,5440.0,203.34,2025-01-19 07:00:00
918,Customer_918,SMB,2026-07-06,7430.0,466.81,2025-04-12 05:00:00
918,Customer_918,SMB,2026-07-06,7782.0,150.28,2025-04-26 21:00:00
918,Customer_918,SMB,2026-07-06,8749.0,418.17,2025-06-06 04:00:00
918,Customer_918,SMB,2026-07-06,8796.0,276.79,2025-06-08 03:00:00
918,Customer_918,SMB,2026-07-06,9537.0,270.83,2025-07-09 00:00:00
918,Customer_918,SMB,2026-07-06,9646.0,194.85,2025-07-13 13:00:00
919,Customer_919,B2C,2026-07-07,8505.0,341.78,2025-05-27 00:00:00
919,Customer_919,B2C,2026-07-07,9171.0,467.5,2025-06-23 18:00:00
920,Customer_920,B2B,2026-07-08,5569.0,343.02,2025-01-24 16:00:00
920,Customer_920,B2B,2026-07-08,6796.0,273.73,2025-03-16 19:00:00
920,Customer_920,B2B,2026-07-08,6881.0,24.87,2025-03-20 08:00:00
920,Customer_920,B2B,2026-07-08,8209.0,487.79,2025-05-14 16:00:00
921,Customer_921,SMB,2026-07-09,5579.0,367.1,2025-01-25 02:00:00
921,Customer_921,SMB,2026-07-09,6246.0,103.16,2025-02-21 21:00:00
921,Customer_921,SMB,2026-07-09,8561.0,349.36,2025-05-29 08:00:00
921,Customer_921,SMB,2026-07-09,9477.0,399.25,2025-07-06 12:00:00
922,Customer_922,B2C,2026-07-10,5651.0,52.16,2025-01-28 02:00:00
922,Customer_922,B2C,2026-07-10,7403.0,206.17,2025-04-11 02:00:00
922,Customer_922,B2C,2026-07-10,7455.0,489.68,2025-04-13 06:00:00
922,Customer_922,B2C,2026-07-10,8120.0,134.07,2025-05-10 23:00:00
922,Customer_922,B2C,2026-07-10,8220.0,232.17,2025-05-15 03:00:00
923,Customer_923,SMB,2026-07-11,5618.0,497.83,2025-01-26 17:00:00
923,Customer_923,SMB,2026-07-11,6741.0,219.89,2025-03-14 12:00:00
923,Customer_923,SMB,2026-07-11,8660.0,360.2,2025-06-02 11:00:00
924,Customer_924,B2C,2026-07-12,6975.0,348.91,2025-03-24 06:00:00
924,Customer_924,B2C,2026-07-12,7162.0,80.5,2025-04-01 01:00:00
924,Customer_924,B2C,2026-07-12,9227.0,472.93,2025-06-26 02:00:00
925,Customer_925,B2C,2026-07-13,6732.0,363.02,2025-03-14 03:00:00
925,Customer_925,B2C,2026-07-13,6946.0,251.08,2025-03-23 01:00:00
925,Customer_925,B2C,2026-07-13,7233.0,139.93,2025-04-04 00:00:00
925,Customer_925,B2C,2026-07-13,8190.0,46.3,2025-05-13 21:00:00
925,Customer_925,B2C,2026-07-13,8573.0,148.51,2025-05-29 20:00:00
925,Customer_925,B2C,2026-07-13,9857.0,75.42,2025-07-22 08:00:00
926,Customer_926,B2B,2026-07-14,5025.0,187.09,2025-01-02 00:00:00
926,Customer_926,B2B,2026-07-14,6900.0,201.55,2025-03-21 03:00:00
926,Customer_926,B2B,2026-07-14,7158.0,157.78,2025-03-31 21:00:00
926,Customer_926,B2B,2026-07-14,7749.0,194.33,2025-04-25 12:00:00
926,Customer_926,B2B,2026-07-14,8618.0,243.27,2025-05-31 17:00:00
926,Customer_926,B2B,2026-07-14,8706.0,10.2,2025-06-04 09:00:00
927,Customer_927,B2B,2026-07-15,6833.0,78.33,2025-03-18 08:00:00
927,Customer_927,B2B,2026-07-15,7086.0,181.31,2025-03-28 21:00:00
927,Customer_927,B2B,2026-07-15,8097.0,127.29,2025-05-10 00:00:00
928,Customer_928,B2C,2026-07-16,5398.0,435.52,2025-01-17 13:00:00
929,Customer_929,B2C,2026-07-17,7061.0,279.78,2025-03-27 20:00:00
929,Customer_929,B2C,2026-07-17,8839.0,89.62,2025-06-09 22:00:00
929,Customer_929,B2C,2026-07-17,8946.0,73.59,2025-06-14 09:00:00
930,Customer_930,B2B,2026-07-18,5884.0,417.01,2025-02-06 19:00:00
930,Customer_930,B2B,2026-07-18,7105.0,408.3,2025-03-29 16:00:00
930,Customer_930,B2B,2026-07-18,7343.0,319.46,2025-04-08 14:00:00
930,Customer_930,B2B,2026-07-18,7415.0,404.51,2025-04-11 14:00:00
930,Customer_930,B2B,2026-07-18,7524.0,483.1,2025-04-16 03:00:00
930,Customer_930,B2B,2026-07-18,7734.0,200.82,2025-04-24 21:00:00
930,Customer_930,B2B,2026-07-18,7935.0,211.3,2025-05-03 06:00:00
930,Customer_930,B2B,2026-07-18,9076.0,491.96,2025-06-19 19:00:00
930,Customer_930,B2B,2026-07-18,9290.0,252.07,2025-06-28 17:00:00
930,Customer_930,B2B,2026-07-18,9710.0,188.9,2025-07-16 05:00:00
931,Customer_931,B2B,2026-07-19,5804.0,306.14,2025-02-03 11:00:00
931,Customer_931,B2B,2026-07-19,8093.0,53.5,2025-05-09 20:00:00
931,Customer_931,B2B,2026-07-19,8434.0,127.95,2025-05-24 01:00:00
932,Customer_932,SMB,2026-07-20,5044.0,289.73,2025-01-02 19:00:00
932,Customer_932,SMB,2026-07-20,6411.0,479.0,2025-02-28 18:00:00
932,Customer_932,SMB,2026-07-20,7888.0,274.2,2025-05-01 07:00:00
932,Customer_932,SMB,2026-07-20,8512.0,99.63,2025-05-27 07:00:00
932,Customer_932,SMB,2026-07-20,8646.0,65.18,2025-06-01 21:00:00
932,Customer_932,SMB,2026-07-20,8905.0,457.77,2025-06-12 16:00:00
933,Customer_933,SMB,2026-07-21,5421.0,34.78,2025-01-18 12:00:00
933,Customer_933,SMB,2026-07-21,7087.0,302.21,2025-03-28 22:00:00
933,Customer_933,SMB,2026-07-21,8297.0,19.51,2025-05-18 08:00:00
933,Customer_933,SMB,2026-07-21,8858.0,276.27,2025-06-10 17:00:00
933,Customer_933,SMB,2026-07-21,9509.0,245.75,2025-07-07 20:00:00
934,Customer_934,B2C,2026-07-22,5179.0,334.34,2025-01-08 10:00:00
934,Customer_934,B2C,2026-07-22,9903.0,481.47,2025-07-24 06:00:00
935,Customer_935,B2B,2026-07-23,5375.0,315.15,2025-01-16 14:00:00
935,Customer_935,B2B,2026-07-23,5781.0,197.78,2025-02-02 12:00:00
935,Customer_935,B2B,2026-07-23,6062.0,430.76,2025-02-14 05:00:00
935,Customer_935,B2B,2026-07-23,7862.0,257.51,2025-04-30 05:00:00
935,Customer_935,B2B,2026-07-23,8506.0,391.47,2025-05-27 01:00:00
935,Customer_935,B2B,2026-07-23,8760.0,330.9,2025-06-06 15:00:00
936,Customer_936,B2B,2026-07-24,5417.0,143.03,2025-01-18 08:00:00
936,Customer_936,B2B,2026-07-24,5576.0,320.52,2025-01-24 23:00:00
936,Customer_936,B2B,2026-07-24,6073.0,68.78,2025-02-14 16:00:00
936,Customer_936,B2B,2026-07-24,7186.0,495.9,2025-04-02 01:00:00
936,Customer_936,B2B,2026-07-24,7191.0,492.94,2025-04-02 06:00:00
936,Customer_936,B2B,2026-07-24,9642.0,42.29,2025-07-13 09:00:00
937,Customer_937,B2B,2026-07-25,5080.0,29.63,2025-01-04 07:00:00
937,Customer_937,B2B,2026-07-25,5192.0,443.45,2025-01-08 23:00:00
937,Customer_937,B2B,2026-07-25,6462.0,430.39,2025-03-02 21:00:00
937,Customer_937,B2B,2026-07-25,6657.0,202.94,2025-03-11 00:00:00
937,Customer_937,B2B,2026-07-25,6820.0,177.61,2025-03-17 19:00:00
937,Customer_937,B2B,2026-07-25,6999.0,65.13,2025-03-25 06:00:00
937,Customer_937,B2B,2026-07-25,7329.0,287.27,2025-04-08 00:00:00
937,Customer_937,B2B,2026-07-25,8941.0,114.3,2025-06-14 04:00:00
937,Customer_937,B2B,2026-07-25,9173.0,268.45,2025-06-23 20:00:00
937,Customer_937,B2B,2026-07-25,9793.0,416.72,2025-07-19 16:00:00
938,Customer_938,SMB,2026-07-26,5149.0,372.14,2025-01-07 04:00:00
938,Customer_938,SMB,2026-07-26,5540.0,49.98,2025-01-23 11:00:00
938,Customer_938,SMB,2026-07-26,8142.0,154.4,2025-05-11 21:00:00
938,Customer_938,SMB,2026-07-26,8570.0,146.29,2025-05-29 17:00:00
938,Customer_938,SMB,2026-07-26,8874.0,235.45,2025-06-11 09:00:00
939,Customer_939,B2B,2026-07-27,5203.0,68.75,2025-01-09 10:00:00
939,Customer_939,B2B,2026-07-27,8628.0,461.89,2025-06-01 03:00:00
939,Customer_939,B2B,2026-07-27,8679.0,310.45,2025-06-03 06:00:00
939,Customer_939,B2B,2026-07-27,9271.0,284.74,2025-06-27 22:00:00
940,Customer_940,B2C,2026-07-28,5108.0,224.71,2025-01-05 11:00:00
940,Customer_940,B2C,2026-07-28,5206.0,151.09,2025-01-09 13:00:00
940,Customer_940,B2C,2026-07-28,5744.0,470.39,2025-01-31 23:00:00
940,Customer_940,B2C,2026-07-28,5998.0,286.65,2025-02-11 13:00:00
940,Customer_940,B2C,2026-07-28,6071.0,326.41,2025-02-14 14:00:00
940,Customer_940,B2C,2026-07-28,6174.0,43.13,2025-02-18 21:00:00
940,Customer_940,B2C,2026-07-28,8813.0,340.35,2025-06-08 20:00:00
940,Customer_940,B2C,2026-07-28,8893.0,272.84,2025-06-12 04:00:00
940,Customer_940,B2C,2026-07-28,8951.0,307.28,2025-06-14 14:00:00
940,Customer_940,B2C,2026-07-28,9067.0,261.58,2025-06-19 10:00:00
941,Customer_941,B2B,2026-07-29,5451.0,343.05,2025-01-19 18:00:00
941,Customer_941,B2B,2026-07-29,5856.0,324.49,2025-02-05 15:00:00
941,Customer_941,B2B,2026-07-29,6631.0,469.71,2025-03-09 22:00:00
941,Customer_941,B2B,2026-07-29,7171.0,91.76,2025-04-01 10:00:00
941,Customer_941,B2B,2026-07-29,7529.0,382.16,2025-04-16 08:00:00
941,Customer_941,B2B,2026-07-29,8221.0,494.75,2025-05-15 04:00:00
942,Customer_942,B2C,2026-07-30,5220.0,287.64,2025-01-10 03:00:00
942,Customer_942,B2C,2026-07-30,6020.0,112.75,2025-02-12 11:00:00
942,Customer_942,B2C,2026-07-30,7275.0,409.87,2025-04-05 18:00:00
942,Customer_942,B2C,2026-07-30,9657.0,195.94,2025-07-14 00:00:00
942,Customer_942,B2C,2026-07-30,9687.0,173.15,2025-07-15 06:00:00
943,Customer_943,B2C,2026-07-31,5093.0,387.03,2025-01-04 20:00:00
943,Customer_943,B2C,2026-07-31,5496.0,282.53,2025-01-21 15:00:00
943,Customer_943,B2C,2026-07-31,8058.0,366.96,2025-05-08 09:00:00
944,Customer_944,SMB,2026-08-01,5613.0,96.68,2025-01-26 12:00:00
944,Customer_944,SMB,2026-08-01,7026.0,353.73,2025-03-26 09:00:00
944,Customer_944,SMB,2026-08-01,8806.0,426.3,2025-06-08 13:00:00
944,Customer_944,SMB,2026-08-01,9311.0,185.34,2025-06-29 14:00:00
944,Customer_944,SMB,2026-08-01,9556.0,335.05,2025-07-09 19:00:00
944,Customer_944,SMB,2026-08-01,9975.0,282.95,2025-07-27 06:00:00
945,Customer_945,B2B,2026-08-02,6747.0,222.09,2025-03-14 18:00:00
945,Customer_945,B2B,2026-08-02,7000.0,370.6,2025-03-25 07:00:00
945,Customer_945,B2B,2026-08-02,7263.0,423.04,2025-04-05 06:00:00
946,Customer_946,B2B,2026-08-03,8683.0,411.52,2025-06-03 10:00:00
946,Customer_946,B2B,2026-08-03,9084.0,173.02,2025-06-20 03:00:00
946,Customer_946,B2B,2026-08-03,9388.0,79.03,2025-07-02 19:00:00
947,Customer_947,B2B,2026-08-04,8230.0,404.5,2025-05-15 13:00:00
947,Customer_947,B2B,2026-08-04,9518.0,132.48,2025-07-08 05:00:00
948,Customer_948,SMB,2026-08-05,5487.0,211.48,2025-01-21 06:00:00
948,Customer_948,SMB,2026-08-05,6170.0,423.5,2025-02-18 17:00:00
948,Customer_948,SMB,2026-08-05,6348.0,89.23,2025-02-26 03:00:00
948,Customer_948,SMB,2026-08-05,7111.0,37.54,2025-03-29 22:00:00
948,Customer_948,SMB,2026-08-05,7356.0,215.27,2025-04-09 03:00:00
948,Customer_948,SMB,2026-08-05,7813.0,335.37,2025-04-28 04:00:00
948,Customer_948,SMB,2026-08-05,9458.0,388.4,2025-07-05 17:00:00
948,Customer_948,SMB,2026-08-05,9565.0,67.79,2025-07-10 04:00:00
948,Customer_948,SMB,2026-08-05,9938.0,489.22,2025-07-25 17:00:00
949,Customer_949,SMB,2026-08-06,5608.0,200.48,2025-01-26 07:00:00
949,Customer_949,SMB,2026-08-06,6736.0,20.7,2025-03-14 07:00:00
949,Customer_949,SMB,2026-08-06,6819.0,292.48,2025-03-17 18:00:00
949,Customer_949,SMB,2026-08-06,8868.0,190.18,2025-06-11 03:00:00
949,Customer_949,SMB,2026-08-06,9776.0,221.58,2025-07-18 23:00:00
950,Customer_950,B2C,2026-08-07,5254.0,234.39,2025-01-11 13:00:00
950,Customer_950,B2C,2026-08-07,6464.0,223.34,2025-03-02 23:00:00
950,Customer_950,B2C,2026-08-07,7996.0,14.16,2025-05-05 19:00:00
950,Customer_950,B2C,2026-08-07,8627.0,121.77,2025-06-01 02:00:00
950,Customer_950,B2C,2026-08-07,8929.0,216.24,2025-06-13 16:00:00
950,Customer_950,B2C,2026-08-07,9771.0,433.47,2025-07-18 18:00:00
951,Customer_951,B2C,2026-08-08,5584.0,75.94,2025-01-25 07:00:00
951,Customer_951,B2C,2026-08-08,5799.0,118.04,2025-02-03 06:00:00
951,Customer_951,B2C,2026-08-08,6351.0,373.37,2025-02-26 06:00:00
951,Customer_951,B2C,2026-08-08,8873.0,150.25,2025-06-11 08:00:00
951,Customer_951,B2C,2026-08-08,8933.0,63.58,2025-06-13 20:00:00
951,Customer_951,B2C,2026-08-08,9558.0,147.43,2025-07-09 21:00:00
951,Customer_951,B2C,2026-08-08,9668.0,280.15,2025-07-14 11:00:00
952,Customer_952,B2C,2026-08-09,5664.0,310.68,2025-01-28 15:00:00
952,Customer_952,B2C,2026-08-09,6951.0,136.47,2025-03-23 06:00:00
952,Customer_952,B2C,2026-08-09,7924.0,246.42,2025-05-02 19:00:00
952,Customer_952,B2C,2026-08-09,9632.0,188.76,2025-07-12 23:00:00
953,Customer_953,B2B,2026-08-10,5635.0,254.98,2025-01-27 10:00:00
953,Customer_953,B2B,2026-08-10,6674.0,215.47,2025-03-11 17:00:00
953,Customer_953,B2B,2026-08-10,8054.0,384.41,2025-05-08 05:00:00
953,Customer_953,B2B,2026-08-10,8667.0,448.59,2025-06-02 18:00:00
953,Customer_953,B2B,2026-08-10,9951.0,458.81,2025-07-26 06:00:00
954,Customer_954,SMB,2026-08-11,6079.0,171.12,2025-02-14 22:00:00
954,Customer_954,SMB,2026-08-11,6404.0,109.99,2025-02-28 11:00:00
954,Customer_954,SMB,2026-08-11,7142.0,153.2,2025-03-31 05:00:00
954,Customer_954,SMB,2026-08-11,7436.0,254.49,2025-04-12 11:00:00
954,Customer_954,SMB,2026-08-11,8246.0,237.53,2025-05-16 05:00:00
954,Customer_954,SMB,2026-08-11,9522.0,248.17,2025-07-08 09:00:00
955,Customer_955,B2C,2026-08-12,5374.0,98.78,2025-01-16 13:00:00
955,Customer_955,B2C,2026-08-12,6787.0,480.77,2025-03-16 10:00:00
955,Customer_955,B2C,2026-08-12,6957.0,62.04,2025-03-23 12:00:00
955,Customer_955,B2C,2026-08-12,7959.0,424.21,2025-05-04 06:00:00
955,Customer_955,B2C,2026-08-12,8180.0,11.88,2025-05-13 11:00:00
955,Customer_955,B2C,2026-08-12,9932.0,98.8,2025-07-25 11:00:00
956,Customer_956,B2C,2026-08-13,5395.0,487.6,2025-01-17 10:00:00
956,Customer_956,B2C,2026-08-13,7184.0,289.05,2025-04-01 23:00:00
956,Customer_956,B2C,2026-08-13,7562.0,339.31,2025-04-17 17:00:00
956,Customer_956,B2C,2026-08-13,9786.0,239.2,2025-07-19 09:00:00
956,Customer_956,B2C,2026-08-13,9948.0,369.33,2025-07-26 03:00:00
957,Customer_957,B2C,2026-08-14,6232.0,171.78,2025-02-21 07:00:00
957,Customer_957,B2C,2026-08-14,7019.0,328.59,2025-03-26 02:00:00
958,Customer_958,B2B,2026-08-15,5625.0,344.27,2025-01-27 00:00:00
958,Customer_958,B2B,2026-08-15,6049.0,424.6,2025-02-13 16:00:00
958,Customer_958,B2B,2026-08-15,7805.0,127.72,2025-04-27 20:00:00
958,Customer_958,B2B,2026-08-15,7836.0,349.77,2025-04-29 03:00:00
958,Customer_958,B2B,2026-08-15,8463.0,279.84,2025-05-25 06:00:00
958,Customer_958,B2B,2026-08-15,8743.0,73.23,2025-06-05 22:00:00
959,Customer_959,B2B,2026-08-16,5224.0,170.13,2025-01-10 07:00:00
959,Customer_959,B2B,2026-08-16,7630.0,155.63,2025-04-20 13:00:00
959,Customer_959,B2B,2026-08-16,8021.0,191.54,2025-05-06 20:00:00
960,Customer_960,B2C,2026-08-17,5711.0,408.72,2025-01-30 14:00:00
960,Customer_960,B2C,2026-08-17,7144.0,183.73,2025-03-31 07:00:00
960,Customer_960,B2C,2026-08-17,7772.0,35.83,2025-04-26 11:00:00
960,Customer_960,B2C,2026-08-17,7991.0,80.77,2025-05-05 14:00:00
960,Customer_960,B2C,2026-08-17,8158.0,213.4,2025-05-12 13:00:00
960,Customer_960,B2C,2026-08-17,9364.0,358.92,2025-07-01 19:00:00
961,Customer_961,B2B,2026-08-18,6228.0,194.66,2025-02-21 03:00:00
961,Customer_961,B2B,2026-08-18,6628.0,471.25,2025-03-09 19:00:00
961,Customer_961,B2B,2026-08-18,6774.0,165.06,2025-03-15 21:00:00
961,Customer_961,B2B,2026-08-18,7647.0,54.31,2025-04-21 06:00:00
962,Customer_962,B2C,2026-08-19,6537.0,32.12,2025-03-06 00:00:00
962,Customer_962,B2C,2026-08-19,7495.0,272.49,2025-04-14 22:00:00
962,Customer_962,B2C,2026-08-19,7796.0,288.92,2025-04-27 11:00:00
962,Customer_962,B2C,2026-08-19,8067.0,411.0,2025-05-08 18:00:00
962,Customer_962,B2C,2026-08-19,8205.0,90.39,2025-05-14 12:00:00
963,Customer_963,B2B,2026-08-20,5257.0,133.9,2025-01-11 16:00:00
963,Customer_963,B2B,2026-08-20,5645.0,71.52,2025-01-27 20:00:00
963,Customer_963,B2B,2026-08-20,7725.0,383.47,2025-04-24 12:00:00
963,Customer_963,B2B,2026-08-20,8854.0,228.88,2025-06-10 13:00:00
963,Customer_963,B2B,2026-08-20,9681.0,318.27,2025-07-15 00:00:00
963,Customer_963,B2B,2026-08-20,9788.0,378.96,2025-07-19 11:00:00
964,Customer_964,B2C,2026-08-21,5949.0,369.96,2025-02-09 12:00:00
964,Customer_964,B2C,2026-08-21,6106.0,416.07,2025-02-16 01:00:00
964,Customer_964,B2C,2026-08-21,6826.0,14.45,2025-03-18 01:00:00
964,Customer_964,B2C,2026-08-21,6830.0,483.81,2025-03-18 05:00:00
964,Customer_964,B2C,2026-08-21,6903.0,402.07,2025-03-21 06:00:00
964,Customer_964,B2C,2026-08-21,7014.0,41.99,2025-03-25 21:00:00
964,Customer_964,B2C,2026-08-21,7125.0,458.27,2025-03-30 12:00:00
964,Customer_964,B2C,2026-08-21,9117.0,263.64,2025-06-21 12:00:00
964,Customer_964,B2C,2026-08-21,9918.0,355.41,2025-07-24 21:00:00
965,Customer_965,B2B,2026-08-22,5363.0,473.91,2025-01-16 02:00:00
965,Customer_965,B2B,2026-08-22,5488.0,219.47,2025-01-21 07:00:00
965,Customer_965,B2B,2026-08-22,5803.0,39.2,2025-02-03 10:00:00
965,Customer_965,B2B,2026-08-22,7211.0,141.32,2025-04-03 02:00:00
966,Customer_966,B2C,2026-08-23,5948.0,149.96,2025-02-09 11:00:00
966,Customer_966,B2C,2026-08-23,6357.0,91.45,2025-02-26 12:00:00
966,Customer_966,B2C,2026-08-23,6484.0,299.94,2025-03-03 19:00:00
966,Customer_966,B2C,2026-08-23,6658.0,308.02,2025-03-11 01:00:00
966,Customer_966,B2C,2026-08-23,6914.0,163.29,2025-03-21 17:00:00
966,Customer_966,B2C,2026-08-23,6995.0,472.06,2025-03-25 02:00:00
966,Customer_966,B2C,2026-08-23,8184.0,65.49,2025-05-13 15:00:00
966,Customer_966,B2C,2026-08-23,8795.0,253.18,2025-06-08 02:00:00
966,Customer_966,B2C,2026-08-23,9066.0,348.41,2025-06-19 09:00:00
966,Customer_966,B2C,2026-08-23,9626.0,497.94,2025-07-12 17:00:00
966,Customer_966,B2C,2026-08-23,9714.0,62.9,2025-07-16 09:00:00
967,Customer_967,B2C,2026-08-24,5372.0,68.99,2025-01-16 11:00:00
967,Customer_967,B2C,2026-08-24,5565.0,351.94,2025-01-24 12:00:00
967,Customer_967,B2C,2026-08-24,6074.0,162.91,2025-02-14 17:00:00
967,Customer_967,B2C,2026-08-24,9036.0,448.43,2025-06-18 03:00:00
967,Customer_967,B2C,2026-08-24,9807.0,263.39,2025-07-20 06:00:00
968,Customer_968,B2B,2026-08-25,5033.0,476.21,2025-01-02 08:00:00
968,Customer_968,B2B,2026-08-25,5757.0,485.76,2025-02-01 12:00:00
968,Customer_968,B2B,2026-08-25,5844.0,264.1,2025-02-05 03:00:00
968,Customer_968,B2B,2026-08-25,9324.0,234.04,2025-06-30 03:00:00
968,Customer_968,B2B,2026-08-25,9946.0,486.39,2025-07-26 01:00:00
969,Customer_969,B2C,2026-08-26,7133.0,124.11,2025-03-30 20:00:00
969,Customer_969,B2C,2026-08-26,7707.0,422.84,2025-04-23 18:00:00
969,Customer_969,B2C,2026-08-26,9727.0,298.02,2025-07-16 22:00:00
969,Customer_969,B2C,2026-08-26,9762.0,252.54,2025-07-18 09:00:00
969,Customer_969,B2C,2026-08-26,9994.0,54.61,2025-07-28 01:00:00
970,Customer_970,B2C,2026-08-27,5085.0,239.35,2025-01-04 12:00:00
970,Customer_970,B2C,2026-08-27,5125.0,388.66,2025-01-06 04:00:00
970,Customer_970,B2C,2026-08-27,5236.0,372.04,2025-01-10 19:00:00
970,Customer_970,B2C,2026-08-27,6138.0,441.16,2025-02-17 09:00:00
970,Customer_970,B2C,2026-08-27,6597.0,341.44,2025-03-08 12:00:00
970,Customer_970,B2C,2026-08-27,7108.0,392.92,2025-03-29 19:00:00
970,Customer_970,B2C,2026-08-27,7298.0,383.56,2025-04-06 17:00:00
970,Customer_970,B2C,2026-08-27,7667.0,61.84,2025-04-22 02:00:00
970,Customer_970,B2C,2026-08-27,8290.0,229.94,2025-05-18 01:00:00
970,Customer_970,B2C,2026-08-27,9782.0,394.69,2025-07-19 05:00:00
971,Customer_971,B2C,2026-08-28,5023.0,246.76,2025-01-01 22:00:00
971,Customer_971,B2C,2026-08-28,6907.0,140.73,2025-03-21 10:00:00
971,Customer_971,B2C,2026-08-28,9116.0,268.63,2025-06-21 11:00:00
972,Customer_972,SMB,2026-08-29,6751.0,444.84,2025-03-14 22:00:00
972,Customer_972,SMB,2026-08-29,7098.0,73.63,2025-03-29 09:00:00
972,Customer_972,SMB,2026-08-29,7907.0,407.62,2025-05-02 02:00:00
972,Customer_972,SMB,2026-08-29,8152.0,452.6,2025-05-12 07:00:00
972,Customer_972,SMB,2026-08-29,8445.0,417.31,2025-05-24 12:00:00
972,Customer_972,SMB,2026-08-29,9115.0,442.59,2025-06-21 10:00:00
972,Customer_972,SMB,2026-08-29,9630.0,468.7,2025-07-12 21:00:00
973,Customer_973,B2C,2026-08-30,5654.0,296.94,2025-01-28 05:00:00
973,Customer_973,B2C,2026-08-30,5977.0,282.02,2025-02-10 16:00:00
973,Customer_973,B2C,2026-08-30,7197.0,456.0,2025-04-02 12:00:00
973,Customer_973,B2C,2026-08-30,8674.0,226.77,2025-06-03 01:00:00
973,Customer_973,B2C,2026-08-30,8937.0,431.95,2025-06-14 00:00:00
973,Customer_973,B2C,2026-08-30,9108.0,145.94,2025-06-21 03:00:00
974,Customer_974,B2B,2026-08-31,6502.0,180.03,2025-03-04 13:00:00
974,Customer_974,B2B,2026-08-31,8173.0,235.22,2025-05-13 04:00:00
974,Customer_974,B2B,2026-08-31,8367.0,311.62,2025-05-21 06:00:00
974,Customer_974,B2B,2026-08-31,8871.0,335.23,2025-06-11 06:00:00
974,Customer_974,B2B,2026-08-31,9244.0,70.3,2025-06-26 19:00:00
974,Customer_974,B2B,2026-08-31,9382.0,242.93,2025-07-02 13:00:00
974,Customer_974,B2B,2026-08-31,9399.0,337.98,2025-07-03 06:00:00
974,Customer_974,B2B,2026-08-31,9559.0,368.24,2025-07-09 22:00:00
974,Customer_974,B2B,2026-08-31,9676.0,299.31,2025-07-14 19:00:00
974,Customer_974,B2B,2026-08-31,9917.0,437.89,2025-07-24 20:00:00
975,Customer_975,B2B,2026-09-01,5124.0,71.49,2025-01-06 03:00:00
975,Customer_975,B2B,2026-09-01,5560.0,209.23,2025-01-24 07:00:00
975,Customer_975,B2B,2026-09-01,6944.0,35.07,2025-03-22 23:00:00
975,Customer_975,B2B,2026-09-01,7752.0,406.31,2025-04-25 15:00:00
975,Customer_975,B2B,2026-09-01,9718.0,373.68,2025-07-16 13:00:00
975,Customer_975,B2B,2026-09-01,9866.0,15.65,2025-07-22 17:00:00
976,Customer_976,B2B,2026-09-02,5321.0,282.95,2025-01-14 08:00:00
976,Customer_976,B2B,2026-09-02,6398.0,376.99,2025-02-28 05:00:00
976,Customer_976,B2B,2026-09-02,6567.0,457.27,2025-03-07 06:00:00
976,Customer_976,B2B,2026-09-02,6843.0,129.56,2025-03-18 18:00:00
976,Customer_976,B2B,2026-09-02,8049.0,73.24,2025-05-08 00:00:00
976,Customer_976,B2B,2026-09-02,8112.0,73.86,2025-05-10 15:00:00
977,Customer_977,B2C,2026-09-03,5400.0,215.62,2025-01-17 15:00:00
977,Customer_977,B2C,2026-09-03,5552.0,292.67,2025-01-23 23:00:00
977,Customer_977,B2C,2026-09-03,7170.0,57.83,2025-04-01 09:00:00
977,Customer_977,B2C,2026-09-03,9091.0,166.6,2025-06-20 10:00:00
977,Customer_977,B2C,2026-09-03,9732.0,260.09,2025-07-17 03:00:00
977,Customer_977,B2C,2026-09-03,9933.0,407.05,2025-07-25 12:00:00
978,Customer_978,B2B,2026-09-04,5561.0,80.21,2025-01-24 08:00:00
978,Customer_978,B2B,2026-09-04,6980.0,439.79,2025-03-24 11:00:00
978,Customer_978,B2B,2026-09-04,7165.0,399.83,2025-04-01 04:00:00
978,Customer_978,B2B,2026-09-04,7433.0,16.51,2025-04-12 08:00:00
978,Customer_978,B2B,2026-09-04,7579.0,211.14,2025-04-18 10:00:00
978,Customer_978,B2B,2026-09-04,7706.0,487.63,2025-04-23 17:00:00
978,Customer_978,B2B,2026-09-04,8174.0,119.57,2025-05-13 05:00:00
978,Customer_978,B2B,2026-09-04,8188.0,497.34,2025-05-13 19:00:00
978,Customer_978,B2B,2026-09-04,9829.0,488.01,2025-07-21 04:00:00
979,Customer_979,B2C,2026-09-05,6390.0,373.4,2025-02-27 21:00:00
979,Customer_979,B2C,2026-09-05,7212.0,456.98,2025-04-03 03:00:00
979,Customer_979,B2C,2026-09-05,7277.0,400.23,2025-04-05 20:00:00
979,Customer_979,B2C,2026-09-05,7739.0,181.59,2025-04-25 02:00:00
979,Customer_979,B2C,2026-09-05,8523.0,174.45,2025-05-27 18:00:00
979,Customer_979,B2C,2026-09-05,9389.0,316.22,2025-07-02 20:00:00
980,Customer_980,B2C,2026-09-06,6325.0,402.46,2025-02-25 04:00:00
980,Customer_980,B2C,2026-09-06,6925.0,228.7,2025-03-22 04:00:00
980,Customer_980,B2C,2026-09-06,7272.0,272.05,2025-04-05 15:00:00
980,Customer_980,B2C,2026-09-06,9890.0,430.75,2025-07-23 17:00:00
981,Customer_981,B2C,2026-09-07,5696.0,257.91,2025-01-29 23:00:00
981,Customer_981,B2C,2026-09-07,6758.0,231.88,2025-03-15 05:00:00
981,Customer_981,B2C,2026-09-07,9350.0,400.07,2025-07-01 05:00:00
981,Customer_981,B2C,2026-09-07,9532.0,443.28,2025-07-08 19:00:00
982,Customer_982,B2C,2026-09-08,5786.0,414.91,2025-02-02 17:00:00
982,Customer_982,B2C,2026-09-08,6911.0,423.98,2025-03-21 14:00:00
982,Customer_982,B2C,2026-09-08,7011.0,419.83,2025-03-25 18:00:00
982,Customer_982,B2C,2026-09-08,7712.0,322.73,2025-04-23 23:00:00
983,Customer_983,B2B,2026-09-09,5452.0,37.77,2025-01-19 19:00:00
983,Customer_983,B2B,2026-09-09,5728.0,301.66,2025-01-31 07:00:00
983,Customer_983,B2B,2026-09-09,7376.0,494.13,2025-04-09 23:00:00
983,Customer_983,B2B,2026-09-09,7490.0,258.01,2025-04-14 17:00:00
983,Customer_983,B2B,2026-09-09,8725.0,78.84,2025-06-05 04:00:00
983,Customer_983,B2B,2026-09-09,9237.0,366.29,2025-06-26 12:00:00
984,Customer_984,B2B,2026-09-10,5055.0,193.53,2025-01-03 06:00:00
984,Customer_984,B2B,2026-09-10,7284.0,80.71,2025-04-06 03:00:00
984,Customer_984,B2B,2026-09-10,7553.0,488.48,2025-04-17 08:00:00
984,Customer_984,B2B,2026-09-10,7619.0,285.18,2025-04-20 02:00:00
985,Customer_985,B2C,2026-09-11,5073.0,377.63,2025-01-04 00:00:00
985,Customer_985,B2C,2026-09-11,5551.0,446.29,2025-01-23 22:00:00
985,Customer_985,B2C,2026-09-11,6637.0,110.35,2025-03-10 04:00:00
985,Customer_985,B2C,2026-09-11,7068.0,423.43,2025-03-28 03:00:00
985,Customer_985,B2C,2026-09-11,7280.0,211.36,2025-04-05 23:00:00
985,Customer_985,B2C,2026-09-11,7380.0,113.92,2025-04-10 03:00:00
985,Customer_985,B2C,2026-09-11,7610.0,493.42,2025-04-19 17:00:00
985,Customer_985,B2C,2026-09-11,8034.0,157.81,2025-05-07 09:00:00
985,Customer_985,B2C,2026-09-11,9379.0,259.78,2025-07-02 10:00:00
985,Customer_985,B2C,2026-09-11,9858.0,33.5,2025-07-22 09:00:00
986,Customer_986,B2C,2026-09-12,5188.0,114.1,2025-01-08 19:00:00
986,Customer_986,B2C,2026-09-12,6150.0,105.9,2025-02-17 21:00:00
986,Customer_986,B2C,2026-09-12,6350.0,110.84,2025-02-26 05:00:00
986,Customer_986,B2C,2026-09-12,6753.0,174.55,2025-03-15 00:00:00
986,Customer_986,B2C,2026-09-12,7407.0,247.1,2025-04-11 06:00:00
986,Customer_986,B2C,2026-09-12,7652.0,35.1,2025-04-21 11:00:00
986,Customer_986,B2C,2026-09-12,7883.0,141.74,2025-05-01 02:00:00
986,Customer_986,B2C,2026-09-12,8138.0,373.03,2025-05-11 17:00:00
986,Customer_986,B2C,2026-09-12,8634.0,248.34,2025-06-01 09:00:00
986,Customer_986,B2C,2026-09-12,9455.0,321.98,2025-07-05 14:00:00
987,Customer_987,B2C,2026-09-13,5699.0,498.9,2025-01-30 02:00:00
987,Customer_987,B2C,2026-09-13,6055.0,248.23,2025-02-13 22:00:00
987,Customer_987,B2C,2026-09-13,7775.0,273.67,2025-04-26 14:00:00
987,Customer_987,B2C,2026-09-13,8554.0,459.96,2025-05-29 01:00:00
987,Customer_987,B2C,2026-09-13,8774.0,432.2,2025-06-07 05:00:00
987,Customer_987,B2C,2026-09-13,9344.0,118.36,2025-06-30 23:00:00
987,Customer_987,B2C,2026-09-13,9575.0,485.74,2025-07-10 14:00:00
988,Customer_988,B2C,2026-09-14,5157.0,495.15,2025-01-07 12:00:00
988,Customer_988,B2C,2026-09-14,6293.0,490.82,2025-02-23 20:00:00
988,Customer_988,B2C,2026-09-14,9015.0,82.57,2025-06-17 06:00:00
988,Customer_988,B2C,2026-09-14,9756.0,306.5,2025-07-18 03:00:00
989,Customer_989,B2B,2026-09-15,5482.0,293.13,2025-01-21 01:00:00
989,Customer_989,B2B,2026-09-15,5721.0,72.14,2025-01-31 00:00:00
989,Customer_989,B2B,2026-09-15,5958.0,209.61,2025-02-09 21:00:00
989,Customer_989,B2B,2026-09-15,6545.0,289.74,2025-03-06 08:00:00
989,Customer_989,B2B,2026-09-15,7227.0,18.29,2025-04-03 18:00:00
989,Customer_989,B2B,2026-09-15,8141.0,406.34,2025-05-11 20:00:00
989,Customer_989,B2B,2026-09-15,8255.0,16.28,2025-05-16 14:00:00
989,Customer_989,B2B,2026-09-15,8377.0,474.34,2025-05-21 16:00:00
989,Customer_989,B2B,2026-09-15,9797.0,106.68,2025-07-19 20:00:00
989,Customer_989,B2B,2026-09-15,9996.0,212.47,2025-07-28 03:00:00
990,Customer_990,SMB,2026-09-16,6804.0,121.36,2025-03-17 03:00:00
990,Customer_990,SMB,2026-09-16,7477.0,323.21,2025-04-14 04:00:00
990,Customer_990,SMB,2026-09-16,7932.0,360.2,2025-05-03 03:00:00
991,Customer_991,B2C,2026-09-17,5968.0,220.54,2025-02-10 07:00:00
991,Customer_991,B2C,2026-09-17,6800.0,488.95,2025-03-16 23:00:00
991,Customer_991,B2C,2026-09-17,7822.0,446.02,2025-04-28 13:00:00
991,Customer_991,B2C,2026-09-17,8010.0,284.46,2025-05-06 09:00:00
991,Customer_991,B2C,2026-09-17,9461.0,233.6,2025-07-05 20:00:00
991,Customer_991,B2C,2026-09-17,9873.0,107.55,2025-07-23 00:00:00
992,Customer_992,B2C,2026-09-18,6668.0,38.12,2025-03-11 11:00:00
992,Customer_992,B2C,2026-09-18,7231.0,499.68,2025-04-03 22:00:00
992,Customer_992,B2C,2026-09-18,7256.0,147.92,2025-04-04 23:00:00
992,Customer_992,B2C,2026-09-18,7373.0,48.53,2025-04-09 20:00:00
992,Customer_992,B2C,2026-09-18,7946.0,14.88,2025-05-03 17:00:00
992,Customer_992,B2C,2026-09-18,9820.0,121.15,2025-07-20 19:00:00
993,Customer_993,B2B,2026-09-19,5502.0,496.06,2025-01-21 21:00:00
993,Customer_993,B2B,2026-09-19,5992.0,401.34,2025-02-11 07:00:00
993,Customer_993,B2B,2026-09-19,6993.0,137.42,2025-03-25 00:00:00
993,Customer_993,B2B,2026-09-19,7145.0,286.65,2025-03-31 08:00:00
993,Customer_993,B2B,2026-09-19,7352.0,90.64,2025-04-08 23:00:00
993,Customer_993,B2B,2026-09-19,8565.0,271.68,2025-05-29 12:00:00
993,Customer_993,B2B,2026-09-19,9142.0,145.86,2025-06-22 13:00:00
993,Customer_993,B2B,2026-09-19,9391.0,466.64,2025-07-02 22:00:00
993,Customer_993,B2B,2026-09-19,9882.0,212.82,2025-07-23 09:00:00
994,Customer_994,B2C,2026-09-20,6037.0,219.46,2025-02-13 04:00:00
994,Customer_994,B2C,2026-09-20,6535.0,418.74,2025-03-05 22:00:00
994,Customer_994,B2C,2026-09-20,7535.0,175.98,2025-04-16 14:00:00
994,Customer_994,B2C,2026-09-20,8876.0,113.08,2025-06-11 11:00:00
994,Customer_994,B2C,2026-09-20,8997.0,318.99,2025-06-16 12:00:00
994,Customer_994,B2C,2026-09-20,9849.0,11.82,2025-07-22 00:00:00
994,Customer_994,B2C,2026-09-20,9912.0,17.48,2025-07-24 15:00:00
995,Customer_995,B2C,2026-09-21,5854.0,12.05,2025-02-05 13:00:00
995,Customer_995,B2C,2026-09-21,6601.0,242.34,2025-03-08 16:00:00
995,Customer_995,B2C,2026-09-21,8443.0,29.01,2025-05-24 10:00:00
995,Customer_995,B2C,2026-09-21,9125.0,311.3,2025-06-21 20:00:00
995,Customer_995,B2C,2026-09-21,9147.0,34.09,2025-06-22 18:00:00
995,Customer_995,B2C,2026-09-21,9383.0,188.12,2025-07-02 14:00:00
995,Customer_995,B2C,2026-09-21,9922.0,478.55,2025-07-25 01:00:00
996,Customer_996,B2B,2026-09-22,5401.0,34.81,2025-01-17 16:00:00
996,Customer_996,B2B,2026-09-22,5684.0,204.01,2025-01-29 11:00:00
996,Customer_996,B2B,2026-09-22,7355.0,358.11,2025-04-09 02:00:00
996,Customer_996,B2B,2026-09-22,7812.0,416.8,2025-04-28 03:00:00
996,Customer_996,B2B,2026-09-22,7920.0,67.36,2025-05-02 15:00:00
996,Customer_996,B2B,2026-09-22,8641.0,466.9,2025-06-01 16:00:00
996,Customer_996,B2B,2026-09-22,8753.0,483.76,2025-06-06 08:00:00
996,Customer_996,B2B,2026-09-22,9064.0,287.27,2025-06-19 07:00:00
996,Customer_996,B2B,2026-09-22,9446.0,462.06,2025-07-05 05:00:00
997,Customer_997,SMB,2026-09-23,5390.0,305.2,2025-01-17 05:00:00
997,Customer_997,SMB,2026-09-23,6316.0,126.37,2025-02-24 19:00:00
998,Customer_998,B2B,2026-09-24,5144.0,342.46,2025-01-06 23:00:00
998,Customer_998,B2B,2026-09-24,7307.0,361.85,2025-04-07 02:00:00
998,Customer_998,B2B,2026-09-24,7682.0,448.05,2025-04-22 17:00:00
998,Customer_998,B2B,2026-09-24,7915.0,327.28,2025-05-02 10:00:00
999,Customer_999,SMB,2026-09-25,5660.0,254.08,2025-01-28 11:00:00
999,Customer_999,SMB,2026-09-25,9025.0,10.63,2025-06-17 16:00:00
999,Customer_999,SMB,2026-09-25,9716.0,298.58,2025-07-16 11:00:00
1000,Customer_1000,B2C,2026-09-26,6953.0,75.31,2025-03-23 08:00:00
1000,Customer_1000,B2C,2026-09-26,7485.0,219.5,2025-04-14 12:00:00
1000,Customer_1000,B2C,2026-09-26,8179.0,472.45,2025-05-13 10:00:00
1000,Customer_1000,B2C,2026-09-26,9504.0,135.99,2025-07-07 15:00:00
