customer_id,customer_type,order_id,order_date,product_id,product_name,quantity,unit_price,line_total
1355,Enterprise,54973.0,2024-03-06 12:40:00,,,,,
1381,Enterprise,54967.0,2024-03-06 11:40:00,,,,,
1751,Enterprise,54956.0,2024-03-06 09:50:00,493.0,Product_493,5.0,24.57,122.85
1146,Enterprise,54942.0,2024-03-06 07:30:00,639.0,Product_639,3.0,331.5,994.5
1245,Enterprise,54924.0,2024-03-06 04:30:00,292.0,Product_292,5.0,260.4,1302.0
1245,Enterprise,54924.0,2024-03-06 04:30:00,386.0,Product_386,5.0,297.64,1488.2
1795,Enterprise,54920.0,2024-03-06 03:50:00,331.0,Product_331,4.0,435.26,1741.04
1795,Enterprise,54920.0,2024-03-06 03:50:00,492.0,Product_492,5.0,155.91,779.55
1795,Enterprise,54920.0,2024-03-06 03:50:00,551.0,Product_551,1.0,76.68,76.68
1822,Enterprise,54918.0,2024-03-06 03:30:00,266.0,Product_266,4.0,434.09,1736.36
1822,Enterprise,54918.0,2024-03-06 03:30:00,521.0,Product_521,4.0,204.56,818.24
1529,Enterprise,54901.0,2024-03-06 00:40:00,316.0,Product_316,1.0,364.34,364.34
1529,Enterprise,54901.0,2024-03-06 00:40:00,433.0,Product_433,2.0,449.75,899.5
1529,Enterprise,54901.0,2024-03-06 00:40:00,593.0,Product_593,2.0,447.47,894.94
1702,Enterprise,54898.0,2024-03-06 00:10:00,437.0,Product_437,2.0,293.37,586.74
1702,Enterprise,54898.0,2024-03-06 00:10:00,470.0,Product_470,2.0,123.98,247.96
1702,Enterprise,54898.0,2024-03-06 00:10:00,545.0,Product_545,1.0,271.73,271.73
1611,Enterprise,54895.0,2024-03-05 23:40:00,,,,,
1022,Enterprise,54893.0,2024-03-05 23:20:00,362.0,Product_362,5.0,417.9,2089.5
1209,Enterprise,54892.0,2024-03-05 23:10:00,297.0,Product_297,5.0,207.09,1035.45
1209,Enterprise,54892.0,2024-03-05 23:10:00,678.0,Product_678,3.0,312.27,936.81
1335,Enterprise,54891.0,2024-03-05 23:00:00,659.0,Product_659,3.0,478.05,1434.15
1191,Enterprise,54886.0,2024-03-05 22:10:00,595.0,Product_595,5.0,414.32,2071.6
1191,Enterprise,54886.0,2024-03-05 22:10:00,657.0,Product_657,3.0,219.64,658.92
1833,Enterprise,54884.0,2024-03-05 21:50:00,285.0,Product_285,5.0,179.47,897.35
1588,Enterprise,54876.0,2024-03-05 20:30:00,,,,,
1857,Enterprise,54875.0,2024-03-05 20:20:00,210.0,Product_210,3.0,108.28,324.84
1857,Enterprise,54875.0,2024-03-05 20:20:00,403.0,Product_403,4.0,372.01,1488.04
1564,Enterprise,54874.0,2024-03-05 20:10:00,464.0,Product_464,3.0,209.72,629.16
1564,Enterprise,54874.0,2024-03-05 20:10:00,561.0,Product_561,1.0,155.34,155.34
1457,Enterprise,54865.0,2024-03-05 18:40:00,283.0,Product_283,3.0,124.72,374.16
1457,Enterprise,54865.0,2024-03-05 18:40:00,354.0,Product_354,5.0,178.07,890.35
1457,Enterprise,54865.0,2024-03-05 18:40:00,408.0,Product_408,3.0,412.58,1237.74
1457,Enterprise,54865.0,2024-03-05 18:40:00,670.0,Product_670,3.0,29.11,87.33
1030,Enterprise,54852.0,2024-03-05 16:30:00,218.0,Product_218,5.0,289.24,1446.2
1030,Enterprise,54852.0,2024-03-05 16:30:00,537.0,Product_537,2.0,262.03,524.06
1819,Enterprise,54851.0,2024-03-05 16:20:00,443.0,Product_443,5.0,55.79,278.95
1819,Enterprise,54851.0,2024-03-05 16:20:00,556.0,Product_556,1.0,469.13,469.13
1180,Enterprise,54826.0,2024-03-05 12:10:00,,,,,
1091,Enterprise,54814.0,2024-03-05 10:10:00,260.0,Product_260,4.0,271.25,1085.0
1471,Enterprise,54813.0,2024-03-05 10:00:00,216.0,Product_216,4.0,314.89,1259.56
1471,Enterprise,54813.0,2024-03-05 10:00:00,502.0,Product_502,5.0,378.4,1892.0
1875,Enterprise,54809.0,2024-03-05 09:20:00,623.0,Product_623,5.0,493.13,2465.65
1889,Enterprise,54805.0,2024-03-05 08:40:00,416.0,Product_416,3.0,299.9,899.7
1889,Enterprise,54805.0,2024-03-05 08:40:00,656.0,Product_656,3.0,225.6,676.8
1765,Enterprise,54798.0,2024-03-05 07:30:00,367.0,Product_367,3.0,175.82,527.46
1765,Enterprise,54798.0,2024-03-05 07:30:00,463.0,Product_463,5.0,256.74,1283.7
1765,Enterprise,54798.0,2024-03-05 07:30:00,626.0,Product_626,2.0,25.77,51.54
1884,Enterprise,54796.0,2024-03-05 07:10:00,536.0,Product_536,2.0,448.9,897.8
1884,Enterprise,54796.0,2024-03-05 07:10:00,592.0,Product_592,5.0,401.24,2006.2
1149,Enterprise,54788.0,2024-03-05 05:50:00,287.0,Product_287,1.0,260.55,260.55
1149,Enterprise,54788.0,2024-03-05 05:50:00,299.0,Product_299,5.0,411.15,2055.75
1149,Enterprise,54788.0,2024-03-05 05:50:00,628.0,Product_628,4.0,443.24,1772.96
1149,Enterprise,54788.0,2024-03-05 05:50:00,699.0,Product_699,4.0,62.35,249.4
1378,Enterprise,54787.0,2024-03-05 05:40:00,343.0,Product_343,1.0,361.46,361.46
1378,Enterprise,54787.0,2024-03-05 05:40:00,415.0,Product_415,5.0,360.1,1800.5
1899,Enterprise,54786.0,2024-03-05 05:30:00,245.0,Product_245,5.0,112.89,564.45
1899,Enterprise,54786.0,2024-03-05 05:30:00,497.0,Product_497,3.0,333.03,999.09
1899,Enterprise,54786.0,2024-03-05 05:30:00,589.0,Product_589,5.0,180.77,903.85
1129,Enterprise,54781.0,2024-03-05 04:40:00,508.0,Product_508,3.0,146.59,439.77
1129,Enterprise,54781.0,2024-03-05 04:40:00,586.0,Product_586,2.0,257.76,515.52
1471,Enterprise,54775.0,2024-03-05 03:40:00,,,,,
1434,Enterprise,54772.0,2024-03-05 03:10:00,,,,,
1460,Enterprise,54764.0,2024-03-05 01:50:00,463.0,Product_463,5.0,368.7,1843.5
1073,Enterprise,54750.0,2024-03-04 23:30:00,338.0,Product_338,2.0,121.87,243.74
1375,Enterprise,54740.0,2024-03-04 21:50:00,,,,,
1588,Enterprise,54737.0,2024-03-04 21:20:00,661.0,Product_661,2.0,195.51,391.02
1900,Enterprise,54732.0,2024-03-04 20:30:00,548.0,Product_548,3.0,496.85,1490.55
1900,Enterprise,54732.0,2024-03-04 20:30:00,684.0,Product_684,2.0,387.97,775.94
1370,Enterprise,54731.0,2024-03-04 20:20:00,,,,,
1460,Enterprise,54728.0,2024-03-04 19:50:00,665.0,Product_665,3.0,193.94,581.82
1355,Enterprise,54717.0,2024-03-04 18:00:00,250.0,Product_250,4.0,93.92,375.68
1371,Enterprise,54696.0,2024-03-04 14:30:00,343.0,Product_343,2.0,428.24,856.48
1851,Enterprise,54685.0,2024-03-04 12:40:00,659.0,Product_659,5.0,235.97,1179.85
1450,Enterprise,54682.0,2024-03-04 12:10:00,267.0,Product_267,1.0,208.38,208.38
1450,Enterprise,54682.0,2024-03-04 12:10:00,305.0,Product_305,4.0,73.62,294.48
1450,Enterprise,54682.0,2024-03-04 12:10:00,495.0,Product_495,2.0,120.28,240.56
1450,Enterprise,54682.0,2024-03-04 12:10:00,643.0,Product_643,2.0,344.63,689.26
1149,Enterprise,54680.0,2024-03-04 11:50:00,235.0,Product_235,3.0,447.8,1343.4
1371,Enterprise,54676.0,2024-03-04 11:10:00,354.0,Product_354,2.0,131.73,263.46
1371,Enterprise,54676.0,2024-03-04 11:10:00,398.0,Product_398,2.0,431.55,863.1
1371,Enterprise,54676.0,2024-03-04 11:10:00,428.0,Product_428,1.0,249.35,249.35
1371,Enterprise,54676.0,2024-03-04 11:10:00,569.0,Product_569,3.0,179.86,539.58
1371,Enterprise,54676.0,2024-03-04 11:10:00,669.0,Product_669,3.0,84.66,253.98
1822,Enterprise,54672.0,2024-03-04 10:30:00,503.0,Product_503,2.0,54.42,108.84
1614,Enterprise,54668.0,2024-03-04 09:50:00,,,,,
1883,Enterprise,54651.0,2024-03-04 07:00:00,203.0,Product_203,3.0,328.46,985.38
1883,Enterprise,54651.0,2024-03-04 07:00:00,655.0,Product_655,4.0,296.41,1185.64
1702,Enterprise,54650.0,2024-03-04 06:50:00,264.0,Product_264,1.0,160.03,160.03
1702,Enterprise,54650.0,2024-03-04 06:50:00,466.0,Product_466,5.0,109.88,549.4
1702,Enterprise,54650.0,2024-03-04 06:50:00,568.0,Product_568,1.0,47.25,47.25
1702,Enterprise,54650.0,2024-03-04 06:50:00,590.0,Product_590,4.0,413.81,1655.24
1471,Enterprise,54621.0,2024-03-04 02:00:00,217.0,Product_217,3.0,345.02,1035.06
1471,Enterprise,54621.0,2024-03-04 02:00:00,286.0,Product_286,2.0,393.95,787.9
1471,Enterprise,54621.0,2024-03-04 02:00:00,570.0,Product_570,3.0,35.96,107.88
1180,Enterprise,54616.0,2024-03-04 01:10:00,474.0,Product_474,4.0,448.31,1793.24
1238,Enterprise,54602.0,2024-03-03 22:50:00,345.0,Product_345,2.0,64.98,129.96
1498,Enterprise,54600.0,2024-03-03 22:30:00,288.0,Product_288,1.0,297.61,297.61
1498,Enterprise,54600.0,2024-03-03 22:30:00,511.0,Product_511,5.0,89.16,445.8
1498,Enterprise,54600.0,2024-03-03 22:30:00,633.0,Product_633,3.0,301.23,903.69
1286,Enterprise,54596.0,2024-03-03 21:50:00,312.0,Product_312,5.0,158.19,790.95
1286,Enterprise,54596.0,2024-03-03 21:50:00,579.0,Product_579,5.0,233.33,1166.65
1473,Enterprise,54588.0,2024-03-03 20:30:00,659.0,Product_659,1.0,321.85,321.85
1776,Enterprise,54579.0,2024-03-03 19:00:00,309.0,Product_309,4.0,122.6,490.4
1776,Enterprise,54579.0,2024-03-03 19:00:00,325.0,Product_325,3.0,112.14,336.42
1776,Enterprise,54579.0,2024-03-03 19:00:00,349.0,Product_349,4.0,291.97,1167.88
1776,Enterprise,54579.0,2024-03-03 19:00:00,389.0,Product_389,5.0,35.76,178.8
1557,Enterprise,54562.0,2024-03-03 16:10:00,368.0,Product_368,4.0,147.96,591.84
1557,Enterprise,54562.0,2024-03-03 16:10:00,528.0,Product_528,5.0,318.44,1592.2
1557,Enterprise,54562.0,2024-03-03 16:10:00,611.0,Product_611,1.0,434.99,434.99
1487,Enterprise,54557.0,2024-03-03 15:20:00,527.0,Product_527,2.0,342.38,684.76
1702,Enterprise,54548.0,2024-03-03 13:50:00,,,,,
1611,Enterprise,54537.0,2024-03-03 12:00:00,214.0,Product_214,1.0,304.93,304.93
1611,Enterprise,54537.0,2024-03-03 12:00:00,539.0,Product_539,2.0,264.33,528.66
1611,Enterprise,54537.0,2024-03-03 12:00:00,585.0,Product_585,5.0,203.04,1015.2
1206,Enterprise,54535.0,2024-03-03 11:40:00,562.0,Product_562,2.0,171.24,342.48
1191,Enterprise,54513.0,2024-03-03 08:00:00,327.0,Product_327,1.0,218.97,218.97
1845,Enterprise,54509.0,2024-03-03 07:20:00,504.0,Product_504,2.0,283.17,566.34
1589,Enterprise,54499.0,2024-03-03 05:40:00,645.0,Product_645,2.0,167.97,335.94
1038,Enterprise,54479.0,2024-03-03 02:20:00,399.0,Product_399,5.0,211.97,1059.85
1038,Enterprise,54479.0,2024-03-03 02:20:00,434.0,Product_434,4.0,208.62,834.48
1038,Enterprise,54479.0,2024-03-03 02:20:00,657.0,Product_657,3.0,135.78,407.34
1845,Enterprise,54473.0,2024-03-03 01:20:00,656.0,Product_656,5.0,223.2,1116.0
1371,Enterprise,54457.0,2024-03-02 22:40:00,329.0,Product_329,3.0,434.27,1302.81
1371,Enterprise,54457.0,2024-03-02 22:40:00,421.0,Product_421,2.0,31.13,62.26
1371,Enterprise,54457.0,2024-03-02 22:40:00,457.0,Product_457,5.0,232.3,1161.5
1371,Enterprise,54457.0,2024-03-02 22:40:00,672.0,Product_672,1.0,256.63,256.63
1355,Enterprise,54436.0,2024-03-02 19:10:00,232.0,Product_232,1.0,260.39,260.39
1355,Enterprise,54436.0,2024-03-02 19:10:00,542.0,Product_542,2.0,267.5,535.0
1355,Enterprise,54436.0,2024-03-02 19:10:00,630.0,Product_630,2.0,135.87,271.74
1238,Enterprise,54435.0,2024-03-02 19:00:00,,,,,
1011,Enterprise,54425.0,2024-03-02 17:20:00,443.0,Product_443,4.0,322.33,1289.32
1375,Enterprise,54424.0,2024-03-02 17:10:00,,,,,
1471,Enterprise,54420.0,2024-03-02 16:30:00,,,,,
1223,Enterprise,54413.0,2024-03-02 15:20:00,297.0,Product_297,1.0,166.29,166.29
1223,Enterprise,54413.0,2024-03-02 15:20:00,436.0,Product_436,2.0,25.98,51.96
1516,Enterprise,54412.0,2024-03-02 15:10:00,612.0,Product_612,5.0,237.32,1186.6
1101,Enterprise,54409.0,2024-03-02 14:40:00,529.0,Product_529,4.0,129.17,516.68
1540,Enterprise,54403.0,2024-03-02 13:40:00,399.0,Product_399,5.0,40.93,204.65
1540,Enterprise,54403.0,2024-03-02 13:40:00,490.0,Product_490,4.0,405.37,1621.48
1110,Enterprise,54395.0,2024-03-02 12:20:00,418.0,Product_418,4.0,285.61,1142.44
1899,Enterprise,54386.0,2024-03-02 10:50:00,626.0,Product_626,5.0,60.77,303.85
1084,Enterprise,54385.0,2024-03-02 10:40:00,362.0,Product_362,5.0,214.91,1074.55
1564,Enterprise,54382.0,2024-03-02 10:10:00,355.0,Product_355,4.0,358.69,1434.76
1564,Enterprise,54382.0,2024-03-02 10:10:00,635.0,Product_635,5.0,479.13,2395.65
1810,Enterprise,54368.0,2024-03-02 07:50:00,484.0,Product_484,1.0,377.88,377.88
1810,Enterprise,54368.0,2024-03-02 07:50:00,600.0,Product_600,2.0,173.56,347.12
1810,Enterprise,54368.0,2024-03-02 07:50:00,690.0,Product_690,3.0,28.62,85.86
1207,Enterprise,54355.0,2024-03-02 05:40:00,387.0,Product_387,3.0,270.99,812.97
1207,Enterprise,54355.0,2024-03-02 05:40:00,403.0,Product_403,1.0,472.86,472.86
1223,Enterprise,54351.0,2024-03-02 05:00:00,439.0,Product_439,3.0,218.73,656.19
1751,Enterprise,54350.0,2024-03-02 04:50:00,296.0,Product_296,2.0,366.77,733.54
1751,Enterprise,54350.0,2024-03-02 04:50:00,361.0,Product_361,2.0,83.4,166.8
1751,Enterprise,54350.0,2024-03-02 04:50:00,638.0,Product_638,5.0,408.97,2044.85
1751,Enterprise,54350.0,2024-03-02 04:50:00,639.0,Product_639,3.0,218.22,654.66
1073,Enterprise,54344.0,2024-03-02 03:50:00,609.0,Product_609,3.0,56.03,168.09
1340,Enterprise,54329.0,2024-03-02 01:20:00,609.0,Product_609,2.0,330.65,661.3
1587,Enterprise,54319.0,2024-03-01 23:40:00,399.0,Product_399,5.0,450.62,2253.1
1587,Enterprise,54319.0,2024-03-01 23:40:00,417.0,Product_417,3.0,340.49,1021.47
1587,Enterprise,54319.0,2024-03-01 23:40:00,541.0,Product_541,4.0,283.45,1133.8
1587,Enterprise,54319.0,2024-03-01 23:40:00,629.0,Product_629,3.0,427.46,1282.38
1587,Enterprise,54319.0,2024-03-01 23:40:00,647.0,Product_647,1.0,240.59,240.59
1587,Enterprise,54319.0,2024-03-01 23:40:00,647.0,Product_647,4.0,96.2,384.8
1207,Enterprise,54299.0,2024-03-01 20:20:00,275.0,Product_275,1.0,496.19,496.19
1207,Enterprise,54299.0,2024-03-01 20:20:00,571.0,Product_571,2.0,105.85,211.7
1043,Enterprise,54298.0,2024-03-01 20:10:00,526.0,Product_526,5.0,24.6,123.0
1043,Enterprise,54298.0,2024-03-01 20:10:00,663.0,Product_663,1.0,181.39,181.39
1043,Enterprise,54298.0,2024-03-01 20:10:00,680.0,Product_680,2.0,490.58,981.16
1059,Enterprise,54297.0,2024-03-01 20:00:00,,,,,
1375,Enterprise,54296.0,2024-03-01 19:50:00,,,,,
1434,Enterprise,54294.0,2024-03-01 19:30:00,,,,,
1434,Enterprise,54292.0,2024-03-01 19:10:00,438.0,Product_438,4.0,72.86,291.44
1430,Enterprise,54290.0,2024-03-01 18:50:00,211.0,Product_211,4.0,229.75,919.0
1430,Enterprise,54290.0,2024-03-01 18:50:00,212.0,Product_212,2.0,22.23,44.46
1260,Enterprise,54281.0,2024-03-01 17:20:00,670.0,Product_670,3.0,414.97,1244.91
1833,Enterprise,54278.0,2024-03-01 16:50:00,232.0,Product_232,4.0,179.09,716.36
1833,Enterprise,54278.0,2024-03-01 16:50:00,474.0,Product_474,2.0,475.73,951.46
1851,Enterprise,54277.0,2024-03-01 16:40:00,255.0,Product_255,3.0,79.38,238.14
1182,Enterprise,54275.0,2024-03-01 16:20:00,261.0,Product_261,3.0,432.87,1298.61
1857,Enterprise,54274.0,2024-03-01 16:10:00,699.0,Product_699,4.0,293.39,1173.56
1425,Enterprise,54271.0,2024-03-01 15:40:00,258.0,Product_258,5.0,497.17,2485.85
1425,Enterprise,54271.0,2024-03-01 15:40:00,481.0,Product_481,3.0,229.03,687.09
1425,Enterprise,54271.0,2024-03-01 15:40:00,549.0,Product_549,5.0,154.54,772.7
1645,Enterprise,54269.0,2024-03-01 15:20:00,217.0,Product_217,5.0,397.37,1986.85
1645,Enterprise,54269.0,2024-03-01 15:20:00,349.0,Product_349,4.0,440.99,1763.96
1645,Enterprise,54269.0,2024-03-01 15:20:00,459.0,Product_459,5.0,444.18,2220.9
1645,Enterprise,54269.0,2024-03-01 15:20:00,600.0,Product_600,3.0,64.03,192.09
1645,Enterprise,54269.0,2024-03-01 15:20:00,634.0,Product_634,3.0,233.63,700.89
1471,Enterprise,54266.0,2024-03-01 14:50:00,,,,,
1900,Enterprise,54251.0,2024-03-01 12:20:00,239.0,Product_239,4.0,342.99,1371.96
1900,Enterprise,54251.0,2024-03-01 12:20:00,467.0,Product_467,3.0,66.11,198.33
1563,Enterprise,54247.0,2024-03-01 11:40:00,526.0,Product_526,1.0,61.58,61.58
1191,Enterprise,54245.0,2024-03-01 11:20:00,346.0,Product_346,4.0,261.15,1044.6
1191,Enterprise,54245.0,2024-03-01 11:20:00,545.0,Product_545,5.0,340.2,1701.0
1191,Enterprise,54245.0,2024-03-01 11:20:00,618.0,Product_618,1.0,96.77,96.77
1540,Enterprise,54243.0,2024-03-01 11:00:00,435.0,Product_435,5.0,358.45,1792.25
1695,Enterprise,54242.0,2024-03-01 10:50:00,324.0,Product_324,4.0,178.08,712.32
1695,Enterprise,54242.0,2024-03-01 10:50:00,592.0,Product_592,2.0,220.74,441.48
1651,Enterprise,54240.0,2024-03-01 10:30:00,454.0,Product_454,2.0,106.69,213.38
1665,Enterprise,54235.0,2024-03-01 09:40:00,370.0,Product_370,1.0,35.83,35.83
1450,Enterprise,54232.0,2024-03-01 09:10:00,207.0,Product_207,4.0,335.43,1341.72
1450,Enterprise,54232.0,2024-03-01 09:10:00,264.0,Product_264,1.0,167.74,167.74
1450,Enterprise,54232.0,2024-03-01 09:10:00,273.0,Product_273,3.0,191.51,574.53
1450,Enterprise,54232.0,2024-03-01 09:10:00,538.0,Product_538,4.0,124.16,496.64
1450,Enterprise,54232.0,2024-03-01 09:10:00,559.0,Product_559,2.0,173.65,347.3
1450,Enterprise,54232.0,2024-03-01 09:10:00,595.0,Product_595,2.0,428.49,856.98
1515,Enterprise,54218.0,2024-03-01 06:50:00,498.0,Product_498,2.0,302.5,605.0
1515,Enterprise,54218.0,2024-03-01 06:50:00,552.0,Product_552,1.0,330.77,330.77
1515,Enterprise,54218.0,2024-03-01 06:50:00,651.0,Product_651,2.0,358.43,716.86
1355,Enterprise,54217.0,2024-03-01 06:40:00,376.0,Product_376,5.0,53.97,269.85
1355,Enterprise,54217.0,2024-03-01 06:40:00,506.0,Product_506,5.0,119.44,597.2
1207,Enterprise,54213.0,2024-03-01 06:00:00,348.0,Product_348,5.0,315.39,1576.95
1695,Enterprise,54212.0,2024-03-01 05:50:00,,,,,
1459,Enterprise,54198.0,2024-03-01 03:30:00,485.0,Product_485,2.0,415.8,831.6
1459,Enterprise,54198.0,2024-03-01 03:30:00,567.0,Product_567,4.0,251.65,1006.6
1459,Enterprise,54198.0,2024-03-01 03:30:00,622.0,Product_622,2.0,135.08,270.16
1091,Enterprise,54183.0,2024-03-01 01:00:00,537.0,Product_537,5.0,103.97,519.85
1091,Enterprise,54183.0,2024-03-01 01:00:00,670.0,Product_670,1.0,474.92,474.92
1182,Enterprise,54173.0,2024-02-29 23:20:00,396.0,Product_396,2.0,324.87,649.74
1182,Enterprise,54173.0,2024-02-29 23:20:00,694.0,Product_694,1.0,133.53,133.53
1455,Enterprise,54166.0,2024-02-29 22:10:00,,,,,
1591,Enterprise,54152.0,2024-02-29 19:50:00,360.0,Product_360,4.0,370.56,1482.24
1677,Enterprise,54144.0,2024-02-29 18:30:00,,,,,
1540,Enterprise,54141.0,2024-02-29 18:00:00,,,,,
1340,Enterprise,54138.0,2024-02-29 17:30:00,330.0,Product_330,5.0,335.14,1675.7
1340,Enterprise,54138.0,2024-02-29 17:30:00,417.0,Product_417,3.0,424.61,1273.83
1340,Enterprise,54138.0,2024-02-29 17:30:00,678.0,Product_678,4.0,399.77,1599.08
1340,Enterprise,54136.0,2024-02-29 17:10:00,340.0,Product_340,2.0,22.2,44.4
1340,Enterprise,54136.0,2024-02-29 17:10:00,636.0,Product_636,2.0,52.78,105.56
1207,Enterprise,54130.0,2024-02-29 16:10:00,373.0,Product_373,4.0,289.4,1157.6
1207,Enterprise,54130.0,2024-02-29 16:10:00,417.0,Product_417,2.0,262.08,524.16
1207,Enterprise,54130.0,2024-02-29 16:10:00,626.0,Product_626,2.0,98.15,196.3
1437,Enterprise,54129.0,2024-02-29 16:00:00,217.0,Product_217,4.0,207.43,829.72
1437,Enterprise,54129.0,2024-02-29 16:00:00,365.0,Product_365,4.0,164.11,656.44
1378,Enterprise,54123.0,2024-02-29 15:00:00,453.0,Product_453,1.0,122.44,122.44
1129,Enterprise,54120.0,2024-02-29 14:30:00,417.0,Product_417,4.0,345.48,1381.92
1371,Enterprise,54104.0,2024-02-29 11:50:00,295.0,Product_295,5.0,464.45,2322.25
1371,Enterprise,54104.0,2024-02-29 11:50:00,365.0,Product_365,4.0,336.54,1346.16
1336,Enterprise,54098.0,2024-02-29 10:50:00,,,,,
1207,Enterprise,54097.0,2024-02-29 10:40:00,355.0,Product_355,2.0,303.95,607.9
1207,Enterprise,54097.0,2024-02-29 10:40:00,407.0,Product_407,3.0,291.91,875.73
1207,Enterprise,54097.0,2024-02-29 10:40:00,658.0,Product_658,1.0,152.35,152.35
1300,Enterprise,54095.0,2024-02-29 10:20:00,333.0,Product_333,4.0,133.53,534.12
1300,Enterprise,54095.0,2024-02-29 10:20:00,463.0,Product_463,1.0,192.3,192.3
1059,Enterprise,54086.0,2024-02-29 08:50:00,,,,,
1899,Enterprise,54067.0,2024-02-29 05:40:00,566.0,Product_566,1.0,379.47,379.47
1899,Enterprise,54067.0,2024-02-29 05:40:00,594.0,Product_594,4.0,284.98,1139.92
1727,Enterprise,54066.0,2024-02-29 05:30:00,316.0,Product_316,2.0,36.74,73.48
1401,Enterprise,54064.0,2024-02-29 05:10:00,209.0,Product_209,3.0,369.73,1109.19
1401,Enterprise,54064.0,2024-02-29 05:10:00,214.0,Product_214,1.0,407.32,407.32
1704,Enterprise,54054.0,2024-02-29 03:30:00,358.0,Product_358,2.0,126.2,252.4
1704,Enterprise,54054.0,2024-02-29 03:30:00,365.0,Product_365,1.0,357.27,357.27
1704,Enterprise,54054.0,2024-02-29 03:30:00,398.0,Product_398,1.0,269.4,269.4
1704,Enterprise,54054.0,2024-02-29 03:30:00,680.0,Product_680,5.0,264.71,1323.55
1355,Enterprise,54051.0,2024-02-29 03:00:00,398.0,Product_398,2.0,73.32,146.64
1355,Enterprise,54051.0,2024-02-29 03:00:00,411.0,Product_411,3.0,493.44,1480.32
1355,Enterprise,54051.0,2024-02-29 03:00:00,636.0,Product_636,3.0,325.09,975.27
1719,Enterprise,54035.0,2024-02-29 00:20:00,380.0,Product_380,2.0,153.97,307.94
1124,Enterprise,54031.0,2024-02-28 23:40:00,499.0,Product_499,2.0,487.79,975.58
1124,Enterprise,54031.0,2024-02-28 23:40:00,515.0,Product_515,3.0,336.03,1008.09
1348,Enterprise,54029.0,2024-02-28 23:20:00,387.0,Product_387,1.0,359.44,359.44
1884,Enterprise,54016.0,2024-02-28 21:10:00,292.0,Product_292,2.0,477.41,954.82
1884,Enterprise,54016.0,2024-02-28 21:10:00,503.0,Product_503,3.0,181.28,543.84
1059,Enterprise,54011.0,2024-02-28 20:20:00,512.0,Product_512,2.0,323.57,647.14
1206,Enterprise,54008.0,2024-02-28 19:50:00,288.0,Product_288,2.0,66.3,132.6
1206,Enterprise,54008.0,2024-02-28 19:50:00,429.0,Product_429,3.0,241.45,724.35
1851,Enterprise,54005.0,2024-02-28 19:20:00,315.0,Product_315,5.0,232.41,1162.05
1851,Enterprise,54005.0,2024-02-28 19:20:00,425.0,Product_425,5.0,449.03,2245.15
1851,Enterprise,54005.0,2024-02-28 19:20:00,474.0,Product_474,1.0,60.51,60.51
1635,Enterprise,54001.0,2024-02-28 18:40:00,314.0,Product_314,1.0,175.35,175.35
1635,Enterprise,54001.0,2024-02-28 18:40:00,322.0,Product_322,3.0,106.61,319.83
1335,Enterprise,53998.0,2024-02-28 18:10:00,217.0,Product_217,2.0,45.64,91.28
1335,Enterprise,53998.0,2024-02-28 18:10:00,226.0,Product_226,4.0,197.26,789.04
1335,Enterprise,53998.0,2024-02-28 18:10:00,417.0,Product_417,3.0,340.65,1021.95
1335,Enterprise,53998.0,2024-02-28 18:10:00,674.0,Product_674,3.0,197.28,591.84
1557,Enterprise,53997.0,2024-02-28 18:00:00,216.0,Product_216,1.0,435.31,435.31
1557,Enterprise,53997.0,2024-02-28 18:00:00,224.0,Product_224,5.0,164.17,820.85
1333,Enterprise,53996.0,2024-02-28 17:50:00,611.0,Product_611,2.0,422.08,844.16
1335,Enterprise,53988.0,2024-02-28 16:30:00,553.0,Product_553,1.0,127.41,127.41
1292,Enterprise,53987.0,2024-02-28 16:20:00,284.0,Product_284,1.0,206.67,206.67
1292,Enterprise,53987.0,2024-02-28 16:20:00,524.0,Product_524,1.0,371.22,371.22
1292,Enterprise,53987.0,2024-02-28 16:20:00,590.0,Product_590,2.0,229.92,459.84
1292,Enterprise,53987.0,2024-02-28 16:20:00,694.0,Product_694,3.0,268.22,804.66
1751,Enterprise,53984.0,2024-02-28 15:50:00,238.0,Product_238,5.0,491.4,2457.0
1751,Enterprise,53984.0,2024-02-28 15:50:00,579.0,Product_579,3.0,271.24,813.72
1435,Enterprise,53975.0,2024-02-28 14:20:00,,,,,
1057,Enterprise,53972.0,2024-02-28 13:50:00,,,,,
1899,Enterprise,53968.0,2024-02-28 13:10:00,314.0,Product_314,1.0,159.57,159.57
1425,Enterprise,53956.0,2024-02-28 11:10:00,479.0,Product_479,1.0,470.1,470.1
1336,Enterprise,53955.0,2024-02-28 11:00:00,474.0,Product_474,5.0,223.71,1118.55
1833,Enterprise,53951.0,2024-02-28 10:20:00,301.0,Product_301,3.0,308.83,926.49
1833,Enterprise,53951.0,2024-02-28 10:20:00,439.0,Product_439,1.0,175.92,175.92
1073,Enterprise,53948.0,2024-02-28 09:50:00,213.0,Product_213,3.0,83.65,250.95
1822,Enterprise,53946.0,2024-02-28 09:30:00,433.0,Product_433,1.0,138.03,138.03
1822,Enterprise,53946.0,2024-02-28 09:30:00,520.0,Product_520,1.0,90.78,90.78
1822,Enterprise,53946.0,2024-02-28 09:30:00,589.0,Product_589,3.0,461.24,1383.72
1629,Enterprise,53940.0,2024-02-28 08:30:00,,,,,
1207,Enterprise,53938.0,2024-02-28 08:10:00,,,,,
1765,Enterprise,53936.0,2024-02-28 07:50:00,225.0,Product_225,3.0,107.61,322.83
1529,Enterprise,53932.0,2024-02-28 07:10:00,,,,,
1007,Enterprise,53924.0,2024-02-28 05:50:00,,,,,
1295,Enterprise,53913.0,2024-02-28 04:00:00,629.0,Product_629,5.0,348.0,1740.0
1245,Enterprise,53910.0,2024-02-28 03:30:00,254.0,Product_254,2.0,161.59,323.18
1206,Enterprise,53877.0,2024-02-27 22:00:00,,,,,
1011,Enterprise,53876.0,2024-02-27 21:50:00,384.0,Product_384,2.0,122.63,245.26
1011,Enterprise,53876.0,2024-02-27 21:50:00,636.0,Product_636,4.0,457.86,1831.44
1540,Enterprise,53875.0,2024-02-27 21:40:00,,,,,
1450,Enterprise,53854.0,2024-02-27 18:10:00,276.0,Product_276,5.0,280.38,1401.9
1450,Enterprise,53854.0,2024-02-27 18:10:00,600.0,Product_600,2.0,263.48,526.96
1401,Enterprise,53850.0,2024-02-27 17:30:00,,,,,
1372,Enterprise,53846.0,2024-02-27 16:50:00,258.0,Product_258,5.0,457.13,2285.65
1372,Enterprise,53846.0,2024-02-27 16:50:00,429.0,Product_429,1.0,271.72,271.72
1558,Enterprise,53845.0,2024-02-27 16:40:00,,,,,
1677,Enterprise,53841.0,2024-02-27 16:00:00,,,,,
1457,Enterprise,53838.0,2024-02-27 15:30:00,288.0,Product_288,5.0,451.46,2257.3
1457,Enterprise,53838.0,2024-02-27 15:30:00,294.0,Product_294,3.0,229.01,687.03
1457,Enterprise,53838.0,2024-02-27 15:30:00,616.0,Product_616,5.0,121.77,608.85
1471,Enterprise,53833.0,2024-02-27 14:40:00,336.0,Product_336,2.0,270.02,540.04
1425,Enterprise,53826.0,2024-02-27 13:30:00,248.0,Product_248,5.0,53.52,267.6
1425,Enterprise,53826.0,2024-02-27 13:30:00,249.0,Product_249,3.0,418.2,1254.6
1425,Enterprise,53826.0,2024-02-27 13:30:00,560.0,Product_560,5.0,291.75,1458.75
1425,Enterprise,53826.0,2024-02-27 13:30:00,587.0,Product_587,1.0,206.49,206.49
1547,Enterprise,53823.0,2024-02-27 13:00:00,,,,,
1153,Enterprise,53801.0,2024-02-27 09:20:00,313.0,Product_313,1.0,461.33,461.33
1153,Enterprise,53801.0,2024-02-27 09:20:00,473.0,Product_473,5.0,304.59,1522.95
1153,Enterprise,53801.0,2024-02-27 09:20:00,656.0,Product_656,1.0,460.46,460.46
1665,Enterprise,53794.0,2024-02-27 08:10:00,418.0,Product_418,3.0,273.49,820.47
1665,Enterprise,53794.0,2024-02-27 08:10:00,486.0,Product_486,4.0,269.46,1077.84
1312,Enterprise,53791.0,2024-02-27 07:40:00,436.0,Product_436,5.0,446.03,2230.15
1129,Enterprise,53786.0,2024-02-27 06:50:00,469.0,Product_469,2.0,479.56,959.12
1129,Enterprise,53786.0,2024-02-27 06:50:00,528.0,Product_528,2.0,394.62,789.24
1069,Enterprise,53785.0,2024-02-27 06:40:00,,,,,
1455,Enterprise,53779.0,2024-02-27 05:40:00,,,,,
1860,Enterprise,53776.0,2024-02-27 05:10:00,412.0,Product_412,1.0,442.45,442.45
1860,Enterprise,53776.0,2024-02-27 05:10:00,531.0,Product_531,5.0,392.82,1964.1
1860,Enterprise,53776.0,2024-02-27 05:10:00,632.0,Product_632,4.0,112.07,448.28
1645,Enterprise,53774.0,2024-02-27 04:50:00,233.0,Product_233,5.0,454.99,2274.95
1645,Enterprise,53774.0,2024-02-27 04:50:00,466.0,Product_466,5.0,350.69,1753.45
1645,Enterprise,53774.0,2024-02-27 04:50:00,606.0,Product_606,2.0,105.02,210.04
1038,Enterprise,53772.0,2024-02-27 04:30:00,,,,,
1614,Enterprise,53771.0,2024-02-27 04:20:00,414.0,Product_414,5.0,171.85,859.25
1614,Enterprise,53771.0,2024-02-27 04:20:00,631.0,Product_631,4.0,297.62,1190.48
1129,Enterprise,53765.0,2024-02-27 03:20:00,494.0,Product_494,4.0,410.71,1642.84
1207,Enterprise,53764.0,2024-02-27 03:10:00,461.0,Product_461,2.0,77.88,155.76
1207,Enterprise,53764.0,2024-02-27 03:10:00,487.0,Product_487,4.0,470.13,1880.52
1822,Enterprise,53761.0,2024-02-27 02:40:00,295.0,Product_295,5.0,33.26,166.3
1822,Enterprise,53761.0,2024-02-27 02:40:00,578.0,Product_578,1.0,246.0,246.0
1822,Enterprise,53761.0,2024-02-27 02:40:00,596.0,Product_596,5.0,105.58,527.9
1875,Enterprise,53760.0,2024-02-27 02:30:00,217.0,Product_217,1.0,101.85,101.85
1875,Enterprise,53760.0,2024-02-27 02:30:00,285.0,Product_285,2.0,235.84,471.68
1875,Enterprise,53760.0,2024-02-27 02:30:00,422.0,Product_422,3.0,134.22,402.66
1875,Enterprise,53760.0,2024-02-27 02:30:00,654.0,Product_654,3.0,112.93,338.79
1335,Enterprise,53744.0,2024-02-26 23:50:00,386.0,Product_386,5.0,291.39,1456.95
1335,Enterprise,53744.0,2024-02-26 23:50:00,425.0,Product_425,2.0,414.64,829.28
1295,Enterprise,53720.0,2024-02-26 19:50:00,,,,,
1857,Enterprise,53719.0,2024-02-26 19:40:00,352.0,Product_352,2.0,237.21,474.42
1857,Enterprise,53719.0,2024-02-26 19:40:00,445.0,Product_445,1.0,344.31,344.31
1073,Enterprise,53715.0,2024-02-26 19:00:00,419.0,Product_419,2.0,63.41,126.82
1073,Enterprise,53715.0,2024-02-26 19:00:00,462.0,Product_462,4.0,48.73,194.92
1073,Enterprise,53715.0,2024-02-26 19:00:00,560.0,Product_560,1.0,101.96,101.96
1776,Enterprise,53710.0,2024-02-26 18:10:00,,,,,
1833,Enterprise,53706.0,2024-02-26 17:30:00,,,,,
1589,Enterprise,53701.0,2024-02-26 16:40:00,349.0,Product_349,5.0,264.81,1324.05
1589,Enterprise,53701.0,2024-02-26 16:40:00,659.0,Product_659,4.0,156.51,626.04
1069,Enterprise,53678.0,2024-02-26 12:50:00,,,,,
1041,Enterprise,53662.0,2024-02-26 10:10:00,361.0,Product_361,5.0,193.59,967.95
1041,Enterprise,53662.0,2024-02-26 10:10:00,476.0,Product_476,1.0,225.2,225.2
1041,Enterprise,53662.0,2024-02-26 10:10:00,641.0,Product_641,4.0,237.71,950.84
1041,Enterprise,53662.0,2024-02-26 10:10:00,655.0,Product_655,3.0,374.58,1123.74
1043,Enterprise,53660.0,2024-02-26 09:50:00,245.0,Product_245,3.0,462.87,1388.61
1860,Enterprise,53658.0,2024-02-26 09:30:00,673.0,Product_673,4.0,474.73,1898.92
1073,Enterprise,53656.0,2024-02-26 09:10:00,225.0,Product_225,4.0,393.56,1574.24
1073,Enterprise,53656.0,2024-02-26 09:10:00,262.0,Product_262,2.0,138.93,277.86
1073,Enterprise,53656.0,2024-02-26 09:10:00,602.0,Product_602,1.0,58.26,58.26
1605,Enterprise,53654.0,2024-02-26 08:50:00,,,,,
1795,Enterprise,53642.0,2024-02-26 06:50:00,632.0,Product_632,5.0,25.4,127.0
1370,Enterprise,53641.0,2024-02-26 06:40:00,,,,,
1073,Enterprise,53631.0,2024-02-26 05:00:00,279.0,Product_279,3.0,128.61,385.83
1073,Enterprise,53631.0,2024-02-26 05:00:00,388.0,Product_388,4.0,91.43,365.72
1073,Enterprise,53631.0,2024-02-26 05:00:00,519.0,Product_519,3.0,73.29,219.87
1007,Enterprise,53623.0,2024-02-26 03:40:00,,,,,
1301,Enterprise,53621.0,2024-02-26 03:20:00,230.0,Product_230,1.0,248.09,248.09
1284,Enterprise,53618.0,2024-02-26 02:50:00,,,,,
1059,Enterprise,53597.0,2024-02-25 23:20:00,285.0,Product_285,2.0,24.04,48.08
1059,Enterprise,53597.0,2024-02-25 23:20:00,490.0,Product_490,1.0,303.49,303.49
1059,Enterprise,53597.0,2024-02-25 23:20:00,645.0,Product_645,3.0,260.63,781.89
1100,Enterprise,53596.0,2024-02-25 23:10:00,673.0,Product_673,2.0,182.67,365.34
1073,Enterprise,53589.0,2024-02-25 22:00:00,356.0,Product_356,4.0,259.77,1039.08
1719,Enterprise,53586.0,2024-02-25 21:30:00,,,,,
1295,Enterprise,53567.0,2024-02-25 18:20:00,592.0,Product_592,3.0,124.25,372.75
1022,Enterprise,53564.0,2024-02-25 17:50:00,207.0,Product_207,1.0,413.15,413.15
1022,Enterprise,53564.0,2024-02-25 17:50:00,477.0,Product_477,1.0,379.47,379.47
1022,Enterprise,53564.0,2024-02-25 17:50:00,483.0,Product_483,5.0,426.17,2130.85
1425,Enterprise,53548.0,2024-02-25 15:10:00,552.0,Product_552,2.0,134.55,269.1
1202,Enterprise,53536.0,2024-02-25 13:10:00,420.0,Product_420,4.0,220.84,883.36
1202,Enterprise,53536.0,2024-02-25 13:10:00,641.0,Product_641,5.0,189.09,945.45
1477,Enterprise,53522.0,2024-02-25 10:50:00,582.0,Product_582,4.0,259.4,1037.6
1477,Enterprise,53522.0,2024-02-25 10:50:00,585.0,Product_585,2.0,401.1,802.2
1822,Enterprise,53521.0,2024-02-25 10:40:00,276.0,Product_276,3.0,114.89,344.67
1822,Enterprise,53521.0,2024-02-25 10:40:00,390.0,Product_390,3.0,470.59,1411.77
1822,Enterprise,53521.0,2024-02-25 10:40:00,488.0,Product_488,2.0,452.34,904.68
1822,Enterprise,53521.0,2024-02-25 10:40:00,554.0,Product_554,2.0,385.5,771.0
1591,Enterprise,53515.0,2024-02-25 09:40:00,310.0,Product_310,1.0,487.37,487.37
1084,Enterprise,53512.0,2024-02-25 09:10:00,371.0,Product_371,5.0,176.24,881.2
1084,Enterprise,53512.0,2024-02-25 09:10:00,483.0,Product_483,3.0,193.03,579.09
1450,Enterprise,53506.0,2024-02-25 08:10:00,204.0,Product_204,4.0,407.48,1629.92
1033,Enterprise,53497.0,2024-02-25 06:40:00,266.0,Product_266,3.0,46.05,138.15
1033,Enterprise,53497.0,2024-02-25 06:40:00,521.0,Product_521,3.0,375.49,1126.47
1059,Enterprise,53496.0,2024-02-25 06:30:00,332.0,Product_332,2.0,340.84,681.68
1059,Enterprise,53496.0,2024-02-25 06:30:00,404.0,Product_404,3.0,235.94,707.82
1059,Enterprise,53496.0,2024-02-25 06:30:00,525.0,Product_525,5.0,51.25,256.25
1059,Enterprise,53496.0,2024-02-25 06:30:00,544.0,Product_544,1.0,259.74,259.74
1069,Enterprise,53493.0,2024-02-25 06:00:00,579.0,Product_579,3.0,175.15,525.45
1401,Enterprise,53488.0,2024-02-25 05:10:00,634.0,Product_634,5.0,479.77,2398.85
1124,Enterprise,53480.0,2024-02-25 03:50:00,459.0,Product_459,3.0,154.36,463.08
1375,Enterprise,53470.0,2024-02-25 02:10:00,409.0,Product_409,3.0,22.9,68.7
1206,Enterprise,53469.0,2024-02-25 02:00:00,437.0,Product_437,1.0,177.71,177.71
1313,Enterprise,53466.0,2024-02-25 01:30:00,256.0,Product_256,2.0,384.67,769.34
1313,Enterprise,53466.0,2024-02-25 01:30:00,658.0,Product_658,1.0,416.39,416.39
1313,Enterprise,53466.0,2024-02-25 01:30:00,669.0,Product_669,1.0,173.33,173.33
1883,Enterprise,53465.0,2024-02-25 01:20:00,696.0,Product_696,3.0,324.56,973.68
1022,Enterprise,53464.0,2024-02-25 01:10:00,,,,,
1336,Enterprise,53444.0,2024-02-24 21:50:00,,,,,
1889,Enterprise,53438.0,2024-02-24 20:50:00,291.0,Product_291,5.0,274.41,1372.05
1889,Enterprise,53438.0,2024-02-24 20:50:00,440.0,Product_440,1.0,409.58,409.58
1889,Enterprise,53438.0,2024-02-24 20:50:00,487.0,Product_487,4.0,294.83,1179.32
1851,Enterprise,53437.0,2024-02-24 20:40:00,326.0,Product_326,4.0,329.05,1316.2
1851,Enterprise,53437.0,2024-02-24 20:40:00,359.0,Product_359,1.0,156.8,156.8
1851,Enterprise,53437.0,2024-02-24 20:40:00,396.0,Product_396,1.0,466.07,466.07
1900,Enterprise,53434.0,2024-02-24 20:10:00,,,,,
1078,Enterprise,53427.0,2024-02-24 19:00:00,,,,,
1884,Enterprise,53424.0,2024-02-24 18:30:00,,,,,
1043,Enterprise,53423.0,2024-02-24 18:20:00,663.0,Product_663,5.0,274.77,1373.85
1851,Enterprise,53422.0,2024-02-24 18:10:00,,,,,
1100,Enterprise,53416.0,2024-02-24 17:10:00,587.0,Product_587,3.0,455.36,1366.08
1515,Enterprise,53402.0,2024-02-24 14:50:00,509.0,Product_509,4.0,125.83,503.32
1515,Enterprise,53402.0,2024-02-24 14:50:00,540.0,Product_540,2.0,312.88,625.76
1245,Enterprise,53401.0,2024-02-24 14:40:00,232.0,Product_232,3.0,348.21,1044.63
1340,Enterprise,53399.0,2024-02-24 14:20:00,,,,,
1073,Enterprise,53395.0,2024-02-24 13:40:00,,,,,
1477,Enterprise,53394.0,2024-02-24 13:30:00,,,,,
1313,Enterprise,53389.0,2024-02-24 12:40:00,249.0,Product_249,2.0,30.28,60.56
1378,Enterprise,53385.0,2024-02-24 12:00:00,531.0,Product_531,2.0,142.71,285.42
1423,Enterprise,53380.0,2024-02-24 11:10:00,219.0,Product_219,3.0,83.93,251.79
1423,Enterprise,53380.0,2024-02-24 11:10:00,390.0,Product_390,3.0,298.1,894.3
1423,Enterprise,53380.0,2024-02-24 11:10:00,581.0,Product_581,2.0,317.24,634.48
1563,Enterprise,53370.0,2024-02-24 09:30:00,526.0,Product_526,4.0,155.92,623.68
1563,Enterprise,53370.0,2024-02-24 09:30:00,571.0,Product_571,3.0,370.6,1111.8
1191,Enterprise,53368.0,2024-02-24 09:10:00,,,,,
1833,Enterprise,53367.0,2024-02-24 09:00:00,,,,,
1635,Enterprise,53363.0,2024-02-24 08:20:00,300.0,Product_300,5.0,150.89,754.45
1153,Enterprise,53362.0,2024-02-24 08:10:00,557.0,Product_557,4.0,306.89,1227.56
1153,Enterprise,53362.0,2024-02-24 08:10:00,696.0,Product_696,5.0,472.88,2364.4
1651,Enterprise,53352.0,2024-02-24 06:30:00,,,,,
1202,Enterprise,53345.0,2024-02-24 05:20:00,425.0,Product_425,4.0,462.24,1848.96
1202,Enterprise,53345.0,2024-02-24 05:20:00,461.0,Product_461,1.0,84.45,84.45
1022,Enterprise,53337.0,2024-02-24 04:00:00,209.0,Product_209,4.0,200.07,800.28
1022,Enterprise,53337.0,2024-02-24 04:00:00,360.0,Product_360,1.0,223.37,223.37
1022,Enterprise,53337.0,2024-02-24 04:00:00,446.0,Product_446,4.0,115.59,462.36
1022,Enterprise,53337.0,2024-02-24 04:00:00,597.0,Product_597,2.0,483.39,966.78
1206,Enterprise,53326.0,2024-02-24 02:10:00,277.0,Product_277,3.0,56.26,168.78
1206,Enterprise,53326.0,2024-02-24 02:10:00,565.0,Product_565,3.0,266.31,798.93
1206,Enterprise,53326.0,2024-02-24 02:10:00,615.0,Product_615,4.0,331.42,1325.68
1206,Enterprise,53326.0,2024-02-24 02:10:00,677.0,Product_677,2.0,375.89,751.78
1702,Enterprise,53321.0,2024-02-24 01:20:00,245.0,Product_245,5.0,239.37,1196.85
1169,Enterprise,53316.0,2024-02-24 00:30:00,,,,,
1751,Enterprise,53315.0,2024-02-24 00:20:00,322.0,Product_322,4.0,64.3,257.2
1751,Enterprise,53315.0,2024-02-24 00:20:00,684.0,Product_684,5.0,158.22,791.1
1038,Enterprise,53312.0,2024-02-23 23:50:00,344.0,Product_344,1.0,264.8,264.8
1038,Enterprise,53312.0,2024-02-23 23:50:00,600.0,Product_600,2.0,89.3,178.6
1515,Enterprise,53306.0,2024-02-23 22:50:00,309.0,Product_309,4.0,23.42,93.68
1515,Enterprise,53306.0,2024-02-23 22:50:00,596.0,Product_596,4.0,172.9,691.6
1357,Enterprise,53297.0,2024-02-23 21:20:00,,,,,
1471,Enterprise,53279.0,2024-02-23 18:20:00,,,,,
1558,Enterprise,53257.0,2024-02-23 14:40:00,,,,,
1084,Enterprise,53246.0,2024-02-23 12:50:00,340.0,Product_340,1.0,333.87,333.87
1084,Enterprise,53246.0,2024-02-23 12:50:00,394.0,Product_394,2.0,206.63,413.26
1645,Enterprise,53240.0,2024-02-23 11:50:00,460.0,Product_460,4.0,210.49,841.96
1645,Enterprise,53240.0,2024-02-23 11:50:00,567.0,Product_567,2.0,29.0,58.0
1645,Enterprise,53240.0,2024-02-23 11:50:00,599.0,Product_599,4.0,231.27,925.08
1645,Enterprise,53240.0,2024-02-23 11:50:00,664.0,Product_664,5.0,244.76,1223.8
1883,Enterprise,53231.0,2024-02-23 10:20:00,,,,,
1588,Enterprise,53229.0,2024-02-23 10:00:00,283.0,Product_283,1.0,495.08,495.08
1099,Enterprise,53228.0,2024-02-23 09:50:00,297.0,Product_297,3.0,122.84,368.52
1099,Enterprise,53228.0,2024-02-23 09:50:00,297.0,Product_297,5.0,237.09,1185.45
1099,Enterprise,53228.0,2024-02-23 09:50:00,463.0,Product_463,1.0,155.67,155.67
1099,Enterprise,53228.0,2024-02-23 09:50:00,692.0,Product_692,2.0,418.25,836.5
1651,Enterprise,53225.0,2024-02-23 09:20:00,,,,,
1401,Enterprise,53217.0,2024-02-23 08:00:00,261.0,Product_261,2.0,346.85,693.7
1401,Enterprise,53217.0,2024-02-23 08:00:00,458.0,Product_458,1.0,37.72,37.72
1041,Enterprise,53213.0,2024-02-23 07:20:00,319.0,Product_319,5.0,363.09,1815.45
1041,Enterprise,53213.0,2024-02-23 07:20:00,448.0,Product_448,1.0,400.55,400.55
1091,Enterprise,53199.0,2024-02-23 05:00:00,293.0,Product_293,5.0,350.42,1752.1
1091,Enterprise,53199.0,2024-02-23 05:00:00,307.0,Product_307,3.0,178.54,535.62
1091,Enterprise,53199.0,2024-02-23 05:00:00,422.0,Product_422,3.0,373.98,1121.94
1611,Enterprise,53187.0,2024-02-23 03:00:00,479.0,Product_479,2.0,300.7,601.4
1629,Enterprise,53184.0,2024-02-23 02:30:00,211.0,Product_211,5.0,44.25,221.25
1605,Enterprise,53179.0,2024-02-23 01:40:00,292.0,Product_292,4.0,51.64,206.56
1605,Enterprise,53179.0,2024-02-23 01:40:00,376.0,Product_376,5.0,266.33,1331.65
1605,Enterprise,53179.0,2024-02-23 01:40:00,444.0,Product_444,4.0,360.52,1442.08
1605,Enterprise,53179.0,2024-02-23 01:40:00,481.0,Product_481,5.0,273.12,1365.6
1605,Enterprise,53179.0,2024-02-23 01:40:00,620.0,Product_620,2.0,84.56,169.12
1129,Enterprise,53176.0,2024-02-23 01:10:00,,,,,
1889,Enterprise,53161.0,2024-02-22 22:40:00,399.0,Product_399,2.0,401.88,803.76
1600,Enterprise,53135.0,2024-02-22 18:20:00,332.0,Product_332,4.0,277.87,1111.48
1833,Enterprise,53129.0,2024-02-22 17:20:00,542.0,Product_542,2.0,72.57,145.14
1450,Enterprise,53119.0,2024-02-22 15:40:00,580.0,Product_580,2.0,470.52,941.04
1245,Enterprise,53117.0,2024-02-22 15:20:00,281.0,Product_281,5.0,200.39,1001.95
1245,Enterprise,53117.0,2024-02-22 15:20:00,460.0,Product_460,4.0,458.89,1835.56
1883,Enterprise,53109.0,2024-02-22 14:00:00,662.0,Product_662,3.0,55.49,166.47
1260,Enterprise,53107.0,2024-02-22 13:40:00,486.0,Product_486,2.0,180.85,361.7
1357,Enterprise,53098.0,2024-02-22 12:10:00,251.0,Product_251,1.0,96.51,96.51
1357,Enterprise,53098.0,2024-02-22 12:10:00,606.0,Product_606,4.0,335.77,1343.08
1357,Enterprise,53098.0,2024-02-22 12:10:00,665.0,Product_665,5.0,378.69,1893.45
1333,Enterprise,53078.0,2024-02-22 08:50:00,,,,,
1223,Enterprise,53064.0,2024-02-22 06:30:00,217.0,Product_217,3.0,30.9,92.7
1223,Enterprise,53064.0,2024-02-22 06:30:00,268.0,Product_268,2.0,324.79,649.58
1223,Enterprise,53064.0,2024-02-22 06:30:00,490.0,Product_490,3.0,68.9,206.7
1223,Enterprise,53064.0,2024-02-22 06:30:00,657.0,Product_657,3.0,299.35,898.05
1558,Enterprise,53053.0,2024-02-22 04:40:00,327.0,Product_327,3.0,180.25,540.75
1558,Enterprise,53053.0,2024-02-22 04:40:00,367.0,Product_367,2.0,296.6,593.2
1558,Enterprise,53053.0,2024-02-22 04:40:00,391.0,Product_391,5.0,23.96,119.8
1673,Enterprise,53045.0,2024-02-22 03:20:00,276.0,Product_276,4.0,42.08,168.32
1673,Enterprise,53045.0,2024-02-22 03:20:00,503.0,Product_503,4.0,251.39,1005.56
1673,Enterprise,53045.0,2024-02-22 03:20:00,548.0,Product_548,2.0,371.31,742.62
1673,Enterprise,53045.0,2024-02-22 03:20:00,563.0,Product_563,3.0,310.24,930.72
1459,Enterprise,53042.0,2024-02-22 02:50:00,251.0,Product_251,4.0,352.99,1411.96
1459,Enterprise,53042.0,2024-02-22 02:50:00,253.0,Product_253,1.0,196.61,196.61
1459,Enterprise,53042.0,2024-02-22 02:50:00,589.0,Product_589,4.0,73.59,294.36
1459,Enterprise,53042.0,2024-02-22 02:50:00,677.0,Product_677,2.0,497.59,995.18
1564,Enterprise,53024.0,2024-02-21 23:50:00,,,,,
1833,Enterprise,53021.0,2024-02-21 23:20:00,233.0,Product_233,2.0,89.6,179.2
1833,Enterprise,53021.0,2024-02-21 23:20:00,560.0,Product_560,4.0,141.56,566.24
1833,Enterprise,53021.0,2024-02-21 23:20:00,657.0,Product_657,4.0,409.49,1637.96
1461,Enterprise,53013.0,2024-02-21 22:00:00,597.0,Product_597,2.0,206.65,413.3
1301,Enterprise,53010.0,2024-02-21 21:30:00,209.0,Product_209,2.0,121.71,243.42
1441,Enterprise,53005.0,2024-02-21 20:40:00,263.0,Product_263,5.0,184.18,920.9
1529,Enterprise,52999.0,2024-02-21 19:40:00,655.0,Product_655,4.0,229.17,916.68
1540,Enterprise,52996.0,2024-02-21 19:10:00,302.0,Product_302,4.0,337.05,1348.2
1540,Enterprise,52996.0,2024-02-21 19:10:00,504.0,Product_504,2.0,403.81,807.62
1540,Enterprise,52996.0,2024-02-21 19:10:00,662.0,Product_662,5.0,425.75,2128.75
1434,Enterprise,52992.0,2024-02-21 18:30:00,230.0,Product_230,2.0,318.66,637.32
1434,Enterprise,52992.0,2024-02-21 18:30:00,491.0,Product_491,1.0,444.89,444.89
1645,Enterprise,52989.0,2024-02-21 18:00:00,336.0,Product_336,2.0,231.43,462.86
1516,Enterprise,52984.0,2024-02-21 17:10:00,286.0,Product_286,5.0,259.92,1299.6
1471,Enterprise,52982.0,2024-02-21 16:50:00,,,,,
1124,Enterprise,52981.0,2024-02-21 16:40:00,261.0,Product_261,1.0,44.85,44.85
1059,Enterprise,52970.0,2024-02-21 14:50:00,,,,,
1776,Enterprise,52963.0,2024-02-21 13:40:00,408.0,Product_408,1.0,484.24,484.24
1457,Enterprise,52960.0,2024-02-21 13:10:00,312.0,Product_312,2.0,56.81,113.62
1457,Enterprise,52960.0,2024-02-21 13:10:00,591.0,Product_591,4.0,456.73,1826.92
1373,Enterprise,52954.0,2024-02-21 12:10:00,222.0,Product_222,4.0,289.36,1157.44
1373,Enterprise,52954.0,2024-02-21 12:10:00,489.0,Product_489,3.0,479.86,1439.58
1373,Enterprise,52954.0,2024-02-21 12:10:00,613.0,Product_613,5.0,387.23,1936.15
1373,Enterprise,52954.0,2024-02-21 12:10:00,691.0,Product_691,4.0,111.48,445.92
1033,Enterprise,52944.0,2024-02-21 10:30:00,547.0,Product_547,4.0,388.79,1555.16
1033,Enterprise,52944.0,2024-02-21 10:30:00,577.0,Product_577,5.0,220.28,1101.4
1665,Enterprise,52943.0,2024-02-21 10:20:00,697.0,Product_697,2.0,312.98,625.96
1795,Enterprise,52929.0,2024-02-21 08:00:00,446.0,Product_446,3.0,122.15,366.45
1795,Enterprise,52929.0,2024-02-21 08:00:00,607.0,Product_607,5.0,145.0,725.0
1795,Enterprise,52929.0,2024-02-21 08:00:00,651.0,Product_651,5.0,159.72,798.6
1795,Enterprise,52929.0,2024-02-21 08:00:00,658.0,Product_658,3.0,341.81,1025.43
1604,Enterprise,52927.0,2024-02-21 07:40:00,254.0,Product_254,5.0,178.86,894.3
1604,Enterprise,52927.0,2024-02-21 07:40:00,410.0,Product_410,4.0,424.24,1696.96
1833,Enterprise,52919.0,2024-02-21 06:20:00,380.0,Product_380,3.0,110.76,332.28
1833,Enterprise,52919.0,2024-02-21 06:20:00,392.0,Product_392,1.0,247.98,247.98
1833,Enterprise,52919.0,2024-02-21 06:20:00,423.0,Product_423,5.0,185.44,927.2
1833,Enterprise,52919.0,2024-02-21 06:20:00,479.0,Product_479,5.0,81.63,408.15
1378,Enterprise,52915.0,2024-02-21 05:40:00,240.0,Product_240,5.0,48.7,243.5
1378,Enterprise,52915.0,2024-02-21 05:40:00,328.0,Product_328,4.0,342.42,1369.68
1884,Enterprise,52909.0,2024-02-21 04:40:00,458.0,Product_458,2.0,355.58,711.16
1884,Enterprise,52909.0,2024-02-21 04:40:00,539.0,Product_539,5.0,28.99,144.95
1182,Enterprise,52908.0,2024-02-21 04:30:00,,,,,
1614,Enterprise,52905.0,2024-02-21 04:00:00,,,,,
1677,Enterprise,52894.0,2024-02-21 02:10:00,493.0,Product_493,4.0,329.4,1317.6
1558,Enterprise,52892.0,2024-02-21 01:50:00,,,,,
1313,Enterprise,52882.0,2024-02-21 00:10:00,,,,,
1822,Enterprise,52873.0,2024-02-20 22:40:00,299.0,Product_299,1.0,216.72,216.72
1822,Enterprise,52873.0,2024-02-20 22:40:00,526.0,Product_526,4.0,483.48,1933.92
1540,Enterprise,52871.0,2024-02-20 22:20:00,350.0,Product_350,1.0,499.85,499.85
1149,Enterprise,52870.0,2024-02-20 22:10:00,379.0,Product_379,4.0,288.84,1155.36
1149,Enterprise,52870.0,2024-02-20 22:10:00,601.0,Product_601,5.0,63.86,319.3
1263,Enterprise,52864.0,2024-02-20 21:10:00,262.0,Product_262,3.0,101.11,303.33
1776,Enterprise,52863.0,2024-02-20 21:00:00,,,,,
1100,Enterprise,52856.0,2024-02-20 19:50:00,220.0,Product_220,3.0,360.74,1082.22
1100,Enterprise,52856.0,2024-02-20 19:50:00,501.0,Product_501,1.0,66.38,66.38
1822,Enterprise,52855.0,2024-02-20 19:40:00,216.0,Product_216,3.0,243.67,731.01
1459,Enterprise,52854.0,2024-02-20 19:30:00,287.0,Product_287,4.0,270.35,1081.4
1459,Enterprise,52854.0,2024-02-20 19:30:00,346.0,Product_346,4.0,317.18,1268.72
1459,Enterprise,52854.0,2024-02-20 19:30:00,473.0,Product_473,5.0,169.95,849.75
1100,Enterprise,52847.0,2024-02-20 18:20:00,280.0,Product_280,5.0,174.8,874.0
1100,Enterprise,52847.0,2024-02-20 18:20:00,455.0,Product_455,3.0,25.8,77.4
1100,Enterprise,52847.0,2024-02-20 18:20:00,506.0,Product_506,4.0,92.71,370.84
1100,Enterprise,52847.0,2024-02-20 18:20:00,511.0,Product_511,5.0,67.95,339.75
1100,Enterprise,52847.0,2024-02-20 18:20:00,632.0,Product_632,3.0,301.45,904.35
1100,Enterprise,52847.0,2024-02-20 18:20:00,700.0,Product_700,5.0,116.63,583.15
1455,Enterprise,52842.0,2024-02-20 17:30:00,347.0,Product_347,1.0,201.37,201.37
1455,Enterprise,52842.0,2024-02-20 17:30:00,414.0,Product_414,1.0,194.82,194.82
1455,Enterprise,52842.0,2024-02-20 17:30:00,444.0,Product_444,3.0,273.02,819.06
1455,Enterprise,52842.0,2024-02-20 17:30:00,517.0,Product_517,4.0,447.01,1788.04
1455,Enterprise,52842.0,2024-02-20 17:30:00,680.0,Product_680,2.0,299.04,598.08
1355,Enterprise,52833.0,2024-02-20 16:00:00,269.0,Product_269,4.0,402.25,1609.0
1355,Enterprise,52833.0,2024-02-20 16:00:00,439.0,Product_439,4.0,134.92,539.68
1540,Enterprise,52831.0,2024-02-20 15:40:00,,,,,
1101,Enterprise,52827.0,2024-02-20 15:00:00,477.0,Product_477,4.0,67.56,270.24
1810,Enterprise,52826.0,2024-02-20 14:50:00,262.0,Product_262,2.0,419.53,839.06
1723,Enterprise,52823.0,2024-02-20 14:20:00,292.0,Product_292,1.0,250.8,250.8
1431,Enterprise,52817.0,2024-02-20 13:20:00,254.0,Product_254,2.0,372.67,745.34
1431,Enterprise,52817.0,2024-02-20 13:20:00,303.0,Product_303,5.0,180.38,901.9
1431,Enterprise,52817.0,2024-02-20 13:20:00,571.0,Product_571,5.0,315.9,1579.5
1101,Enterprise,52811.0,2024-02-20 12:20:00,304.0,Product_304,3.0,167.25,501.75
1101,Enterprise,52811.0,2024-02-20 12:20:00,466.0,Product_466,4.0,92.02,368.08
1471,Enterprise,52801.0,2024-02-20 10:40:00,344.0,Product_344,2.0,369.67,739.34
1471,Enterprise,52801.0,2024-02-20 10:40:00,385.0,Product_385,4.0,302.06,1208.24
1401,Enterprise,52799.0,2024-02-20 10:20:00,422.0,Product_422,1.0,214.15,214.15
1819,Enterprise,52790.0,2024-02-20 08:50:00,,,,,
1577,Enterprise,52781.0,2024-02-20 07:20:00,210.0,Product_210,1.0,285.92,285.92
1577,Enterprise,52781.0,2024-02-20 07:20:00,652.0,Product_652,4.0,425.62,1702.48
1651,Enterprise,52779.0,2024-02-20 07:00:00,273.0,Product_273,5.0,86.19,430.95
1651,Enterprise,52779.0,2024-02-20 07:00:00,362.0,Product_362,3.0,100.26,300.78
1651,Enterprise,52779.0,2024-02-20 07:00:00,700.0,Product_700,3.0,407.55,1222.65
1889,Enterprise,52775.0,2024-02-20 06:20:00,312.0,Product_312,5.0,50.88,254.4
1889,Enterprise,52775.0,2024-02-20 06:20:00,376.0,Product_376,5.0,257.38,1286.9
1889,Enterprise,52775.0,2024-02-20 06:20:00,547.0,Product_547,4.0,145.67,582.68
1889,Enterprise,52775.0,2024-02-20 06:20:00,608.0,Product_608,5.0,248.09,1240.45
1776,Enterprise,52772.0,2024-02-20 05:50:00,282.0,Product_282,4.0,42.49,169.96
1776,Enterprise,52772.0,2024-02-20 05:50:00,407.0,Product_407,2.0,444.24,888.48
1209,Enterprise,52768.0,2024-02-20 05:10:00,,,,,
1441,Enterprise,52760.0,2024-02-20 03:50:00,,,,,
1591,Enterprise,52759.0,2024-02-20 03:40:00,680.0,Product_680,4.0,453.17,1812.68
1776,Enterprise,52746.0,2024-02-20 01:30:00,570.0,Product_570,3.0,304.39,913.17
1776,Enterprise,52746.0,2024-02-20 01:30:00,584.0,Product_584,4.0,418.81,1675.24
1776,Enterprise,52746.0,2024-02-20 01:30:00,668.0,Product_668,4.0,225.45,901.8
1776,Enterprise,52746.0,2024-02-20 01:30:00,696.0,Product_696,5.0,171.07,855.35
1471,Enterprise,52745.0,2024-02-20 01:20:00,,,,,
1059,Enterprise,52744.0,2024-02-20 01:10:00,580.0,Product_580,2.0,50.42,100.84
1260,Enterprise,52742.0,2024-02-20 00:50:00,,,,,
1030,Enterprise,52740.0,2024-02-20 00:30:00,323.0,Product_323,5.0,304.6,1523.0
1030,Enterprise,52740.0,2024-02-20 00:30:00,449.0,Product_449,3.0,304.12,912.36
1030,Enterprise,52740.0,2024-02-20 00:30:00,549.0,Product_549,2.0,240.17,480.34
1030,Enterprise,52740.0,2024-02-20 00:30:00,572.0,Product_572,1.0,358.15,358.15
1022,Enterprise,52739.0,2024-02-20 00:20:00,331.0,Product_331,4.0,130.66,522.64
1847,Enterprise,52738.0,2024-02-20 00:10:00,442.0,Product_442,4.0,64.46,257.84
1847,Enterprise,52738.0,2024-02-20 00:10:00,568.0,Product_568,3.0,178.11,534.33
1847,Enterprise,52738.0,2024-02-20 00:10:00,671.0,Product_671,2.0,259.04,518.08
1408,Enterprise,52737.0,2024-02-20 00:00:00,380.0,Product_380,2.0,108.1,216.2
1408,Enterprise,52737.0,2024-02-20 00:00:00,639.0,Product_639,2.0,163.1,326.2
1564,Enterprise,52728.0,2024-02-19 22:30:00,,,,,
1313,Enterprise,52714.0,2024-02-19 20:10:00,214.0,Product_214,2.0,219.9,439.8
1313,Enterprise,52714.0,2024-02-19 20:10:00,437.0,Product_437,4.0,434.11,1736.44
1313,Enterprise,52714.0,2024-02-19 20:10:00,642.0,Product_642,1.0,391.5,391.5
1313,Enterprise,52714.0,2024-02-19 20:10:00,644.0,Product_644,1.0,325.5,325.5
1437,Enterprise,52708.0,2024-02-19 19:10:00,,,,,
1295,Enterprise,52693.0,2024-02-19 16:40:00,446.0,Product_446,4.0,38.86,155.44
1450,Enterprise,52686.0,2024-02-19 15:30:00,471.0,Product_471,5.0,467.98,2339.9
1450,Enterprise,52686.0,2024-02-19 15:30:00,533.0,Product_533,2.0,186.85,373.7
1656,Enterprise,52682.0,2024-02-19 14:50:00,515.0,Product_515,2.0,322.37,644.74
1656,Enterprise,52682.0,2024-02-19 14:50:00,692.0,Product_692,4.0,182.11,728.44
1375,Enterprise,52678.0,2024-02-19 14:10:00,235.0,Product_235,4.0,318.87,1275.48
1375,Enterprise,52678.0,2024-02-19 14:10:00,504.0,Product_504,5.0,266.68,1333.4
1771,Enterprise,52666.0,2024-02-19 12:10:00,252.0,Product_252,5.0,211.4,1057.0
1771,Enterprise,52666.0,2024-02-19 12:10:00,260.0,Product_260,2.0,172.89,345.78
1771,Enterprise,52666.0,2024-02-19 12:10:00,313.0,Product_313,5.0,180.31,901.55
1355,Enterprise,52664.0,2024-02-19 11:50:00,270.0,Product_270,5.0,387.35,1936.75
1260,Enterprise,52660.0,2024-02-19 11:10:00,372.0,Product_372,5.0,298.39,1491.95
1547,Enterprise,52652.0,2024-02-19 09:50:00,674.0,Product_674,5.0,212.56,1062.8
1292,Enterprise,52638.0,2024-02-19 07:30:00,298.0,Product_298,5.0,330.63,1653.15
1370,Enterprise,52628.0,2024-02-19 05:50:00,216.0,Product_216,1.0,131.82,131.82
1057,Enterprise,52623.0,2024-02-19 05:00:00,,,,,
1286,Enterprise,52622.0,2024-02-19 04:50:00,211.0,Product_211,4.0,312.54,1250.16
1286,Enterprise,52622.0,2024-02-19 04:50:00,543.0,Product_543,4.0,372.25,1489.0
1286,Enterprise,52622.0,2024-02-19 04:50:00,609.0,Product_609,4.0,29.03,116.12
1547,Enterprise,52620.0,2024-02-19 04:30:00,550.0,Product_550,2.0,295.59,591.18
1810,Enterprise,52612.0,2024-02-19 03:10:00,459.0,Product_459,2.0,153.32,306.64
1022,Enterprise,52606.0,2024-02-19 02:10:00,489.0,Product_489,4.0,444.39,1777.56
1751,Enterprise,52578.0,2024-02-18 21:30:00,463.0,Product_463,5.0,402.25,2011.25
1751,Enterprise,52578.0,2024-02-18 21:30:00,494.0,Product_494,2.0,232.84,465.68
1604,Enterprise,52576.0,2024-02-18 21:10:00,550.0,Product_550,3.0,348.1,1044.3
1704,Enterprise,52568.0,2024-02-18 19:50:00,332.0,Product_332,2.0,113.51,227.02
1704,Enterprise,52568.0,2024-02-18 19:50:00,338.0,Product_338,5.0,350.52,1752.6
1704,Enterprise,52568.0,2024-02-18 19:50:00,369.0,Product_369,5.0,498.76,2493.8
1587,Enterprise,52562.0,2024-02-18 18:50:00,307.0,Product_307,4.0,317.17,1268.68
1695,Enterprise,52558.0,2024-02-18 18:10:00,,,,,
1883,Enterprise,52549.0,2024-02-18 16:40:00,566.0,Product_566,1.0,262.37,262.37
1883,Enterprise,52549.0,2024-02-18 16:40:00,569.0,Product_569,2.0,213.77,427.54
1883,Enterprise,52549.0,2024-02-18 16:40:00,620.0,Product_620,5.0,334.53,1672.65
1529,Enterprise,52548.0,2024-02-18 16:30:00,,,,,
1558,Enterprise,52545.0,2024-02-18 16:00:00,344.0,Product_344,3.0,334.57,1003.71
1558,Enterprise,52545.0,2024-02-18 16:00:00,461.0,Product_461,2.0,434.58,869.16
1487,Enterprise,52540.0,2024-02-18 15:10:00,314.0,Product_314,3.0,132.13,396.39
1487,Enterprise,52540.0,2024-02-18 15:10:00,479.0,Product_479,5.0,130.66,653.3
1822,Enterprise,52532.0,2024-02-18 13:50:00,413.0,Product_413,2.0,261.97,523.94
1822,Enterprise,52532.0,2024-02-18 13:50:00,439.0,Product_439,1.0,151.63,151.63
1822,Enterprise,52532.0,2024-02-18 13:50:00,559.0,Product_559,1.0,242.88,242.88
1822,Enterprise,52532.0,2024-02-18 13:50:00,642.0,Product_642,5.0,269.97,1349.85
1822,Enterprise,52532.0,2024-02-18 13:50:00,685.0,Product_685,4.0,400.82,1603.28
1091,Enterprise,52528.0,2024-02-18 13:10:00,397.0,Product_397,1.0,201.72,201.72
1091,Enterprise,52528.0,2024-02-18 13:10:00,515.0,Product_515,4.0,358.44,1433.76
1284,Enterprise,52520.0,2024-02-18 11:50:00,,,,,
1165,Enterprise,52517.0,2024-02-18 11:20:00,,,,,
1099,Enterprise,52508.0,2024-02-18 09:50:00,,,,,
1435,Enterprise,52505.0,2024-02-18 09:20:00,272.0,Product_272,3.0,186.41,559.23
1604,Enterprise,52498.0,2024-02-18 08:10:00,,,,,
1300,Enterprise,52492.0,2024-02-18 07:10:00,669.0,Product_669,1.0,207.82,207.82
1563,Enterprise,52486.0,2024-02-18 06:10:00,232.0,Product_232,2.0,333.88,667.76
1563,Enterprise,52486.0,2024-02-18 06:10:00,595.0,Product_595,3.0,473.5,1420.5
1899,Enterprise,52481.0,2024-02-18 05:20:00,430.0,Product_430,3.0,129.44,388.32
1165,Enterprise,52472.0,2024-02-18 03:50:00,590.0,Product_590,2.0,336.56,673.12
1165,Enterprise,52472.0,2024-02-18 03:50:00,629.0,Product_629,3.0,95.91,287.73
1165,Enterprise,52472.0,2024-02-18 03:50:00,678.0,Product_678,3.0,406.47,1219.41
1069,Enterprise,52471.0,2024-02-18 03:40:00,622.0,Product_622,3.0,61.5,184.5
1069,Enterprise,52471.0,2024-02-18 03:40:00,644.0,Product_644,3.0,85.1,255.3
1431,Enterprise,52464.0,2024-02-18 02:30:00,,,,,
1059,Enterprise,52463.0,2024-02-18 02:20:00,502.0,Product_502,4.0,358.83,1435.32
1124,Enterprise,52452.0,2024-02-18 00:30:00,296.0,Product_296,4.0,115.48,461.92
1124,Enterprise,52452.0,2024-02-18 00:30:00,496.0,Product_496,2.0,437.73,875.46
1245,Enterprise,52445.0,2024-02-17 23:20:00,518.0,Product_518,5.0,407.73,2038.65
1563,Enterprise,52440.0,2024-02-17 22:30:00,485.0,Product_485,3.0,365.45,1096.35
1563,Enterprise,52440.0,2024-02-17 22:30:00,638.0,Product_638,4.0,150.45,601.8
1430,Enterprise,52436.0,2024-02-17 21:50:00,543.0,Product_543,5.0,55.92,279.6
1557,Enterprise,52432.0,2024-02-17 21:10:00,592.0,Product_592,5.0,424.74,2123.7
1434,Enterprise,52425.0,2024-02-17 20:00:00,344.0,Product_344,4.0,372.12,1488.48
1833,Enterprise,52420.0,2024-02-17 19:10:00,210.0,Product_210,1.0,237.39,237.39
1833,Enterprise,52420.0,2024-02-17 19:10:00,467.0,Product_467,5.0,149.71,748.55
1833,Enterprise,52420.0,2024-02-17 19:10:00,689.0,Product_689,2.0,372.12,744.24
1440,Enterprise,52417.0,2024-02-17 18:40:00,276.0,Product_276,1.0,460.5,460.5
1440,Enterprise,52417.0,2024-02-17 18:40:00,323.0,Product_323,2.0,382.72,765.44
1440,Enterprise,52417.0,2024-02-17 18:40:00,663.0,Product_663,1.0,68.1,68.1
1202,Enterprise,52401.0,2024-02-17 16:00:00,,,,,
1833,Enterprise,52395.0,2024-02-17 15:00:00,320.0,Product_320,1.0,483.91,483.91
1007,Enterprise,52391.0,2024-02-17 14:20:00,321.0,Product_321,5.0,118.7,593.5
1440,Enterprise,52389.0,2024-02-17 14:00:00,,,,,
1041,Enterprise,52376.0,2024-02-17 11:50:00,508.0,Product_508,2.0,499.72,999.44
1041,Enterprise,52376.0,2024-02-17 11:50:00,612.0,Product_612,3.0,374.9,1124.7
1847,Enterprise,52375.0,2024-02-17 11:40:00,,,,,
1172,Enterprise,52374.0,2024-02-17 11:30:00,255.0,Product_255,5.0,147.95,739.75
1030,Enterprise,52366.0,2024-02-17 10:10:00,344.0,Product_344,2.0,160.61,321.22
1030,Enterprise,52366.0,2024-02-17 10:10:00,481.0,Product_481,4.0,333.49,1333.96
1073,Enterprise,52364.0,2024-02-17 09:50:00,426.0,Product_426,1.0,484.22,484.22
1375,Enterprise,52363.0,2024-02-17 09:40:00,,,,,
1611,Enterprise,52361.0,2024-02-17 09:20:00,424.0,Product_424,3.0,308.11,924.33
1408,Enterprise,52352.0,2024-02-17 07:50:00,,,,,
1223,Enterprise,52350.0,2024-02-17 07:30:00,257.0,Product_257,1.0,39.87,39.87
1223,Enterprise,52350.0,2024-02-17 07:30:00,493.0,Product_493,1.0,289.29,289.29
1357,Enterprise,52345.0,2024-02-17 06:40:00,574.0,Product_574,1.0,50.95,50.95
1357,Enterprise,52345.0,2024-02-17 06:40:00,681.0,Product_681,3.0,279.03,837.09
1813,Enterprise,52344.0,2024-02-17 06:30:00,259.0,Product_259,5.0,362.62,1813.1
1813,Enterprise,52344.0,2024-02-17 06:30:00,592.0,Product_592,3.0,289.06,867.18
1833,Enterprise,52342.0,2024-02-17 06:10:00,287.0,Product_287,1.0,58.12,58.12
1605,Enterprise,52332.0,2024-02-17 04:30:00,243.0,Product_243,3.0,395.28,1185.84
1629,Enterprise,52330.0,2024-02-17 04:10:00,284.0,Product_284,5.0,57.45,287.25
1629,Enterprise,52330.0,2024-02-17 04:10:00,463.0,Product_463,3.0,453.94,1361.82
1084,Enterprise,52327.0,2024-02-17 03:40:00,268.0,Product_268,5.0,87.68,438.4
1084,Enterprise,52327.0,2024-02-17 03:40:00,337.0,Product_337,1.0,404.24,404.24
1084,Enterprise,52327.0,2024-02-17 03:40:00,406.0,Product_406,5.0,381.48,1907.4
1771,Enterprise,52326.0,2024-02-17 03:30:00,,,,,
1540,Enterprise,52325.0,2024-02-17 03:20:00,243.0,Product_243,4.0,273.3,1093.2
1540,Enterprise,52325.0,2024-02-17 03:20:00,318.0,Product_318,3.0,125.49,376.47
1563,Enterprise,52320.0,2024-02-17 02:30:00,657.0,Product_657,2.0,283.06,566.12
1819,Enterprise,52316.0,2024-02-17 01:50:00,396.0,Product_396,3.0,450.79,1352.37
1450,Enterprise,52315.0,2024-02-17 01:40:00,333.0,Product_333,2.0,79.72,159.44
1202,Enterprise,52314.0,2024-02-17 01:30:00,420.0,Product_420,4.0,185.72,742.88
1202,Enterprise,52314.0,2024-02-17 01:30:00,570.0,Product_570,2.0,24.99,49.98
1041,Enterprise,52310.0,2024-02-17 00:50:00,383.0,Product_383,4.0,270.21,1080.84
1755,Enterprise,52308.0,2024-02-17 00:30:00,293.0,Product_293,2.0,487.47,974.94
1378,Enterprise,52307.0,2024-02-17 00:20:00,280.0,Product_280,3.0,308.89,926.67
1378,Enterprise,52307.0,2024-02-17 00:20:00,508.0,Product_508,5.0,269.35,1346.75
1378,Enterprise,52307.0,2024-02-17 00:20:00,635.0,Product_635,3.0,334.06,1002.18
1084,Enterprise,52303.0,2024-02-16 23:40:00,424.0,Product_424,5.0,155.31,776.55
1084,Enterprise,52303.0,2024-02-16 23:40:00,669.0,Product_669,2.0,36.97,73.94
1751,Enterprise,52301.0,2024-02-16 23:20:00,,,,,
1673,Enterprise,52295.0,2024-02-16 22:20:00,350.0,Product_350,5.0,186.45,932.25
1727,Enterprise,52288.0,2024-02-16 21:10:00,521.0,Product_521,3.0,259.73,779.19
1431,Enterprise,52287.0,2024-02-16 21:00:00,259.0,Product_259,1.0,37.48,37.48
1431,Enterprise,52287.0,2024-02-16 21:00:00,659.0,Product_659,1.0,66.64,66.64
1153,Enterprise,52282.0,2024-02-16 20:10:00,674.0,Product_674,5.0,315.73,1578.65
1301,Enterprise,52276.0,2024-02-16 19:10:00,530.0,Product_530,1.0,291.39,291.39
1557,Enterprise,52264.0,2024-02-16 17:10:00,457.0,Product_457,2.0,68.87,137.74
1557,Enterprise,52264.0,2024-02-16 17:10:00,488.0,Product_488,5.0,434.79,2173.95
1557,Enterprise,52264.0,2024-02-16 17:10:00,579.0,Product_579,2.0,205.77,411.54
1557,Enterprise,52264.0,2024-02-16 17:10:00,632.0,Product_632,5.0,450.04,2250.2
1558,Enterprise,52263.0,2024-02-16 17:00:00,393.0,Product_393,2.0,454.24,908.48
1333,Enterprise,52261.0,2024-02-16 16:40:00,334.0,Product_334,3.0,303.31,909.93
1704,Enterprise,52257.0,2024-02-16 16:00:00,212.0,Product_212,4.0,43.08,172.32
1704,Enterprise,52257.0,2024-02-16 16:00:00,306.0,Product_306,1.0,356.08,356.08
1704,Enterprise,52257.0,2024-02-16 16:00:00,364.0,Product_364,1.0,57.84,57.84
1704,Enterprise,52257.0,2024-02-16 16:00:00,687.0,Product_687,2.0,381.83,763.66
1041,Enterprise,52254.0,2024-02-16 15:30:00,653.0,Product_653,2.0,412.56,825.12
1819,Enterprise,52251.0,2024-02-16 15:00:00,,,,,
1529,Enterprise,52248.0,2024-02-16 14:30:00,512.0,Product_512,2.0,129.0,258.0
1822,Enterprise,52240.0,2024-02-16 13:10:00,401.0,Product_401,1.0,134.3,134.3
1822,Enterprise,52240.0,2024-02-16 13:10:00,480.0,Product_480,5.0,309.41,1547.05
1704,Enterprise,52236.0,2024-02-16 12:30:00,406.0,Product_406,4.0,68.53,274.12
1291,Enterprise,52215.0,2024-02-16 09:00:00,,,,,
1441,Enterprise,52208.0,2024-02-16 07:50:00,245.0,Product_245,1.0,435.01,435.01
1665,Enterprise,52196.0,2024-02-16 05:50:00,,,,,
1540,Enterprise,52180.0,2024-02-16 03:10:00,212.0,Product_212,4.0,182.76,731.04
1540,Enterprise,52180.0,2024-02-16 03:10:00,607.0,Product_607,5.0,390.05,1950.25
1348,Enterprise,52179.0,2024-02-16 03:00:00,413.0,Product_413,2.0,184.2,368.4
1455,Enterprise,52178.0,2024-02-16 02:50:00,425.0,Product_425,4.0,204.96,819.84
1455,Enterprise,52178.0,2024-02-16 02:50:00,562.0,Product_562,4.0,21.46,85.84
1819,Enterprise,52170.0,2024-02-16 01:30:00,,,,,
1605,Enterprise,52166.0,2024-02-16 00:50:00,234.0,Product_234,4.0,270.44,1081.76
1605,Enterprise,52166.0,2024-02-16 00:50:00,455.0,Product_455,4.0,344.37,1377.48
1588,Enterprise,52158.0,2024-02-15 23:30:00,291.0,Product_291,5.0,447.59,2237.95
1588,Enterprise,52158.0,2024-02-15 23:30:00,307.0,Product_307,2.0,491.09,982.18
1431,Enterprise,52154.0,2024-02-15 22:50:00,,,,,
1301,Enterprise,52152.0,2024-02-15 22:30:00,,,,,
1477,Enterprise,52124.0,2024-02-15 17:50:00,406.0,Product_406,1.0,332.39,332.39
1695,Enterprise,52122.0,2024-02-15 17:30:00,259.0,Product_259,3.0,231.18,693.54
1695,Enterprise,52122.0,2024-02-15 17:30:00,324.0,Product_324,5.0,79.19,395.95
1695,Enterprise,52122.0,2024-02-15 17:30:00,622.0,Product_622,1.0,163.99,163.99
1776,Enterprise,52113.0,2024-02-15 16:00:00,491.0,Product_491,4.0,200.42,801.68
1776,Enterprise,52113.0,2024-02-15 16:00:00,676.0,Product_676,4.0,268.36,1073.44
1041,Enterprise,52110.0,2024-02-15 15:30:00,472.0,Product_472,3.0,138.55,415.65
1041,Enterprise,52110.0,2024-02-15 15:30:00,504.0,Product_504,3.0,413.58,1240.74
1041,Enterprise,52110.0,2024-02-15 15:30:00,552.0,Product_552,3.0,346.91,1040.73
1334,Enterprise,52108.0,2024-02-15 15:10:00,,,,,
1673,Enterprise,52100.0,2024-02-15 13:50:00,457.0,Product_457,3.0,120.0,360.0
1673,Enterprise,52100.0,2024-02-15 13:50:00,647.0,Product_647,5.0,496.19,2480.95
1286,Enterprise,52097.0,2024-02-15 13:20:00,455.0,Product_455,3.0,336.88,1010.64
1437,Enterprise,52093.0,2024-02-15 12:40:00,268.0,Product_268,2.0,23.24,46.48
1375,Enterprise,52087.0,2024-02-15 11:40:00,445.0,Product_445,5.0,381.97,1909.85
1375,Enterprise,52087.0,2024-02-15 11:40:00,472.0,Product_472,4.0,381.77,1527.08
1375,Enterprise,52087.0,2024-02-15 11:40:00,540.0,Product_540,5.0,72.64,363.2
1073,Enterprise,52084.0,2024-02-15 11:10:00,,,,,
1284,Enterprise,52079.0,2024-02-15 10:20:00,256.0,Product_256,1.0,98.42,98.42
1284,Enterprise,52079.0,2024-02-15 10:20:00,607.0,Product_607,5.0,487.55,2437.75
1899,Enterprise,52075.0,2024-02-15 09:40:00,343.0,Product_343,4.0,151.12,604.48
1899,Enterprise,52075.0,2024-02-15 09:40:00,613.0,Product_613,3.0,322.66,967.98
1727,Enterprise,52071.0,2024-02-15 09:00:00,308.0,Product_308,4.0,317.65,1270.6
1727,Enterprise,52071.0,2024-02-15 09:00:00,465.0,Product_465,2.0,24.71,49.42
1727,Enterprise,52071.0,2024-02-15 09:00:00,592.0,Product_592,2.0,269.06,538.12
1614,Enterprise,52070.0,2024-02-15 08:50:00,578.0,Product_578,3.0,152.54,457.62
1547,Enterprise,52058.0,2024-02-15 06:50:00,505.0,Product_505,4.0,120.72,482.88
1547,Enterprise,52058.0,2024-02-15 06:50:00,528.0,Product_528,4.0,494.3,1977.2
1702,Enterprise,52057.0,2024-02-15 06:40:00,263.0,Product_263,4.0,54.33,217.32
1702,Enterprise,52057.0,2024-02-15 06:40:00,324.0,Product_324,1.0,393.72,393.72
1702,Enterprise,52057.0,2024-02-15 06:40:00,360.0,Product_360,2.0,127.91,255.82
1702,Enterprise,52057.0,2024-02-15 06:40:00,367.0,Product_367,1.0,459.0,459.0
1702,Enterprise,52057.0,2024-02-15 06:40:00,612.0,Product_612,1.0,161.96,161.96
1702,Enterprise,52057.0,2024-02-15 06:40:00,617.0,Product_617,1.0,436.99,436.99
1558,Enterprise,52051.0,2024-02-15 05:40:00,238.0,Product_238,4.0,339.39,1357.56
1558,Enterprise,52051.0,2024-02-15 05:40:00,561.0,Product_561,4.0,91.54,366.16
1558,Enterprise,52051.0,2024-02-15 05:40:00,663.0,Product_663,3.0,313.76,941.28
1207,Enterprise,52039.0,2024-02-15 03:40:00,468.0,Product_468,3.0,101.24,303.72
1845,Enterprise,52038.0,2024-02-15 03:30:00,432.0,Product_432,2.0,488.6,977.2
1401,Enterprise,52033.0,2024-02-15 02:40:00,670.0,Product_670,5.0,86.72,433.6
1460,Enterprise,52032.0,2024-02-15 02:30:00,497.0,Product_497,1.0,298.01,298.01
1460,Enterprise,52032.0,2024-02-15 02:30:00,629.0,Product_629,4.0,286.42,1145.68
1460,Enterprise,52032.0,2024-02-15 02:30:00,632.0,Product_632,1.0,360.45,360.45
1629,Enterprise,52029.0,2024-02-15 02:00:00,535.0,Product_535,3.0,281.18,843.54
1629,Enterprise,52029.0,2024-02-15 02:00:00,560.0,Product_560,5.0,97.63,488.15
1313,Enterprise,52028.0,2024-02-15 01:50:00,379.0,Product_379,2.0,207.18,414.36
1313,Enterprise,52028.0,2024-02-15 01:50:00,509.0,Product_509,3.0,284.65,853.95
1313,Enterprise,52028.0,2024-02-15 01:50:00,673.0,Product_673,4.0,367.72,1470.88
1191,Enterprise,52025.0,2024-02-15 01:20:00,391.0,Product_391,4.0,429.79,1719.16
1191,Enterprise,52025.0,2024-02-15 01:20:00,419.0,Product_419,1.0,405.59,405.59
1516,Enterprise,52020.0,2024-02-15 00:30:00,310.0,Product_310,4.0,309.69,1238.76
1191,Enterprise,52018.0,2024-02-15 00:10:00,,,,,
1124,Enterprise,52013.0,2024-02-14 23:20:00,594.0,Product_594,1.0,424.53,424.53
1124,Enterprise,52013.0,2024-02-14 23:20:00,600.0,Product_600,5.0,323.76,1618.8
1651,Enterprise,51997.0,2024-02-14 20:40:00,539.0,Product_539,4.0,37.43,149.72
1041,Enterprise,51985.0,2024-02-14 18:40:00,218.0,Product_218,1.0,81.19,81.19
1041,Enterprise,51985.0,2024-02-14 18:40:00,538.0,Product_538,3.0,248.27,744.81
1588,Enterprise,51973.0,2024-02-14 16:40:00,326.0,Product_326,1.0,452.28,452.28
1457,Enterprise,51968.0,2024-02-14 15:50:00,328.0,Product_328,2.0,279.73,559.46
1457,Enterprise,51968.0,2024-02-14 15:50:00,334.0,Product_334,3.0,258.51,775.53
1457,Enterprise,51968.0,2024-02-14 15:50:00,335.0,Product_335,2.0,308.1,616.2
1457,Enterprise,51968.0,2024-02-14 15:50:00,660.0,Product_660,5.0,447.31,2236.55
1450,Enterprise,51965.0,2024-02-14 15:20:00,458.0,Product_458,1.0,233.42,233.42
1450,Enterprise,51965.0,2024-02-14 15:20:00,506.0,Product_506,4.0,60.66,242.64
1434,Enterprise,51959.0,2024-02-14 14:20:00,699.0,Product_699,3.0,208.05,624.15
1372,Enterprise,51957.0,2024-02-14 14:00:00,370.0,Product_370,2.0,199.75,399.5
1372,Enterprise,51957.0,2024-02-14 14:00:00,485.0,Product_485,4.0,409.26,1637.04
1372,Enterprise,51957.0,2024-02-14 14:00:00,616.0,Product_616,5.0,361.12,1805.6
1372,Enterprise,51957.0,2024-02-14 14:00:00,651.0,Product_651,3.0,34.5,103.5
1477,Enterprise,51955.0,2024-02-14 13:40:00,479.0,Product_479,5.0,280.11,1400.55
1645,Enterprise,51951.0,2024-02-14 13:00:00,508.0,Product_508,3.0,62.51,187.53
1795,Enterprise,51942.0,2024-02-14 11:30:00,330.0,Product_330,1.0,243.59,243.59
1260,Enterprise,51935.0,2024-02-14 10:20:00,341.0,Product_341,4.0,231.24,924.96
1260,Enterprise,51935.0,2024-02-14 10:20:00,561.0,Product_561,1.0,423.65,423.65
1129,Enterprise,51927.0,2024-02-14 09:00:00,343.0,Product_343,4.0,470.32,1881.28
1260,Enterprise,51917.0,2024-02-14 07:20:00,245.0,Product_245,3.0,50.63,151.89
1260,Enterprise,51917.0,2024-02-14 07:20:00,256.0,Product_256,1.0,56.9,56.9
1260,Enterprise,51917.0,2024-02-14 07:20:00,322.0,Product_322,4.0,392.84,1571.36
1129,Enterprise,51910.0,2024-02-14 06:10:00,558.0,Product_558,4.0,228.21,912.84
1129,Enterprise,51910.0,2024-02-14 06:10:00,681.0,Product_681,3.0,170.63,511.89
1875,Enterprise,51906.0,2024-02-14 05:30:00,245.0,Product_245,3.0,489.41,1468.23
1875,Enterprise,51906.0,2024-02-14 05:30:00,313.0,Product_313,2.0,101.06,202.12
1238,Enterprise,51890.0,2024-02-14 02:50:00,225.0,Product_225,5.0,147.51,737.55
1899,Enterprise,51861.0,2024-02-13 22:00:00,236.0,Product_236,2.0,212.54,425.08
1899,Enterprise,51861.0,2024-02-13 22:00:00,585.0,Product_585,3.0,444.66,1333.98
1899,Enterprise,51861.0,2024-02-13 22:00:00,617.0,Product_617,2.0,62.17,124.34
1381,Enterprise,51851.0,2024-02-13 20:20:00,,,,,
1604,Enterprise,51849.0,2024-02-13 20:00:00,412.0,Product_412,5.0,263.67,1318.35
1604,Enterprise,51849.0,2024-02-13 20:00:00,488.0,Product_488,5.0,199.07,995.35
1604,Enterprise,51849.0,2024-02-13 20:00:00,544.0,Product_544,1.0,199.48,199.48
1604,Enterprise,51849.0,2024-02-13 20:00:00,639.0,Product_639,2.0,82.59,165.18
1884,Enterprise,51840.0,2024-02-13 18:30:00,295.0,Product_295,5.0,149.36,746.8
1884,Enterprise,51840.0,2024-02-13 18:30:00,444.0,Product_444,2.0,64.67,129.34
1884,Enterprise,51840.0,2024-02-13 18:30:00,563.0,Product_563,2.0,217.52,435.04
1704,Enterprise,51828.0,2024-02-13 16:30:00,271.0,Product_271,5.0,468.28,2341.4
1611,Enterprise,51827.0,2024-02-13 16:20:00,,,,,
1588,Enterprise,51822.0,2024-02-13 15:30:00,646.0,Product_646,2.0,74.4,148.8
1435,Enterprise,51818.0,2024-02-13 14:50:00,256.0,Product_256,5.0,242.79,1213.95
1435,Enterprise,51818.0,2024-02-13 14:50:00,601.0,Product_601,5.0,491.99,2459.95
1435,Enterprise,51818.0,2024-02-13 14:50:00,657.0,Product_657,2.0,310.26,620.52
1435,Enterprise,51818.0,2024-02-13 14:50:00,669.0,Product_669,1.0,48.59,48.59
1057,Enterprise,51812.0,2024-02-13 13:50:00,365.0,Product_365,5.0,220.31,1101.55
1057,Enterprise,51812.0,2024-02-13 13:50:00,552.0,Product_552,4.0,71.16,284.64
1022,Enterprise,51810.0,2024-02-13 13:30:00,,,,,
1577,Enterprise,51805.0,2024-02-13 12:40:00,534.0,Product_534,1.0,272.64,272.64
1529,Enterprise,51800.0,2024-02-13 11:50:00,271.0,Product_271,4.0,339.34,1357.36
1423,Enterprise,51797.0,2024-02-13 11:20:00,214.0,Product_214,4.0,224.51,898.04
1423,Enterprise,51797.0,2024-02-13 11:20:00,603.0,Product_603,2.0,476.49,952.98
1043,Enterprise,51795.0,2024-02-13 11:00:00,305.0,Product_305,4.0,84.82,339.28
1629,Enterprise,51782.0,2024-02-13 08:50:00,205.0,Product_205,2.0,186.36,372.72
1629,Enterprise,51782.0,2024-02-13 08:50:00,373.0,Product_373,5.0,322.01,1610.05
1629,Enterprise,51782.0,2024-02-13 08:50:00,401.0,Product_401,2.0,495.25,990.5
1629,Enterprise,51782.0,2024-02-13 08:50:00,577.0,Product_577,3.0,132.83,398.49
1425,Enterprise,51779.0,2024-02-13 08:20:00,313.0,Product_313,2.0,368.04,736.08
1425,Enterprise,51779.0,2024-02-13 08:20:00,528.0,Product_528,3.0,333.97,1001.91
1857,Enterprise,51775.0,2024-02-13 07:40:00,343.0,Product_343,5.0,427.98,2139.9
1857,Enterprise,51775.0,2024-02-13 07:40:00,403.0,Product_403,3.0,435.33,1305.99
1857,Enterprise,51775.0,2024-02-13 07:40:00,404.0,Product_404,3.0,78.55,235.65
1371,Enterprise,51774.0,2024-02-13 07:30:00,273.0,Product_273,5.0,413.71,2068.55
1371,Enterprise,51774.0,2024-02-13 07:30:00,483.0,Product_483,3.0,337.09,1011.27
1165,Enterprise,51765.0,2024-02-13 06:00:00,533.0,Product_533,1.0,149.34,149.34
1165,Enterprise,51765.0,2024-02-13 06:00:00,591.0,Product_591,4.0,474.18,1896.72
1313,Enterprise,51764.0,2024-02-13 05:50:00,528.0,Product_528,5.0,293.42,1467.1
1313,Enterprise,51764.0,2024-02-13 05:50:00,650.0,Product_650,4.0,116.81,467.24
1441,Enterprise,51743.0,2024-02-13 02:20:00,347.0,Product_347,2.0,73.24,146.48
1441,Enterprise,51743.0,2024-02-13 02:20:00,366.0,Product_366,4.0,187.24,748.96
1875,Enterprise,51742.0,2024-02-13 02:10:00,,,,,
1813,Enterprise,51735.0,2024-02-13 01:00:00,450.0,Product_450,5.0,53.34,266.7
1841,Enterprise,51734.0,2024-02-13 00:50:00,341.0,Product_341,2.0,51.16,102.32
1841,Enterprise,51734.0,2024-02-13 00:50:00,500.0,Product_500,3.0,33.84,101.52
1841,Enterprise,51734.0,2024-02-13 00:50:00,668.0,Product_668,1.0,64.91,64.91
1182,Enterprise,51728.0,2024-02-12 23:50:00,,,,,
1408,Enterprise,51716.0,2024-02-12 21:50:00,457.0,Product_457,1.0,194.04,194.04
1408,Enterprise,51716.0,2024-02-12 21:50:00,581.0,Product_581,5.0,381.01,1905.05
1182,Enterprise,51705.0,2024-02-12 20:00:00,627.0,Product_627,3.0,317.76,953.28
1313,Enterprise,51701.0,2024-02-12 19:20:00,,,,,
1641,Enterprise,51699.0,2024-02-12 19:00:00,611.0,Product_611,3.0,69.23,207.69
1295,Enterprise,51698.0,2024-02-12 18:50:00,453.0,Product_453,5.0,482.24,2411.2
1260,Enterprise,51695.0,2024-02-12 18:20:00,209.0,Product_209,5.0,147.6,738.0
1260,Enterprise,51695.0,2024-02-12 18:20:00,573.0,Product_573,1.0,166.27,166.27
1260,Enterprise,51695.0,2024-02-12 18:20:00,699.0,Product_699,5.0,322.09,1610.45
1704,Enterprise,51690.0,2024-02-12 17:30:00,228.0,Product_228,1.0,358.96,358.96
1704,Enterprise,51690.0,2024-02-12 17:30:00,559.0,Product_559,4.0,402.99,1611.96
1547,Enterprise,51683.0,2024-02-12 16:20:00,263.0,Product_263,2.0,112.32,224.64
1547,Enterprise,51683.0,2024-02-12 16:20:00,669.0,Product_669,1.0,69.27,69.27
1563,Enterprise,51680.0,2024-02-12 15:50:00,394.0,Product_394,4.0,497.76,1991.04
1563,Enterprise,51680.0,2024-02-12 15:50:00,592.0,Product_592,3.0,256.59,769.77
1771,Enterprise,51671.0,2024-02-12 14:20:00,418.0,Product_418,4.0,495.72,1982.88
1771,Enterprise,51671.0,2024-02-12 14:20:00,669.0,Product_669,5.0,413.76,2068.8
1124,Enterprise,51659.0,2024-02-12 12:20:00,512.0,Product_512,1.0,392.91,392.91
1124,Enterprise,51659.0,2024-02-12 12:20:00,581.0,Product_581,3.0,402.77,1208.31
1124,Enterprise,51659.0,2024-02-12 12:20:00,676.0,Product_676,5.0,302.12,1510.6
1078,Enterprise,51658.0,2024-02-12 12:10:00,324.0,Product_324,3.0,34.74,104.22
1260,Enterprise,51651.0,2024-02-12 11:00:00,373.0,Product_373,1.0,277.05,277.05
1401,Enterprise,51649.0,2024-02-12 10:40:00,393.0,Product_393,1.0,391.96,391.96
1401,Enterprise,51649.0,2024-02-12 10:40:00,433.0,Product_433,3.0,200.8,602.4
1401,Enterprise,51649.0,2024-02-12 10:40:00,507.0,Product_507,3.0,242.72,728.16
1813,Enterprise,51647.0,2024-02-12 10:20:00,328.0,Product_328,2.0,269.74,539.48
1813,Enterprise,51647.0,2024-02-12 10:20:00,621.0,Product_621,4.0,319.53,1278.12
1146,Enterprise,51637.0,2024-02-12 08:40:00,361.0,Product_361,2.0,402.12,804.24
1146,Enterprise,51637.0,2024-02-12 08:40:00,395.0,Product_395,4.0,27.74,110.96
1704,Enterprise,51627.0,2024-02-12 07:00:00,236.0,Product_236,2.0,447.5,895.0
1704,Enterprise,51627.0,2024-02-12 07:00:00,521.0,Product_521,2.0,167.98,335.96
1900,Enterprise,51605.0,2024-02-12 03:20:00,661.0,Product_661,3.0,140.42,421.26
1336,Enterprise,51601.0,2024-02-12 02:40:00,249.0,Product_249,1.0,385.2,385.2
1336,Enterprise,51601.0,2024-02-12 02:40:00,453.0,Product_453,1.0,404.52,404.52
1515,Enterprise,51598.0,2024-02-12 02:10:00,552.0,Product_552,3.0,193.75,581.25
1515,Enterprise,51598.0,2024-02-12 02:10:00,692.0,Product_692,4.0,496.6,1986.4
1516,Enterprise,51595.0,2024-02-12 01:40:00,680.0,Product_680,5.0,173.77,868.85
1516,Enterprise,51595.0,2024-02-12 01:40:00,687.0,Product_687,3.0,361.04,1083.12
1057,Enterprise,51590.0,2024-02-12 00:50:00,353.0,Product_353,3.0,99.99,299.97
1038,Enterprise,51587.0,2024-02-12 00:20:00,239.0,Product_239,3.0,285.69,857.07
1038,Enterprise,51587.0,2024-02-12 00:20:00,250.0,Product_250,3.0,163.8,491.4
1038,Enterprise,51587.0,2024-02-12 00:20:00,265.0,Product_265,2.0,110.25,220.5
1202,Enterprise,51586.0,2024-02-12 00:10:00,629.0,Product_629,4.0,181.06,724.24
1822,Enterprise,51583.0,2024-02-11 23:40:00,330.0,Product_330,5.0,447.46,2237.3
1381,Enterprise,51574.0,2024-02-11 22:10:00,506.0,Product_506,5.0,120.65,603.25
1381,Enterprise,51574.0,2024-02-11 22:10:00,643.0,Product_643,1.0,201.69,201.69
1101,Enterprise,51570.0,2024-02-11 21:30:00,,,,,
1755,Enterprise,51565.0,2024-02-11 20:40:00,292.0,Product_292,2.0,157.7,315.4
1755,Enterprise,51565.0,2024-02-11 20:40:00,493.0,Product_493,5.0,369.75,1848.75
1587,Enterprise,51564.0,2024-02-11 20:30:00,,,,,
1437,Enterprise,51561.0,2024-02-11 20:00:00,492.0,Product_492,4.0,186.82,747.28
1437,Enterprise,51561.0,2024-02-11 20:00:00,587.0,Product_587,5.0,461.13,2305.65
1209,Enterprise,51557.0,2024-02-11 19:20:00,371.0,Product_371,1.0,308.8,308.8
1209,Enterprise,51557.0,2024-02-11 19:20:00,467.0,Product_467,3.0,432.96,1298.88
1209,Enterprise,51557.0,2024-02-11 19:20:00,586.0,Product_586,1.0,245.01,245.01
1473,Enterprise,51539.0,2024-02-11 16:20:00,,,,,
1900,Enterprise,51531.0,2024-02-11 15:00:00,,,,,
1515,Enterprise,51529.0,2024-02-11 14:40:00,309.0,Product_309,4.0,362.35,1449.4
1515,Enterprise,51529.0,2024-02-11 14:40:00,371.0,Product_371,1.0,353.51,353.51
1515,Enterprise,51529.0,2024-02-11 14:40:00,650.0,Product_650,4.0,48.65,194.6
1515,Enterprise,51529.0,2024-02-11 14:40:00,692.0,Product_692,5.0,498.75,2493.75
1129,Enterprise,51526.0,2024-02-11 14:10:00,587.0,Product_587,3.0,384.93,1154.79
1656,Enterprise,51524.0,2024-02-11 13:50:00,294.0,Product_294,4.0,373.03,1492.12
1656,Enterprise,51524.0,2024-02-11 13:50:00,309.0,Product_309,4.0,106.09,424.36
1656,Enterprise,51524.0,2024-02-11 13:50:00,382.0,Product_382,4.0,492.27,1969.08
1656,Enterprise,51524.0,2024-02-11 13:50:00,649.0,Product_649,2.0,308.93,617.86
1030,Enterprise,51513.0,2024-02-11 12:00:00,,,,,
1515,Enterprise,51507.0,2024-02-11 11:00:00,259.0,Product_259,3.0,174.83,524.49
1515,Enterprise,51507.0,2024-02-11 11:00:00,300.0,Product_300,3.0,395.1,1185.3
1461,Enterprise,51500.0,2024-02-11 09:50:00,616.0,Product_616,1.0,477.94,477.94
1860,Enterprise,51484.0,2024-02-11 07:10:00,306.0,Product_306,4.0,397.38,1589.52
1860,Enterprise,51484.0,2024-02-11 07:10:00,524.0,Product_524,3.0,81.31,243.93
1238,Enterprise,51472.0,2024-02-11 05:10:00,,,,,
1149,Enterprise,51466.0,2024-02-11 04:10:00,253.0,Product_253,4.0,420.22,1680.88
1149,Enterprise,51466.0,2024-02-11 04:10:00,565.0,Product_565,4.0,464.7,1858.8
1435,Enterprise,51453.0,2024-02-11 02:00:00,255.0,Product_255,3.0,365.88,1097.64
1435,Enterprise,51453.0,2024-02-11 02:00:00,600.0,Product_600,4.0,403.07,1612.28
1435,Enterprise,51453.0,2024-02-11 02:00:00,664.0,Product_664,5.0,474.24,2371.2
1172,Enterprise,51451.0,2024-02-11 01:40:00,,,,,
1124,Enterprise,51446.0,2024-02-11 00:50:00,594.0,Product_594,2.0,55.63,111.26
1124,Enterprise,51446.0,2024-02-11 00:50:00,693.0,Product_693,1.0,191.92,191.92
1665,Enterprise,51442.0,2024-02-11 00:10:00,,,,,
1149,Enterprise,51421.0,2024-02-10 20:40:00,378.0,Product_378,1.0,208.47,208.47
1149,Enterprise,51421.0,2024-02-10 20:40:00,532.0,Product_532,5.0,63.36,316.8
1370,Enterprise,51419.0,2024-02-10 20:20:00,628.0,Product_628,1.0,68.32,68.32
1378,Enterprise,51415.0,2024-02-10 19:40:00,,,,,
1169,Enterprise,51413.0,2024-02-10 19:20:00,,,,,
1617,Enterprise,51412.0,2024-02-10 19:10:00,203.0,Product_203,2.0,124.39,248.78
1223,Enterprise,51401.0,2024-02-10 17:20:00,508.0,Product_508,4.0,78.77,315.08
1223,Enterprise,51401.0,2024-02-10 17:20:00,614.0,Product_614,3.0,25.25,75.75
1773,Enterprise,51390.0,2024-02-10 15:30:00,234.0,Product_234,2.0,59.11,118.22
1773,Enterprise,51390.0,2024-02-10 15:30:00,308.0,Product_308,3.0,479.3,1437.9
1563,Enterprise,51386.0,2024-02-10 14:50:00,410.0,Product_410,2.0,32.33,64.66
1563,Enterprise,51386.0,2024-02-10 14:50:00,410.0,Product_410,5.0,477.91,2389.55
1540,Enterprise,51385.0,2024-02-10 14:40:00,417.0,Product_417,4.0,48.94,195.76
1540,Enterprise,51385.0,2024-02-10 14:40:00,651.0,Product_651,3.0,102.47,307.41
1651,Enterprise,51379.0,2024-02-10 13:40:00,480.0,Product_480,2.0,436.47,872.94
1645,Enterprise,51372.0,2024-02-10 12:30:00,617.0,Product_617,5.0,322.45,1612.25
1408,Enterprise,51368.0,2024-02-10 11:50:00,,,,,
1435,Enterprise,51367.0,2024-02-10 11:40:00,,,,,
1043,Enterprise,51364.0,2024-02-10 11:10:00,247.0,Product_247,2.0,178.08,356.16
1043,Enterprise,51364.0,2024-02-10 11:10:00,309.0,Product_309,3.0,289.01,867.03
1845,Enterprise,51360.0,2024-02-10 10:30:00,258.0,Product_258,2.0,129.78,259.56
1845,Enterprise,51360.0,2024-02-10 10:30:00,319.0,Product_319,2.0,76.47,152.94
1845,Enterprise,51360.0,2024-02-10 10:30:00,596.0,Product_596,5.0,101.58,507.9
1845,Enterprise,51360.0,2024-02-10 10:30:00,683.0,Product_683,3.0,484.96,1454.88
1101,Enterprise,51358.0,2024-02-10 10:10:00,585.0,Product_585,4.0,209.06,836.24
1101,Enterprise,51358.0,2024-02-10 10:10:00,655.0,Product_655,5.0,235.94,1179.7
1776,Enterprise,51346.0,2024-02-10 08:10:00,274.0,Product_274,5.0,395.53,1977.65
1776,Enterprise,51346.0,2024-02-10 08:10:00,368.0,Product_368,4.0,233.92,935.68
1776,Enterprise,51346.0,2024-02-10 08:10:00,491.0,Product_491,5.0,77.02,385.1
1776,Enterprise,51346.0,2024-02-10 08:10:00,593.0,Product_593,5.0,196.16,980.8
1776,Enterprise,51346.0,2024-02-10 08:10:00,693.0,Product_693,2.0,392.21,784.42
1284,Enterprise,51342.0,2024-02-10 07:30:00,661.0,Product_661,5.0,394.75,1973.75
1129,Enterprise,51331.0,2024-02-10 05:40:00,342.0,Product_342,5.0,355.59,1777.95
1129,Enterprise,51331.0,2024-02-10 05:40:00,574.0,Product_574,1.0,233.0,233.0
1129,Enterprise,51331.0,2024-02-10 05:40:00,634.0,Product_634,2.0,325.39,650.78
1425,Enterprise,51330.0,2024-02-10 05:30:00,562.0,Product_562,4.0,144.91,579.64
1564,Enterprise,51310.0,2024-02-10 02:10:00,260.0,Product_260,5.0,135.69,678.45
1564,Enterprise,51310.0,2024-02-10 02:10:00,634.0,Product_634,5.0,434.85,2174.25
1629,Enterprise,51305.0,2024-02-10 01:20:00,354.0,Product_354,2.0,178.03,356.06
1629,Enterprise,51305.0,2024-02-10 01:20:00,363.0,Product_363,5.0,411.11,2055.55
1629,Enterprise,51305.0,2024-02-10 01:20:00,514.0,Product_514,2.0,302.32,604.64
1423,Enterprise,51285.0,2024-02-09 22:00:00,224.0,Product_224,1.0,124.59,124.59
1423,Enterprise,51285.0,2024-02-09 22:00:00,641.0,Product_641,3.0,333.91,1001.73
1471,Enterprise,51282.0,2024-02-09 21:30:00,553.0,Product_553,5.0,478.08,2390.4
1591,Enterprise,51279.0,2024-02-09 21:00:00,353.0,Product_353,3.0,391.19,1173.57
1591,Enterprise,51279.0,2024-02-09 21:00:00,401.0,Product_401,3.0,119.9,359.7
1591,Enterprise,51279.0,2024-02-09 21:00:00,432.0,Product_432,1.0,161.77,161.77
1645,Enterprise,51270.0,2024-02-09 19:30:00,353.0,Product_353,1.0,192.87,192.87
1645,Enterprise,51270.0,2024-02-09 19:30:00,563.0,Product_563,3.0,300.56,901.68
1455,Enterprise,51267.0,2024-02-09 19:00:00,235.0,Product_235,4.0,181.1,724.4
1455,Enterprise,51267.0,2024-02-09 19:00:00,326.0,Product_326,1.0,61.46,61.46
1124,Enterprise,51252.0,2024-02-09 16:30:00,432.0,Product_432,4.0,485.2,1940.8
1124,Enterprise,51252.0,2024-02-09 16:30:00,492.0,Product_492,1.0,32.62,32.62
1101,Enterprise,51245.0,2024-02-09 15:20:00,260.0,Product_260,5.0,271.0,1355.0
1101,Enterprise,51245.0,2024-02-09 15:20:00,341.0,Product_341,5.0,334.69,1673.45
1101,Enterprise,51245.0,2024-02-09 15:20:00,463.0,Product_463,4.0,115.73,462.92
1101,Enterprise,51245.0,2024-02-09 15:20:00,545.0,Product_545,2.0,362.92,725.84
1260,Enterprise,51240.0,2024-02-09 14:30:00,456.0,Product_456,1.0,450.61,450.61
1260,Enterprise,51240.0,2024-02-09 14:30:00,686.0,Product_686,3.0,155.3,465.9
1080,Enterprise,51236.0,2024-02-09 13:50:00,245.0,Product_245,3.0,127.59,382.77
1080,Enterprise,51236.0,2024-02-09 13:50:00,691.0,Product_691,1.0,402.51,402.51
1263,Enterprise,51235.0,2024-02-09 13:40:00,521.0,Product_521,4.0,388.43,1553.72
1883,Enterprise,51234.0,2024-02-09 13:30:00,532.0,Product_532,4.0,109.64,438.56
1149,Enterprise,51229.0,2024-02-09 12:40:00,,,,,
1099,Enterprise,51228.0,2024-02-09 12:30:00,,,,,
1457,Enterprise,51226.0,2024-02-09 12:10:00,295.0,Product_295,4.0,147.01,588.04
1457,Enterprise,51226.0,2024-02-09 12:10:00,312.0,Product_312,1.0,227.96,227.96
1457,Enterprise,51226.0,2024-02-09 12:10:00,324.0,Product_324,3.0,216.24,648.72
1457,Enterprise,51226.0,2024-02-09 12:10:00,358.0,Product_358,4.0,80.51,322.04
1457,Enterprise,51226.0,2024-02-09 12:10:00,649.0,Product_649,5.0,189.42,947.1
1043,Enterprise,51208.0,2024-02-09 09:10:00,607.0,Product_607,5.0,133.71,668.55
1899,Enterprise,51182.0,2024-02-09 04:50:00,287.0,Product_287,4.0,283.36,1133.44
1899,Enterprise,51182.0,2024-02-09 04:50:00,368.0,Product_368,3.0,459.85,1379.55
1899,Enterprise,51182.0,2024-02-09 04:50:00,374.0,Product_374,1.0,299.75,299.75
1381,Enterprise,51180.0,2024-02-09 04:30:00,234.0,Product_234,2.0,65.81,131.62
1381,Enterprise,51180.0,2024-02-09 04:30:00,348.0,Product_348,2.0,217.85,435.7
1238,Enterprise,51179.0,2024-02-09 04:20:00,461.0,Product_461,4.0,143.36,573.44
1238,Enterprise,51179.0,2024-02-09 04:20:00,502.0,Product_502,4.0,269.72,1078.88
1238,Enterprise,51179.0,2024-02-09 04:20:00,615.0,Product_615,1.0,22.05,22.05
1822,Enterprise,51178.0,2024-02-09 04:10:00,536.0,Product_536,2.0,474.15,948.3
1336,Enterprise,51177.0,2024-02-09 04:00:00,220.0,Product_220,1.0,193.29,193.29
1336,Enterprise,51177.0,2024-02-09 04:00:00,307.0,Product_307,3.0,176.58,529.74
1336,Enterprise,51177.0,2024-02-09 04:00:00,526.0,Product_526,4.0,235.69,942.76
1336,Enterprise,51177.0,2024-02-09 04:00:00,529.0,Product_529,2.0,173.48,346.96
1336,Enterprise,51177.0,2024-02-09 04:00:00,593.0,Product_593,5.0,58.29,291.45
1110,Enterprise,51176.0,2024-02-09 03:50:00,586.0,Product_586,1.0,498.63,498.63
1833,Enterprise,51175.0,2024-02-09 03:40:00,653.0,Product_653,5.0,109.54,547.7
1822,Enterprise,51170.0,2024-02-09 02:50:00,364.0,Product_364,3.0,468.73,1406.19
1822,Enterprise,51170.0,2024-02-09 02:50:00,405.0,Product_405,1.0,89.23,89.23
1822,Enterprise,51170.0,2024-02-09 02:50:00,420.0,Product_420,2.0,349.55,699.1
1822,Enterprise,51170.0,2024-02-09 02:50:00,559.0,Product_559,1.0,239.65,239.65
1206,Enterprise,51163.0,2024-02-09 01:40:00,554.0,Product_554,3.0,356.35,1069.05
1073,Enterprise,51155.0,2024-02-09 00:20:00,313.0,Product_313,1.0,403.93,403.93
1073,Enterprise,51155.0,2024-02-09 00:20:00,592.0,Product_592,2.0,414.49,828.98
1007,Enterprise,51153.0,2024-02-09 00:00:00,280.0,Product_280,4.0,70.46,281.84
1007,Enterprise,51153.0,2024-02-09 00:00:00,646.0,Product_646,4.0,30.75,123.0
1067,Enterprise,51151.0,2024-02-08 23:40:00,587.0,Product_587,5.0,296.4,1482.0
1067,Enterprise,51151.0,2024-02-08 23:40:00,668.0,Product_668,2.0,492.46,984.92
1101,Enterprise,51135.0,2024-02-08 21:00:00,325.0,Product_325,4.0,90.86,363.44
1101,Enterprise,51135.0,2024-02-08 21:00:00,584.0,Product_584,2.0,47.16,94.32
1101,Enterprise,51135.0,2024-02-08 21:00:00,625.0,Product_625,3.0,325.71,977.13
1702,Enterprise,51123.0,2024-02-08 19:00:00,545.0,Product_545,4.0,391.42,1565.68
1180,Enterprise,51122.0,2024-02-08 18:50:00,594.0,Product_594,1.0,34.23,34.23
1460,Enterprise,51103.0,2024-02-08 15:40:00,434.0,Product_434,4.0,457.28,1829.12
1460,Enterprise,51103.0,2024-02-08 15:40:00,551.0,Product_551,2.0,490.15,980.3
1084,Enterprise,51096.0,2024-02-08 14:30:00,,,,,
1149,Enterprise,51095.0,2024-02-08 14:20:00,323.0,Product_323,4.0,241.41,965.64
1149,Enterprise,51095.0,2024-02-08 14:20:00,551.0,Product_551,5.0,45.11,225.55
1286,Enterprise,51094.0,2024-02-08 14:10:00,575.0,Product_575,3.0,259.17,777.51
1348,Enterprise,51084.0,2024-02-08 12:30:00,436.0,Product_436,2.0,356.41,712.82
1348,Enterprise,51084.0,2024-02-08 12:30:00,446.0,Product_446,5.0,198.91,994.55
1348,Enterprise,51084.0,2024-02-08 12:30:00,688.0,Product_688,3.0,337.93,1013.79
1656,Enterprise,51080.0,2024-02-08 11:50:00,,,,,
1515,Enterprise,51079.0,2024-02-08 11:40:00,298.0,Product_298,4.0,385.81,1543.24
1515,Enterprise,51079.0,2024-02-08 11:40:00,595.0,Product_595,2.0,430.06,860.12
1477,Enterprise,51065.0,2024-02-08 09:20:00,421.0,Product_421,5.0,280.64,1403.2
1477,Enterprise,51065.0,2024-02-08 09:20:00,559.0,Product_559,5.0,388.46,1942.3
1845,Enterprise,51064.0,2024-02-08 09:10:00,,,,,
1471,Enterprise,51055.0,2024-02-08 07:40:00,621.0,Product_621,5.0,26.61,133.05
1209,Enterprise,51052.0,2024-02-08 07:10:00,384.0,Product_384,5.0,370.23,1851.15
1614,Enterprise,51051.0,2024-02-08 07:00:00,213.0,Product_213,3.0,464.31,1392.93
1172,Enterprise,51049.0,2024-02-08 06:40:00,,,,,
1727,Enterprise,51048.0,2024-02-08 06:30:00,302.0,Product_302,5.0,182.56,912.8
1727,Enterprise,51048.0,2024-02-08 06:30:00,579.0,Product_579,4.0,68.58,274.32
1727,Enterprise,51048.0,2024-02-08 06:30:00,662.0,Product_662,1.0,86.83,86.83
1381,Enterprise,51042.0,2024-02-08 05:30:00,,,,,
1067,Enterprise,51040.0,2024-02-08 05:10:00,381.0,Product_381,5.0,414.91,2074.55
1067,Enterprise,51040.0,2024-02-08 05:10:00,418.0,Product_418,5.0,476.95,2384.75
1067,Enterprise,51040.0,2024-02-08 05:10:00,436.0,Product_436,5.0,321.14,1605.7
1776,Enterprise,51036.0,2024-02-08 04:30:00,,,,,
1149,Enterprise,51035.0,2024-02-08 04:20:00,,,,,
1425,Enterprise,51025.0,2024-02-08 02:40:00,217.0,Product_217,2.0,352.87,705.74
1425,Enterprise,51025.0,2024-02-08 02:40:00,366.0,Product_366,3.0,290.05,870.15
1425,Enterprise,51025.0,2024-02-08 02:40:00,623.0,Product_623,3.0,112.3,336.9
1073,Enterprise,51020.0,2024-02-08 01:50:00,354.0,Product_354,2.0,116.61,233.22
1073,Enterprise,51020.0,2024-02-08 01:50:00,539.0,Product_539,4.0,355.9,1423.6
1899,Enterprise,51019.0,2024-02-08 01:40:00,240.0,Product_240,3.0,355.62,1066.86
1899,Enterprise,51019.0,2024-02-08 01:40:00,592.0,Product_592,1.0,24.08,24.08
1459,Enterprise,51002.0,2024-02-07 22:50:00,,,,,
1263,Enterprise,50993.0,2024-02-07 21:20:00,450.0,Product_450,3.0,128.72,386.16
1441,Enterprise,50988.0,2024-02-07 20:30:00,249.0,Product_249,5.0,454.51,2272.55
1441,Enterprise,50988.0,2024-02-07 20:30:00,511.0,Product_511,3.0,350.91,1052.73
1441,Enterprise,50988.0,2024-02-07 20:30:00,681.0,Product_681,5.0,23.41,117.05
1455,Enterprise,50981.0,2024-02-07 19:20:00,,,,,
1673,Enterprise,50973.0,2024-02-07 18:00:00,258.0,Product_258,4.0,173.78,695.12
1673,Enterprise,50973.0,2024-02-07 18:00:00,464.0,Product_464,3.0,191.59,574.77
1146,Enterprise,50963.0,2024-02-07 16:20:00,542.0,Product_542,1.0,389.98,389.98
1146,Enterprise,50963.0,2024-02-07 16:20:00,683.0,Product_683,3.0,81.61,244.83
1857,Enterprise,50962.0,2024-02-07 16:10:00,449.0,Product_449,1.0,307.36,307.36
1202,Enterprise,50961.0,2024-02-07 16:00:00,,,,,
1378,Enterprise,50943.0,2024-02-07 13:00:00,422.0,Product_422,1.0,198.95,198.95
1378,Enterprise,50943.0,2024-02-07 13:00:00,610.0,Product_610,4.0,46.41,185.64
1172,Enterprise,50927.0,2024-02-07 10:20:00,402.0,Product_402,1.0,61.13,61.13
1172,Enterprise,50927.0,2024-02-07 10:20:00,405.0,Product_405,1.0,239.47,239.47
1822,Enterprise,50925.0,2024-02-07 10:00:00,,,,,
1084,Enterprise,50921.0,2024-02-07 09:20:00,,,,,
1312,Enterprise,50916.0,2024-02-07 08:30:00,291.0,Product_291,1.0,315.4,315.4
1312,Enterprise,50916.0,2024-02-07 08:30:00,456.0,Product_456,2.0,483.08,966.16
1312,Enterprise,50916.0,2024-02-07 08:30:00,691.0,Product_691,2.0,494.84,989.68
1263,Enterprise,50909.0,2024-02-07 07:20:00,262.0,Product_262,5.0,205.81,1029.05
1459,Enterprise,50908.0,2024-02-07 07:10:00,,,,,
1589,Enterprise,50903.0,2024-02-07 06:20:00,625.0,Product_625,5.0,114.48,572.4
1589,Enterprise,50903.0,2024-02-07 06:20:00,698.0,Product_698,3.0,185.3,555.9
1291,Enterprise,50895.0,2024-02-07 05:00:00,658.0,Product_658,2.0,329.33,658.66
1751,Enterprise,50893.0,2024-02-07 04:40:00,599.0,Product_599,3.0,319.71,959.13
1564,Enterprise,50889.0,2024-02-07 04:00:00,387.0,Product_387,3.0,453.17,1359.51
1564,Enterprise,50889.0,2024-02-07 04:00:00,568.0,Product_568,5.0,216.64,1083.2
1373,Enterprise,50888.0,2024-02-07 03:50:00,,,,,
1334,Enterprise,50886.0,2024-02-07 03:30:00,219.0,Product_219,4.0,468.69,1874.76
1334,Enterprise,50886.0,2024-02-07 03:30:00,421.0,Product_421,2.0,151.45,302.9
1334,Enterprise,50886.0,2024-02-07 03:30:00,618.0,Product_618,5.0,223.52,1117.6
1124,Enterprise,50873.0,2024-02-07 01:20:00,484.0,Product_484,3.0,357.2,1071.6
1336,Enterprise,50870.0,2024-02-07 00:50:00,287.0,Product_287,3.0,134.7,404.1
1336,Enterprise,50870.0,2024-02-07 00:50:00,638.0,Product_638,3.0,126.87,380.61
1498,Enterprise,50863.0,2024-02-06 23:40:00,479.0,Product_479,4.0,88.09,352.36
1498,Enterprise,50863.0,2024-02-06 23:40:00,590.0,Product_590,3.0,35.41,106.23
1498,Enterprise,50863.0,2024-02-06 23:40:00,633.0,Product_633,3.0,353.78,1061.34
1043,Enterprise,50859.0,2024-02-06 23:00:00,452.0,Product_452,5.0,208.01,1040.05
1043,Enterprise,50859.0,2024-02-06 23:00:00,549.0,Product_549,4.0,169.21,676.84
1043,Enterprise,50859.0,2024-02-06 23:00:00,608.0,Product_608,4.0,333.56,1334.24
1300,Enterprise,50856.0,2024-02-06 22:30:00,263.0,Product_263,1.0,187.49,187.49
1300,Enterprise,50856.0,2024-02-06 22:30:00,474.0,Product_474,1.0,200.5,200.5
1300,Enterprise,50856.0,2024-02-06 22:30:00,565.0,Product_565,2.0,263.49,526.98
1300,Enterprise,50856.0,2024-02-06 22:30:00,644.0,Product_644,1.0,430.25,430.25
1133,Enterprise,50853.0,2024-02-06 22:00:00,,,,,
1665,Enterprise,50851.0,2024-02-06 21:40:00,238.0,Product_238,3.0,269.87,809.61
1665,Enterprise,50851.0,2024-02-06 21:40:00,434.0,Product_434,3.0,31.11,93.33
1629,Enterprise,50848.0,2024-02-06 21:10:00,442.0,Product_442,2.0,433.73,867.46
1629,Enterprise,50848.0,2024-02-06 21:10:00,585.0,Product_585,5.0,72.76,363.8
1629,Enterprise,50848.0,2024-02-06 21:10:00,586.0,Product_586,2.0,240.73,481.46
1450,Enterprise,50846.0,2024-02-06 20:50:00,217.0,Product_217,4.0,151.61,606.44
1450,Enterprise,50846.0,2024-02-06 20:50:00,303.0,Product_303,4.0,72.49,289.96
1450,Enterprise,50846.0,2024-02-06 20:50:00,398.0,Product_398,5.0,173.21,866.05
1450,Enterprise,50846.0,2024-02-06 20:50:00,399.0,Product_399,5.0,336.24,1681.2
1291,Enterprise,50834.0,2024-02-06 18:50:00,281.0,Product_281,1.0,21.57,21.57
1291,Enterprise,50834.0,2024-02-06 18:50:00,434.0,Product_434,2.0,308.01,616.02
1473,Enterprise,50829.0,2024-02-06 18:00:00,,,,,
1605,Enterprise,50828.0,2024-02-06 17:50:00,504.0,Product_504,2.0,349.92,699.84
1605,Enterprise,50828.0,2024-02-06 17:50:00,535.0,Product_535,4.0,172.91,691.64
1605,Enterprise,50828.0,2024-02-06 17:50:00,588.0,Product_588,3.0,250.09,750.27
1455,Enterprise,50819.0,2024-02-06 16:20:00,240.0,Product_240,2.0,344.76,689.52
1822,Enterprise,50818.0,2024-02-06 16:10:00,425.0,Product_425,4.0,239.82,959.28
1641,Enterprise,50816.0,2024-02-06 15:50:00,214.0,Product_214,1.0,204.6,204.6
1641,Enterprise,50816.0,2024-02-06 15:50:00,243.0,Product_243,5.0,477.99,2389.95
1851,Enterprise,50813.0,2024-02-06 15:20:00,,,,,
1614,Enterprise,50806.0,2024-02-06 14:10:00,250.0,Product_250,3.0,142.46,427.38
1614,Enterprise,50806.0,2024-02-06 14:10:00,503.0,Product_503,1.0,358.91,358.91
1614,Enterprise,50806.0,2024-02-06 14:10:00,694.0,Product_694,2.0,281.71,563.42
1381,Enterprise,50802.0,2024-02-06 13:30:00,,,,,
1589,Enterprise,50797.0,2024-02-06 12:40:00,367.0,Product_367,1.0,99.47,99.47
1589,Enterprise,50797.0,2024-02-06 12:40:00,492.0,Product_492,4.0,367.47,1469.88
1589,Enterprise,50797.0,2024-02-06 12:40:00,546.0,Product_546,5.0,421.09,2105.45
1589,Enterprise,50797.0,2024-02-06 12:40:00,611.0,Product_611,1.0,119.97,119.97
1704,Enterprise,50787.0,2024-02-06 11:00:00,406.0,Product_406,1.0,127.55,127.55
1704,Enterprise,50787.0,2024-02-06 11:00:00,518.0,Product_518,5.0,64.89,324.45
1069,Enterprise,50783.0,2024-02-06 10:20:00,216.0,Product_216,2.0,69.57,139.14
1069,Enterprise,50783.0,2024-02-06 10:20:00,250.0,Product_250,2.0,408.22,816.44
1069,Enterprise,50783.0,2024-02-06 10:20:00,509.0,Product_509,3.0,375.74,1127.22
1069,Enterprise,50783.0,2024-02-06 10:20:00,672.0,Product_672,1.0,169.18,169.18
1588,Enterprise,50772.0,2024-02-06 08:30:00,603.0,Product_603,2.0,412.17,824.34
1588,Enterprise,50772.0,2024-02-06 08:30:00,616.0,Product_616,1.0,472.93,472.93
1588,Enterprise,50772.0,2024-02-06 08:30:00,658.0,Product_658,5.0,291.71,1458.55
1776,Enterprise,50750.0,2024-02-06 04:50:00,233.0,Product_233,1.0,427.24,427.24
1776,Enterprise,50750.0,2024-02-06 04:50:00,427.0,Product_427,5.0,410.46,2052.3
1776,Enterprise,50750.0,2024-02-06 04:50:00,591.0,Product_591,4.0,396.2,1584.8
1129,Enterprise,50749.0,2024-02-06 04:40:00,,,,,
1375,Enterprise,50746.0,2024-02-06 04:10:00,638.0,Product_638,4.0,485.72,1942.88
1336,Enterprise,50743.0,2024-02-06 03:40:00,441.0,Product_441,4.0,358.68,1434.72
1813,Enterprise,50741.0,2024-02-06 03:20:00,218.0,Product_218,4.0,93.75,375.0
1813,Enterprise,50741.0,2024-02-06 03:20:00,464.0,Product_464,2.0,470.36,940.72
1223,Enterprise,50730.0,2024-02-06 01:30:00,349.0,Product_349,1.0,459.17,459.17
1206,Enterprise,50715.0,2024-02-05 23:00:00,566.0,Product_566,4.0,481.56,1926.24
1206,Enterprise,50715.0,2024-02-05 23:00:00,648.0,Product_648,5.0,473.22,2366.1
1059,Enterprise,50711.0,2024-02-05 22:20:00,676.0,Product_676,4.0,60.91,243.64
1334,Enterprise,50698.0,2024-02-05 20:10:00,290.0,Product_290,2.0,67.53,135.06
1719,Enterprise,50694.0,2024-02-05 19:30:00,275.0,Product_275,1.0,154.51,154.51
1719,Enterprise,50694.0,2024-02-05 19:30:00,401.0,Product_401,3.0,430.26,1290.78
1719,Enterprise,50694.0,2024-02-05 19:30:00,433.0,Product_433,4.0,169.43,677.72
1719,Enterprise,50694.0,2024-02-05 19:30:00,557.0,Product_557,5.0,267.76,1338.8
1165,Enterprise,50686.0,2024-02-05 18:10:00,543.0,Product_543,2.0,303.52,607.04
1284,Enterprise,50681.0,2024-02-05 17:20:00,,,,,
1313,Enterprise,50678.0,2024-02-05 16:50:00,642.0,Product_642,2.0,251.51,503.02
1776,Enterprise,50675.0,2024-02-05 16:20:00,592.0,Product_592,3.0,25.43,76.29
1133,Enterprise,50673.0,2024-02-05 16:00:00,623.0,Product_623,5.0,382.56,1912.8
1605,Enterprise,50667.0,2024-02-05 15:00:00,340.0,Product_340,4.0,413.01,1652.04
1605,Enterprise,50667.0,2024-02-05 15:00:00,476.0,Product_476,4.0,135.22,540.88
1605,Enterprise,50667.0,2024-02-05 15:00:00,684.0,Product_684,1.0,436.64,436.64
1301,Enterprise,50658.0,2024-02-05 13:30:00,534.0,Product_534,4.0,341.75,1367.0
1301,Enterprise,50658.0,2024-02-05 13:30:00,647.0,Product_647,2.0,103.14,206.28
1460,Enterprise,50656.0,2024-02-05 13:10:00,,,,,
1857,Enterprise,50648.0,2024-02-05 11:50:00,399.0,Product_399,5.0,251.96,1259.8
1084,Enterprise,50642.0,2024-02-05 10:50:00,261.0,Product_261,4.0,435.12,1740.48
1084,Enterprise,50642.0,2024-02-05 10:50:00,536.0,Product_536,3.0,415.98,1247.94
1381,Enterprise,50637.0,2024-02-05 10:00:00,425.0,Product_425,4.0,415.02,1660.08
1375,Enterprise,50630.0,2024-02-05 08:50:00,273.0,Product_273,3.0,450.24,1350.72
1334,Enterprise,50628.0,2024-02-05 08:30:00,,,,,
1100,Enterprise,50622.0,2024-02-05 07:30:00,253.0,Product_253,1.0,366.86,366.86
1100,Enterprise,50622.0,2024-02-05 07:30:00,509.0,Product_509,1.0,201.01,201.01
1371,Enterprise,50608.0,2024-02-05 05:10:00,662.0,Product_662,5.0,462.5,2312.5
1755,Enterprise,50607.0,2024-02-05 05:00:00,,,,,
1295,Enterprise,50606.0,2024-02-05 04:50:00,218.0,Product_218,4.0,356.1,1424.4
1295,Enterprise,50606.0,2024-02-05 04:50:00,263.0,Product_263,4.0,143.7,574.8
1295,Enterprise,50606.0,2024-02-05 04:50:00,321.0,Product_321,4.0,63.3,253.2
1295,Enterprise,50606.0,2024-02-05 04:50:00,500.0,Product_500,5.0,60.04,300.2
1335,Enterprise,50603.0,2024-02-05 04:20:00,288.0,Product_288,3.0,337.8,1013.4
1617,Enterprise,50595.0,2024-02-05 03:00:00,498.0,Product_498,4.0,345.74,1382.96
1617,Enterprise,50595.0,2024-02-05 03:00:00,565.0,Product_565,4.0,217.86,871.44
1617,Enterprise,50595.0,2024-02-05 03:00:00,575.0,Product_575,4.0,299.07,1196.28
1617,Enterprise,50595.0,2024-02-05 03:00:00,583.0,Product_583,3.0,480.56,1441.68
1516,Enterprise,50586.0,2024-02-05 01:30:00,,,,,
1207,Enterprise,50576.0,2024-02-04 23:50:00,210.0,Product_210,2.0,152.6,305.2
1207,Enterprise,50576.0,2024-02-04 23:50:00,552.0,Product_552,1.0,66.18,66.18
1755,Enterprise,50572.0,2024-02-04 23:10:00,209.0,Product_209,5.0,402.02,2010.1
1755,Enterprise,50572.0,2024-02-04 23:10:00,222.0,Product_222,1.0,45.23,45.23
1059,Enterprise,50569.0,2024-02-04 22:40:00,365.0,Product_365,5.0,199.02,995.1
1059,Enterprise,50569.0,2024-02-04 22:40:00,379.0,Product_379,3.0,388.78,1166.34
1312,Enterprise,50567.0,2024-02-04 22:20:00,456.0,Product_456,1.0,366.65,366.65
1312,Enterprise,50567.0,2024-02-04 22:20:00,634.0,Product_634,4.0,395.94,1583.76
1312,Enterprise,50567.0,2024-02-04 22:20:00,653.0,Product_653,4.0,201.71,806.84
1723,Enterprise,50563.0,2024-02-04 21:40:00,203.0,Product_203,5.0,171.73,858.65
1695,Enterprise,50558.0,2024-02-04 20:50:00,621.0,Product_621,1.0,342.89,342.89
1301,Enterprise,50547.0,2024-02-04 19:00:00,267.0,Product_267,3.0,322.9,968.7
1515,Enterprise,50537.0,2024-02-04 17:20:00,307.0,Product_307,3.0,495.47,1486.41
1410,Enterprise,50535.0,2024-02-04 17:00:00,,,,,
1022,Enterprise,50534.0,2024-02-04 16:50:00,332.0,Product_332,3.0,459.36,1378.08
1022,Enterprise,50534.0,2024-02-04 16:50:00,516.0,Product_516,5.0,330.21,1651.05
1900,Enterprise,50531.0,2024-02-04 16:20:00,228.0,Product_228,4.0,150.3,601.2
1900,Enterprise,50531.0,2024-02-04 16:20:00,318.0,Product_318,4.0,499.36,1997.44
1900,Enterprise,50531.0,2024-02-04 16:20:00,571.0,Product_571,1.0,447.64,447.64
1900,Enterprise,50531.0,2024-02-04 16:20:00,663.0,Product_663,3.0,304.9,914.7
1900,Enterprise,50531.0,2024-02-04 16:20:00,664.0,Product_664,2.0,253.06,506.12
1084,Enterprise,50529.0,2024-02-04 16:00:00,527.0,Product_527,5.0,416.9,2084.5
1459,Enterprise,50528.0,2024-02-04 15:50:00,401.0,Product_401,2.0,99.59,199.18
1459,Enterprise,50528.0,2024-02-04 15:50:00,624.0,Product_624,2.0,26.35,52.7
1459,Enterprise,50528.0,2024-02-04 15:50:00,673.0,Product_673,5.0,417.15,2085.75
1007,Enterprise,50527.0,2024-02-04 15:40:00,378.0,Product_378,4.0,44.28,177.12
1007,Enterprise,50527.0,2024-02-04 15:40:00,527.0,Product_527,4.0,334.02,1336.08
1084,Enterprise,50522.0,2024-02-04 14:50:00,210.0,Product_210,2.0,479.41,958.82
1084,Enterprise,50522.0,2024-02-04 14:50:00,356.0,Product_356,3.0,45.55,136.65
1084,Enterprise,50522.0,2024-02-04 14:50:00,511.0,Product_511,3.0,212.22,636.66
1084,Enterprise,50522.0,2024-02-04 14:50:00,700.0,Product_700,4.0,381.91,1527.64
1860,Enterprise,50520.0,2024-02-04 14:30:00,639.0,Product_639,4.0,100.12,400.48
1370,Enterprise,50515.0,2024-02-04 13:40:00,226.0,Product_226,3.0,207.87,623.61
1370,Enterprise,50515.0,2024-02-04 13:40:00,549.0,Product_549,1.0,126.56,126.56
1370,Enterprise,50515.0,2024-02-04 13:40:00,606.0,Product_606,2.0,484.91,969.82
1223,Enterprise,50512.0,2024-02-04 13:10:00,244.0,Product_244,2.0,189.54,379.08
1223,Enterprise,50512.0,2024-02-04 13:10:00,657.0,Product_657,4.0,34.22,136.88
1223,Enterprise,50512.0,2024-02-04 13:10:00,687.0,Product_687,5.0,423.64,2118.2
1073,Enterprise,50510.0,2024-02-04 12:50:00,258.0,Product_258,4.0,336.96,1347.84
1073,Enterprise,50510.0,2024-02-04 12:50:00,393.0,Product_393,5.0,428.24,2141.2
1635,Enterprise,50507.0,2024-02-04 12:20:00,389.0,Product_389,4.0,117.98,471.92
1635,Enterprise,50507.0,2024-02-04 12:20:00,684.0,Product_684,5.0,209.18,1045.9
1589,Enterprise,50490.0,2024-02-04 09:30:00,,,,,
1673,Enterprise,50482.0,2024-02-04 08:10:00,663.0,Product_663,3.0,37.31,111.93
1889,Enterprise,50473.0,2024-02-04 06:40:00,270.0,Product_270,1.0,278.4,278.4
1889,Enterprise,50473.0,2024-02-04 06:40:00,382.0,Product_382,3.0,63.8,191.4
1588,Enterprise,50472.0,2024-02-04 06:30:00,391.0,Product_391,3.0,394.0,1182.0
1401,Enterprise,50471.0,2024-02-04 06:20:00,482.0,Product_482,3.0,404.75,1214.25
1401,Enterprise,50471.0,2024-02-04 06:20:00,645.0,Product_645,2.0,199.91,399.82
1401,Enterprise,50471.0,2024-02-04 06:20:00,645.0,Product_645,3.0,421.63,1264.89
1401,Enterprise,50471.0,2024-02-04 06:20:00,689.0,Product_689,1.0,206.48,206.48
1425,Enterprise,50464.0,2024-02-04 05:10:00,581.0,Product_581,3.0,371.35,1114.05
1301,Enterprise,50460.0,2024-02-04 04:30:00,,,,,
1011,Enterprise,50459.0,2024-02-04 04:20:00,489.0,Product_489,3.0,145.24,435.72
1455,Enterprise,50430.0,2024-02-03 23:30:00,270.0,Product_270,5.0,209.92,1049.6
1455,Enterprise,50430.0,2024-02-03 23:30:00,615.0,Product_615,2.0,270.89,541.78
1206,Enterprise,50429.0,2024-02-03 23:20:00,248.0,Product_248,5.0,74.67,373.35
1153,Enterprise,50427.0,2024-02-03 23:00:00,219.0,Product_219,1.0,386.71,386.71
1558,Enterprise,50425.0,2024-02-03 22:40:00,630.0,Product_630,4.0,399.09,1596.36
1899,Enterprise,50424.0,2024-02-03 22:30:00,,,,,
1378,Enterprise,50423.0,2024-02-03 22:20:00,297.0,Product_297,2.0,298.4,596.8
1378,Enterprise,50423.0,2024-02-03 22:20:00,439.0,Product_439,2.0,489.01,978.02
1378,Enterprise,50423.0,2024-02-03 22:20:00,585.0,Product_585,2.0,304.09,608.18
1591,Enterprise,50413.0,2024-02-03 20:40:00,,,,,
1605,Enterprise,50410.0,2024-02-03 20:10:00,,,,,
1430,Enterprise,50408.0,2024-02-03 19:50:00,504.0,Product_504,5.0,172.11,860.55
1430,Enterprise,50408.0,2024-02-03 19:50:00,557.0,Product_557,2.0,255.74,511.48
1084,Enterprise,50385.0,2024-02-03 16:00:00,281.0,Product_281,5.0,307.72,1538.6
1084,Enterprise,50385.0,2024-02-03 16:00:00,381.0,Product_381,3.0,444.4,1333.2
1604,Enterprise,50381.0,2024-02-03 15:20:00,299.0,Product_299,3.0,20.17,60.51
1440,Enterprise,50380.0,2024-02-03 15:10:00,376.0,Product_376,3.0,250.82,752.46
1459,Enterprise,50374.0,2024-02-03 14:10:00,332.0,Product_332,4.0,206.2,824.8
1022,Enterprise,50373.0,2024-02-03 14:00:00,425.0,Product_425,2.0,299.69,599.38
1022,Enterprise,50373.0,2024-02-03 14:00:00,675.0,Product_675,1.0,468.41,468.41
1084,Enterprise,50372.0,2024-02-03 13:50:00,681.0,Product_681,1.0,464.36,464.36
1884,Enterprise,50368.0,2024-02-03 13:10:00,407.0,Product_407,3.0,114.44,343.32
1884,Enterprise,50368.0,2024-02-03 13:10:00,414.0,Product_414,4.0,150.94,603.76
1099,Enterprise,50359.0,2024-02-03 11:40:00,359.0,Product_359,4.0,256.87,1027.48
1099,Enterprise,50359.0,2024-02-03 11:40:00,580.0,Product_580,5.0,426.39,2131.95
1516,Enterprise,50358.0,2024-02-03 11:30:00,502.0,Product_502,5.0,41.04,205.2
1430,Enterprise,50355.0,2024-02-03 11:00:00,206.0,Product_206,2.0,319.61,639.22
1430,Enterprise,50355.0,2024-02-03 11:00:00,322.0,Product_322,2.0,493.6,987.2
1430,Enterprise,50355.0,2024-02-03 11:00:00,594.0,Product_594,3.0,436.35,1309.05
1430,Enterprise,50355.0,2024-02-03 11:00:00,609.0,Product_609,3.0,247.64,742.92
1459,Enterprise,50351.0,2024-02-03 10:20:00,369.0,Product_369,2.0,275.7,551.4
1879,Enterprise,50349.0,2024-02-03 10:00:00,576.0,Product_576,5.0,131.51,657.55
1879,Enterprise,50349.0,2024-02-03 10:00:00,619.0,Product_619,2.0,263.95,527.9
1033,Enterprise,50347.0,2024-02-03 09:40:00,,,,,
1007,Enterprise,50345.0,2024-02-03 09:20:00,291.0,Product_291,5.0,301.49,1507.45
1460,Enterprise,50344.0,2024-02-03 09:10:00,271.0,Product_271,4.0,436.72,1746.88
1460,Enterprise,50344.0,2024-02-03 09:10:00,380.0,Product_380,1.0,91.6,91.6
1460,Enterprise,50344.0,2024-02-03 09:10:00,519.0,Product_519,4.0,110.64,442.56
1381,Enterprise,50343.0,2024-02-03 09:00:00,,,,,
1704,Enterprise,50336.0,2024-02-03 07:50:00,322.0,Product_322,2.0,415.44,830.88
1704,Enterprise,50336.0,2024-02-03 07:50:00,432.0,Product_432,1.0,206.94,206.94
1704,Enterprise,50336.0,2024-02-03 07:50:00,572.0,Product_572,3.0,201.13,603.39
1022,Enterprise,50330.0,2024-02-03 06:50:00,269.0,Product_269,4.0,115.04,460.16
1022,Enterprise,50330.0,2024-02-03 06:50:00,404.0,Product_404,3.0,221.92,665.76
1705,Enterprise,50329.0,2024-02-03 06:40:00,224.0,Product_224,4.0,418.97,1675.88
1705,Enterprise,50329.0,2024-02-03 06:40:00,271.0,Product_271,3.0,497.09,1491.27
1705,Enterprise,50329.0,2024-02-03 06:40:00,298.0,Product_298,4.0,373.5,1494.0
1705,Enterprise,50329.0,2024-02-03 06:40:00,373.0,Product_373,3.0,415.67,1247.01
1401,Enterprise,50327.0,2024-02-03 06:20:00,,,,,
1335,Enterprise,50314.0,2024-02-03 04:10:00,,,,,
1455,Enterprise,50307.0,2024-02-03 03:00:00,282.0,Product_282,5.0,209.86,1049.3
1455,Enterprise,50307.0,2024-02-03 03:00:00,453.0,Product_453,5.0,135.37,676.85
1455,Enterprise,50307.0,2024-02-03 03:00:00,636.0,Product_636,3.0,177.41,532.23
1223,Enterprise,50297.0,2024-02-03 01:20:00,286.0,Product_286,4.0,419.43,1677.72
1295,Enterprise,50288.0,2024-02-02 23:50:00,326.0,Product_326,2.0,404.9,809.8
1295,Enterprise,50288.0,2024-02-02 23:50:00,565.0,Product_565,2.0,459.69,919.38
1589,Enterprise,50286.0,2024-02-02 23:30:00,258.0,Product_258,4.0,125.75,503.0
1437,Enterprise,50279.0,2024-02-02 22:20:00,,,,,
1557,Enterprise,50270.0,2024-02-02 20:50:00,618.0,Product_618,5.0,244.45,1222.25
1133,Enterprise,50268.0,2024-02-02 20:30:00,347.0,Product_347,2.0,357.31,714.62
1007,Enterprise,50267.0,2024-02-02 20:20:00,339.0,Product_339,1.0,127.07,127.07
1191,Enterprise,50263.0,2024-02-02 19:40:00,,,,,
1557,Enterprise,50258.0,2024-02-02 18:50:00,661.0,Product_661,3.0,52.85,158.55
1336,Enterprise,50248.0,2024-02-02 17:10:00,,,,,
1301,Enterprise,50231.0,2024-02-02 14:20:00,,,,,
1038,Enterprise,50218.0,2024-02-02 12:10:00,,,,,
1124,Enterprise,50217.0,2024-02-02 12:00:00,500.0,Product_500,5.0,332.58,1662.9
1124,Enterprise,50217.0,2024-02-02 12:00:00,594.0,Product_594,1.0,129.25,129.25
1635,Enterprise,50203.0,2024-02-02 09:40:00,,,,,
1617,Enterprise,50201.0,2024-02-02 09:20:00,,,,,
1357,Enterprise,50198.0,2024-02-02 08:50:00,218.0,Product_218,5.0,264.09,1320.45
1357,Enterprise,50198.0,2024-02-02 08:50:00,425.0,Product_425,3.0,379.64,1138.92
1099,Enterprise,50176.0,2024-02-02 05:10:00,587.0,Product_587,4.0,486.13,1944.52
1099,Enterprise,50176.0,2024-02-02 05:10:00,668.0,Product_668,4.0,418.0,1672.0
1727,Enterprise,50173.0,2024-02-02 04:40:00,234.0,Product_234,1.0,411.32,411.32
1773,Enterprise,50170.0,2024-02-02 04:10:00,351.0,Product_351,5.0,354.84,1774.2
1773,Enterprise,50170.0,2024-02-02 04:10:00,448.0,Product_448,1.0,389.8,389.8
1773,Enterprise,50170.0,2024-02-02 04:10:00,604.0,Product_604,2.0,72.45,144.9
1564,Enterprise,50147.0,2024-02-02 00:20:00,441.0,Product_441,4.0,59.84,239.36
1153,Enterprise,50145.0,2024-02-02 00:00:00,,,,,
1845,Enterprise,50143.0,2024-02-01 23:40:00,286.0,Product_286,3.0,287.89,863.67
1845,Enterprise,50143.0,2024-02-01 23:40:00,387.0,Product_387,2.0,343.29,686.58
1845,Enterprise,50143.0,2024-02-01 23:40:00,631.0,Product_631,2.0,412.37,824.74
1011,Enterprise,50141.0,2024-02-01 23:20:00,227.0,Product_227,4.0,53.42,213.68
1011,Enterprise,50141.0,2024-02-01 23:20:00,606.0,Product_606,1.0,172.99,172.99
1440,Enterprise,50137.0,2024-02-01 22:40:00,,,,,
1889,Enterprise,50128.0,2024-02-01 21:10:00,,,,,
1705,Enterprise,50124.0,2024-02-01 20:30:00,376.0,Product_376,2.0,240.09,480.18
1705,Enterprise,50124.0,2024-02-01 20:30:00,381.0,Product_381,3.0,225.43,676.29
1705,Enterprise,50124.0,2024-02-01 20:30:00,443.0,Product_443,1.0,53.86,53.86
1665,Enterprise,50122.0,2024-02-01 20:10:00,312.0,Product_312,1.0,372.52,372.52
1146,Enterprise,50120.0,2024-02-01 19:50:00,,,,,
1577,Enterprise,50112.0,2024-02-01 18:30:00,213.0,Product_213,2.0,258.39,516.78
1577,Enterprise,50112.0,2024-02-01 18:30:00,271.0,Product_271,4.0,34.32,137.28
1577,Enterprise,50112.0,2024-02-01 18:30:00,330.0,Product_330,4.0,73.66,294.64
1577,Enterprise,50112.0,2024-02-01 18:30:00,413.0,Product_413,2.0,137.14,274.28
1577,Enterprise,50112.0,2024-02-01 18:30:00,461.0,Product_461,3.0,107.58,322.74
1340,Enterprise,50110.0,2024-02-01 18:10:00,315.0,Product_315,1.0,92.63,92.63
1340,Enterprise,50110.0,2024-02-01 18:10:00,676.0,Product_676,1.0,263.72,263.72
1440,Enterprise,50104.0,2024-02-01 17:10:00,,,,,
1245,Enterprise,50100.0,2024-02-01 16:30:00,504.0,Product_504,4.0,278.24,1112.96
1245,Enterprise,50100.0,2024-02-01 16:30:00,696.0,Product_696,2.0,109.25,218.5
1477,Enterprise,50098.0,2024-02-01 16:10:00,293.0,Product_293,5.0,275.61,1378.05
1477,Enterprise,50098.0,2024-02-01 16:10:00,386.0,Product_386,5.0,409.3,2046.5
1450,Enterprise,50080.0,2024-02-01 13:10:00,251.0,Product_251,2.0,379.81,759.62
1450,Enterprise,50080.0,2024-02-01 13:10:00,308.0,Product_308,3.0,324.65,973.95
1450,Enterprise,50080.0,2024-02-01 13:10:00,345.0,Product_345,2.0,338.25,676.5
1450,Enterprise,50080.0,2024-02-01 13:10:00,567.0,Product_567,2.0,479.71,959.42
1516,Enterprise,50070.0,2024-02-01 11:30:00,502.0,Product_502,2.0,21.41,42.82
1813,Enterprise,50059.0,2024-02-01 09:40:00,218.0,Product_218,1.0,157.14,157.14
1813,Enterprise,50059.0,2024-02-01 09:40:00,232.0,Product_232,2.0,297.25,594.5
1813,Enterprise,50059.0,2024-02-01 09:40:00,446.0,Product_446,2.0,55.4,110.8
1813,Enterprise,50059.0,2024-02-01 09:40:00,512.0,Product_512,1.0,96.19,96.19
1813,Enterprise,50059.0,2024-02-01 09:40:00,636.0,Product_636,1.0,171.83,171.83
1372,Enterprise,50048.0,2024-02-01 07:50:00,490.0,Product_490,3.0,190.61,571.83
1372,Enterprise,50048.0,2024-02-01 07:50:00,596.0,Product_596,3.0,115.11,345.33
1372,Enterprise,50048.0,2024-02-01 07:50:00,615.0,Product_615,3.0,460.85,1382.55
1223,Enterprise,50047.0,2024-02-01 07:40:00,,,,,
1477,Enterprise,50045.0,2024-02-01 07:20:00,,,,,
1727,Enterprise,50044.0,2024-02-01 07:10:00,616.0,Product_616,2.0,207.82,415.64
1727,Enterprise,50044.0,2024-02-01 07:10:00,640.0,Product_640,1.0,72.61,72.61
1498,Enterprise,50042.0,2024-02-01 06:50:00,604.0,Product_604,4.0,242.76,971.04
1498,Enterprise,50042.0,2024-02-01 06:50:00,645.0,Product_645,2.0,188.41,376.82
1883,Enterprise,50039.0,2024-02-01 06:20:00,619.0,Product_619,5.0,490.32,2451.6
1883,Enterprise,50039.0,2024-02-01 06:20:00,623.0,Product_623,3.0,399.84,1199.52
1629,Enterprise,50036.0,2024-02-01 05:50:00,,,,,
1335,Enterprise,50035.0,2024-02-01 05:40:00,,,,,
1401,Enterprise,50029.0,2024-02-01 04:40:00,205.0,Product_205,3.0,414.69,1244.07
1727,Enterprise,50010.0,2024-02-01 01:30:00,673.0,Product_673,5.0,190.69,953.45
1776,Enterprise,50007.0,2024-02-01 01:00:00,612.0,Product_612,5.0,273.23,1366.15
1902,Enterprise,,,,,,,
1920,Enterprise,,,,,,,
1926,Enterprise,,,,,,,
1931,Enterprise,,,,,,,
1937,Enterprise,,,,,,,
1939,Enterprise,,,,,,,
1946,Enterprise,,,,,,,
1947,Enterprise,,,,,,,
1958,Enterprise,,,,,,,
1961,Enterprise,,,,,,,
1975,Enterprise,,,,,,,
1978,Enterprise,,,,,,,
1983,Enterprise,,,,,,,
1984,Enterprise,,,,,,,
1996,Enterprise,,,,,,,
1998,Enterprise,,,,,,,
